telescope,z_low,z_high,z_mid,z_obs_low,z_obs_high,z_effective,coverage_fraction,var_noise_mK2,rms_noise_mK,supported_mode_fraction,effective_mode_count,status,kperp_min_envelope_Mpc_inv,kperp_max_envelope_Mpc_inv,kpar_min_Mpc_inv,kpar_min_lattice_Mpc_inv,k_max_Mpc_inv,voxel_side_Mpc,t_obs_hours,baseline_source,variance_estimator
ska_mid1_interferom,0.249967619047619,0.259967619047619,0.254967619047619,,,,0.0,,,,,out_of_band,,,,,0.363,8.660028081584393,100000.0,/home/liuhk/bao21cm-master/bao21cm-master/array_config/nx_SKAM190_dec30.dat,periodic_box_mode_sum
ska_mid1_interferom,0.259967619047619,0.269967619047619,0.264967619047619,,,,0.0,,,,,out_of_band,,,,,0.363,8.660028081584393,100000.0,/home/liuhk/bao21cm-master/bao21cm-master/array_config/nx_SKAM190_dec30.dat,periodic_box_mode_sum
ska_mid1_interferom,0.269967619047619,0.279967619047619,0.274967619047619,,,,0.0,,,,,out_of_band,,,,,0.363,8.660028081584393,100000.0,/home/liuhk/bao21cm-master/bao21cm-master/array_config/nx_SKAM190_dec30.dat,periodic_box_mode_sum
ska_mid1_interferom,0.279967619047619,0.289967619047619,0.284967619047619,,,,0.0,,,,,out_of_band,,,,,0.363,8.660028081584393,100000.0,/home/liuhk/bao21cm-master/bao21cm-master/array_config/nx_SKAM190_dec30.dat,periodic_box_mode_sum
ska_mid1_interferom,0.289967619047619,0.299967619047619,0.294967619047619,,,,0.0,,,,,out_of_band,,,,,0.363,8.660028081584393,100000.0,/home/liuhk/bao21cm-master/bao21cm-master/array_config/nx_SKAM190_dec30.dat,periodic_box_mode_sum
ska_mid1_interferom,0.299967619047619,0.309967619047619,0.304967619047619,,,,0.0,,,,,out_of_band,,,,,0.363,8.660028081584393,100000.0,/home/liuhk/bao21cm-master/bao21cm-master/array_config/nx_SKAM190_dec30.dat,periodic_box_mode_sum
ska_mid1_interferom,0.309967619047619,0.319967619047619,0.314967619047619,,,,0.0,,,,,out_of_band,,,,,0.363,8.660028081584393,100000.0,/home/liuhk/bao21cm-master/bao21cm-master/array_config/nx_SKAM190_dec30.dat,periodic_box_mode_sum
ska_mid1_interferom,0.319967619047619,0.329967619047619,0.324967619047619,,,,0.0,,,,,out_of_band,,,,,0.363,8.660028081584393,100000.0,/home/liuhk/bao21cm-master/bao21cm-master/array_config/nx_SKAM190_dec30.dat,periodic_box_mode_sum
ska_mid1_interferom,0.329967619047619,0.33996761904761896,0.33496761904761896,,,,0.0,,,,,out_of_band,,,,,0.363,8.660028081584393,100000.0,/home/liuhk/bao21cm-master/bao21cm-master/array_config/nx_SKAM190_dec30.dat,periodic_box_mode_sum
ska_mid1_interferom,0.33996761904761896,0.34996761904761897,0.34496761904761897,,,,0.0,,,,,out_of_band,,,,,0.363,8.660028081584393,100000.0,/home/liuhk/bao21cm-master/bao21cm-master/array_config/nx_SKAM190_dec30.dat,periodic_box_mode_sum
ska_mid1_interferom,0.34996761904761897,0.359967619047619,0.354967619047619,0.352767619047619,0.359967619047619,0.35638694817307515,0.7245297077445508,0.019794946260032826,0.14069451396565832,0.47479922679016834,33137106.920270875,partial_band,0.22682671807034122,0.36299510182981565,0.0018857485415013525,0.002834135452558472,0.363,8.660028081584393,100000.0,/home/liuhk/bao21cm-master/bao21cm-master/array_config/nx_SKAM190_dec30.dat,periodic_box_mode_sum
ska_mid1_interferom,0.359967619047619,0.369967619047619,0.364967619047619,0.359967619047619,0.369967619047619,0.36500378373646136,1.0,0.022120927464400055,0.1487310574977535,0.4996715730621899,34872993.48298894,ok,0.22059104541413727,0.3629951752013484,0.0018715716770564069,0.002834135452558472,0.363,8.660028081584393,100000.0,/home/liuhk/bao21cm-master/bao21cm-master/array_config/nx_SKAM190_dec30.dat,periodic_box_mode_sum
ska_mid1_interferom,0.369967619047619,0.379967619047619,0.374967619047619,0.369967619047619,0.379967619047619,0.3750025448430996,1.0,0.024963295601383745,0.15799777087473021,0.5266471283193781,36755666.84965423,ok,0.21373040751592828,0.36299525787205034,0.0018554682437802272,0.002834135452558472,0.363,8.660028081584393,100000.0,/home/liuhk/bao21cm-master/bao21cm-master/array_config/nx_SKAM190_dec30.dat,periodic_box_mode_sum
ska_mid1_interferom,0.379967619047619,0.389967619047619,0.384967619047619,0.379967619047619,0.389967619047619,0.3850013702336446,1.0,0.028015111570933646,0.1673771536707852,0.5524053011647665,38553376.869990185,ok,0.20724233059411845,0.36299533799499356,0.0018397265830500178,0.002834135452558472,0.363,8.660028081584393,100000.0,/home/liuhk/bao21cm-master/bao21cm-master/array_config/nx_SKAM190_dec30.dat,periodic_box_mode_sum
ska_mid1_interferom,0.389967619047619,0.399967619047619,0.394967619047619,0.389967619047619,0.399967619047619,0.39500025508848186,1.0,0.03120750967817749,0.1766564736378984,0.5759677891893557,40197846.028579354,ok,0.20109815409060264,0.36299541567274324,0.0018243356523187065,0.002834135452558472,0.363,8.660028081584393,100000.0,/home/liuhk/bao21cm-master/bao21cm-master/array_config/nx_SKAM190_dec30.dat,periodic_box_mode_sum
ska_mid1_interferom,0.399967619047619,0.409967619047619,0.404967619047619,0.399967619047619,0.409967619047619,0.4049991950622724,1.0,0.03456637728741749,0.18592035199896081,0.5980250361335969,41737261.65757985,ok,0.19527205751258597,0.36299549100293993,0.001809284813002405,0.002834135452558472,0.363,8.660028081584393,100000.0,/home/liuhk/bao21cm-master/bao21cm-master/array_config/nx_SKAM190_dec30.dat,periodic_box_mode_sum
ska_mid1_interferom,0.409967619047619,0.41996761904761903,0.41496761904761903,0.409967619047619,0.41996761904761903,0.4149981862267459,1.0,0.03809916969317349,0.19519008605247729,0.6188195421328424,43188548.28521318,ok,0.18974071808831972,0.36299556407857014,0.001794563813481909,0.002834135452558472,0.363,8.660028081584393,100000.0,/home/liuhk/bao21cm-master/bao21cm-master/array_config/nx_SKAM190_dec30.dat,periodic_box_mode_sum
ska_mid1_interferom,0.41996761904761903,0.429967619047619,0.42496761904761904,0.41996761904761903,0.429967619047619,0.4249972250217319,1.0,0.041737743175700996,0.20429817222799865,0.63762922386145,44501310.39477027,ok,0.18448301671458814,0.36299563498822124,0.0017801627729055567,0.002834135452558472,0.363,8.660028081584393,100000.0,/home/liuhk/bao21cm-master/bao21cm-master/array_config/nx_SKAM190_dec30.dat,periodic_box_mode_sum
ska_mid1_interferom,0.429967619047619,0.439967619047619,0.434967619047619,0.429967619047619,0.439967619047619,0.43499630821277374,1.0,0.04557789079729695,0.21348979085028152,0.6557246409283993,45764222.666485876,ok,0.17947978447970164,0.3629957038163198,0.0017660721657536196,0.002834135452558472,0.363,8.660028081584393,100000.0,/home/liuhk/bao21cm-master/bao21cm-master/array_config/nx_SKAM190_dec30.dat,periodic_box_mode_sum
ska_mid1_interferom,0.439967619047619,0.449967619047619,0.444967619047619,0.439967619047619,0.449967619047619,0.44499543285465515,1.0,0.04958308170593014,0.22267258858227285,0.6726320346895518,46944220.61760731,ok,0.17471358332863474,0.3629957706433559,0.0017522828071250749,0.002834135452558472,0.363,8.660028081584393,100000.0,/home/liuhk/bao21cm-master/bao21cm-master/array_config/nx_SKAM190_dec30.dat,periodic_box_mode_sum
ska_mid1_interferom,0.449967619047619,0.45996761904761896,0.45496761904761895,0.449967619047619,0.45996761904761896,0.4549945962595065,1.0,0.053763940255056715,0.23187052476556116,0.6884915861808182,48051087.73916201,ok,0.17016851567760444,0.36299583554609427,0.0017387858387107726,0.002834135452558472,0.363,8.660028081584393,100000.0,/home/liuhk/bao21cm-master/bao21cm-master/array_config/nx_SKAM190_dec30.dat,periodic_box_mode_sum
ska_mid1_interferom,0.45996761904761896,0.46996761904761897,0.46496761904761896,0.45996761904761896,0.46996761904761897,0.46499379596929685,1.0,0.05810272946396734,0.24104507765969282,0.7031622123611078,49074977.58753032,ok,0.1658300585626263,0.36299589859777176,0.0017255727154172396,0.002834135452558472,0.363,8.660028081584393,100000.0,/home/liuhk/bao21cm-master/bao21cm-master/array_config/nx_SKAM190_dec30.dat,periodic_box_mode_sum
ska_mid1_interferom,0.46996761904761897,0.479967619047619,0.47496761904761897,0.46996761904761897,0.479967619047619,0.47499302973148355,1.0,0.06261106604660686,0.2502220334954675,0.7168736957760856,50031927.10707629,ok,0.16168491876880023,0.36299595986828426,0.001712635192608925,0.002834135452558472,0.363,8.660028081584393,100000.0,/home/liuhk/bao21cm-master/bao21cm-master/array_config/nx_SKAM190_dec30.dat,periodic_box_mode_sum
ska_mid1_interferom,0.479967619047619,0.489967619047619,0.484967619047619,0.479967619047619,0.489967619047619,0.48499229547805495,1.0,0.06729465497391911,0.2594121334361967,0.7297993233428478,50934030.30885906,ok,0.1577209058523313,0.36299601942436144,0.0016999653139364778,0.002834135452558472,0.363,8.660028081584393,100000.0,/home/liuhk/bao21cm-master/bao21cm-master/array_config/nx_SKAM190_dec30.dat,periodic_box_mode_sum
ska_mid1_interferom,0.489967619047619,0.499967619047619,0.494967619047619,0.489967619047619,0.499967619047619,0.4949915913066636,1.0,0.0721631945547548,0.2686320802785006,0.7421025858046768,51792697.51104043,ok,0.15392682058597973,0.36299607732973216,0.0016875553997224104,0.002834135452558472,0.363,8.660028081584393,100000.0,/home/liuhk/bao21cm-master/bao21cm-master/array_config/nx_SKAM190_dec30.dat,periodic_box_mode_sum
ska_mid1_interferom,0.499967619047619,0.509967619047619,0.504967619047619,0.499967619047619,0.509967619047619,0.5049909154645286,1.0,0.07718838282834126,0.2778279734446142,0.7536064717481494,52595574.763146654,ok,0.15029235663271542,0.3629961336452792,0.0016753980358746277,0.002834135452558472,0.363,8.660028081584393,100000.0,/home/liuhk/bao21cm-master/bao21cm-master/array_config/nx_SKAM190_dec30.dat,periodic_box_mode_sum
ska_mid1_interferom,0.509967619047619,0.519967619047619,0.514967619047619,0.509967619047619,0.519967619047619,0.5149902663335991,1.0,0.08236712639632189,0.2869967358635319,0.7643188691316414,53343212.580227755,ok,0.14680801370441562,0.36299618842918613,0.0016634860633027498,0.002834135452558472,0.363,8.660028081584393,100000.0,/home/liuhk/bao21cm-master/bao21cm-master/array_config/nx_SKAM190_dec30.dat,periodic_box_mode_sum
ska_mid1_interferom,0.519967619047619,0.529967619047619,0.524967619047619,0.519967619047619,0.529967619047619,0.5249896424181375,1.0,0.08773706033846641,0.2962044232256946,0.7745433426517939,54056797.297985755,ok,0.14346502062553296,0.36299624173707473,0.001651812567810118,0.002834135452558472,0.363,8.660028081584393,100000.0,/home/liuhk/bao21cm-master/bao21cm-master/array_config/nx_SKAM190_dec30.dat,periodic_box_mode_sum
ska_mid1_interferom,0.529967619047619,0.539967619047619,0.534967619047619,0.529967619047619,0.539967619047619,0.5349890423328459,1.0,0.09326859041654909,0.3053990674781917,0.7840748847503607,54722021.06376677,ok,0.1402552670477703,0.3629962936221352,0.0016403708704396905,0.002834135452558472,0.363,8.660028081584393,100000.0,/home/liuhk/bao21cm-master/bao21cm-master/array_config/nx_SKAM190_dec30.dat,periodic_box_mode_sum
ska_mid1_interferom,0.539967619047619,0.549967619047619,0.544967619047619,0.539967619047619,0.549967619047619,0.5449884647932806,1.0,0.09895654080025464,0.3145735856683689,0.792984879911581,55343865.93135947,ok,0.1371712426726857,0.36299634413524834,0.001629154518248941,0.002834135452558472,0.363,8.660028081584393,100000.0,/home/liuhk/bao21cm-master/bao21cm-master/array_config/nx_SKAM190_dec30.dat,periodic_box_mode_sum
ska_mid1_interferom,0.549967619047619,0.559967619047619,0.554967619047619,0.549967619047619,0.559967619047619,0.5549879086062155,1.0,0.10478342194876802,0.3237026752264615,0.8015214690060904,55939650.106223345,ok,0.1342059830549864,0.3629963933251015,0.0016181572754949117,0.002834135452558472,0.363,8.660028081584393,100000.0,/home/liuhk/bao21cm-master/bao21cm-master/array_config/nx_SKAM190_dec30.dat,periodic_box_mode_sum
ska_mid1_interferom,0.559967619047619,0.5699676190476191,0.564967619047619,0.559967619047619,0.5699676190476191,0.5649873726621528,1.0,0.11068977482614534,0.332700728622805,0.8095975647407178,56503295.60679817,ok,0.13135302116755446,0.3629964412382971,0.0016073731152065473,0.002834135452558472,0.363,8.660028081584393,100000.0,/home/liuhk/bao21cm-master/bao21cm-master/array_config/nx_SKAM190_dec30.dat,periodic_box_mode_sum
ska_mid1_interferom,0.5699676190476191,0.5799676190476191,0.5749676190476191,0.5699676190476191,0.5799676190476191,0.5749868559275676,1.0,0.11662661177836682,0.34150638614580375,0.8171035354387054,57027151.0377371,ok,0.12860634401134746,0.3629964879194565,0.00159679621112777,0.002834135452558472,0.363,8.660028081584393,100000.0,/home/liuhk/bao21cm-master/bao21cm-master/array_config/nx_SKAM190_dec30.dat,periodic_box_mode_sum
ska_mid1_interferom,0.5799676190476191,0.5899676190476191,0.5849676190476191,0.5799676190476191,0.5899676190476191,0.58498635743881,1.0,0.12266720818929017,0.35023878738553527,0.8244237471838888,57538042.01142094,ok,0.12596035370178274,0.3629965334113162,0.001586420930010965,0.002834135452558472,0.363,8.660028081584393,100000.0,/home/liuhk/bao21cm-master/bao21cm-master/array_config/nx_SKAM190_dec30.dat,periodic_box_mode_sum
ska_mid1_interferom,0.5899676190476191,0.5999676190476191,0.5949676190476191,0.5899676190476191,0.5999676190476191,0.5949858762960337,1.0,0.12882655657334213,0.3589241654909044,0.8313138200389981,58018912.80481235,ok,0.12340983245339454,0.3629965777548206,0.0015762418242454461,0.002834135452558472,0.363,8.660028081584393,100000.0,/home/liuhk/bao21cm-master/bao21cm-master/array_config/nx_SKAM190_dec30.dat,periodic_box_mode_sum
ska_mid1_interferom,0.5999676190476191,0.609967619047619,0.604967619047619,0.5999676190476191,0.609967619047619,0.6049854116579813,1.0,0.1351573199431752,0.3676374844098126,0.8378273927036822,58473506.96091863,ok,0.12094991107281032,0.3629966209892081,0.0015662536248037015,0.002834135452558472,0.363,8.660028081584393,100000.0,/home/liuhk/bao21cm-master/bao21cm-master/array_config/nx_SKAM190_dec30.dat,periodic_box_mode_sum
ska_mid1_interferom,0.609967619047619,0.619967619047619,0.614967619047619,0.609967619047619,0.619967619047619,0.6149849627373841,1.0,0.14166523719626847,0.37638442740935557,0.843843025958847,58893349.01440543,ok,0.11857604049745782,0.3629966631520938,0.001556451234490306,0.002834135452558472,0.363,8.660028081584393,100000.0,/home/liuhk/bao21cm-master/bao21cm-master/array_config/nx_SKAM190_dec30.dat,periodic_box_mode_sum
ska_mid1_interferom,0.619967619047619,0.629967619047619,0.624967619047619,0.619967619047619,0.629967619047619,0.6249845287963656,1.0,0.14840095447193605,0.38522844452601895,0.8496139781130655,59296114.32609078,ok,0.1162839660974029,0.36299670427954683,0.0015468297214795439,0.002834135452558472,0.363,8.660028081584393,100000.0,/home/liuhk/bao21cm-master/bao21cm-master/array_config/nx_SKAM190_dec30.dat,periodic_box_mode_sum
ska_mid1_interferom,0.629967619047619,0.639967619047619,0.634967619047619,0.629967619047619,0.639967619047619,0.6349841091429956,1.0,0.15537718003445158,0.39417912176376313,0.8552710895204351,59690934.48372498,ok,0.11406970438693481,0.36299674440616375,0.0015373843131267384,0.002834135452558472,0.363,8.660028081584393,100000.0,/home/liuhk/bao21cm-master/bao21cm-master/array_config/nx_SKAM190_dec30.dat,periodic_box_mode_sum
ska_mid1_interferom,0.639967619047619,0.649967619047619,0.644967619047619,0.639967619047619,0.649967619047619,0.6449837031272238,1.0,0.16247327106896542,0.4030797328928427,0.8603064865929543,60042364.06019274,ok,0.1119295219185599,0.36299678356513826,0.0015281103900419942,0.002834135452558472,0.363,8.660028081584393,100000.0,/home/liuhk/bao21cm-master/bao21cm-master/array_config/nx_SKAM190_dec30.dat,periodic_box_mode_sum
ska_mid1_interferom,0.649967619047619,0.659967619047619,0.654967619047619,0.649967619047619,0.659967619047619,0.6549833101382365,1.0,0.1698268418786588,0.4121005239970689,0.8653737128316696,60396015.05241671,ok,0.10985991611124482,0.3629968217883271,0.0015190034804120687,0.002834135452558472,0.363,8.660028081584393,100000.0,/home/liuhk/bao21cm-master/bao21cm-master/array_config/nx_SKAM190_dec30.dat,periodic_box_mode_sum
ska_mid1_interferom,0.659967619047619,0.6699676190476189,0.664967619047619,0.659967619047619,0.6699676190476189,0.6649829296010924,1.0,0.17733002808326842,0.4211057207914284,0.8701501678824236,60729372.591321565,ok,0.10785759780049811,0.362996859106312,0.001510059254560491,0.002834135452558472,0.363,8.660028081584393,100000.0,/home/liuhk/bao21cm-master/bao21cm-master/array_config/nx_SKAM190_dec30.dat,periodic_box_mode_sum
ska_mid1_interferom,0.6699676190476189,0.6799676190476189,0.6749676190476189,0.6699676190476189,0.6799676190476189,0.6749825609743139,1.0,0.18493921815285444,0.43004560008544956,0.8745805272980975,61038575.482499175,ok,0.10591947536309007,0.3629968955484591,0.0015012735197334945,0.002834135452558472,0.363,8.660028081584393,100000.0,/home/liuhk/bao21cm-master/bao21cm-master/array_config/nx_SKAM190_dec30.dat,periodic_box_mode_sum
ska_mid1_interferom,0.6799676190476189,0.6899676190476189,0.6849676190476189,0.6799676190476189,0.6899676190476189,0.6849822037474782,1.0,0.19271862779148544,0.4389972981596646,0.8789831580262603,61345843.137831874,ok,0.10404264020940467,0.36299693114297493,0.0014926422151018404,0.002834135452558472,0.363,8.660028081584393,100000.0,/home/liuhk/bao21cm-master/bao21cm-master/array_config/nx_SKAM190_dec30.dat,periodic_box_mode_sum
ska_mid1_interferom,0.6899676190476189,0.699967619047619,0.694967619047619,0.6899676190476189,0.699967619047619,0.6949818574387783,1.0,0.20062255318275946,0.4479090903104775,0.8830808026567838,61631825.25528581,ok,0.10222435355490167,0.36299696591695924,0.0014841614069688192,0.002834135452558472,0.363,8.660028081584393,100000.0,/home/liuhk/bao21cm-master/bao21cm-master/array_config/nx_SKAM190_dec30.dat,periodic_box_mode_sum
ska_mid1_interferom,0.699967619047619,0.709967619047619,0.704967619047619,0.699967619047619,0.709967619047619,0.7049815215933805,1.0,0.2087473675142224,0.456888791189084,0.8870025476105691,61905531.01240374,ok,0.10046203430072763,0.36299699989645545,0.0014758272841739763,0.002834135452558472,0.363,8.660028081584393,100000.0,/home/liuhk/bao21cm-master/bao21cm-master/array_config/nx_SKAM190_dec30.dat,periodic_box_mode_sum
ska_mid1_interferom,0.709967619047619,0.719967619047619,0.714967619047619,0.709967619047619,0.719967619047619,0.714981195781088,1.0,0.21715023091554578,0.4659938099541085,0.8907791883262679,62169109.67920489,ok,0.09875324794383514,0.36299703310649856,0.0014676361536850378,0.002834135452558472,0.363,8.660028081584393,100000.0,/home/liuhk/bao21cm-master/bao21cm-master/array_config/nx_SKAM190_dec30.dat,periodic_box_mode_sum
ska_mid1_interferom,0.719967619047619,0.729967619047619,0.724967619047619,0.719967619047619,0.729967619047619,0.7249808795950998,1.0,0.22583316052573382,0.47521906582726015,0.8943307992702133,62416983.10643086,ok,0.09709569640774544,0.3629970655711601,0.0014595844363679087,0.002834135452558472,0.363,8.660028081584393,100000.0,/home/liuhk/bao21cm-master/bao21cm-master/array_config/nx_SKAM190_dec30.dat,periodic_box_mode_sum
ska_mid1_interferom,0.729967619047619,0.739967619047619,0.734967619047619,0.729967619047619,0.739967619047619,0.7349805726501474,1.0,0.23479963346719118,0.48456127937257965,0.8978197984533571,62660486.74429095,ok,0.09548720869311068,0.3629970973135916,0.001451668662928032,0.002834135452558472,0.363,8.660028081584393,100000.0,/home/liuhk/bao21cm-master/bao21cm-master/array_config/nx_SKAM190_dec30.dat,periodic_box_mode_sum
ska_mid1_interferom,0.739967619047619,0.749967619047619,0.744967619047619,0.739967619047619,0.749967619047619,0.7449802745811362,1.0,0.2439361626299379,0.4938989396930691,0.9010336609188309,62884788.08712468,ok,0.0939257323030992,0.36299712835606496,0.0014438854700145384,0.002834135452558472,0.363,8.660028081584393,100000.0,/home/liuhk/bao21cm-master/bao21cm-master/array_config/nx_SKAM190_dec30.dat,periodic_box_mode_sum
ska_mid1_interferom,0.749967619047619,0.759967619047619,0.754967619047619,0.749967619047619,0.759967619047619,0.7549799850419799,1.0,0.25325407165517677,0.5032435510318803,0.9040792114398322,63097342.63134282,ok,0.092409325331593,0.36299715872001154,0.0014362315964801188,0.002834135452558472,0.363,8.660028081584393,100000.0,/home/liuhk/bao21cm-master/bao21cm-master/array_config/nx_SKAM190_dec30.dat,periodic_box_mode_sum
ska_mid1_interferom,0.759967619047619,0.769967619047619,0.764967619047619,0.759967619047619,0.769967619047619,0.7649797037040454,1.0,0.26280541266599966,0.5126455038971859,0.907140453810754,63310992.33848299,ok,0.09093614918827662,0.36299718842605916,0.0014287038797901005,0.002834135452558472,0.363,8.660028081584393,100000.0,/home/liuhk/bao21cm-master/bao21cm-master/array_config/nx_SKAM190_dec30.dat,periodic_box_mode_sum
ska_mid1_interferom,0.769967619047619,0.779967619047619,0.774967619047619,0.769967619047619,0.779967619047619,0.7749794302554139,1.0,0.2725213074712613,0.5220357339026336,0.910026325257154,63512402.587872,ok,0.08950446188383934,0.36299721749406655,0.0014212992525731987,0.002834135452558472,0.363,8.660028081584393,100000.0,/home/liuhk/bao21cm-master/bao21cm-master/array_config/nx_SKAM190_dec30.dat,periodic_box_mode_sum
ska_mid1_interferom,0.779967619047619,0.789967619047619,0.784967619047619,0.779967619047619,0.789967619047619,0.7849791643995323,1.0,0.28425508035980823,0.5331557749474427,0.9128119565977215,64083182.04590819,ok,0.08811261182287351,0.3629972459431573,0.0014140147393087558,0.001417067726279236,0.363,8.660028081584393,100000.0,/home/liuhk/bao21cm-master/bao21cm-master/array_config/nx_SKAM190_dec30.dat,periodic_box_mode_sum
ska_mid1_interferom,0.789967619047619,0.799967619047619,0.794967619047619,0.789967619047619,0.799967619047619,0.7949789058543857,1.0,0.2944159918158245,0.5426011351037008,0.9155104764500814,64272629.322210126,ok,0.08675903208264578,0.3629972737917512,0.0014068474531436239,0.001417067726279236,0.363,8.660028081584393,100000.0,/home/liuhk/bao21cm-master/bao21cm-master/array_config/nx_SKAM190_dec30.dat,periodic_box_mode_sum
ska_mid1_interferom,0.799967619047619,0.809967619047619,0.804967619047619,0.799967619047619,0.809967619047619,0.8049786543517098,1.0,0.3047186617587308,0.5520132804188055,0.9179557915414196,64444300.5750078,ok,0.08544223510221402,0.3629973010575944,0.0013997945928333883,0.001417067726279236,0.363,8.660028081584393,100000.0,/home/liuhk/bao21cm-master/bao21cm-master/array_config/nx_SKAM190_dec30.dat,periodic_box_mode_sum
ska_mid1_interferom,0.809967619047619,0.8199676190476191,0.814967619047619,0.809967619047619,0.8199676190476191,0.8149784096358794,1.0,0.31526266815930654,0.5614825626493726,0.920378979734582,64614418.42785967,ok,0.08416080777654608,0.36299732775778837,0.0013928534398027742,0.001417067726279236,0.363,8.660028081584393,100000.0,/home/liuhk/bao21cm-master/bao21cm-master/array_config/nx_SKAM190_dec30.dat,periodic_box_mode_sum
ska_mid1_interferom,0.8199676190476191,0.829967619047619,0.824967619047619,0.8199676190476191,0.829967619047619,0.8249781714634683,1.0,0.325985949747073,0.5709517928398798,0.9226057417921718,64770746.352004446,ok,0.08291340690478134,0.36299735390881654,0.0013860213553193628,0.001417067726279236,0.363,8.660028081584393,100000.0,/home/liuhk/bao21cm-master/bao21cm-master/array_config/nx_SKAM190_dec30.dat,periodic_box_mode_sum
ska_mid1_interferom,0.829967619047619,0.839967619047619,0.834967619047619,0.829967619047619,0.839967619047619,0.8349779396023108,1.0,0.3370387650042428,0.5805503983326881,0.9249323987496897,64934087.31208864,ok,0.0816987549605631,0.36299737952657096,0.0013792957777765714,0.001417067726279236,0.363,8.660028081584393,100000.0,/home/liuhk/bao21cm-master/bao21cm-master/array_config/nx_SKAM190_dec30.dat,periodic_box_mode_sum
ska_mid1_interferom,0.839967619047619,0.849967619047619,0.844967619047619,0.839967619047619,0.849967619047619,0.8449777138308954,1.0,0.34832641312861545,0.590191844342681,0.9270749705693918,65084504.73264934,ok,0.08051563617717773,0.3629974046263768,0.0013726742200806132,0.001417067726279236,0.363,8.660028081584393,100000.0,/home/liuhk/bao21cm-master/bao21cm-master/array_config/nx_SKAM190_dec30.dat,periodic_box_mode_sum
ska_mid1_interferom,0.849967619047619,0.859967619047619,0.854967619047619,0.849967619047619,0.859967619047619,0.8549774939379134,1.0,0.3599048206021781,0.5999206785919102,0.9291181069496461,65227941.37330035,ok,0.07936289289513697,0.3629974292230158,0.0013661542671371553,0.001417067726279236,0.363,8.660028081584393,100000.0,/home/liuhk/bao21cm-master/bao21cm-master/array_config/nx_SKAM190_dec30.dat,periodic_box_mode_sum
ska_mid1_interferom,0.859967619047619,0.869967619047619,0.864967619047619,0.859967619047619,0.869967619047619,0.8649772797213726,1.0,0.3718509409452414,0.6097958190617917,0.9312096724882158,65374777.94155554,ok,0.07823942217191499,0.36299745333074895,0.0013597335734338186,0.001417067726279236,0.363,8.660028081584393,100000.0,/home/liuhk/bao21cm-master/bao21cm-master/array_config/nx_SKAM190_dec30.dat,periodic_box_mode_sum
ska_mid1_interferom,0.869967619047619,0.879967619047619,0.874967619047619,0.869967619047619,0.879967619047619,0.8749770709883379,1.0,0.38394200794171984,0.6196305414855855,0.932889971180892,65492741.87293919,ok,0.07714417262521213,0.36299747696333773,0.0013534098607137306,0.001417067726279236,0.363,8.660028081584393,100000.0,/home/liuhk/bao21cm-master/bao21cm-master/array_config/nx_SKAM190_dec30.dat,periodic_box_mode_sum
ska_mid1_interferom,0.879967619047619,0.889967619047619,0.884967619047619,0.879967619047619,0.889967619047619,0.8849768675543649,1.0,0.3964673869380007,0.6296565626895353,0.934755784852695,65623729.724631615,ok,0.07607614148436613,0.3629975001340646,0.0013471809157369632,0.001417067726279236,0.363,8.660028081584393,100000.0,/home/liuhk/bao21cm-master/bao21cm-master/array_config/nx_SKAM190_dec30.dat,periodic_box_mode_sum
ska_mid1_interferom,0.889967619047619,0.899967619047619,0.894967619047619,0.889967619047619,0.899967619047619,0.8949766692429124,1.0,0.409288085779003,0.6397562706054573,0.9365224766279234,65747758.80842338,ok,0.07503437185012489,0.36299752285575265,0.0013410445881260095,0.001417067726279236,0.363,8.660028081584393,100000.0,/home/liuhk/bao21cm-master/bao21cm-master/array_config/nx_SKAM190_dec30.dat,periodic_box_mode_sum
ska_mid1_interferom,0.899967619047619,0.909967619047619,0.904967619047619,0.899967619047619,0.909967619047619,0.9049764758851317,1.0,0.4223540609942305,0.6498877295304402,0.9381459217485503,65861731.38344796,ok,0.07401795013047724,0.36299754514078364,0.0013349987882914026,0.001417067726279236,0.363,8.660028081584393,100000.0,/home/liuhk/bao21cm-master/bao21cm-master/array_config/nx_SKAM190_dec30.dat,periodic_box_mode_sum
ska_mid1_interferom,0.909967619047619,0.919967619047619,0.914967619047619,0.909967619047619,0.919967619047619,0.9149762873192346,1.0,0.43576274577986734,0.6601232807437315,0.9398407319562376,65980714.08332111,ok,0.07302600364426545,0.3629975670011164,0.0013290414854348778,0.001417067726279236,0.363,8.660028081584393,100000.0,/home/liuhk/bao21cm-master/bao21cm-master/array_config/nx_SKAM190_dec30.dat,periodic_box_mode_sum
ska_mid1_interferom,0.919967619047619,0.929967619047619,0.924967619047619,0.919967619047619,0.929967619047619,0.9249761033902333,1.0,0.4493689243450906,0.6703498522003944,0.941353638984614,66086926.42619985,ok,0.07205769838898154,0.36299758844830327,0.0013231707056261337,0.001417067726279236,0.363,8.660028081584393,100000.0,/home/liuhk/bao21cm-master/bao21cm-master/array_config/nx_SKAM190_dec30.dat,periodic_box_mode_sum
ska_mid1_interferom,0.929967619047619,0.939967619047619,0.934967619047619,0.929967619047619,0.939967619047619,0.9349759239496664,1.0,0.46333529821760494,0.6806873718658257,0.9429700107847317,66200402.42481285,ok,0.07111223694323617,0.3629976094935065,0.0013173845299506409,0.001417067726279236,0.363,8.660028081584393,100000.0,/home/liuhk/bao21cm-master/bao21cm-master/array_config/nx_SKAM190_dec30.dat,periodic_box_mode_sum
ska_mid1_interferom,0.939967619047619,0.9499676190476191,0.9449676190476191,0.939967619047619,0.9499676190476191,0.9449757488550348,1.0,0.47748577505342743,0.6910034551675031,0.94437100462152,66298757.997873865,ok,0.07018885650898106,0.36299763014751346,0.0013116810927255211,0.001417067726279236,0.363,8.660028081584393,100000.0,/home/liuhk/bao21cm-master/bao21cm-master/array_config/nx_SKAM190_dec30.dat,periodic_box_mode_sum
ska_mid1_interferom,0.9499676190476191,0.959967619047619,0.9549676190476191,0.9499676190476191,0.959967619047619,0.9549755779696893,1.0,0.49198270131421895,0.7014147854972969,0.9458298550955856,66401175.34662962,ok,0.06928682707722429,0.3629976504207516,0.0013060585797805234,0.001417067726279236,0.363,8.660028081584393,100000.0,/home/liuhk/bao21cm-master/bao21cm-master/array_config/nx_SKAM190_dec30.dat,periodic_box_mode_sum
ska_mid1_interferom,0.959967619047619,0.969967619047619,0.964967619047619,0.959967619047619,0.969967619047619,0.964975411162517,1.0,0.5066675903121048,0.711805865606701,0.9471024371697466,66490515.88181584,ok,0.06840544970380694,0.36299767032330227,0.00130051522680159,0.001417067726279236,0.363,8.660028081584393,100000.0,/home/liuhk/bao21cm-master/bao21cm-master/array_config/nx_SKAM190_dec30.dat,periodic_box_mode_sum
ska_mid1_interferom,0.969967619047619,0.979967619047619,0.974967619047619,0.969967619047619,0.979967619047619,0.9749752483075328,1.0,0.5217237170593775,0.7223044490098185,0.9485037005129011,66588890.37534057,ok,0.06754405489825277,0.3629976898649145,0.0012950493177346345,0.001417067726279236,0.363,8.660028081584393,100000.0,/home/liuhk/bao21cm-master/bao21cm-master/array_config/nx_SKAM190_dec30.dat,periodic_box_mode_sum
ska_mid1_interferom,0.979967619047619,0.989967619047619,0.984967619047619,0.979967619047619,0.989967619047619,0.984975089283782,1.0,0.5369478190371025,0.7327672338724641,0.9497194659784332,66674242.14915302,ok,0.06670200110799616,0.3629977090550174,0.00128965918324676,0.001417067726279236,0.363,8.660028081584393,100000.0,/home/liuhk/bao21cm-master/bao21cm-master/array_config/nx_SKAM190_dec30.dat,periodic_box_mode_sum
ska_mid1_interferom,0.989967619047619,0.999967619047619,0.994967619047619,0.989967619047619,0.999967619047619,0.9949749339750112,1.0,0.5524612814653387,0.7432773920047203,0.9509349342458325,66759573.058424965,ok,0.06587867329235839,0.362997727902733,0.001284343199242918,0.001417067726279236,0.363,8.660028081584393,100000.0,/home/liuhk/bao21cm-master/bao21cm-master/array_config/nx_SKAM190_dec30.dat,periodic_box_mode_sum
ska_mid1_interferom,0.999967619047619,1.009967619047619,1.004967619047619,0.999967619047619,1.009967619047619,1.0049747822694182,1.0,0.5683091282804317,0.7538628046802891,0.9521797661957486,66846965.41989266,ok,0.06507348158832116,0.3629977464168874,0.0012790997854356834,0.001417067726279236,0.363,8.660028081584393,100000.0,/home/liuhk/bao21cm-master/bao21cm-master/array_config/nx_SKAM190_dec30.dat,periodic_box_mode_sum
ska_mid1_interferom,1.009967619047619,1.019967619047619,1.014967619047619,1.009967619047619,1.019967619047619,1.0149746340595482,1.0,0.5843999430364057,0.7644605568872771,0.9532990579413048,66925544.3387757,ok,0.0642858600509845,0.3629977646060226,0.0012739274039659772,0.001417067726279236,0.363,8.660028081584393,100000.0,/home/liuhk/bao21cm-master/bao21cm-master/array_config/nx_SKAM190_dec30.dat,periodic_box_mode_sum
ska_mid1_interferom,1.019967619047619,1.029967619047619,1.0249676190476191,1.019967619047619,1.029967619047619,1.0249744892419546,1.0,0.600832061517531,0.7751335765644081,0.9544045146236296,67003151.97888741,ok,0.06351526546766646,0.3629977824784069,0.0012688245580728945,0.001417067726279236,0.363,8.660028081584393,100000.0,/home/liuhk/bao21cm-master/bao21cm-master/array_config/nx_SKAM190_dec30.dat,periodic_box_mode_sum
ska_mid1_interferom,1.029967619047619,1.039967619047619,1.034967619047619,1.029967619047619,1.039967619047619,1.0349743477170723,1.0,0.6175677173076998,0.7858547685849465,0.9553809870345572,67071704.388636194,ok,0.06276117624644391,0.36299780004204524,0.0012637897908104878,0.001417067726279236,0.363,8.660028081584393,100000.0,/home/liuhk/bao21cm-master/bao21cm-master/array_config/nx_SKAM190_dec30.dat,periodic_box_mode_sum
ska_mid1_interferom,1.039967619047619,1.049967619047619,1.0449676190476191,1.039967619047619,1.049967619047619,1.0449742093891068,1.0,0.6348504979986184,0.796775061104838,0.9565150330844308,67151319.12082414,ok,0.062023091363656045,0.362997817304689,0.001258821683809778,0.001417067726279236,0.363,8.660028081584393,100000.0,/home/liuhk/bao21cm-master/bao21cm-master/array_config/nx_SKAM190_dec30.dat,periodic_box_mode_sum
ska_mid1_interferom,1.049967619047619,1.059967619047619,1.054967619047619,1.049967619047619,1.059967619047619,1.0549740741657054,1.0,0.6524511095020318,0.8077444580447654,0.9574770482513687,67218856.57213405,ok,0.06130052937339323,0.3629978342738457,0.00125391885608433,0.001417067726279236,0.363,8.660028081584393,100000.0,/home/liuhk/bao21cm-master/bao21cm-master/array_config/nx_SKAM190_dec30.dat,periodic_box_mode_sum
ska_mid1_interferom,1.059967619047619,1.069967619047619,1.0649676190476192,1.059967619047619,1.069967619047619,1.0649739419579114,1.0,0.6704908437892879,0.818835052858198,0.9585106328497541,67291418.49411525,ok,0.060593027475557996,0.36299785095678777,0.0012490799628774429,0.001417067726279236,0.363,8.660028081584393,100000.0,/home/liuhk/bao21cm-master/bao21cm-master/array_config/nx_SKAM190_dec30.dat,periodic_box_mode_sum
ska_mid1_interferom,1.069967619047619,1.079967619047619,1.074967619047619,1.069967619047619,1.079967619047619,1.0749738126800437,1.0,0.6887809633716035,0.8299282880897624,0.9594296068594055,67355934.27782108,ok,0.059900140632647224,0.3629978673605614,0.0012443036945495296,0.001417067726279236,0.363,8.660028081584393,100000.0,/home/liuhk/bao21cm-master/bao21cm-master/array_config/nx_SKAM190_dec30.dat,periodic_box_mode_sum
ska_mid1_interferom,1.079967619047619,1.089967619047619,1.0849676190476192,1.079967619047619,1.089967619047619,1.084973686249406,1.0,0.7074003070924346,0.8410709286929579,0.9603485785236323,67420449.8968684,ok,0.05922144073787077,0.3629978834919945,0.0012395887755041665,0.001417067726279236,0.363,8.660028081584393,100000.0,/home/liuhk/bao21cm-master/bao21cm-master/array_config/nx_SKAM190_dec30.dat,periodic_box_mode_sum
ska_mid1_interferom,1.089967619047619,1.0999676190476189,1.094967619047619,1.089967619047619,1.0999676190476189,1.0949735625862713,1.0,0.7263093477739229,0.8522378469499714,0.9611239666524705,67474885.35672124,ok,0.058556515830042226,0.36299789935770516,0.0012349339631511243,0.001417067726279236,0.363,8.660028081584393,100000.0,/home/liuhk/bao21cm-master/bao21cm-master/array_config/nx_SKAM190_dec30.dat,periodic_box_mode_sum
ska_mid1_interferom,1.0999676190476189,1.109967619047619,1.104967619047619,1.0999676190476189,1.109967619047619,1.104973441613772,1.0,0.7459290809149358,0.8636718595131694,0.9621575092678359,67547444.3313205,ok,0.057904969348907986,0.36299791496410877,0.001230338046905133,0.001417067726279236,0.363,8.660028081584393,100000.0,/home/liuhk/bao21cm-master/bao21cm-master/array_config/nx_SKAM190_dec30.dat,periodic_box_mode_sum
ska_mid1_interferom,1.109967619047619,1.1199676190476189,1.114967619047619,1.109967619047619,1.1199676190476189,1.1149733232576469,1.0,0.7657784268358854,0.875087668085824,0.9628182609289524,67593831.83608575,ok,0.05726641943289779,0.3629979303174256,0.001225799847219038,0.001417067726279236,0.363,8.660028081584393,100000.0,/home/liuhk/bao21cm-master/bao21cm-master/array_config/nx_SKAM190_dec30.dat,periodic_box_mode_sum
ska_mid1_interferom,1.1199676190476189,1.129967619047619,1.124967619047619,1.1199676190476189,1.129967619047619,1.1249732074462362,1.0,0.7863293602486614,0.8867521413837474,0.9636663241222495,67653369.38662906,ok,0.05664049825484318,0.3629979454236877,0.001221318214649864,0.001417067726279236,0.363,8.660028081584393,100000.0,/home/liuhk/bao21cm-master/bao21cm-master/array_config/nx_SKAM190_dec30.dat,periodic_box_mode_sum
ska_mid1_interferom,1.129967619047619,1.139967619047619,1.134967619047619,1.129967619047619,1.139967619047619,1.1349730941103835,1.0,0.8072788007945313,0.8984869508203952,0.9643870708067,67703968.79065178,ok,0.05602685139124948,0.3629979602887458,0.0012168920289566904,0.001417067726279236,0.363,8.660028081584393,100000.0,/home/liuhk/bao21cm-master/bao21cm-master/array_config/nx_SKAM190_dec30.dat,periodic_box_mode_sum
ska_mid1_interferom,1.139967619047619,1.1499676190476191,1.144967619047619,1.139967619047619,1.1499676190476191,1.1449729831832212,1.0,0.8288188053783723,0.910394862341815,0.9651944690085081,67760651.49027683,ok,0.055425137226636015,0.3629979749182754,0.0012125201982291541,0.001417067726279236,0.363,8.660028081584393,100000.0,/home/liuhk/bao21cm-master/bao21cm-master/array_config/nx_SKAM190_dec30.dat,periodic_box_mode_sum
ska_mid1_interferom,1.1499676190476191,1.159967619047619,1.154967619047619,1.1499676190476191,1.159967619047619,1.154972874600165,1.0,0.8508631987128824,0.9224224621684375,0.9660446600451004,67820338.42423728,ok,0.05483502638917005,0.36299798931778327,0.001208201658045289,0.001417067726279236,0.363,8.660028081584393,100000.0,/home/liuhk/bao21cm-master/bao21cm-master/array_config/nx_SKAM190_dec30.dat,periodic_box_mode_sum
ska_mid1_interferom,1.159967619047619,1.1699676190476191,1.164967619047619,1.159967619047619,1.1699676190476191,1.1649727682988367,1.0,0.8730787174241391,0.9343868135970986,0.9666358025442161,67861839.0773697,ok,0.05425620121411596,0.36299800349261324,0.0012039353706577158,0.001417067726279236,0.363,8.660028081584393,100000.0,/home/liuhk/bao21cm-master/bao21cm-master/array_config/nx_SKAM190_dec30.dat,periodic_box_mode_sum
ska_mid1_interferom,1.1699676190476191,1.179967619047619,1.174967619047619,1.1699676190476191,1.179967619047619,1.174972664218868,1.0,0.8958597254267453,0.9464986663628985,0.9674140087898057,67916472.3806968,ok,0.05368835523632597,0.362998017447952,0.0011997203242071414,0.001417067726279236,0.363,8.660028081584393,100000.0,/home/liuhk/bao21cm-master/bao21cm-master/array_config/nx_SKAM190_dec30.dat,periodic_box_mode_sum
ska_mid1_interferom,1.179967619047619,1.1899676190476192,1.184967619047619,1.179967619047619,1.1899676190476192,1.1849725623019067,1.0,0.9188378754974641,0.95856031395915,0.9679763176844213,67955948.79530688,ok,0.05313119270885655,0.36299803118883445,0.001195555531962019,0.001417067726279236,0.363,8.660028081584393,100000.0,/home/liuhk/bao21cm-master/bao21cm-master/array_config/nx_SKAM190_dec30.dat,periodic_box_mode_sum
ska_mid1_interferom,1.1899676190476192,1.199967619047619,1.194967619047619,1.1899676190476192,1.199967619047619,1.1949724624915468,1.0,0.9423870265348606,0.9707662059089514,0.968654087611926,68003531.05289626,ok,0.05258442814470018,0.3629980447201488,0.0011914400315835617,0.001417067726279236,0.363,8.660028081584393,100000.0,/home/liuhk/bao21cm-master/bao21cm-master/array_config/nx_SKAM190_dec30.dat,periodic_box_mode_sum
ska_mid1_interferom,1.199967619047619,1.209967619047619,1.2049676190476188,1.199967619047619,1.209967619047619,1.204972364733159,1.0,0.9664290147735607,0.9830712155147056,0.9693457643733225,68052089.62785481,ok,0.05204778588246677,0.3629980580466421,0.0011873728844151148,0.001417067726279236,0.363,8.660028081584393,100000.0,/home/liuhk/bao21cm-master/bao21cm-master/array_config/nx_SKAM190_dec30.dat,periodic_box_mode_sum
ska_mid1_interferom,1.209967619047619,1.219967619047619,1.214967619047619,1.209967619047619,1.219967619047619,1.2149722689738967,1.0,0.9906722073804762,0.9953251767038128,0.9697925567059252,68083456.30111094,ok,0.05152099967428387,0.36299807117292465,0.0011833531747948826,0.001417067726279236,0.363,8.660028081584393,100000.0,/home/liuhk/bao21cm-master/bao21cm-master/array_config/nx_SKAM190_dec30.dat,periodic_box_mode_sum
ska_mid1_interferom,1.219967619047619,1.229967619047619,1.2249676190476189,1.219967619047619,1.229967619047619,1.2249721751626315,1.0,1.0156495401955983,1.0077943938103637,0.9705277905519564,68135072.76391138,ok,0.051003812292910955,0.3629980841034749,0.0011793800093913601,0.001417067726279236,0.363,8.660028081584393,100000.0,/home/liuhk/bao21cm-master/bao21cm-master/array_config/nx_SKAM190_dec30.dat,periodic_box_mode_sum
ska_mid1_interferom,1.229967619047619,1.239967619047619,1.234967619047619,1.229967619047619,1.239967619047619,1.2349720832498203,1.0,1.0407757302574174,1.0201841648729004,0.9710321571617491,68170481.39001407,ok,0.050495975158474316,0.36299809684264367,0.001175452516560489,0.001417067726279236,0.363,8.660028081584393,100000.0,/home/liuhk/bao21cm-master/bao21cm-master/array_config/nx_SKAM190_dec30.dat,periodic_box_mode_sum
ska_mid1_interferom,1.239967619047619,1.249967619047619,1.2449676190476189,1.239967619047619,1.249967619047619,1.244971993187495,1.0,1.0664163151380912,1.0326743509635994,0.9716232829179436,68211980.86772405,ok,0.04999724798445633,0.36299810939465865,0.0011715698457237668,0.001417067726279236,0.363,8.660028081584393,100000.0,/home/liuhk/bao21cm-master/bao21cm-master/array_config/nx_SKAM190_dec30.dat,periodic_box_mode_sum
ska_mid1_interferom,1.249967619047619,1.259967619047619,1.254967619047619,1.249967619047619,1.259967619047619,1.2549719049292065,1.0,1.0924986498400497,1.0452266021490506,0.9721999250123625,68252463.5323571,ok,0.04950739843959484,0.36299812176362867,0.0011677311667666413,0.001417067726279236,0.363,8.660028081584393,100000.0,/home/liuhk/bao21cm-master/bao21cm-master/array_config/nx_SKAM190_dec30.dat,periodic_box_mode_sum
ska_mid1_interferom,1.259967619047619,1.269967619047619,1.264967619047619,1.259967619047619,1.269967619047619,1.2649718184299303,1.0,1.1190140112288005,1.057834585948484,0.9727331733767978,68289899.77732167,ok,0.04902620182597508,0.36299813395354713,0.0011639356694563114,0.001417067726279236,0.363,8.660028081584393,100000.0,/home/liuhk/bao21cm-master/bao21cm-master/array_config/nx_SKAM190_dec30.dat,periodic_box_mode_sum
ska_mid1_interferom,1.269967619047619,1.279967619047619,1.2749676190476191,1.269967619047619,1.279967619047619,1.2749717336460331,1.0,1.146006661193444,1.070517006494266,0.9732521137148561,68326331.53954212,ok,0.048553440773741435,0.36299814596829666,0.0011601825628784295,0.001417067726279236,0.363,8.660028081584393,100000.0,/home/liuhk/bao21cm-master/bao21cm-master/array_config/nx_SKAM190_dec30.dat,periodic_box_mode_sum
ska_mid1_interferom,1.279967619047619,1.289967619047619,1.284967619047619,1.279967619047619,1.289967619047619,1.284971650535233,1.0,1.1735079876196726,1.0832857368301645,0.9737711346453032,68362768.95968226,ok,0.04808890494909269,0.3629981578116519,0.0011564710748917762,0.001417067726279236,0.363,8.660028081584393,100000.0,/home/liuhk/bao21cm-master/bao21cm-master/array_config/nx_SKAM190_dec30.dat,periodic_box_mode_sum
ska_mid1_interferom,1.289967619047619,1.299967619047619,1.2949676190476191,1.289967619047619,1.299967619047619,1.2949715690565256,1.0,1.2015298425899688,1.0961431670133097,0.97429007348793,68399200.61691724,ok,0.04763239077588249,0.36299816948728375,0.0011528004516005634,0.001417067726279236,0.363,8.660028081584393,100000.0,/home/liuhk/bao21cm-master/bao21cm-master/array_config/nx_SKAM190_dec30.dat,periodic_box_mode_sum
ska_mid1_interferom,1.299967619047619,1.309967619047619,1.304967619047619,1.299967619047619,1.309967619047619,1.304971489170141,1.0,1.2299668845015257,1.1090387209207466,0.9747225604563444,68429562.99432592,ok,0.047183701171314214,0.3629981809987624,0.001149169956843453,0.001417067726279236,0.363,8.660028081584393,100000.0,/home/liuhk/bao21cm-master/bao21cm-master/array_config/nx_SKAM190_dec30.dat,periodic_box_mode_sum
ska_mid1_interferom,1.309967619047619,1.319967619047619,1.3149676190476192,1.309967619047619,1.319967619047619,1.3149714108375186,1.0,1.2590243530373177,1.1220625441735936,0.9752281861135867,68465060.01077706,ok,0.04674264529287944,0.36299819234956077,0.0011455788716988994,0.001417067726279236,0.363,8.660028081584393,100000.0,/home/liuhk/bao21cm-master/bao21cm-master/array_config/nx_SKAM190_dec30.dat,periodic_box_mode_sum
ska_mid1_interferom,1.319967619047619,1.329967619047619,1.324967619047619,1.319967619047619,1.329967619047619,1.3249713340212401,1.0,1.2884644038860098,1.135105459367547,0.9756189474363629,68492493.07495086,ok,0.04630903829685356,0.3629982035430575,0.001142026494006178,0.001417067726279236,0.363,8.660028081584393,100000.0,/home/liuhk/bao21cm-master/bao21cm-master/array_config/nx_SKAM190_dec30.dat,periodic_box_mode_sum
ska_mid1_interferom,1.329967619047619,1.339967619047619,1.3349676190476192,1.329967619047619,1.339967619047619,1.334971258684994,1.0,1.3185375207063326,1.1482758905012038,0.9760530330785276,68522967.68588172,ok,0.045882701108683005,0.3629982145825401,0.0011385121379014656,0.001417067726279236,0.363,8.660028081584393,100000.0,/home/liuhk/bao21cm-master/bao21cm-master/array_config/nx_SKAM190_dec30.dat,periodic_box_mode_sum
ska_mid1_interferom,1.339967619047619,1.349967619047619,1.344967619047619,1.339967619047619,1.349967619047619,1.3449711847935426,1.0,1.349408290246289,1.161640344618888,0.9765885872024008,68560565.80471389,ok,0.0454634602030188,0.3629982254712081,0.001135035133368614,0.001417067726279236,0.363,8.660028081584393,100000.0,/home/liuhk/bao21cm-master/bao21cm-master/array_config/nx_SKAM190_dec30.dat,periodic_box_mode_sum
ska_mid1_interferom,1.349967619047619,1.359967619047619,1.3549676190476192,1.349967619047619,1.359967619047619,1.3549711123126835,1.0,1.3808730681072003,1.175105556155361,0.9770371651524338,68592057.83571324,ok,0.04505114739353595,0.3629982362121753,0.0011315948258039438,0.001417067726279236,0.363,8.660028081584393,100000.0,/home/liuhk/bao21cm-master/bao21cm-master/array_config/nx_SKAM190_dec30.dat,periodic_box_mode_sum
ska_mid1_interferom,1.359967619047619,1.369967619047619,1.364967619047619,1.359967619047619,1.369967619047619,1.3649710412091978,1.0,1.4128188505363608,1.1886205662600495,0.9772975568063075,68610338.40887818,ok,0.04464559963283031,0.3629982468084731,0.0011281905755946419,0.001417067726279236,0.363,8.660028081584393,100000.0,/home/liuhk/bao21cm-master/bao21cm-master/array_config/nx_SKAM190_dec30.dat,periodic_box_mode_sum
ska_mid1_interferom,1.369967619047619,1.379967619047619,1.3749676190476192,1.369967619047619,1.379967619047619,1.3749709714508327,1.0,1.4458315686936123,1.2024273652464885,0.9777607971243755,68642859.79887442,ok,0.04424665882064339,0.3629982572630527,0.0011248217577102997,0.001417067726279236,0.363,8.660028081584393,100000.0,/home/liuhk/bao21cm-master/bao21cm-master/array_config/nx_SKAM190_dec30.dat,periodic_box_mode_sum
ska_mid1_interferom,1.379967619047619,1.3899676190476191,1.384967619047619,1.379967619047619,1.3899676190476191,1.384970903006268,1.0,1.479678162389209,1.216420224424606,0.9782383558751709,68676386.40218374,ok,0.04385417162041337,0.36299826757878784,0.0011214877613071276,0.001417067726279236,0.363,8.660028081584393,100000.0,/home/liuhk/bao21cm-master/bao21cm-master/array_config/nx_SKAM190_dec30.dat,periodic_box_mode_sum
ska_mid1_interferom,1.3899676190476191,1.3999676190476191,1.3949676190476192,1.3899676190476191,1.3999676190476191,1.3949708358450654,1.0,1.5140687535684445,1.2304750113547387,0.9785421858949309,68697716.5286425,ok,0.04346798928432687,0.3629982777584771,0.0011181879893443732,0.001417067726279236,0.363,8.660028081584393,100000.0,/home/liuhk/bao21cm-master/bao21cm-master/array_config/nx_SKAM190_dec30.dat,periodic_box_mode_sum
ska_mid1_interferom,1.3999676190476191,1.409967619047619,1.404967619047619,1.3999676190476191,1.409967619047619,1.4049707699376535,1.0,1.5493093389006092,1.2447125527207514,0.9788896408675246,68722109.30757198,ok,0.04308796748566495,0.3629982878048464,0.001114921858212566,0.001417067726279236,0.363,8.660028081584393,100000.0,/home/liuhk/bao21cm-master/bao21cm-master/array_config/nx_SKAM190_dec30.dat,periodic_box_mode_sum
ska_mid1_interferom,1.409967619047619,1.419967619047619,1.4149676190476188,1.409967619047619,1.419967619047619,1.4149707052553049,1.0,1.5853600108016186,1.2591108016380523,0.9792658182285537,68748518.51719521,ok,0.04271396615823368,0.36299829772055103,0.0011116887973731723,0.001417067726279236,0.363,8.660028081584393,100000.0,/home/liuhk/bao21cm-master/bao21cm-master/array_config/nx_SKAM190_dec30.dat,periodic_box_mode_sum
ska_mid1_interferom,1.419967619047619,1.429967619047619,1.424967619047619,1.419967619047619,1.429967619047619,1.4249706417700834,1.0,1.6222734683759037,1.2736849957410599,0.9797288925767917,68781028.25542161,ok,0.04234584934293883,0.3629983075081781,0.0011084882490092782,0.001417067726279236,0.363,8.660028081584393,100000.0,/home/liuhk/bao21cm-master/bao21cm-master/array_config/nx_SKAM190_dec30.dat,periodic_box_mode_sum
ska_mid1_interferom,1.429967619047619,1.439967619047619,1.4349676190476188,1.429967619047619,1.439967619047619,1.4349705794548349,1.0,1.6594717616983505,1.2882048601438945,0.9799749315313483,68798301.20961691,ok,0.0419834850408316,0.36299831717024833,0.0011053196676869019,0.001417067726279236,0.363,8.660028081584393,100000.0,/home/liuhk/bao21cm-master/bao21cm-master/array_config/nx_SKAM190_dec30.dat,periodic_box_mode_sum
ska_mid1_interferom,1.439967619047619,1.449967619047619,1.444967619047619,1.439967619047619,1.449967619047619,1.4449705182831671,1.0,1.6973035755442212,1.3028060391110494,0.9802499140558297,68817606.12236309,ok,0.04162674507219966,0.3629983267092185,0.001102182520026592,0.001417067726279236,0.363,8.660028081584393,100000.0,/home/liuhk/bao21cm-master/bao21cm-master/array_config/nx_SKAM190_dec30.dat,periodic_box_mode_sum
ska_mid1_interferom,1.449967619047619,1.459967619047619,1.4549676190476188,1.449967619047619,1.459967619047619,1.4549704582294014,1.0,1.735909890623337,1.317539331717781,0.9806552443629064,68846061.98960868,ok,0.04127550494159986,0.36299833612748295,0.0010990762843849711,0.001417067726279236,0.363,8.660028081584393,100000.0,/home/liuhk/bao21cm-master/bao21cm-master/array_config/nx_SKAM190_dec30.dat,periodic_box_mode_sum
ska_mid1_interferom,1.459967619047619,1.469967619047619,1.464967619047619,1.459967619047619,1.469967619047619,1.4649703992685679,1.0,1.7750407374900303,1.3323065478672806,0.9810603190892171,68874499.91402534,ok,0.040929643708747444,0.36299834542737575,0.0010960004505458697,0.001417067726279236,0.363,8.660028081584393,100000.0,/home/liuhk/bao21cm-master/bao21cm-master/array_config/nx_SKAM190_dec30.dat,periodic_box_mode_sum
ska_mid1_interferom,1.469967619047619,1.479967619047619,1.4749676190476189,1.469967619047619,1.479967619047619,1.4749703413763782,1.0,1.8143740924566327,1.346987042423435,0.9812919258021033,68890759.66504818,ok,0.04058904386449658,0.3629983546111724,0.0010929545194207474,0.001417067726279236,0.363,8.660028081584393,100000.0,/home/liuhk/bao21cm-master/bao21cm-master/array_config/nx_SKAM190_dec30.dat,periodic_box_mode_sum
ska_mid1_interferom,1.479967619047619,1.489967619047619,1.484967619047619,1.479967619047619,1.489967619047619,1.4849702845292008,1.0,1.8541853804480422,1.3616847581022717,0.9814945059189245,68904981.62874103,ok,0.04025359121186163,0.36299836368109173,0.0010899380027580836,0.001417067726279236,0.363,8.660028081584393,100000.0,/home/liuhk/bao21cm-master/bao21cm-master/array_config/nx_SKAM190_dec30.dat,periodic_box_mode_sum
ska_mid1_interferom,1.489967619047619,1.499967619047619,1.4949676190476189,1.489967619047619,1.499967619047619,1.4949702287040363,1.0,1.894946087771476,1.376570407851148,0.9818997486502431,68933431.34780547,ok,0.039923174752229874,0.3629983726392974,0.0010869504228614368,0.001417067726279236,0.363,8.660028081584393,100000.0,/home/liuhk/bao21cm-master/bao21cm-master/array_config/nx_SKAM190_dec30.dat,periodic_box_mode_sum
ska_mid1_interferom,1.499967619047619,1.509967619047619,1.504967619047619,1.499967619047619,1.509967619047619,1.5049701738785053,1.0,1.9361814539028148,1.3914673743580246,0.9822325402548753,68956794.69753906,ok,0.03959768657591852,0.36299838148789976,0.0010839913123158855,0.001417067726279236,0.363,8.660028081584393,100000.0,/home/liuhk/bao21cm-master/bao21cm-master/array_config/nx_SKAM190_dec30.dat,periodic_box_mode_sum
ska_mid1_interferom,1.509967619047619,1.519967619047619,1.514967619047619,1.509967619047619,1.519967619047619,1.5149701200308259,1.0,1.978020168027149,1.4064210493401856,0.9825364907428702,68978133.28136712,ok,0.039277021757141116,0.36299839022895725,0.001081060213722574,0.001417067726279236,0.363,8.660028081584393,100000.0,/home/liuhk/bao21cm-master/bao21cm-master/array_config/nx_SKAM190_dec30.dat,periodic_box_mode_sum
ska_mid1_interferom,1.519967619047619,1.529967619047619,1.5249676190476191,1.519967619047619,1.529967619047619,1.5249700671397874,1.0,2.0204037572375797,1.4214090745586154,0.9827680424345925,68994389.16967624,ok,0.03896107825334252,0.3629983988644779,0.001078156679441101,0.001417067726279236,0.363,8.660028081584393,100000.0,/home/liuhk/bao21cm-master/bao21cm-master/array_config/nx_SKAM190_dec30.dat,periodic_box_mode_sum
ska_mid1_interferom,1.529967619047619,1.539967619047619,1.534967619047619,1.529967619047619,1.539967619047619,1.53497001518474,1.0,2.063398379864374,1.436453403304254,0.9829417058338026,69006581.05996192,ok,0.03864975680845687,0.3629984073964211,0.001075280271339484,0.001417067726279236,0.363,8.660028081584393,100000.0,/home/liuhk/bao21cm-master/bao21cm-master/array_config/nx_SKAM190_dec30.dat,periodic_box_mode_sum
ska_mid1_interferom,1.539967619047619,1.549967619047619,1.5449676190476191,1.539967619047619,1.549967619047619,1.5449699641455792,1.0,2.1075630947977935,1.4517448449358425,0.9833035180593515,69031981.7775453,ok,0.03834296085995768,0.3629984158266986,0.0010724305605514471,0.001417067726279236,0.363,8.660028081584393,100000.0,/home/liuhk/bao21cm-master/bao21cm-master/array_config/nx_SKAM190_dec30.dat,periodic_box_mode_sum
ska_mid1_interferom,1.549967619047619,1.559967619047619,1.554967619047619,1.549967619047619,1.559967619047619,1.5549699140027184,1.0,2.152643565143974,1.4671890011665076,0.9836797443630549,69058394.4231471,ok,0.038040596449570016,0.36299842415717637,0.0010696071272408181,0.001417067726279236,0.363,8.660028081584393,100000.0,/home/liuhk/bao21cm-master/bao21cm-master/array_config/nx_SKAM190_dec30.dat,periodic_box_mode_sum
ska_mid1_interferom,1.559967619047619,1.569967619047619,1.5649676190476192,1.559967619047619,1.569967619047619,1.564969864737082,1.0,2.198102653357833,1.4825999640354215,0.9837810594415352,69065507.1615061,ok,0.037742572137576334,0.3629984323896756,0.0010668095603727748,0.001417067726279236,0.363,8.660028081584393,100000.0,/home/liuhk/bao21cm-master/bao21cm-master/array_config/nx_SKAM190_dec30.dat,periodic_box_mode_sum
ska_mid1_interferom,1.569967619047619,1.579967619047619,1.574967619047619,1.569967619047619,1.579967619047619,1.5749698163300851,1.0,2.2447645503641867,1.4982538337558782,0.9840126558158218,69081766.1867164,ok,0.037448798920335605,0.36299844052597396,0.0010640374574917327,0.001417067726279236,0.363,8.660028081584393,100000.0,/home/liuhk/bao21cm-master/bao21cm-master/array_config/nx_SKAM190_dec30.dat,periodic_box_mode_sum
ska_mid1_interferom,1.579967619047619,1.589967619047619,1.5849676190476192,1.579967619047619,1.589967619047619,1.5849697687636233,1.0,2.2924884210007868,1.5140965692454318,0.984302095511445,69102086.05278723,ok,0.03715919015097685,0.36299844856780705,0.0010612904245056534,0.001417067726279236,0.363,8.660028081584393,100000.0,/home/liuhk/bao21cm-master/bao21cm-master/array_config/nx_SKAM190_dec30.dat,periodic_box_mode_sum
ska_mid1_interferom,1.589967619047619,1.599967619047619,1.594967619047619,1.589967619047619,1.599967619047619,1.5949697220200476,1.0,2.341074129889922,1.5300569041345886,0.9845481295423513,69119358.66132188,ok,0.03687366146324697,0.36299845651686946,0.0010585680754765729,0.001417067726279236,0.363,8.660028081584393,100000.0,/home/liuhk/bao21cm-master/bao21cm-master/array_config/nx_SKAM190_dec30.dat,periodic_box_mode_sum
ska_mid1_interferom,1.599967619047619,1.609967619047619,1.6049676190476192,1.599967619047619,1.609967619047619,1.6049696760821632,1.0,2.3906396111337616,1.5461693345600156,0.9848230248054562,69138657.44795781,ok,0.03659213069817635,0.36299846437481614,0.0010558700324171334,0.001417067726279236,0.363,8.660028081584393,100000.0,/home/liuhk/bao21cm-master/bao21cm-master/array_config/nx_SKAM190_dec30.dat,periodic_box_mode_sum
ska_mid1_interferom,1.609967619047619,1.619967619047619,1.614967619047619,1.609967619047619,1.619967619047619,1.614969630933209,1.0,2.440816875306074,1.5623113887141942,0.9849677653267086,69148818.83235446,ok,0.03631451783352682,0.3629984721432631,0.0010531959250929613,0.001417067726279236,0.363,8.660028081584393,100000.0,/home/liuhk/bao21cm-master/bao21cm-master/array_config/nx_SKAM190_dec30.dat,periodic_box_mode_sum
ska_mid1_interferom,1.619967619047619,1.629967619047619,1.6249676190476192,1.619967619047619,1.629967619047619,1.624969586556843,1.0,2.4922718229866385,1.578693074345561,0.9852716485293265,69170152.69247022,ok,0.03604074491591653,0.3629984798237891,0.0010505453908306783,0.001417067726279236,0.363,8.660028081584393,100000.0,/home/liuhk/bao21cm-master/bao21cm-master/array_config/nx_SKAM190_dec30.dat,periodic_box_mode_sum
ska_mid1_interferom,1.629967619047619,1.6399676190476191,1.634967619047619,1.629967619047619,1.6399676190476191,1.6349695429371338,1.0,2.5443689863439385,1.5951078290648373,0.9854308508374707,69181329.35423632,ok,0.0357707359955094,0.36299848741793606,0.0010479180743313535,0.001417067726279236,0.363,8.660028081584393,100000.0,/home/liuhk/bao21cm-master/bao21cm-master/array_config/nx_SKAM190_dec30.dat,periodic_box_mode_sum
ska_mid1_interferom,1.6399676190476191,1.6499676190476191,1.6449676190476192,1.6399676190476191,1.6499676190476191,1.644969500058546,1.0,2.5975756894358963,1.611699627547235,0.9856335161100369,69195557.29621536,ok,0.035504417063099786,0.36299849492721065,0.0010453136274892363,0.001417067726279236,0.363,8.660028081584393,100000.0,/home/liuhk/bao21cm-master/bao21cm-master/array_config/nx_SKAM190_dec30.dat,periodic_box_mode_sum
ska_mid1_interferom,1.6499676190476191,1.659967619047619,1.654967619047619,1.6499676190476191,1.659967619047619,1.6549694579059304,1.0,2.651982868443142,1.6284909789259325,0.9859229007105674,69215873.29438238,ok,0.035241715989522124,0.3629985023530849,0.001042731709215641,0.001417067726279236,0.363,8.660028081584393,100000.0,/home/liuhk/bao21cm-master/bao21cm-master/array_config/nx_SKAM190_dec30.dat,periodic_box_mode_sum
ska_mid1_interferom,1.659967619047619,1.669967619047619,1.6649676190476188,1.659967619047619,1.669967619047619,1.6649694164645097,1.0,2.70702285408151,1.6453032711574818,0.986096601300838,69228067.79563463,ok,0.03498256246733234,0.3629985096969973,0.0010401719852677765,0.001417067726279236,0.363,8.660028081584393,100000.0,/home/liuhk/bao21cm-master/bao21cm-master/array_config/nx_SKAM190_dec30.dat,periodic_box_mode_sum
ska_mid1_interferom,1.669967619047619,1.679967619047619,1.674967619047619,1.669967619047619,1.679967619047619,1.674969375719872,1.0,2.762915393441199,1.6622019713143164,0.9862702298105247,69240257.23653118,ok,0.03472688795459063,0.36299851696035373,0.0010376341280823344,0.001417067726279236,0.363,8.660028081584393,100000.0,/home/liuhk/bao21cm-master/bao21cm-master/array_config/nx_SKAM190_dec30.dat,periodic_box_mode_sum
ska_mid1_interferom,1.679967619047619,1.689967619047619,1.6849676190476188,1.679967619047619,1.689967619047619,1.6849693356579543,1.0,2.819612905166407,1.6791703026097164,0.9864151954644893,69250434.42617716,ok,0.03447462562069507,0.3629985241445283,0.0010351178166137797,0.001417067726279236,0.363,8.660028081584393,100000.0,/home/liuhk/bao21cm-master/bao21cm-master/array_config/nx_SKAM190_dec30.dat,periodic_box_mode_sum
ska_mid1_interferom,1.689967619047619,1.699967619047619,1.694967619047619,1.689967619047619,1.699967619047619,1.6949692962650378,1.0,2.877377147500695,1.6962833334972949,0.9866186183503861,69264715.55575156,ok,0.034225710294176794,0.36299853125086434,0.0010326227361771476,0.001417067726279236,0.363,8.660028081584393,100000.0,/home/liuhk/bao21cm-master/bao21cm-master/array_config/nx_SKAM190_dec30.dat,periodic_box_mode_sum
ska_mid1_interferom,1.699967619047619,1.709967619047619,1.7049676190476188,1.699967619047619,1.709967619047619,1.7049692575277342,1.0,2.936421381655845,1.7135989558983296,0.9869527607489048,69288173.73681365,ok,0.03398007841237799,0.36299853828067496,0.0010301485782951323,0.001417067726279236,0.363,8.660028081584393,100000.0,/home/liuhk/bao21cm-master/bao21cm-master/array_config/nx_SKAM190_dec30.dat,periodic_box_mode_sum
ska_mid1_interferom,1.709967619047619,1.719967619047619,1.714967619047619,1.709967619047619,1.719967619047619,1.7149692194329798,1.0,2.995902967401974,1.7308676920556274,0.9870835458497332,69297355.39286529,ok,0.03373766797292131,0.3629985452352442,0.0010276950405495118,0.001417067726279236,0.363,8.660028081584393,100000.0,/home/liuhk/bao21cm-master/bao21cm-master/array_config/nx_SKAM190_dec30.dat,periodic_box_mode_sum
ska_mid1_interferom,1.719967619047619,1.729967619047619,1.7249676190476189,1.719967619047619,1.729967619047619,1.7249691819680215,1.0,3.0564302040984916,1.7482649124484801,0.9872578619358919,69309593.10447948,ok,0.033498418486917314,0.36299855211582766,0.0010252618264365843,0.001417067726279236,0.363,8.660028081584393,100000.0,/home/liuhk/bao21cm-master/bao21cm-master/array_config/nx_SKAM190_dec30.dat,periodic_box_mode_sum
ska_mid1_interferom,1.729967619047619,1.739967619047619,1.734967619047619,1.729967619047619,1.739967619047619,1.7349691451204126,1.0,3.1177543132752,1.7657163739613448,0.9873740940198648,69317753.07844013,ok,0.03326227093381182,0.36299855892365324,0.0010228486452266063,0.001417067726279236,0.363,8.660028081584393,100000.0,/home/liuhk/bao21cm-master/bao21cm-master/array_config/nx_SKAM190_dec30.dat,periodic_box_mode_sum
ska_mid1_interferom,1.739967619047619,1.749967619047619,1.7449676190476189,1.739967619047619,1.749967619047619,1.7449691088780015,1.0,3.1802559732511377,1.7833272199041705,0.9875484723307129,69329995.1584854,ok,0.033029167717830675,0.36299856565992195,0.0010204552118271146,0.001417067726279236,0.363,8.660028081584393,100000.0,/home/liuhk/bao21cm-master/bao21cm-master/array_config/nx_SKAM190_dec30.dat,periodic_box_mode_sum
ska_mid1_interferom,1.749967619047619,1.759967619047619,1.754967619047619,1.749967619047619,1.759967619047619,1.7549690732289245,1.0,3.243933284681259,1.8010922476878466,0.9877518341367427,69344272.00000001,ok,0.03279905262594487,0.36299857232580846,0.0010180812466498946,0.001417067726279236,0.363,8.660028081584393,100000.0,/home/liuhk/bao21cm-master/bao21cm-master/array_config/nx_SKAM190_dec30.dat,periodic_box_mode_sum
ska_mid1_interferom,1.759967619047619,1.769967619047619,1.764967619047619,1.759967619047619,1.769967619047619,1.764969038161596,1.0,3.3087180850639943,1.818988203662683,0.9879407475880205,69357534.50713706,ok,0.032571870787317436,0.3629985789224622,0.0010157264754816853,0.001417067726279236,0.363,8.660028081584393,100000.0,/home/liuhk/bao21cm-master/bao21cm-master/array_config/nx_SKAM190_dec30.dat,periodic_box_mode_sum
ska_mid1_interferom,1.769967619047619,1.779967619047619,1.7749676190476191,1.769967619047619,1.779967619047619,1.774969003664704,1.0,3.3746602975090485,1.837024849453335,0.9881296453654742,69370795.9139067,ok,0.032347568634111847,0.36299858545100744,0.0010133906293582544,0.001417067726279236,0.363,8.660028081584393,100000.0,/home/liuhk/bao21cm-master/bao21cm-master/array_config/nx_SKAM190_dec30.dat,periodic_box_mode_sum
ska_mid1_interferom,1.779967619047619,1.789967619047619,1.784967619047619,1.779967619047619,1.789967619047619,1.784968969727199,1.0,3.4416835747193955,1.855177504908734,0.9882894296345348,69382013.43174075,ok,0.03212609386368311,0.3629985919125444,0.0010110734444420198,0.001417067726279236,0.363,8.660028081584393,100000.0,/home/liuhk/bao21cm-master/bao21cm-master/array_config/nx_SKAM190_dec30.dat,periodic_box_mode_sum
ska_mid1_interferom,1.789967619047619,1.799967619047619,1.7949676190476191,1.789967619047619,1.799967619047619,1.7949689363382888,1.0,3.509664073004105,1.8734097450915816,0.9883911126385928,69389152.0,ok,0.03190739540205892,0.36299859830814984,0.0010087746619028234,0.001417067726279236,0.363,8.660028081584393,100000.0,/home/liuhk/bao21cm-master/bao21cm-master/array_config/nx_SKAM190_dec30.dat,periodic_box_mode_sum
ska_mid1_interferom,1.799967619047619,1.809967619047619,1.804967619047619,1.799967619047619,1.809967619047619,1.8049689034874308,1.0,3.5788619569398676,1.891788031714935,0.9885654871793245,69401393.81536745,ok,0.03169142336866215,0.36299860463887734,0.0010064940278020405,0.001417067726279236,0.363,8.660028081584393,100000.0,/home/liuhk/bao21cm-master/bao21cm-master/array_config/nx_SKAM190_dec30.dat,periodic_box_mode_sum
ska_mid1_interferom,1.809967619047619,1.819967619047619,1.8149676190476192,1.809967619047619,1.819967619047619,1.8149688711643266,1.0,3.648800709193588,1.9101834229187489,0.9886817189834759,69409553.76968348,ok,0.03147812904220843,0.3629986109057584,0.0010042312929796785,0.001417067726279236,0.363,8.660028081584393,100000.0,/home/liuhk/bao21cm-master/bao21cm-master/array_config/nx_SKAM190_dec30.dat,periodic_box_mode_sum
ska_mid1_interferom,1.819967619047619,1.829967619047619,1.824967619047619,1.819967619047619,1.829967619047619,1.824968839358912,1.0,3.7200080289274644,1.9287322335999533,0.988885137422896,69423834.58709678,ok,0.03126746482777536,0.3629986171098026,0.001001986212944554,0.001417067726279236,0.363,8.660028081584393,100000.0,/home/liuhk/bao21cm-master/bao21cm-master/array_config/nx_SKAM190_dec30.dat,periodic_box_mode_sum
ska_mid1_interferom,1.829967619047619,1.839967619047619,1.8349676190476192,1.829967619047619,1.839967619047619,1.834968808061354,1.0,3.7924554094449805,1.9474227608418724,0.9890885432738132,69438114.52074502,ok,0.031059384224985036,0.3629986232519983,0.0009997585477673823,0.001417067726279236,0.363,8.660028081584393,100000.0,/home/liuhk/bao21cm-master/bao21cm-master/array_config/nx_SKAM190_dec30.dat,periodic_box_mode_sum
ska_mid1_interferom,1.839967619047619,1.849967619047619,1.844967619047619,1.839967619047619,1.849967619047619,1.8449687772620431,1.0,3.8661115355413047,1.9662430001251892,0.9892337979364865,69448312.0,ok,0.030853841797215724,0.3629986293333131,0.0009975480619766391,0.001417067726279236,0.363,8.660028081584393,100000.0,/home/liuhk/bao21cm-master/bao21cm-master/array_config/nx_SKAM190_dec30.dat,periodic_box_mode_sum
ska_mid1_interferom,1.849967619047619,1.859967619047619,1.8549676190476192,1.849967619047619,1.859967619047619,1.854968746951588,1.0,3.940876670743909,1.985164142015443,0.9892628674037174,69450352.79706348,ok,0.03065079314184536,0.36299863535469473,0.0009953545244572766,0.001417067726279236,0.363,8.660028081584393,100000.0,/home/liuhk/bao21cm-master/bao21cm-master/array_config/nx_SKAM190_dec30.dat,periodic_box_mode_sum
ska_mid1_interferom,1.859967619047619,1.869967619047619,1.864967619047619,1.859967619047619,1.869967619047619,1.8649687171208083,1.0,4.0176707686446065,2.004412823907442,0.9894372157857629,69462592.77598278,ok,0.03045019486148189,0.3629986413170711,0.0009931777083520056,0.001417067726279236,0.363,8.660028081584393,100000.0,/home/liuhk/bao21cm-master/bao21cm-master/array_config/nx_SKAM190_dec30.dat,periodic_box_mode_sum
ska_mid1_interferom,1.869967619047619,1.879967619047619,1.8749676190476192,1.869967619047619,1.879967619047619,1.87496868776073,1.0,4.0958424039134,2.023818767556374,0.9895534479451054,69470752.75523469,ok,0.03025200453616948,0.36299864722135095,0.0009910173909652034,0.001417067726279236,0.363,8.660028081584393,100000.0,/home/liuhk/bao21cm-master/bao21cm-master/array_config/nx_SKAM190_dec30.dat,periodic_box_mode_sum
ska_mid1_interferom,1.879967619047619,1.8899676190476191,1.884967619047619,1.879967619047619,1.8899676190476191,1.8849686588625796,1.0,4.1754998430704955,2.043403984304253,0.9897132829798848,69481973.83703259,ok,0.030056180696430068,0.3629986530684245,0.0009888733536693763,0.001417067726279236,0.363,8.660028081584393,100000.0,/home/liuhk/bao21cm-master/bao21cm-master/array_config/nx_SKAM190_dec30.dat,periodic_box_mode_sum
ska_mid1_interferom,1.8899676190476191,1.8999676190476191,1.8949676190476192,1.8899676190476191,1.8999676190476191,1.8949686304177822,1.0,4.25609220248157,2.063029859813369,0.9898440386855727,69491153.42942351,ok,0.02986268279723079,0.36299865885916366,0.0009867453818139826,0.001417067726279236,0.363,8.660028081584393,100000.0,/home/liuhk/bao21cm-master/bao21cm-master/array_config/nx_SKAM190_dec30.dat,periodic_box_mode_sum
ska_mid1_interferom,1.8999676190476191,1.9099676190476191,1.904967619047619,1.8999676190476191,1.9099676190476191,1.9049686024179489,1.0,4.337929743938712,2.0827697289759883,0.9900474251206597,69505432.0,ok,0.029671471192778017,0.3629986645944227,0.0009846332646366626,0.001417067726279236,0.363,8.660028081584393,100000.0,/home/liuhk/bao21cm-master/bao21cm-master/array_config/nx_SKAM190_dec30.dat,periodic_box_mode_sum
ska_mid1_interferom,1.9099676190476191,1.919967619047619,1.914967619047619,1.9099676190476191,1.919967619047619,1.914968574854878,1.0,4.420619031557374,2.102526820651136,0.9901346090830015,69511552.67544675,ok,0.029482507112172845,0.3629986702750385,0.0009825367951767931,0.001417067726279236,0.363,8.660028081584393,100000.0,/home/liuhk/bao21cm-master/bao21cm-master/array_config/nx_SKAM190_dec30.dat,periodic_box_mode_sum
ska_mid1_interferom,1.919967619047619,1.929967619047619,1.924967619047619,1.919967619047619,1.929967619047619,1.924968547720549,1.0,4.504518035762689,2.1223849876407175,0.9901636575755413,69513592.0,ok,0.029295752635737644,0.3629986759018312,0.0009804557701912227,0.001417067726279236,0.363,8.660028081584393,100000.0,/home/liuhk/bao21cm-master/bao21cm-master/array_config/nx_SKAM190_dec30.dat,periodic_box_mode_sum
ska_mid1_interferom,1.929967619047619,1.939967619047619,1.9349676190476188,1.929967619047619,1.939967619047619,1.934968521007117,1.0,4.590778392818778,2.1426101821887196,0.9904251896781733,69531952.63739379,ok,0.029111170672182538,0.36299868147560443,0.0009783899900721897,0.001417067726279236,0.363,8.660028081584393,100000.0,/home/liuhk/bao21cm-master/bao21cm-master/array_config/nx_SKAM190_dec30.dat,periodic_box_mode_sum
ska_mid1_interferom,1.939967619047619,1.949967619047619,1.944967619047619,1.939967619047619,1.949967619047619,1.9449684947069077,1.0,4.67781365653704,2.162825387435851,0.9904833056408755,69536032.61880805,ok,0.028928724936463857,0.36299868699714577,0.0009763392587673555,0.001417067726279236,0.363,8.660028081584393,100000.0,/home/liuhk/bao21cm-master/bao21cm-master/array_config/nx_SKAM190_dec30.dat,periodic_box_mode_sum
ska_mid1_interferom,1.949967619047619,1.959967619047619,1.9549676190476188,1.949967619047619,1.959967619047619,1.9549684688124136,1.0,4.766232089964682,2.183170192624634,0.9905123549401869,69538072.0,ok,0.028748379928390837,0.3629986924672271,0.0009743033837018853,0.001417067726279236,0.363,8.660028081584393,100000.0,/home/liuhk/bao21cm-master/bao21cm-master/array_config/nx_SKAM190_dec30.dat,periodic_box_mode_sum
ska_mid1_interferom,1.959967619047619,1.969967619047619,1.964967619047619,1.959967619047619,1.969967619047619,1.9649684433162922,1.0,4.856784891231413,2.2038114463881464,0.99068670362251,69550312.0,ok,0.028570100911800084,0.3629986978866051,0.0009722821757024911,0.001417067726279236,0.363,8.660028081584393,100000.0,/home/liuhk/bao21cm-master/bao21cm-master/array_config/nx_SKAM190_dec30.dat,periodic_box_mode_sum
ska_mid1_interferom,1.969967619047619,1.979967619047619,1.9749676190476189,1.969967619047619,1.979967619047619,1.9749684182113565,1.0,4.949000469583032,2.2246349070314957,0.9908320022355149,69560512.56475042,ok,0.02839385389446716,0.36299870325602157,0.0009702754489234112,0.001417067726279236,0.363,8.660028081584393,100000.0,/home/liuhk/bao21cm-master/bao21cm-master/array_config/nx_SKAM190_dec30.dat,periodic_box_mode_sum
ska_mid1_interferom,1.979967619047619,1.989967619047619,1.984967619047619,1.979967619047619,1.989967619047619,1.9849683934905766,1.0,5.043035761132787,2.2456704480249963,0.9909772925552772,69570712.54728082,ok,0.028219605608607506,0.36299870857620375,0.0009682830207742668,0.001417067726279236,0.363,8.660028081584393,100000.0,/home/liuhk/bao21cm-master/bao21cm-master/array_config/nx_SKAM190_dec30.dat,periodic_box_mode_sum
ska_mid1_interferom,1.989967619047619,1.999967619047619,1.9949676190476189,1.989967619047619,1.999967619047619,1.9949683691470699,1.0,5.138672225769484,2.2668639627841554,0.9910789919329963,69577852.26503891,ok,0.028047323492021135,0.36299871384786453,0.0009663047118497338,0.001417067726279236,0.363,8.660028081584393,100000.0,/home/liuhk/bao21cm-master/bao21cm-master/array_config/nx_SKAM190_dec30.dat,periodic_box_mode_sum
ska_mid1_interferom,1.999967619047619,2.009967619047619,2.004967619047619,1.999967619047619,2.009967619047619,2.004968345174105,1.0,5.236027003285089,2.2882366580590148,0.9912097642878941,69587033.02627337,ok,0.027876975669738107,0.3629987190717032,0.0009643403458609897,0.001417067726279236,0.363,8.660028081584393,100000.0,/home/liuhk/bao21cm-master/bao21cm-master/array_config/nx_SKAM190_dec30.dat,periodic_box_mode_sum
ska_mid1_interferom,2.009967619047619,2.019967619047619,2.014967619047619,2.009967619047619,2.019967619047619,2.014968321565091,1.0,5.334630277954628,2.309681856437078,0.9912678658969193,69591112.0,ok,0.027708530936292906,0.36299872424840546,0.0009623897495688718,0.001417067726279236,0.363,8.660028081584393,100000.0,/home/liuhk/bao21cm-master/bao21cm-master/array_config/nx_SKAM190_dec30.dat,periodic_box_mode_sum
ska_mid1_interferom,2.019967619047619,2.029967619047619,2.0249676190476187,2.019967619047619,2.029967619047619,2.0249682983135755,1.0,5.434599922056896,2.3312228383526308,0.9913259957993774,69595192.96004288,ok,0.02754195873850846,0.3629987293786437,0.0009604527527186953,0.001417067726279236,0.363,8.660028081584393,100000.0,/home/liuhk/bao21cm-master/bao21cm-master/array_config/nx_SKAM190_dec30.dat,periodic_box_mode_sum
ska_mid1_interferom,2.029967619047619,2.0399676190476193,2.0349676190476194,2.029967619047619,2.0399676190476193,2.034968275413245,1.0,5.535967034449247,2.35286358177631,0.9914131630725149,69601312.46383832,ok,0.027377229158852174,0.3629987344630774,0.0009585291879767104,0.001417067726279236,0.363,8.660028081584393,100000.0,/home/liuhk/bao21cm-master/bao21cm-master/array_config/nx_SKAM190_dec30.dat,periodic_box_mode_sum
ska_mid1_interferom,2.0399676190476193,2.049967619047619,2.044967619047619,2.0399676190476193,2.049967619047619,2.0449682528579167,1.0,5.638790931697691,2.3746138489652777,0.9915294080602559,69609473.34369697,ok,0.027214312899197877,0.3629987395023537,0.0009566188908681261,0.001417067726279236,0.363,8.660028081584393,100000.0,/home/liuhk/bao21cm-master/bao21cm-master/array_config/nx_SKAM190_dec30.dat,periodic_box_mode_sum
ska_mid1_interferom,2.049967619047619,2.059967619047619,2.054967619047619,2.049967619047619,2.059967619047619,2.0549682306415393,1.0,5.743401271020644,2.396539436566952,0.9916746918016461,69619672.86439839,ok,0.027053181265157503,0.3629987444971072,0.0009547216997166666,0.001417067726279236,0.363,8.660028081584393,100000.0,/home/liuhk/bao21cm-master/bao21cm-master/array_config/nx_SKAM190_dec30.dat,periodic_box_mode_sum
ska_mid1_interferom,2.059967619047619,2.069967619047619,2.0649676190476187,2.059967619047619,2.069967619047619,2.064968208758185,1.0,5.849992244566969,2.4186757212505707,0.991834508018531,69630892.62510209,ok,0.026893806150832388,0.3629987494479605,0.0009528374555856261,0.001417067726279236,0.363,8.660028081584393,100000.0,/home/liuhk/bao21cm-master/bao21cm-master/array_config/nx_SKAM190_dec30.dat,periodic_box_mode_sum
ska_mid1_interferom,2.069967619047619,2.0799676190476193,2.0749676190476194,2.069967619047619,2.0799676190476193,2.0749681872020505,1.0,5.9581700182007005,2.4409362994967116,0.9919071501178266,69635992.40150152,ok,0.026736160024131646,0.3629987543555248,0.00095096600222036,0.001417067726279236,0.363,8.660028081584393,100000.0,/home/liuhk/bao21cm-master/bao21cm-master/array_config/nx_SKAM190_dec30.dat,periodic_box_mode_sum
ska_mid1_interferom,2.0799676190476193,2.089967619047619,2.084967619047619,2.0799676190476193,2.089967619047619,2.084968165967454,1.0,6.068280669455517,2.4633880468686855,0.9919652661315196,69640072.38649553,ok,0.0265802159123184,0.36299875922039937,0.0009491071859921921,0.001417067726279236,0.363,8.660028081584393,100000.0,/home/liuhk/bao21cm-master/bao21cm-master/array_config/nx_SKAM190_dec30.dat,periodic_box_mode_sum
ska_mid1_interferom,2.089967619047619,2.099967619047619,2.094967619047619,2.089967619047619,2.099967619047619,2.09496814504883,1.0,6.180535052220327,2.486068191385813,0.9920524349673717,69646192.00000001,ok,0.026425947388147554,0.3629987640431727,0.0009472608558436905,0.001417067726279236,0.363,8.660028081584393,100000.0,/home/liuhk/bao21cm-master/bao21cm-master/array_config/nx_SKAM190_dec30.dat,periodic_box_mode_sum
ska_mid1_interferom,2.099967619047619,2.109967619047619,2.1049676190476188,2.099967619047619,2.109967619047619,2.104968124440728,1.0,6.294578499551265,2.508899858414294,0.9921105511948126,69650272.0,ok,0.026273328556368228,0.3629987688244221,0.0009454268632352719,0.001417067726279236,0.363,8.660028081584393,100000.0,/home/liuhk/bao21cm-master/bao21cm-master/array_config/nx_SKAM190_dec30.dat,periodic_box_mode_sum
ska_mid1_interferom,2.109967619047619,2.1199676190476193,2.1149676190476194,2.109967619047619,2.1199676190476193,2.114968104137808,1.0,6.410436603948198,2.5318840028619394,0.9921686771881144,69654352.6856039,ok,0.026122334040576106,0.3629987735647144,0.0009436050620931051,0.001417067726279236,0.363,8.660028081584393,100000.0,/home/liuhk/bao21cm-master/bao21cm-master/array_config/nx_SKAM190_dec30.dat,periodic_box_mode_sum
ska_mid1_interferom,2.1199676190476193,2.129967619047619,2.124967619047619,2.1199676190476193,2.129967619047619,2.124968084134835,1.0,6.528587591418886,2.5551100937961335,0.9923430207861562,69666592.32866631,ok,0.02597293897062063,0.36299877826460575,0.0009417953087582713,0.001417067726279236,0.363,8.660028081584393,100000.0,/home/liuhk/bao21cm-master/bao21cm-master/array_config/nx_SKAM190_dec30.dat,periodic_box_mode_sum
ska_mid1_interferom,2.129967619047619,2.139967619047619,2.134967619047619,2.129967619047619,2.139967619047619,2.13496806442669,1.0,6.6479839529509555,2.5783684672581137,0.9924011368152147,69670672.31473903,ok,0.025825118970076326,0.3629987829246422,0.0009399974619371477,0.001417067726279236,0.363,8.660028081584393,100000.0,/home/liuhk/bao21cm-master/bao21cm-master/array_config/nx_SKAM190_dec30.dat,periodic_box_mode_sum
ska_mid1_interferom,2.139967619047619,2.149967619047619,2.144967619047619,2.139967619047619,2.149967619047619,2.1449680450083517,1.0,6.769138807119146,2.6017568693325566,0.9924592528471899,69674752.30101654,ok,0.025678850144305803,0.3629987875453601,0.0009382113826529908,0.001417067726279236,0.363,8.660028081584393,100000.0,/home/liuhk/bao21cm-master/bao21cm-master/array_config/nx_SKAM190_dec30.dat,periodic_box_mode_sum
ska_mid1_interferom,2.149967619047619,2.1599676190476194,2.1549676190476195,2.149967619047619,2.1599676190476194,2.1549680258749033,1.0,6.892471136443915,2.625351621486904,0.9925900244041691,69683933.00623381,ok,0.025534109068808295,0.3629987921272856,0.0009364369341986691,0.001417067726279236,0.363,8.660028081584393,100000.0,/home/liuhk/bao21cm-master/bao21cm-master/array_config/nx_SKAM190_dec30.dat,periodic_box_mode_sum
ska_mid1_interferom,2.1599676190476194,2.169967619047619,2.1649676190476193,2.1599676190476194,2.169967619047619,2.1649680070215216,1.0,7.017549657420361,2.6490658084351852,0.992691713469222,69691072.0,ok,0.025390872777856496,0.36299879667093554,0.0009346739820905336,0.001417067726279236,0.363,8.660028081584393,100000.0,/home/liuhk/bao21cm-master/bao21cm-master/array_config/nx_SKAM190_dec30.dat,periodic_box_mode_sum
ska_mid1_interferom,2.169967619047619,2.179967619047619,2.174967619047619,2.169967619047619,2.179967619047619,2.1749679884434827,1.0,7.144531833016402,2.6729257066024865,0.9927788915287317,69697192.26104347,ok,0.025249118753621402,0.36299880117681754,0.0009329223940233796,0.001417067726279236,0.363,8.660028081584393,100000.0,/home/liuhk/bao21cm-master/bao21cm-master/array_config/nx_SKAM190_dec30.dat,periodic_box_mode_sum
ska_mid1_interferom,2.179967619047619,2.1899676190476187,2.184967619047619,2.179967619047619,2.1899676190476187,2.18496797013616,1.0,7.273532455277335,2.696948730561509,0.9928660692196773,69703312.49621221,ok,0.025108824915324835,0.36299880564543,0.0009311820398264755,0.001417067726279236,0.363,8.660028081584393,100000.0,/home/liuhk/bao21cm-master/bao21cm-master/array_config/nx_SKAM190_dec30.dat,periodic_box_mode_sum
ska_mid1_interferom,2.1899676190476187,2.199967619047619,2.1949676190476186,2.1899676190476187,2.199967619047619,2.194967952095018,1.0,7.404461458155993,2.72111401050305,0.9929241783789857,69707392.00000001,ok,0.024969969608903124,0.36299881007726253,0.0009294527914206395,0.001417067726279236,0.363,8.660028081584393,100000.0,/home/liuhk/bao21cm-master/bao21cm-master/array_config/nx_SKAM190_dec30.dat,periodic_box_mode_sum
ska_mid1_interferom,2.199967619047619,2.209967619047619,2.2049676190476193,2.199967619047619,2.209967619047619,2.2049679343156097,1.0,7.5371471572172375,2.745386522371165,0.9929241783789857,69707392.0,ok,0.024832531596918426,0.3629988144727958,0.0009277345227763192,0.001417067726279236,0.363,8.660028081584393,100000.0,/home/liuhk/bao21cm-master/bao21cm-master/array_config/nx_SKAM190_dec30.dat,periodic_box_mode_sum
ska_mid1_interferom,2.209967619047619,2.219967619047619,2.214967619047619,2.209967619047619,2.219967619047619,2.214967916793577,1.0,7.672982394703266,2.770014872650193,0.9930985270613085,69719632.0,ok,0.024696490048710593,0.36299881883250223,0.0009260271098726599,0.001417067726279236,0.363,8.660028081584393,100000.0,/home/liuhk/bao21cm-master/bao21cm-master/array_config/nx_SKAM190_dec30.dat,periodic_box_mode_sum
ska_mid1_interferom,2.219967619047619,2.2299676190476188,2.224967619047619,2.219967619047619,2.2299676190476188,2.2249678995246436,1.0,7.810027957895965,2.794642724552812,0.9930985270613084,69719632.0,ok,0.024561824530957038,0.36299882315684573,0.000924330430657531,0.001417067726279236,0.363,8.660028081584393,100000.0,/home/liuhk/bao21cm-master/bao21cm-master/array_config/nx_SKAM190_dec30.dat,periodic_box_mode_sum
ska_mid1_interferom,2.2299676190476188,2.239967619047619,2.2349676190476186,2.2299676190476188,2.239967619047619,2.2349678825046233,1.0,7.949395473078527,2.819467232134207,0.9931275878269941,69721672.18617892,ok,0.024428514998280127,0.36299882744628215,0.0009226443650084897,0.001417067726279236,0.363,8.660028081584393,100000.0,/home/liuhk/bao21cm-master/bao21cm-master/array_config/nx_SKAM190_dec30.dat,periodic_box_mode_sum
ska_mid1_interferom,2.239967619047619,2.249967619047619,2.2449676190476193,2.239967619047619,2.249967619047619,2.244967865729412,1.0,8.091096129150543,2.844485213382299,0.9932147595161903,69727792.0,ok,0.02429654178424511,0.3629988317012593,0.0009209687946946462,0.001417067726279236,0.363,8.660028081584393,100000.0,/home/liuhk/bao21cm-master/bao21cm-master/array_config/nx_SKAM190_dec30.dat,periodic_box_mode_sum
ska_mid1_interferom,2.249967619047619,2.259967619047619,2.254967619047619,2.249967619047619,2.259967619047619,2.2549678491949803,1.0,8.235212989219038,2.8697060806324814,0.9933891128318518,69740032.32527956,ok,0.024165885592604127,0.3629988359222174,0.000919303603339419,0.001417067726279236,0.363,8.660028081584393,100000.0,/home/liuhk/bao21cm-master/bao21cm-master/array_config/nx_SKAM190_dec30.dat,periodic_box_mode_sum
ska_mid1_interferom,2.259967619047619,2.269967619047619,2.264967619047619,2.259967619047619,2.269967619047619,2.2649678328973843,1.0,8.3812824531737,2.895044464800791,0.9935489289002843,69751252.07556133,ok,0.024036527488738732,0.3629988401095887,0.000917648676384142,0.001417067726279236,0.363,8.660028081584393,100000.0,/home/liuhk/bao21cm-master/bao21cm-master/array_config/nx_SKAM190_dec30.dat,periodic_box_mode_sum
ska_mid1_interferom,2.269967619047619,2.2799676190476195,2.274967619047619,2.269967619047619,2.2799676190476195,2.2749678168327447,1.0,8.52884050686669,2.9204178651122326,0.9935634568808361,69752271.99999999,ok,0.02390844889141954,0.36299884426379825,0.0009160039010525225,0.001417067726279236,0.363,8.660028081584393,100000.0,/home/liuhk/bao21cm-master/bao21cm-master/array_config/nx_SKAM190_dec30.dat,periodic_box_mode_sum
ska_mid1_interferom,2.2799676190476195,2.2899676190476193,2.2849676190476194,2.2799676190476195,2.2899676190476193,2.2849678009972707,1.0,8.678895402446363,2.945996504147003,0.9935925168260664,69754312.12857959,ok,0.023781631564685362,0.36299884838526375,0.000914369166315908,0.001417067726279236,0.363,8.660028081584393,100000.0,/home/liuhk/bao21cm-master/bao21cm-master/array_config/nx_SKAM190_dec30.dat,periodic_box_mode_sum
ska_mid1_interferom,2.2899676190476193,2.299967619047619,2.294967619047619,2.2899676190476193,2.299967619047619,2.294967785387237,1.0,8.83157774101555,2.9717970558259106,0.9936215731082768,69756352.0,ok,0.02365605760994935,0.3629988524743957,0.0009127443628593631,0.001417067726279236,0.363,8.660028081584393,100000.0,/home/liuhk/bao21cm-master/bao21cm-master/array_config/nx_SKAM190_dec30.dat,periodic_box_mode_sum
ska_mid1_interferom,2.299967619047619,2.309967619047619,2.304967619047619,2.299967619047619,2.309967619047619,2.3049677699989926,1.0,8.987143405244092,2.997856468419409,0.9936796893357179,69760432.00000001,ok,0.023531709458386015,0.3629988565315976,0.0009111293830484999,0.001417067726279236,0.363,8.660028081584393,100000.0,/home/liuhk/bao21cm-master/bao21cm-master/array_config/nx_SKAM190_dec30.dat,periodic_box_mode_sum
ska_mid1_interferom,2.309967619047619,2.3199676190476186,2.3149676190476187,2.309967619047619,2.3199676190476186,2.314967754828956,1.0,9.145523123796401,3.024156597102141,0.9937378055631588,69764512.0,ok,0.02340856986347856,0.36299886055726605,0.0009095241208970695,0.001417067726279236,0.363,8.660028081584393,100000.0,/home/liuhk/bao21cm-master/bao21cm-master/array_config/nx_SKAM190_dec30.dat,periodic_box_mode_sum
ska_mid1_interferom,2.3199676190476186,2.3299676190476193,2.324967619047619,2.3199676190476186,2.3299676190476193,2.3249677398736095,1.0,9.306583561322391,3.050669362832097,0.9937959217905998,69768592.00000001,ok,0.023286621893774926,0.3629988645517912,0.0009079284720352924,0.001417067726279236,0.363,8.660028081584393,100000.0,/home/liuhk/bao21cm-master/bao21cm-master/array_config/nx_SKAM190_dec30.dat,periodic_box_mode_sum
ska_mid1_interferom,2.3299676190476193,2.339967619047619,2.334967619047619,2.3299676190476193,2.339967619047619,2.3349677251295082,1.0,9.47042688941978,3.077405870115247,0.9938540380180405,69772672.0,ok,0.02316584892590102,0.36299886851555635,0.0009063423336789212,0.001417067726279236,0.363,8.660028081584393,100000.0,/home/liuhk/bao21cm-master/bao21cm-master/array_config/nx_SKAM190_dec30.dat,periodic_box_mode_sum
ska_mid1_interferom,2.339967619047619,2.349967619047619,2.344967619047619,2.339967619047619,2.349967619047619,2.344967710593271,1.0,9.637191722330206,3.104382663643483,0.9939121560884834,69776752.12938637,ok,0.023046234637573805,0.3629988724489385,0.0009047656045989765,0.001417067726279236,0.363,8.660028081584393,100000.0,/home/liuhk/bao21cm-master/bao21cm-master/array_config/nx_SKAM190_dec30.dat,periodic_box_mode_sum
ska_mid1_interferom,2.349967619047619,2.3599676190476186,2.3549676190476188,2.349967619047619,2.3599676190476186,2.3549676962615798,1.0,9.807139846586008,3.1316353310348903,0.9939702704729226,69780832.0,ok,0.022927763000977142,0.3629988763523083,0.0009031981850921593,0.001417067726279236,0.363,8.660028081584393,100000.0,/home/liuhk/bao21cm-master/bao21cm-master/array_config/nx_SKAM190_dec30.dat,periodic_box_mode_sum
ska_mid1_interferom,2.3599676190476186,2.3699676190476193,2.364967619047619,2.3599676190476186,2.3699676190476193,2.3649676821311796,1.0,9.981245437721187,3.1593109118478964,0.9941446191552453,69793072.0,ok,0.02281041827625094,0.3629988802260304,0.0009016399769519491,0.001417067726279236,0.363,8.660028081584393,100000.0,/home/liuhk/bao21cm-master/bao21cm-master/array_config/nx_SKAM190_dec30.dat,periodic_box_mode_sum
ska_mid1_interferom,2.3699676190476193,2.379967619047619,2.374967619047619,2.3699676190476193,2.379967619047619,2.3749676681988765,1.0,10.157752421282206,3.187122906522779,0.9941882070679626,69796132.05210106,ok,0.022694185005118796,0.36299888407046316,0.0009000908834403562,0.001417067726279236,0.363,8.660028081584393,100000.0,/home/liuhk/bao21cm-master/bao21cm-master/array_config/nx_SKAM190_dec30.dat,periodic_box_mode_sum
ska_mid1_interferom,2.379967619047619,2.389967619047619,2.384967619047619,2.379967619047619,2.389967619047619,2.384967654461532,1.0,10.337346901732204,3.215174474539788,0.9942317934964067,69799192.0,ok,0.022579048004819233,0.3629988878859592,0.000898550809260254,0.001417067726279236,0.363,8.660028081584393,100000.0,/home/liuhk/bao21cm-master/bao21cm-master/array_config/nx_SKAM190_dec30.dat,periodic_box_mode_sum
ska_mid1_interferom,2.389967619047619,2.3999676190476187,2.394967619047619,2.389967619047619,2.3999676190476187,2.3949676409160734,1.0,10.519764778124651,3.2434186868371855,0.9942317934964068,69799192.0,ok,0.02246499236196742,0.3629988916728653,0.0008970196605283612,0.001417067726279236,0.363,8.660028081584393,100000.0,/home/liuhk/bao21cm-master/bao21cm-master/array_config/nx_SKAM190_dec30.dat,periodic_box_mode_sum
ska_mid1_interferom,2.3999676190476187,2.4099676190476194,2.404967619047619,2.3999676190476187,2.4099676190476194,2.404967627559482,1.0,10.706162831906013,3.272027327499881,0.9943480259512885,69807351.99999999,ok,0.022352003426730657,0.3629988954315227,0.0008954973447488483,0.001417067726279236,0.363,8.660028081584393,100000.0,/home/liuhk/bao21cm-master/bao21cm-master/array_config/nx_SKAM190_dec30.dat,periodic_box_mode_sum
ska_mid1_interferom,2.4099676190476194,2.419967619047619,2.4149676190476193,2.4099676190476194,2.419967619047619,2.414967614388795,1.0,10.895013940487884,3.300759600529533,0.9943480259512886,69807352.0,ok,0.022240066807130515,0.36299889916226685,0.0008939837707874559,0.001417067726279236,0.363,8.660028081584393,100000.0,/home/liuhk/bao21cm-master/bao21cm-master/array_config/nx_SKAM190_dec30.dat,periodic_box_mode_sum
ska_mid1_interferom,2.419967619047619,2.429967619047619,2.424967619047619,2.419967619047619,2.429967619047619,2.4249676014011055,1.0,11.087621892149125,3.3298080863841273,0.9944352001148198,69813471.98752962,ok,0.022129168363466158,0.3629989028654279,0.0008924788488462337,0.001417067726279236,0.363,8.660028081584393,100000.0,/home/liuhk/bao21cm-master/bao21cm-master/array_config/nx_SKAM190_dec30.dat,periodic_box_mode_sum
ska_mid1_interferom,2.429967619047619,2.4399676190476187,2.434967619047619,2.429967619047619,2.4399676190476187,2.434967588593552,1.0,11.283286620907163,3.3590603776811103,0.994507845116924,69818571.96771823,ok,0.022019294202917154,0.3629989065413307,0.0008909824904388492,0.001417067726279236,0.363,8.660028081584393,100000.0,/home/liuhk/bao21cm-master/bao21cm-master/array_config/nx_SKAM190_dec30.dat,periodic_box_mode_sum
ska_mid1_interferom,2.4399676190476187,2.4499676190476194,2.444967619047619,2.4399676190476187,2.4499676190476194,2.444967575963338,1.0,11.481767266166113,3.3884756552417654,0.9945514327473317,69821632.0,ok,0.021910430674279117,0.36299891019029473,0.0008894946083663581,0.001417067726279236,0.363,8.660028081584393,100000.0,/home/liuhk/bao21cm-master/bao21cm-master/array_config/nx_SKAM190_dec30.dat,periodic_box_mode_sum
ska_mid1_interferom,2.4499676190476194,2.459967619047619,2.4549676190476193,2.4499676190476194,2.459967619047619,2.454967563507713,1.0,11.683321256813766,3.4180873682241897,0.9945514327473317,69821632.0,ok,0.021802564362736584,0.3629989138126346,0.0008880151166935938,0.001417067726279236,0.363,8.660028081584393,100000.0,/home/liuhk/bao21cm-master/bao21cm-master/array_config/nx_SKAM190_dec30.dat,periodic_box_mode_sum
ska_mid1_interferom,2.459967619047619,2.469967619047619,2.464967619047619,2.459967619047619,2.469967619047619,2.4649675512239746,1.0,11.888835405143466,3.4480190552175705,0.9945804901783377,69823671.95207061,ok,0.02169568208488811,0.36299891740865964,0.0008865439307260216,0.001417067726279236,0.363,8.660028081584393,100000.0,/home/liuhk/bao21cm-master/bao21cm-master/array_config/nx_SKAM190_dec30.dat,periodic_box_mode_sum
ska_mid1_interferom,2.469967619047619,2.4799676190476188,2.474967619047619,2.469967619047619,2.4799676190476188,2.474967539109472,1.0,12.09895635261849,3.4783554091867166,0.9946967225112748,69831831.94350958,ok,0.021589770883851025,0.36299892097867437,0.0008850809669870709,0.001417067726279236,0.363,8.660028081584393,100000.0,/home/liuhk/bao21cm-master/bao21cm-master/array_config/nx_SKAM190_dec30.dat,periodic_box_mode_sum
ska_mid1_interferom,2.4799676190476188,2.4899676190476194,2.484967619047619,2.4799676190476188,2.4899676190476194,2.4849675271616034,1.0,12.312054161162683,3.5088536819255776,0.9947257814296546,69833872.0,ok,0.0214848180244613,0.3629989245229785,0.0008836261431960465,0.001417067726279236,0.363,8.660028081584393,100000.0,/home/liuhk/bao21cm-master/bao21cm-master/array_config/nx_SKAM190_dec30.dat,periodic_box_mode_sum
ska_mid1_interferom,2.4899676190476194,2.499967619047619,2.4949676190476193,2.4899676190476194,2.499967619047619,2.4949675153778075,1.0,12.52872669513696,3.5395941427142406,0.9947838976570955,69837952.0,ok,0.0213808109887109,0.36299892804186706,0.0008821793782463887,0.001417067726279236,0.363,8.660028081584393,100000.0,/home/liuhk/bao21cm-master/bao21cm-master/array_config/nx_SKAM190_dec30.dat,periodic_box_mode_sum
ska_mid1_interferom,2.499967619047619,2.509967619047619,2.504967619047619,2.499967619047619,2.509967619047619,2.5049675037555765,1.0,12.748601157146762,3.5705183317197466,0.9948565400400649,69843051.7963145,ok,0.021277737471109656,0.36299893153563034,0.0008807405921845295,0.001417067726279236,0.363,8.660028081584393,100000.0,/home/liuhk/bao21cm-master/bao21cm-master/array_config/nx_SKAM190_dec30.dat,periodic_box_mode_sum
ska_mid1_interferom,2.509967619047619,2.519967619047619,2.514967619047619,2.509967619047619,2.519967619047619,2.514967492292447,1.0,12.971197330321706,3.6015548489953204,0.9949291882256979,69848151.99999999,ok,0.02117558537428257,0.3629989350045542,0.0008793097061890895,0.001417067726279236,0.363,8.660028081584393,100000.0,/home/liuhk/bao21cm-master/bao21cm-master/array_config/nx_SKAM190_dec30.dat,periodic_box_mode_sum
ska_mid1_interferom,2.519967619047619,2.5299676190476195,2.524967619047619,2.519967619047619,2.5299676190476195,2.524967480985998,1.0,13.196179095253733,3.632654552149672,0.9949873016736752,69852231.80487014,ok,0.02107434280466584,0.36299893844892006,0.0008778866425506052,0.001417067726279236,0.363,8.660028081584393,100000.0,/home/liuhk/bao21cm-master/bao21cm-master/array_config/nx_SKAM190_dec30.dat,periodic_box_mode_sum
ska_mid1_interferom,2.5299676190476195,2.5399676190476193,2.5349676190476194,2.5299676190476195,2.5399676190476193,2.5349674698338514,1.0,13.424224599301159,3.663908377580034,0.9950454206805798,69856312.0,ok,0.020973998068291227,0.3629989418690047,0.00087647132465163,0.001417067726279236,0.363,8.660028081584393,100000.0,/home/liuhk/bao21cm-master/bao21cm-master/array_config/nx_SKAM190_dec30.dat,periodic_box_mode_sum
ska_mid1_interferom,2.5399676190476193,2.549967619047619,2.544967619047619,2.5399676190476193,2.549967619047619,2.544967458833669,1.0,13.655957253397263,3.6953967653551443,0.9951035369080206,69860392.0,ok,0.020874539666665158,0.36299894526508103,0.0008750636769472842,0.001417067726279236,0.363,8.660028081584393,100000.0,/home/liuhk/bao21cm-master/bao21cm-master/array_config/nx_SKAM190_dec30.dat,periodic_box_mode_sum
ska_mid1_interferom,2.549967619047619,2.559967619047619,2.554967619047619,2.549967619047619,2.559967619047619,2.5549674479831586,1.0,13.89115410834557,3.72708386119035,0.9951035369080208,69860392.0,ok,0.020775956292838228,0.36299894863741744,0.0008736636249462124,0.001417067726279236,0.363,8.660028081584393,100000.0,/home/liuhk/bao21cm-master/bao21cm-master/array_config/nx_SKAM190_dec30.dat,periodic_box_mode_sum
ska_mid1_interferom,2.559967619047619,2.5699676190476186,2.5649676190476187,2.559967619047619,2.5699676190476186,2.564967437280067,1.0,14.130404007602479,3.7590429643198386,0.9951035369080206,69860392.0,ok,0.02067823682737967,0.36299895198627846,0.0008722710951919328,0.001417067726279236,0.363,8.660028081584393,100000.0,/home/liuhk/bao21cm-master/bao21cm-master/array_config/nx_SKAM190_dec30.dat,periodic_box_mode_sum
ska_mid1_interferom,2.5699676190476186,2.5799676190476193,2.574967619047619,2.5699676190476186,2.5799676190476193,2.574967426722183,1.0,14.374368348190586,3.7913544213368637,0.9951616531354617,69864472.0,ok,0.0205813703346127,0.3629989553119244,0.0008708860152445909,0.001417067726279236,0.363,8.660028081584393,100000.0,/home/liuhk/bao21cm-master/bao21cm-master/array_config/nx_SKAM190_dec30.dat,periodic_box_mode_sum
ska_mid1_interferom,2.5799676190476193,2.589967619047619,2.584967619047619,2.5799676190476193,2.589967619047619,2.5849674163073297,1.0,14.622017873800369,3.823874719940543,0.9951616531354616,69864472.0,ok,0.02048534605888965,0.36299895861461157,0.0008695083136630886,0.001417067726279236,0.363,8.660028081584393,100000.0,/home/liuhk/bao21cm-master/bao21cm-master/array_config/nx_SKAM190_dec30.dat,periodic_box_mode_sum
ska_mid1_interferom,2.589967619047619,2.599967619047619,2.594967619047619,2.589967619047619,2.599967619047619,2.594967406033375,1.0,14.87415243445899,3.8567022745422013,0.9952197693629026,69868552.0,ok,0.020390153420944423,0.3629989618945926,0.0008681379199875789,0.001417067726279236,0.363,8.660028081584393,100000.0,/home/liuhk/bao21cm-master/bao21cm-master/array_config/nx_SKAM190_dec30.dat,periodic_box_mode_sum
ska_mid1_interferom,2.599967619047619,2.6099676190476186,2.6049676190476188,2.599967619047619,2.6099676190476186,2.604967395898211,1.0,15.130234974108575,3.88976027206158,0.9952778810978882,69872631.68461102,ok,0.02029578201436738,0.36299896515211616,0.000866774764722355,0.001417067726279236,0.363,8.660028081584393,100000.0,/home/liuhk/bao21cm-master/bao21cm-master/array_config/nx_SKAM190_dec30.dat,periodic_box_mode_sum
ska_mid1_interferom,2.6099676190476186,2.6199676190476193,2.614967619047619,2.6099676190476186,2.6199676190476193,2.614967385899783,1.0,15.390125942503316,3.9230251009270023,0.9953360018177843,69876712.0,ok,0.020202221602152563,0.36299896838742723,0.0008654187793190342,0.001417067726279236,0.363,8.660028081584393,100000.0,/home/liuhk/bao21cm-master/bao21cm-master/array_config/nx_SKAM190_dec30.dat,periodic_box_mode_sum
ska_mid1_interferom,2.6199676190476193,2.629967619047619,2.624967619047619,2.6199676190476193,2.629967619047619,2.624967376036063,1.0,15.653791787378855,3.9564873040841233,0.9953941180452254,69880792.0,ok,0.020109462113254744,0.36299897160076716,0.0008640698961601829,0.001417067726279236,0.363,8.660028081584393,100000.0,/home/liuhk/bao21cm-master/bao21cm-master/array_config/nx_SKAM190_dec30.dat,periodic_box_mode_sum
ska_mid1_interferom,2.629967619047619,2.639967619047619,2.634967619047619,2.629967619047619,2.639967619047619,2.6349673663050592,1.0,15.921099179363349,3.9901252084819783,0.9954377013996364,69883851.73208907,ok,0.020017493639323675,0.36299897479237353,0.0008627280485431597,0.001417067726279236,0.363,8.660028081584393,100000.0,/home/liuhk/bao21cm-master/bao21cm-master/array_config/nx_SKAM190_dec30.dat,periodic_box_mode_sum
ska_mid1_interferom,2.639967619047619,2.6499676190476187,2.644967619047619,2.639967619047619,2.6499676190476187,2.6449673567048153,1.0,16.192273759680962,4.0239624451131455,0.9954812923863867,69886912.0,ok,0.019926306431478077,0.36299897796248065,0.0008613931706644229,0.001417067726279236,0.363,8.660028081584393,100000.0,/home/liuhk/bao21cm-master/bao21cm-master/array_config/nx_SKAM190_dec30.dat,periodic_box_mode_sum
ska_mid1_interferom,2.6499676190476187,2.6599676190476194,2.654967619047619,2.6499676190476187,2.6599676190476194,2.654967347233412,1.0,16.46779723185173,4.058053379620792,0.9955539363026437,69892011.90395762,ok,0.019835890897140843,0.36299898111131923,0.0008600651976040362,0.001417067726279236,0.363,8.660028081584393,100000.0,/home/liuhk/bao21cm-master/bao21cm-master/array_config/nx_SKAM190_dec30.dat,periodic_box_mode_sum
ska_mid1_interferom,2.6599676190476194,2.669967619047619,2.6649676190476193,2.6599676190476194,2.669967619047619,2.6649673378889505,1.0,16.747144146187633,4.092327472989867,0.9955975220111181,69895071.8013117,ok,0.019746237597007783,0.3629989842391164,0.0008587440653105808,0.001417067726279236,0.363,8.660028081584393,100000.0,/home/liuhk/bao21cm-master/bao21cm-master/array_config/nx_SKAM190_dec30.dat,periodic_box_mode_sum
ska_mid1_interferom,2.669967619047619,2.679967619047619,2.674967619047619,2.669967619047619,2.679967619047619,2.67496732866958,1.0,17.031202478215526,4.126887747227386,0.9956846991824301,69901192.00000001,ok,0.01965733724201433,0.3629989873460963,0.0008574297105863411,0.001417067726279236,0.363,8.660028081584393,100000.0,/home/liuhk/bao21cm-master/bao21cm-master/array_config/nx_SKAM190_dec30.dat,periodic_box_mode_sum
ska_mid1_interferom,2.679967619047619,2.6899676190476187,2.684967619047619,2.679967619047619,2.6899676190476187,2.684967319573474,1.0,17.318687286799474,4.161572693922272,0.9956846991824301,69901192.0,ok,0.019569180690377587,0.3629989904324796,0.0008561220710727614,0.001417067726279236,0.363,8.660028081584393,100000.0,/home/liuhk/bao21cm-master/bao21cm-master/array_config/nx_SKAM190_dec30.dat,periodic_box_mode_sum
ska_mid1_interferom,2.6899676190476187,2.6999676190476194,2.694967619047619,2.6899676190476187,2.6999676190476194,2.694967310598838,1.0,17.61034706229814,4.196468403586299,0.9956846991824301,69901192.0,ok,0.019481758944752698,0.36299899349848375,0.0008548210852362757,0.001417067726279236,0.363,8.660028081584393,100000.0,/home/liuhk/bao21cm-master/bao21cm-master/array_config/nx_SKAM190_dec30.dat,periodic_box_mode_sum
ska_mid1_interferom,2.6999676190476194,2.709967619047619,2.7049676190476193,2.6999676190476194,2.709967619047619,2.7049673017439084,1.0,17.906060019723572,4.231555271968402,0.9956846991824301,69901192.0,ok,0.019395063149431714,0.362998996544323,0.0008535266923543376,0.001417067726279236,0.363,8.660028081584393,100000.0,/home/liuhk/bao21cm-master/bao21cm-master/array_config/nx_SKAM190_dec30.dat,periodic_box_mode_sum
ska_mid1_interferom,2.709967619047619,2.719967619047619,2.714967619047619,2.709967619047619,2.719967619047619,2.7149672930069517,1.0,18.206314615287052,4.266885821683895,0.99568469918243,69901191.99999999,ok,0.019309084587590647,0.3629989995702087,0.0008522388325017763,0.001417067726279236,0.363,8.660028081584393,100000.0,/home/liuhk/bao21cm-master/bao21cm-master/array_config/nx_SKAM190_dec30.dat,periodic_box_mode_sum
ska_mid1_interferom,2.719967619047619,2.7299676190476188,2.724967619047619,2.719967619047619,2.7299676190476188,2.724967284386259,1.0,18.512970995454,4.302670216906474,0.995800931637312,69909352.0,ok,0.01922381467866447,0.36299900257634893,0.0008509574465374487,0.001417067726279236,0.363,8.660028081584393,100000.0,/home/liuhk/bao21cm-master/bao21cm-master/array_config/nx_SKAM190_dec30.dat,periodic_box_mode_sum
ska_mid1_interferom,2.7299676190476188,2.7399676190476194,2.734967619047619,2.7299676190476188,2.7399676190476194,2.7349672758801584,1.0,18.82396086217954,4.338658878291717,0.995800931637312,69909352.0,ok,0.019139244975694008,0.36299900556294895,0.0008496824760910917,0.001417067726279236,0.363,8.660028081584393,100000.0,/home/liuhk/bao21cm-master/bao21cm-master/array_config/nx_SKAM190_dec30.dat,periodic_box_mode_sum
ska_mid1_interferom,2.7399676190476194,2.749967619047619,2.7449676190476193,2.7399676190476194,2.749967619047619,2.7449672674870023,1.0,19.14031396313621,4.3749644527854405,0.9958299862122141,69911391.7515603,ok,0.01905536716276065,0.3629990085302109,0.0008484138635504897,0.001417067726279236,0.363,8.660028081584393,100000.0,/home/liuhk/bao21cm-master/bao21cm-master/array_config/nx_SKAM190_dec30.dat,periodic_box_mode_sum
ska_mid1_interferom,2.749967619047619,2.759967619047619,2.754967619047619,2.749967619047619,2.759967619047619,2.7549672592051686,1.0,19.461742237950595,4.411546467844422,0.9959171640921938,69917511.99999999,ok,0.01897217305250839,0.3629990114783343,0.0008471515520489044,0.001417067726279236,0.363,8.660028081584393,100000.0,/home/liuhk/bao21cm-master/bao21cm-master/array_config/nx_SKAM190_dec30.dat,periodic_box_mode_sum
ska_mid1_interferom,2.759967619047619,2.769967619047619,2.764967619047619,2.759967619047619,2.769967619047619,2.7649672510330667,1.0,19.786872921356622,4.448243801924151,0.9959462185014702,69919551.73993269,ok,0.018889654583703647,0.3629990144075156,0.0008458954854527013,0.001417067726279236,0.363,8.660028081584393,100000.0,/home/liuhk/bao21cm-master/bao21cm-master/array_config/nx_SKAM190_dec30.dat,periodic_box_mode_sum
ska_mid1_interferom,2.769967619047619,2.7799676190476195,2.774967619047619,2.769967619047619,2.7799676190476195,2.7749672429691317,1.0,20.11621095942797,4.4851099160921315,0.9959752803196347,69921592.0,ok,0.01880780381883561,0.36299901731794854,0.0008446456083492588,0.001417067726279236,0.363,8.660028081584393,100000.0,/home/liuhk/bao21cm-master/bao21cm-master/array_config/nx_SKAM190_dec30.dat,periodic_box_mode_sum
ska_mid1_interferom,2.7799676190476195,2.7899676190476193,2.7849676190476194,2.7799676190476195,2.7899676190476193,2.7849672350118175,1.0,20.44955214882311,4.522118104254146,0.9959752803196346,69921592.0,ok,0.01872661294182647,0.3629990202098242,0.0008434018660351333,0.001417067726279236,0.363,8.660028081584393,100000.0,/home/liuhk/bao21cm-master/bao21cm-master/array_config/nx_SKAM190_dec30.dat,periodic_box_mode_sum
ska_mid1_interferom,2.7899676190476193,2.799967619047619,2.794967619047619,2.7899676190476193,2.799967619047619,2.794967227159612,1.0,20.788087766383757,4.5593955483576725,0.9960043344886003,69923631.72306186,ok,0.018646074255721363,0.362999023083331,0.0008421642045044104,0.001417067726279236,0.363,8.660028081584393,100000.0,/home/liuhk/bao21cm-master/bao21cm-master/array_config/nx_SKAM190_dec30.dat,periodic_box_mode_sum
ska_mid1_interferom,2.799967619047619,2.809967619047619,2.804967619047619,2.799967619047619,2.809967619047619,2.804967219411028,1.0,21.13234400411013,4.59699293061346,0.9960333965470757,69925672.0,ok,0.0185661801804429,0.3629990259386545,0.0008409325704373029,0.001417067726279236,0.363,8.660028081584393,100000.0,/home/liuhk/bao21cm-master/bao21cm-master/array_config/nx_SKAM190_dec30.dat,periodic_box_mode_sum
ska_mid1_interferom,2.809967619047619,2.8199676190476186,2.8149676190476187,2.809967619047619,2.8199676190476186,2.8149672117645994,1.0,21.482978296485697,4.634973386815258,0.9960915045750738,69929751.42436513,ok,0.01848692325062999,0.362999028775978,0.0008397069111889916,0.001417067726279236,0.363,8.660028081584393,100000.0,/home/liuhk/bao21cm-master/bao21cm-master/array_config/nx_SKAM190_dec30.dat,periodic_box_mode_sum
ska_mid1_interferom,2.8199676190476186,2.8299676190476193,2.824967619047619,2.8199676190476186,2.8299676190476193,2.824967204218885,1.0,21.839332724995632,4.673257185838977,0.996193209909023,69936891.56027529,ok,0.018408296113505772,0.36299903159548197,0.0008384871747786701,0.001417067726279236,0.363,8.660028081584393,100000.0,/home/liuhk/bao21cm-master/bao21cm-master/array_config/nx_SKAM190_dec30.dat,periodic_box_mode_sum
ska_mid1_interferom,2.8299676190476193,2.839967619047619,2.834967619047619,2.8299676190476193,2.839967619047619,2.83496719677247,1.0,22.199713682561494,4.711657211911908,0.9962368033431188,69939951.99999999,ok,0.018330291526782474,0.3629990343973446,0.0008372733098787863,0.001417067726279236,0.363,8.660028081584393,100000.0,/home/liuhk/bao21cm-master/bao21cm-master/array_config/nx_SKAM190_dec30.dat,periodic_box_mode_sum
ska_mid1_interferom,2.839967619047619,2.849967619047619,2.844967619047619,2.839967619047619,2.849967619047619,2.844967189423955,1.0,22.564530711636518,4.750213754310065,0.9962368033431189,69939952.0,ok,0.018252902356646183,0.3629990371817414,0.0008360652658045073,0.001417067726279236,0.363,8.660028081584393,100000.0,/home/liuhk/bao21cm-master/bao21cm-master/array_config/nx_SKAM190_dec30.dat,periodic_box_mode_sum
ska_mid1_interferom,2.849967619047619,2.8599676190476186,2.8549676190476188,2.849967619047619,2.8599676190476186,2.8549671821719724,1.0,22.934717668414645,4.789020533304764,0.9962368033431189,69939952.0,ok,0.01817612157576171,0.3629990399488458,0.0008348629925033948,0.001417067726279236,0.363,8.660028081584393,100000.0,/home/liuhk/bao21cm-master/bao21cm-master/array_config/nx_SKAM190_dec30.dat,periodic_box_mode_sum
ska_mid1_interferom,2.8599676190476186,2.8699676190476193,2.864967619047619,2.8599676190476186,2.8699676190476193,2.864967175015173,1.0,23.311465523460747,4.828194851438863,0.9962949195705598,69944032.0,ok,0.01809994226128323,0.3629990426988285,0.0008336664405452766,0.001417067726279236,0.363,8.660028081584393,100000.0,/home/liuhk/bao21cm-master/bao21cm-master/array_config/nx_SKAM190_dec30.dat,periodic_box_mode_sum
ska_mid1_interferom,2.8699676190476193,2.879967619047619,2.874967619047619,2.8699676190476193,2.879967619047619,2.874967167952231,1.0,23.69374200801537,4.867621802072894,0.9963094463570512,69945051.84061071,ok,0.01802435759297012,0.36299904543185807,0.000832475561112296,0.001417067726279236,0.363,8.660028081584393,100000.0,/home/liuhk/bao21cm-master/bao21cm-master/array_config/nx_SKAM190_dec30.dat,periodic_box_mode_sum
ska_mid1_interferom,2.879967619047619,2.889967619047619,2.884967619047619,2.879967619047619,2.889967619047619,2.8849671609818386,1.0,24.082237292528003,4.907365616349367,0.9963239776842803,69946072.0,ok,0.017949360851318794,0.36299904814810074,0.0008312903059891628,0.001417067726279236,0.363,8.660028081584393,100000.0,/home/liuhk/bao21cm-master/bao21cm-master/array_config/nx_SKAM190_dec30.dat,periodic_box_mode_sum
ska_mid1_interferom,2.889967619047619,2.8999676190476187,2.894967619047619,2.889967619047619,2.8999676190476187,2.8949671541027153,1.0,24.478098759072466,4.94753461423692,0.9963820939117212,69950152.0,ok,0.01787494541573117,0.36299905084772055,0.0008301106275535946,0.001417067726279236,0.363,8.660028081584393,100000.0,/home/liuhk/bao21cm-master/bao21cm-master/array_config/nx_SKAM190_dec30.dat,periodic_box_mode_sum
ska_mid1_interferom,2.8999676190476187,2.9099676190476194,2.904967619047619,2.8999676190476187,2.9099676190476194,2.904967147313593,1.0,24.880343245982715,4.9880199724923635,0.9963820939117212,69950152.00000001,ok,0.017801104762722102,0.3629990535308793,0.0008289364787669403,0.001417067726279236,0.363,8.660028081584393,100000.0,/home/liuhk/bao21cm-master/bao21cm-master/array_config/nx_SKAM190_dec30.dat,periodic_box_mode_sum
ska_mid1_interferom,2.9099676190476194,2.919967619047619,2.9149676190476193,2.9099676190476194,2.919967619047619,2.9149671406132303,1.0,25.290642676161376,5.028980281941994,0.9964402101391622,69954232.0,ok,0.017727832464216664,0.36299905619773654,0.0008277678131649772,0.001417067726279236,0.363,8.660028081584393,100000.0,/home/liuhk/bao21cm-master/bao21cm-master/array_config/nx_SKAM190_dec30.dat,periodic_box_mode_sum
ska_mid1_interferom,2.919967619047619,2.929967619047619,2.924967619047619,2.919967619047619,2.929967619047619,2.924967134000404,1.0,25.706737070784893,5.070181167451997,0.9964402101391623,69954232.0,ok,0.017655122185763848,0.3629990588484498,0.0008266045848488781,0.001417067726279236,0.363,8.660028081584393,100000.0,/home/liuhk/bao21cm-master/bao21cm-master/array_config/nx_SKAM190_dec30.dat,periodic_box_mode_sum
ska_mid1_interferom,2.929967619047619,2.9399676190476187,2.934967619047619,2.929967619047619,2.9399676190476187,2.9349671274739113,1.0,26.12805924379225,5.111561331314753,0.9964402101391621,69954232.0,ok,0.017582967684895083,0.3629990614831744,0.0008254467484763526,0.001417067726279236,0.363,8.660028081584393,100000.0,/home/liuhk/bao21cm-master/bao21cm-master/array_config/nx_SKAM190_dec30.dat,periodic_box_mode_sum
ska_mid1_interferom,2.9399676190476187,2.9499676190476194,2.944967619047619,2.9399676190476187,2.9499676190476194,2.944967121032568,1.0,26.555076054754853,5.153161753210824,0.9964692632398503,69956271.64806436,ok,0.01751136280948279,0.36299906410206373,0.0008242942592529586,0.001417067726279236,0.363,8.660028081584393,100000.0,/home/liuhk/bao21cm-master/bao21cm-master/array_config/nx_SKAM190_dec30.dat,periodic_box_mode_sum
ska_mid1_interferom,2.9499676190476194,2.959967619047619,2.9549676190476193,2.9499676190476194,2.959967619047619,2.954967114675207,1.0,26.988601352080096,5.195055471511358,0.9964983263666031,69958312.0,ok,0.017440301496133997,0.362999066705269,0.0008231470729235733,0.001417067726279236,0.363,8.660028081584393,100000.0,/home/liuhk/bao21cm-master/bao21cm-master/array_config/nx_SKAM190_dec30.dat,periodic_box_mode_sum
ska_mid1_interferom,2.959967619047619,2.969967619047619,2.964967619047619,2.959967619047619,2.969967619047619,2.964967108400682,1.0,27.428990961272195,5.237269418434781,0.996498326366603,69958312.0,ok,0.017369777768601564,0.36299906929293957,0.0008220051457640285,0.001417067726279236,0.363,8.660028081584393,100000.0,/home/liuhk/bao21cm-master/bao21cm-master/array_config/nx_SKAM190_dec30.dat,periodic_box_mode_sum
ska_mid1_interferom,2.969967619047619,2.9799676190476188,2.974967619047619,2.969967619047619,2.9799676190476188,2.9749671022078625,1.0,27.876828401886993,5.2798511723236095,0.9965273792778012,69960351.6347614,ok,0.017299785736300782,0.3629990718652227,0.0008208684345728949,0.001417067726279236,0.363,8.660028081584393,100000.0,/home/liuhk/bao21cm-master/bao21cm-master/array_config/nx_SKAM190_dec30.dat,periodic_box_mode_sum
ska_mid1_interferom,2.9799676190476188,2.9899676190476194,2.984967619047619,2.9799676190476188,2.9899676190476194,2.9849670960956383,1.0,28.331717268841746,5.322754669233004,0.9965854954437163,69964431.63044201,ok,0.017230319592739084,0.36299907442226387,0.0008197368966634231,0.001417067726279236,0.363,8.660028081584393,100000.0,/home/liuhk/bao21cm-master/bao21cm-master/array_config/nx_SKAM190_dec30.dat,periodic_box_mode_sum
ska_mid1_interferom,2.9899676190476194,2.999967619047619,2.9949676190476193,2.9899676190476194,2.999967619047619,2.9949670900629175,1.0,28.79305058970083,5.365915633859783,0.9966145588214851,69966472.0,ok,0.017161373614058083,0.36299907696420647,0.0008186104898556311,0.001417067726279236,0.363,8.660028081584393,100000.0,/home/liuhk/bao21cm-master/bao21cm-master/array_config/nx_SKAM190_dec30.dat,periodic_box_mode_sum
ska_mid1_interferom,2.999967619047619,3.009967619047619,3.004967619047619,2.999967619047619,3.009967619047619,3.0049670841086216,1.0,29.2618617225417,5.409423418677974,0.996672675048926,69970552.0,ok,0.017092942157594018,0.3629990794911922,0.0008174891724685426,0.001417067726279236,0.363,8.660028081584393,100000.0,/home/liuhk/bao21cm-master/bao21cm-master/array_config/nx_SKAM190_dec30.dat,periodic_box_mode_sum
ska_mid1_interferom,3.009967619047619,3.019967619047619,3.014967619047619,3.009967619047619,3.019967619047619,3.014967078231692,1.0,29.739309256554563,5.45337595041407,0.996788907503808,69978712.0,ok,0.017025019660462094,0.3629990820033609,0.0008163729033125646,0.001417067726279236,0.363,8.660028081584393,100000.0,/home/liuhk/bao21cm-master/bao21cm-master/array_config/nx_SKAM190_dec30.dat,periodic_box_mode_sum
ska_mid1_interferom,3.019967619047619,3.0299676190476195,3.024967619047619,3.019967619047619,3.0299676190476195,3.024967072431087,1.0,30.223928113759452,5.49762931760222,0.9968179656175281,69980752.0,ok,0.01695760063816282,0.3629990845008505,0.0008152616416820085,0.001417067726279236,0.363,8.660028081584393,100000.0,/home/liuhk/bao21cm-master/bao21cm-master/array_config/nx_SKAM190_dec30.dat,periodic_box_mode_sum
ska_mid1_interferom,3.0299676190476195,3.0399676190476193,3.0349676190476194,3.0299676190476195,3.0399676190476193,3.0349670667057773,1.0,30.71625388467799,5.542224633184583,0.9968179656175281,69980752.0,ok,0.01689067968324192,0.36299908698379724,0.0008141553473477456,0.001417067726279236,0.363,8.660028081584393,100000.0,/home/liuhk/bao21cm-master/bao21cm-master/array_config/nx_SKAM190_dec30.dat,periodic_box_mode_sum
ska_mid1_interferom,3.0399676190476193,3.049967619047619,3.044967619047619,3.0399676190476193,3.049967619047619,3.044967061054753,1.0,31.217048673157674,5.587221910140824,0.9968179656175282,69980752.0,ok,0.016824251463961843,0.36299908945233555,0.000813053980549998,0.001417067726279236,0.363,8.660028081584393,100000.0,/home/liuhk/bao21cm-master/bao21cm-master/array_config/nx_SKAM190_dec30.dat,periodic_box_mode_sum
ska_mid1_interferom,3.049967619047619,3.059967619047619,3.054967619047619,3.049967619047619,3.0583028571428574,3.054134846868258,0.8335707784463858,31.68334309890446,5.628795883570878,0.9968179656175281,69980752.0,partial_band,0.016763779901956134,0.3629990917028937,0.0008120485664065848,0.001417067726279236,0.363,8.660028081584393,100000.0,/home/liuhk/bao21cm-master/bao21cm-master/array_config/nx_SKAM190_dec30.dat,periodic_box_mode_sum
ska_mid1_interferom,3.059967619047619,3.0699676190476186,3.0649676190476187,,,,0.0,,,,,out_of_band,,,,,0.363,8.660028081584393,100000.0,/home/liuhk/bao21cm-master/bao21cm-master/array_config/nx_SKAM190_dec30.dat,periodic_box_mode_sum
ska_mid1_interferom,3.0699676190476186,3.0799676190476193,3.074967619047619,,,,0.0,,,,,out_of_band,,,,,0.363,8.660028081584393,100000.0,/home/liuhk/bao21cm-master/bao21cm-master/array_config/nx_SKAM190_dec30.dat,periodic_box_mode_sum
ska_mid1_interferom,3.0799676190476193,3.089967619047619,3.084967619047619,,,,0.0,,,,,out_of_band,,,,,0.363,8.660028081584393,100000.0,/home/liuhk/bao21cm-master/bao21cm-master/array_config/nx_SKAM190_dec30.dat,periodic_box_mode_sum
ska_mid1_interferom,3.089967619047619,3.099967619047619,3.094967619047619,,,,0.0,,,,,out_of_band,,,,,0.363,8.660028081584393,100000.0,/home/liuhk/bao21cm-master/bao21cm-master/array_config/nx_SKAM190_dec30.dat,periodic_box_mode_sum
ska_mid1_interferom,3.099967619047619,3.1099676190476186,3.1049676190476188,,,,0.0,,,,,out_of_band,,,,,0.363,8.660028081584393,100000.0,/home/liuhk/bao21cm-master/bao21cm-master/array_config/nx_SKAM190_dec30.dat,periodic_box_mode_sum
ska_mid1_interferom,3.1099676190476186,3.1199676190476193,3.114967619047619,,,,0.0,,,,,out_of_band,,,,,0.363,8.660028081584393,100000.0,/home/liuhk/bao21cm-master/bao21cm-master/array_config/nx_SKAM190_dec30.dat,periodic_box_mode_sum
ska_mid1_interferom,3.1199676190476193,3.129967619047619,3.124967619047619,,,,0.0,,,,,out_of_band,,,,,0.363,8.660028081584393,100000.0,/home/liuhk/bao21cm-master/bao21cm-master/array_config/nx_SKAM190_dec30.dat,periodic_box_mode_sum
ska_mid1_interferom,3.129967619047619,3.139967619047619,3.134967619047619,,,,0.0,,,,,out_of_band,,,,,0.363,8.660028081584393,100000.0,/home/liuhk/bao21cm-master/bao21cm-master/array_config/nx_SKAM190_dec30.dat,periodic_box_mode_sum
ska_mid1_interferom,3.139967619047619,3.1499676190476187,3.144967619047619,,,,0.0,,,,,out_of_band,,,,,0.363,8.660028081584393,100000.0,/home/liuhk/bao21cm-master/bao21cm-master/array_config/nx_SKAM190_dec30.dat,periodic_box_mode_sum
ska_mid1_interferom,3.1499676190476187,3.1599676190476194,3.154967619047619,,,,0.0,,,,,out_of_band,,,,,0.363,8.660028081584393,100000.0,/home/liuhk/bao21cm-master/bao21cm-master/array_config/nx_SKAM190_dec30.dat,periodic_box_mode_sum
ska_mid1_interferom,3.1599676190476194,3.169967619047619,3.1649676190476193,,,,0.0,,,,,out_of_band,,,,,0.363,8.660028081584393,100000.0,/home/liuhk/bao21cm-master/bao21cm-master/array_config/nx_SKAM190_dec30.dat,periodic_box_mode_sum
ska_mid1_interferom,3.169967619047619,3.179967619047619,3.174967619047619,,,,0.0,,,,,out_of_band,,,,,0.363,8.660028081584393,100000.0,/home/liuhk/bao21cm-master/bao21cm-master/array_config/nx_SKAM190_dec30.dat,periodic_box_mode_sum
ska_mid1_interferom,3.179967619047619,3.1899676190476187,3.184967619047619,,,,0.0,,,,,out_of_band,,,,,0.363,8.660028081584393,100000.0,/home/liuhk/bao21cm-master/bao21cm-master/array_config/nx_SKAM190_dec30.dat,periodic_box_mode_sum
ska_mid1_interferom,3.1899676190476187,3.1999676190476194,3.194967619047619,,,,0.0,,,,,out_of_band,,,,,0.363,8.660028081584393,100000.0,/home/liuhk/bao21cm-master/bao21cm-master/array_config/nx_SKAM190_dec30.dat,periodic_box_mode_sum
ska_mid1_interferom,3.1999676190476194,3.209967619047619,3.2049676190476193,,,,0.0,,,,,out_of_band,,,,,0.363,8.660028081584393,100000.0,/home/liuhk/bao21cm-master/bao21cm-master/array_config/nx_SKAM190_dec30.dat,periodic_box_mode_sum
ska_mid1_interferom,3.209967619047619,3.219967619047619,3.214967619047619,,,,0.0,,,,,out_of_band,,,,,0.363,8.660028081584393,100000.0,/home/liuhk/bao21cm-master/bao21cm-master/array_config/nx_SKAM190_dec30.dat,periodic_box_mode_sum
ska_mid1_interferom,3.219967619047619,3.2299676190476188,3.224967619047619,,,,0.0,,,,,out_of_band,,,,,0.363,8.660028081584393,100000.0,/home/liuhk/bao21cm-master/bao21cm-master/array_config/nx_SKAM190_dec30.dat,periodic_box_mode_sum
ska_mid1_interferom,3.2299676190476188,3.2399676190476194,3.234967619047619,,,,0.0,,,,,out_of_band,,,,,0.363,8.660028081584393,100000.0,/home/liuhk/bao21cm-master/bao21cm-master/array_config/nx_SKAM190_dec30.dat,periodic_box_mode_sum
ska_mid1_interferom,3.2399676190476194,3.2500028571428574,3.2449852380952384,,,,0.0,,,,,out_of_band,,,,,0.363,8.660028081584393,100000.0,/home/liuhk/bao21cm-master/bao21cm-master/array_config/nx_SKAM190_dec30.dat,periodic_box_mode_sum
chime_icyl,0.6727075,0.6827075,0.6777075,,,,0.0,,,,,out_of_band,,,,,0.363,8.660028081584393,100000.0,/home/liuhk/bao21cm-master/bao21cm-master/array_config/nx_CHIME_800.dat,periodic_box_mode_sum
chime_icyl,0.6827075,0.6927075,0.6877075,,,,0.0,,,,,out_of_band,,,,,0.363,8.660028081584393,100000.0,/home/liuhk/bao21cm-master/bao21cm-master/array_config/nx_CHIME_800.dat,periodic_box_mode_sum
chime_icyl,0.6927075,0.7027075,0.6977075,,,,0.0,,,,,out_of_band,,,,,0.363,8.660028081584393,100000.0,/home/liuhk/bao21cm-master/bao21cm-master/array_config/nx_CHIME_800.dat,periodic_box_mode_sum
chime_icyl,0.7027075,0.7127075,0.7077075,,,,0.0,,,,,out_of_band,,,,,0.363,8.660028081584393,100000.0,/home/liuhk/bao21cm-master/bao21cm-master/array_config/nx_CHIME_800.dat,periodic_box_mode_sum
chime_icyl,0.7127075,0.7227075000000001,0.7177075,,,,0.0,,,,,out_of_band,,,,,0.363,8.660028081584393,100000.0,/home/liuhk/bao21cm-master/bao21cm-master/array_config/nx_CHIME_800.dat,periodic_box_mode_sum
chime_icyl,0.7227075000000001,0.7327075000000001,0.7277075000000001,,,,0.0,,,,,out_of_band,,,,,0.363,8.660028081584393,100000.0,/home/liuhk/bao21cm-master/bao21cm-master/array_config/nx_CHIME_800.dat,periodic_box_mode_sum
chime_icyl,0.7327075000000001,0.7427075000000001,0.7377075000000001,,,,0.0,,,,,out_of_band,,,,,0.363,8.660028081584393,100000.0,/home/liuhk/bao21cm-master/bao21cm-master/array_config/nx_CHIME_800.dat,periodic_box_mode_sum
chime_icyl,0.7427075000000001,0.7527075,0.7477075,,,,0.0,,,,,out_of_band,,,,,0.363,8.660028081584393,100000.0,/home/liuhk/bao21cm-master/bao21cm-master/array_config/nx_CHIME_800.dat,periodic_box_mode_sum
chime_icyl,0.7527075,0.7627075,0.7577075,,,,0.0,,,,,out_of_band,,,,,0.363,8.660028081584393,100000.0,/home/liuhk/bao21cm-master/bao21cm-master/array_config/nx_CHIME_800.dat,periodic_box_mode_sum
chime_icyl,0.7627075,0.7727075,0.7677075,,,,0.0,,,,,out_of_band,,,,,0.363,8.660028081584393,100000.0,/home/liuhk/bao21cm-master/bao21cm-master/array_config/nx_CHIME_800.dat,periodic_box_mode_sum
chime_icyl,0.7727075,0.7827075,0.7777075,0.7755075,0.7827075,0.7791135653955662,0.7214206877216176,0.0042418721771117955,0.06512965666354918,0.8500767968803329,59328415.294816725,partial_band,0.0010462007606064792,0.36299151475510233,0.002481978202228612,0.002834135452558472,0.363,8.660028081584393,100000.0,/home/liuhk/bao21cm-master/bao21cm-master/array_config/nx_CHIME_800.dat,periodic_box_mode_sum
chime_icyl,0.7827075,0.7927075,0.7877075,0.7827075,0.7927075,0.787718973798076,1.0,0.004466482753335903,0.06683174959056438,0.8539790612981837,59600761.4696824,ok,0.0010322439397068965,0.362991589183307,0.002471069035310111,0.002834135452558472,0.363,8.660028081584393,100000.0,/home/liuhk/bao21cm-master/bao21cm-master/array_config/nx_CHIME_800.dat,periodic_box_mode_sum
chime_icyl,0.7927075,0.8027075,0.7977075,0.7927075,0.8027075,0.7977187172086173,1.0,0.004503241349300961,0.06710619456727494,0.858304673587545,59902653.86722743,ok,0.001016439248196104,0.36299167397664256,0.0024585816306993895,0.002834135452558472,0.363,8.660028081584393,100000.0,/home/liuhk/bao21cm-master/bao21cm-master/array_config/nx_CHIME_800.dat,periodic_box_mode_sum
chime_icyl,0.8027075,0.8127075,0.8077075,0.8027075,0.8127075,0.8077184675903505,1.0,0.004726585669870785,0.06875016850794466,0.8624381044604489,60191133.5720259,ok,0.0010010626685776178,0.3629917569998062,0.002446293153658117,0.002834135452558472,0.363,8.660028081584393,100000.0,/home/liuhk/bao21cm-master/bao21cm-master/array_config/nx_CHIME_800.dat,periodic_box_mode_sum
chime_icyl,0.8127075,0.8227075,0.8177075,0.8127075,0.8227075,0.8177182246910436,1.0,0.004945233331715819,0.07032235300184302,0.8664570361210534,60471622.16726442,ok,0.000986097806070913,0.36299183830464576,0.0024341988854462587,0.002834135452558472,0.363,8.660028081584393,100000.0,/home/liuhk/bao21cm-master/bao21cm-master/array_config/nx_CHIME_800.dat,periodic_box_mode_sum
chime_icyl,0.8227075,0.8327075,0.8277075,0.8227075,0.8327075,0.8277179882704861,1.0,0.005183282807328553,0.07199501932306535,0.8701751268165984,60731114.52101246,ok,0.0009715290743048685,0.3629919179411397,0.0024222942457273284,0.002834135452558472,0.363,8.660028081584393,100000.0,/home/liuhk/bao21cm-master/bao21cm-master/array_config/nx_CHIME_800.dat,periodic_box_mode_sum
chime_icyl,0.8327075,0.8427075,0.8377075,0.8327075,0.8427075,0.8377177580994417,1.0,0.005444037519144817,0.07378372123405554,0.873796782395548,60983876.491497084,ok,0.0009573416466194614,0.3629919959574758,0.0024105747878644937,0.002834135452558472,0.363,8.660028081584393,100000.0,/home/liuhk/bao21cm-master/bao21cm-master/array_config/nx_CHIME_800.dat,periodic_box_mode_sum
chime_icyl,0.8427075,0.8527075,0.8477075000000001,0.8427075,0.8527075,0.8477175339592583,1.0,0.005705905037813093,0.07553744129776367,0.8773860852896963,61234380.50890398,ok,0.000943521410884001,0.36299207240012554,0.0023990361943960997,0.002834135452558472,0.363,8.660028081584393,100000.0,/home/liuhk/bao21cm-master/bao21cm-master/array_config/nx_CHIME_800.dat,periodic_box_mode_sum
chime_icyl,0.8527075,0.8627075,0.8577075,0.8527075,0.8627075,0.8577173156412453,1.0,0.006012026802401267,0.07753726073573446,0.8807984112985585,61472532.98561906,ok,0.0009300549273688929,0.3629921473139158,0.002387674272684084,0.002834135452558472,0.363,8.660028081584393,100000.0,/home/liuhk/bao21cm-master/bao21cm-master/array_config/nx_CHIME_800.dat,periodic_box_mode_sum
chime_icyl,0.8627075,0.8727075,0.8677075,0.8627075,0.8727075,0.8677171029459303,1.0,0.006318584089530105,0.07948952188515229,0.8840986691955973,61702864.023725376,ok,0.0009169293896693202,0.3629922207420966,0.0023764849507277087,0.002834135452558472,0.363,8.660028081584393,100000.0,/home/liuhk/bao21cm-master/bao21cm-master/array_config/nx_CHIME_800.dat,periodic_box_mode_sum
chime_icyl,0.8727075,0.8827075,0.8777075,0.8727075,0.8827075,0.8777168956827925,1.0,0.006662758038893639,0.08162571922435746,0.887280671093124,61924941.759217225,ok,0.0009041325882454313,0.3629922927264056,0.002365464273134977,0.002834135452558472,0.363,8.660028081584393,100000.0,/home/liuhk/bao21cm-master/bao21cm-master/array_config/nx_CHIME_800.dat,periodic_box_mode_sum
chime_icyl,0.8827075,0.8927075,0.8877075,0.8827075,0.8927075,0.8877166936695574,1.0,0.007012517381825147,0.08374077490580767,0.8902715493826647,62133680.62835155,ok,0.0008916528764023974,0.3629923633071302,0.00235460839724626,0.002834135452558472,0.363,8.660028081584393,100000.0,/home/liuhk/bao21cm-master/bao21cm-master/array_config/nx_CHIME_800.dat,periodic_box_mode_sum
chime_icyl,0.8927075,0.9027075,0.8977075,0.8927075,0.9027075,0.8977164967318261,1.0,0.00742971676485609,0.08619580479847085,0.8931919996862121,62337504.19946016,ok,0.0008794791386715137,0.36299243252316626,0.002343913589402739,0.002834135452558472,0.363,8.660028081584393,100000.0,/home/liuhk/bao21cm-master/bao21cm-master/array_config/nx_CHIME_800.dat,periodic_box_mode_sum
chime_icyl,0.9027075,0.9127075,0.9077075,0.9027075,0.9127075,0.9077163047027712,1.0,0.007821289112935033,0.08843805240356117,0.8959869882924075,62532571.56911569,ok,0.0008676007611661014,0.3629925004120741,0.002333376221353968,0.002834135452558472,0.363,8.660028081584393,100000.0,/home/liuhk/bao21cm-master/bao21cm-master/array_config/nx_CHIME_800.dat,periodic_box_mode_sum
chime_icyl,0.9127075,0.9227075,0.9177075,0.9127075,0.9227075,0.9177161174224677,1.0,0.00827581274821922,0.09097149415184527,0.8986493609897608,62718383.43180601,ok,0.0008560076039574459,0.36299256701013227,0.0023229927667994363,0.002834135452558472,0.363,8.660028081584393,100000.0,/home/liuhk/bao21cm-master/bao21cm-master/array_config/nx_CHIME_800.dat,periodic_box_mode_sum
chime_icyl,0.9227075,0.9327075,0.9277075,0.9227075,0.9327075,0.9277159347377503,1.0,0.008791479373070185,0.09376288910368635,0.9013563318563486,62907307.882341854,ok,0.0008446899752502819,0.36299263235238877,0.0023127597980572745,0.002834135452558472,0.363,8.660028081584393,100000.0,/home/liuhk/bao21cm-master/bao21cm-master/array_config/nx_CHIME_800.dat,periodic_box_mode_sum
chime_icyl,0.9327075,0.9427075,0.9377075,0.9327075,0.9427075,0.9377157565018329,1.0,0.0093560329889264,0.09672658884157137,0.9038234987704662,63079495.97619359,ok,0.0008336386071537673,0.3629926964727096,0.0023026739828561705,0.002834135452558472,0.363,8.660028081584393,100000.0,/home/liuhk/bao21cm-master/bao21cm-master/array_config/nx_CHIME_800.dat,periodic_box_mode_sum
chime_icyl,0.9427075,0.9527075,0.9477075,0.9427075,0.9527075,0.9477155825738427,1.0,0.009960893933882142,0.09980427813416688,0.9062200581959503,63246756.24420187,ok,0.000822844633080877,0.3629927594038256,0.0022927320812448078,0.002834135452558472,0.363,8.660028081584393,100000.0,/home/liuhk/bao21cm-master/bao21cm-master/array_config/nx_CHIME_800.dat,periodic_box_mode_sum
chime_icyl,0.9527075,0.9627075,0.9577075,0.9527075,0.9627075,0.9577154128186958,1.0,0.010653208024358346,0.10321437896125882,0.9086370573131718,63415443.03570115,ok,0.0008122995665250162,0.3629928211773771,0.002282930942613998,0.002834135452558472,0.363,8.660028081584393,100000.0,/home/liuhk/bao21cm-master/bao21cm-master/array_config/nx_CHIME_800.dat,periodic_box_mode_sum
chime_icyl,0.9627075,0.9727075000000001,0.9677075,0.9627075,0.9727075000000001,0.9677152471066877,1.0,0.01141273407362259,0.10683039864019318,0.9109588990459337,63577488.619200975,ok,0.0008019952811318902,0.3629928818239561,0.002273267502827359,0.002834135452558472,0.363,8.660028081584393,100000.0,/home/liuhk/bao21cm-master/bao21cm-master/array_config/nx_CHIME_800.dat,periodic_box_mode_sum
chime_icyl,0.9727075000000001,0.9827075000000001,0.9777075000000001,0.9727075000000001,0.9827075000000001,0.977715085313232,1.0,0.012087754336064,0.10994432380102212,0.9130965130546841,63726676.61270529,ok,0.000791923992084975,0.3629929413731475,0.002263738781455711,0.002834135452558472,0.363,8.660028081584393,100000.0,/home/liuhk/bao21cm-master/bao21cm-master/array_config/nx_CHIME_800.dat,periodic_box_mode_sum
chime_icyl,0.9827075000000001,0.9927075000000001,0.9877075000000001,0.9827075000000001,0.9927075000000001,0.9877149273187228,1.0,0.012718921495687575,0.1127781960118514,0.9151630895049401,63870906.76500356,ok,0.0007820782385556772,0.36299299985356753,0.0022543418791112365,0.002834135452558472,0.363,8.660028081584393,100000.0,/home/liuhk/bao21cm-master/bao21cm-master/array_config/nx_CHIME_800.dat,periodic_box_mode_sum
chime_icyl,0.9927075000000001,1.0027075,0.9977075000000001,0.9927075000000001,1.0027075,0.9977147730081143,1.0,0.013391690222928526,0.11572247069142849,0.9173145428793028,64021060.63316001,ok,0.0007724508672280632,0.362993057292901,0.0022450739748775986,0.002834135452558472,0.363,8.660028081584393,100000.0,/home/liuhk/bao21cm-master/bao21cm-master/array_config/nx_CHIME_800.dat,periodic_box_mode_sum
chime_icyl,1.0027075,1.0127075,1.0077075,1.0027075,1.0127075,1.007714622270811,1.0,0.014067664205412214,0.11860718445950993,0.9192438216578739,64155708.52969665,ok,0.0007630350168585863,0.36299311371793713,0.0022359323238316958,0.002834135452558472,0.363,8.660028081584393,100000.0,/home/liuhk/bao21cm-master/bao21cm-master/array_config/nx_CHIME_800.dat,periodic_box_mode_sum
chime_icyl,1.0127075,1.0227075,1.0177075000000002,1.0127075,1.0227075,1.0177144750005143,1.0,0.014800696334577501,0.12165811248978632,0.92107788355598,64283711.065898746,ok,0.0007538241036878429,0.3629931691546033,0.0022269142546538076,0.002834135452558472,0.363,8.660028081584393,100000.0,/home/liuhk/bao21cm-master/bao21cm-master/array_config/nx_CHIME_800.dat,periodic_box_mode_sum
chime_icyl,1.0227075,1.0327075,1.0277075,1.0227075,1.0327075,1.027714331094828,1.0,0.015602267073868872,0.12490903519709402,0.9229679722198492,64415623.81261242,ok,0.000744811807747735,0.3629932236279976,0.0022180171673227534,0.002834135452558472,0.363,8.660028081584393,100000.0,/home/liuhk/bao21cm-master/bao21cm-master/array_config/nx_CHIME_800.dat,periodic_box_mode_sum
chime_icyl,1.0327075,1.0427075000000001,1.0377075,1.0327075,1.0427075000000001,1.0377141904552367,1.0,0.016463073559192767,0.12830850930157658,0.9247586769800316,64540600.37481527,ok,0.000735992059973678,0.3629932771624202,0.002209238530892188,0.002834135452558472,0.363,8.660028081584393,100000.0,/home/liuhk/bao21cm-master/bao21cm-master/array_config/nx_CHIME_800.dat,periodic_box_mode_sum
chime_icyl,1.0427075000000001,1.0527075,1.0477075,1.0427075000000001,1.0527075,1.0477140529869249,1.0,0.01740052538694839,0.13191105104178494,0.9265640235416971,64666598.815138124,ok,0.000727359030020482,0.36299332978140303,0.002200575881345307,0.002834135452558472,0.363,8.660028081584393,100000.0,/home/liuhk/bao21cm-master/bao21cm-master/array_config/nx_CHIME_800.dat,periodic_box_mode_sum
chime_icyl,1.0527075,1.0627075000000001,1.0577075,1.0527075,1.0627075000000001,1.0577139185984754,1.0,0.0184477653520051,0.1358225509700252,0.9281130722469922,64774709.75903979,ok,0.0007189071148149353,0.36299338150773836,0.0021920268195248825,0.002834135452558472,0.363,8.660028081584393,100000.0,/home/liuhk/bao21cm-master/bao21cm-master/array_config/nx_CHIME_800.dat,periodic_box_mode_sum
chime_icyl,1.0627075000000001,1.0727075,1.0677075,1.0627075000000001,1.0727075,1.067713787201837,1.0,0.019607208119730445,0.1400257409183413,0.929819775799741,64893823.723253615,ok,0.0007106309277467001,0.36299343236350595,0.0021835890091353722,0.002834135452558472,0.363,8.660028081584393,100000.0,/home/liuhk/bao21cm-master/bao21cm-master/array_config/nx_CHIME_800.dat,periodic_box_mode_sum
chime_icyl,1.0727075,1.0827075000000002,1.0777075,1.0727075,1.0827075000000002,1.0777136587121707,1.0,0.020916704709199006,0.1446260858531372,0.9313898775403211,65003403.99701491,ok,0.0007025252884397709,0.36299348237009965,0.0021752601748146238,0.002834135452558472,0.363,8.660028081584393,100000.0,/home/liuhk/bao21cm-master/bao21cm-master/array_config/nx_CHIME_800.dat,periodic_box_mode_sum
chime_icyl,1.0827075000000002,1.0927075,1.0877075,1.0827075000000002,1.0927075,1.0877135330476067,1.0,0.022610671373432003,0.15036845205505045,0.9328739235435163,65106978.28338208,ok,0.0006945852131317682,0.3629935315482522,0.0021670381002724757,0.002834135452558472,0.363,8.660028081584393,100000.0,/home/liuhk/bao21cm-master/bao21cm-master/array_config/nx_CHIME_800.dat,periodic_box_mode_sum
chime_icyl,1.0927075,1.1027075,1.0977074999999998,1.0927075,1.1027075,1.0977134101292059,1.0,0.0239502087376603,0.15475854980472098,0.9344294175516881,65215539.05676645,ok,0.000686805905565742,0.3629935799180593,0.002158920626493434,0.002834135452558472,0.363,8.660028081584393,100000.0,/home/liuhk/bao21cm-master/bao21cm-master/array_config/nx_CHIME_800.dat,periodic_box_mode_sum
chime_icyl,1.1027075,1.1127075,1.1077075,1.1027075,1.1127075,1.1077132898808333,1.0,0.025774156286412185,0.16054331591944956,0.9357854051889882,65310175.91543098,ok,0.0006791827483622875,0.36299362749900277,0.0021509056500012094,0.002834135452558472,0.363,8.660028081584393,100000.0,/home/liuhk/bao21cm-master/bao21cm-master/array_config/nx_CHIME_800.dat,periodic_box_mode_sum
chime_icyl,1.1127075,1.1227075,1.1177074999999999,1.1127075,1.1227075,1.1177131722289528,1.0,0.02780599341046874,0.16675129208035763,0.937212092809111,65409747.0552777,ok,0.0006717112948936804,0.3629936743099727,0.0021429911211827664,0.002834135452558472,0.363,8.660028081584393,100000.0,/home/liuhk/bao21cm-master/bao21cm-master/array_config/nx_CHIME_800.dat,periodic_box_mode_sum
chime_icyl,1.1227075,1.1327075,1.1277075,1.1227075,1.1327075,1.127713057102594,1.0,0.030093772377314566,0.1734755670903386,0.9385395865405703,65502395.27210977,ok,0.0006643872615751083,0.3629937203692884,0.002135175042669393,0.002834135452558472,0.363,8.660028081584393,100000.0,/home/liuhk/bao21cm-master/bao21cm-master/array_config/nx_CHIME_800.dat,periodic_box_mode_sum
chime_icyl,1.1327075,1.1427075,1.1377074999999999,1.1327075,1.1427075,1.1377129444332434,1.0,0.032710756252668026,0.1808611518614985,0.9397809577430087,65589032.84003726,ok,0.0006572065205536434,0.36299376569471914,0.0021274554677728767,0.002834135452558472,0.363,8.660028081584393,100000.0,/home/liuhk/bao21cm-master/bao21cm-master/array_config/nx_CHIME_800.dat,periodic_box_mode_sum
chime_icyl,1.1427075,1.1527075,1.1477075,1.1427075,1.1527075,1.1477128341546705,1.0,0.035829026713729846,0.18928556921680492,0.9411537057297599,65684839.43416142,ok,0.000650165092813098,0.36299381030350314,0.0021198304989746525,0.002834135452558472,0.363,8.660028081584393,100000.0,/home/liuhk/bao21cm-master/bao21cm-master/array_config/nx_CHIME_800.dat,periodic_box_mode_sum
chime_icyl,1.1527075,1.1627075,1.1577075,1.1527075,1.1627075,1.1577127262028974,1.0,0.03934500695536687,0.19835575856366477,0.942328456637904,65766827.449834965,ok,0.0006432591416222049,0.3629938542123668,0.0021122982864657924,0.002834135452558472,0.363,8.660028081584393,100000.0,/home/liuhk/bao21cm-master/bao21cm-master/array_config/nx_CHIME_800.dat,periodic_box_mode_sum
chime_icyl,1.1627075,1.1727075,1.1677075000000001,1.1627075,1.1727075,1.1677126205161104,1.0,0.04377764284146662,0.20923107522895976,0.9435748812171489,65853817.70217744,ok,0.00063648496631258,0.36299389743754235,0.002104857026736091,0.002834135452558472,0.363,8.660028081584393,100000.0,/home/liuhk/bao21cm-master/bao21cm-master/array_config/nx_CHIME_800.dat,periodic_box_mode_sum
chime_icyl,1.1727075,1.1827075,1.1777075,1.1727075,1.1827075,1.177712517034503,1.0,0.04854373757537054,0.22032643412757022,0.9447355902666771,65934825.710841574,ok,0.000629838996402268,0.3629939399947852,0.002097504961210436,0.002834135452558472,0.363,8.660028081584393,100000.0,/home/liuhk/bao21cm-master/bao21cm-master/array_config/nx_CHIME_800.dat,periodic_box_mode_sum
chime_icyl,1.1827075,1.1927075,1.1877075000000001,1.1827075,1.1927075,1.1877124157002574,1.0,0.05431626884934346,0.2330585094978157,0.9459391086702762,66018821.46266745,ok,0.0006233177860049645,0.36299398189939047,0.0020902403749305776,0.002834135452558472,0.363,8.660028081584393,100000.0,/home/liuhk/bao21cm-master/bao21cm-master/array_config/nx_CHIME_800.dat,periodic_box_mode_sum
chime_icyl,1.1927075,1.2027075,1.1977075,1.1927075,1.2027075,1.1977123164574688,1.0,0.06088605226981375,0.24675099243936943,0.9468561106126007,66082820.706335805,ok,0.000616918008513264,0.362994023166209,0.002083061595280649,0.002834135452558472,0.363,8.660028081584393,100000.0,/home/liuhk/bao21cm-master/bao21cm-master/array_config/nx_CHIME_800.dat,periodic_box_mode_sum
chime_icyl,1.2027075,1.2127075,1.2077075000000002,1.2027075,1.2127075,1.2077122192520025,1.0,0.0686099730129583,0.2619350549524792,0.9480881953768739,66168810.15674957,ok,0.0006106364515690904,0.3629940638096624,0.0020759669907549467,0.002834135452558472,0.363,8.660028081584393,100000.0,/home/liuhk/bao21cm-master/bao21cm-master/array_config/nx_CHIME_800.dat,periodic_box_mode_sum
chime_icyl,1.2127075,1.2227075,1.2177075,1.2127075,1.2227075,1.2177121240314817,1.0,0.07751403240570547,0.27841341994542124,0.9489765898473628,66230812.83260687,ok,0.0006044700122750603,0.36299410384375813,0.0020689549697663224,0.002834135452558472,0.363,8.660028081584393,100000.0,/home/liuhk/bao21cm-master/bao21cm-master/array_config/nx_CHIME_800.dat,periodic_box_mode_sum
chime_icyl,1.2227075,1.2327075,1.2277075000000002,1.2227075,1.2327075,1.2277120307452316,1.0,0.09335458588747092,0.3055398270070056,0.9501371083469629,66311807.5424428,ok,0.0005984156926344156,0.3629941432821031,0.0020620239794936087,0.002834135452558472,0.363,8.660028081584393,100000.0,/home/liuhk/bao21cm-master/bao21cm-master/array_config/nx_CHIME_800.dat,periodic_box_mode_sum
chime_icyl,1.2327075,1.2427075,1.2377075,1.2327075,1.2427075,1.2377119393441385,1.0,0.10121930231849291,0.3181498111244024,0.9509538380830925,66368808.60534273,ok,0.0005924705952280429,0.36299418213791756,0.002055172504766914,0.002834135452558472,0.363,8.660028081584393,100000.0,/home/liuhk/bao21cm-master/bao21cm-master/array_config/nx_CHIME_800.dat,periodic_box_mode_sum
chime_icyl,1.2427075,1.2527075,1.2477075000000002,1.2427075,1.2527075,1.2477118497806525,1.0,0.11724387401674574,0.3424089280622597,0.9520289792884643,66443844.677574016,ok,0.0005866319190985873,0.362994220424048,0.002048399066989186,0.002834135452558472,0.363,8.660028081584393,100000.0,/home/liuhk/bao21cm-master/bao21cm-master/array_config/nx_CHIME_800.dat,periodic_box_mode_sum
chime_icyl,1.2527075,1.2627074999999999,1.2577075,1.2527075,1.2627074999999999,1.2577117620087335,1.0,0.1379384107732447,0.3714006068563226,0.9528194878532334,66499015.71693994,ok,0.0005808969558256116,0.3629942581529799,0.0020417022230927047,0.002834135452558472,0.363,8.660028081584393,100000.0,/home/liuhk/bao21cm-master/bao21cm-master/array_config/nx_CHIME_800.dat,periodic_box_mode_sum
chime_icyl,1.2627074999999999,1.2727075,1.2677075,1.2627074999999999,1.2727075,1.267711675983733,1.0,0.1673521703820504,0.40908699610480215,0.9538696949972887,66572311.59540262,ok,0.0005752630857951797,0.36299429533684946,0.0020350805645296182,0.002834135452558472,0.363,8.660028081584393,100000.0,/home/liuhk/bao21cm-master/bao21cm-master/array_config/nx_CHIME_800.dat,periodic_box_mode_sum
chime_icyl,1.2727075,1.2827075,1.2777075,1.2727075,1.2827075,1.2777115916623916,1.0,0.21948434952618318,0.4684915682551642,0.9544925551575005,66615782.145817906,ok,0.0005697277746505173,0.3629165924523795,0.0020285327162946824,0.002834135452558472,0.363,8.660028081584393,100000.0,/home/liuhk/bao21cm-master/bao21cm-master/array_config/nx_CHIME_800.dat,periodic_box_mode_sum
chime_icyl,1.2827075,1.2927075000000001,1.2877075,1.2827075,1.2927075000000001,1.2877115090027937,1.0,0.27203872657089073,0.521573318499797,0.9528345228305248,66500065.035519116,ok,0.0005642885699006347,0.3594518190267043,0.002022057335979701,0.002834135452558472,0.363,8.660028081584393,100000.0,/home/liuhk/bao21cm-master/bao21cm-master/array_config/nx_CHIME_800.dat,periodic_box_mode_sum
chime_icyl,1.2927075000000001,1.3027075,1.2977075,1.2927075000000001,1.3027075,1.2977114279642672,1.0,0.31174477112854776,0.5583410885189696,0.9492859325419825,66252402.42536151,ok,0.0005589430976929995,0.3560467532304407,0.0020156531128580238,0.002834135452558472,0.363,8.660028081584393,100000.0,/home/liuhk/bao21cm-master/bao21cm-master/array_config/nx_CHIME_800.dat,periodic_box_mode_sum
chime_icyl,1.3027075,1.3127075000000001,1.3077075,1.3027075,1.3127075000000001,1.3077113485073788,1.0,0.34410854372594596,0.5866076574047989,0.9442380712891459,65900102.95093995,ok,0.0005536890597397495,0.35269993105422043,0.0020093187669983728,0.002834135452558472,0.363,8.660028081584393,100000.0,/home/liuhk/bao21cm-master/bao21cm-master/array_config/nx_CHIME_800.dat,periodic_box_mode_sum
chime_icyl,1.3127075000000001,1.3227075,1.3177075,1.3127075000000001,1.3227075,1.3177112705938931,1.0,0.3734235691594149,0.6110839297178537,0.9384638069923885,65497106.4787656,ok,0.0005485242303786602,0.3494099347512065,0.0020030530484067477,0.002834135452558472,0.363,8.660028081584393,100000.0,/home/liuhk/bao21cm-master/bao21cm-master/array_config/nx_CHIME_800.dat,periodic_box_mode_sum
chime_icyl,1.3227075,1.3327075000000002,1.3277075,1.3227075,1.3327075000000002,1.3277111941866913,1.0,0.4022653069713877,0.6342438860339039,0.9319764939342856,65044345.02865769,ok,0.0005434464537707092,0.3461753910519418,0.0019968547361955144,0.002834135452558472,0.363,8.660028081584393,100000.0,/home/liuhk/bao21cm-master/bao21cm-master/array_config/nx_CHIME_800.dat,periodic_box_mode_sum
chime_icyl,1.3327075000000002,1.3427075,1.3377075,1.3327075000000002,1.3427075,1.33771111924976,1.0,0.4310486583785484,0.6565429600403528,0.9250261307204675,64559266.46080064,ok,0.0005384536412308958,0.3429949694640806,0.0019907226377787945,0.002834135452558472,0.363,8.660028081584393,100000.0,/home/liuhk/bao21cm-master/bao21cm-master/array_config/nx_CHIME_800.dat,periodic_box_mode_sum
chime_icyl,1.3427075,1.3527075000000002,1.3477075,1.3427075,1.3527075000000002,1.3477110457481558,1.0,0.4567793914351089,0.6758545638191021,0.9176699104675604,64045862.38746718,ok,0.0005335437686725621,0.33986738064442207,0.001984655588092998,0.002834135452558472,0.363,8.660028081584393,100000.0,/home/liuhk/bao21cm-master/bao21cm-master/array_config/nx_CHIME_800.dat,periodic_box_mode_sum
chime_icyl,1.3527075000000002,1.3627075,1.3577075,1.3527075000000002,1.3627075,1.3577109736479427,1.0,0.47864921864681925,0.6918447937556654,0.9096966586427427,63489394.55156234,ok,0.0005287148741662692,0.33679137484391347,0.0019786524488418678,0.002834135452558472,0.363,8.660028081584393,100000.0,/home/liuhk/bao21cm-master/bao21cm-master/array_config/nx_CHIME_800.dat,periodic_box_mode_sum
chime_icyl,1.3627075,1.3727075000000002,1.3677075,1.3627075,1.3727075000000002,1.3677109029161711,1.0,0.5013723940807098,0.7080765453541797,0.9016743856571877,62929505.43914089,ok,0.0005239650556147544,0.3337657404265985,0.0019727121077651056,0.002834135452558472,0.363,8.660028081584393,100000.0,/home/liuhk/bao21cm-master/bao21cm-master/array_config/nx_CHIME_800.dat,periodic_box_mode_sum
chime_icyl,1.3727075000000002,1.3827075,1.3777075,1.3727075000000002,1.3827075,1.37771083352085,1.0,0.5242754639668711,0.7240686873266038,0.8933558023945789,62348936.290236056,ok,0.0005192924685237843,0.3307893024496506,0.0019668334779296666,0.002834135452558472,0.363,8.660028081584393,100000.0,/home/liuhk/bao21cm-master/bao21cm-master/array_config/nx_CHIME_800.dat,periodic_box_mode_sum
chime_icyl,1.3827075,1.3927075,1.3877074999999999,1.3827075,1.3927075,1.3877107654309007,1.0,0.5447582397577624,0.7380773941516989,0.8847490334343323,61748254.134113245,ok,0.0005146953238698249,0.32786092130507843,0.0019610154970430512,0.002834135452558472,0.363,8.660028081584393,100000.0,/home/liuhk/bao21cm-master/bao21cm-master/array_config/nx_CHIME_800.dat,periodic_box_mode_sum
chime_icyl,1.3927075,1.4027075,1.3977075,1.3927075,1.4027075,1.3977106986161278,1.0,0.5669277464754551,0.7529460448634119,0.876052136880913,61141281.80832941,ok,0.0005101718860682417,0.32497949142546995,0.001955257126787798,0.002834135452558472,0.363,8.660028081584393,100000.0,/home/liuhk/bao21cm-master/bao21cm-master/array_config/nx_CHIME_800.dat,periodic_box_mode_sum
chime_icyl,1.4027075,1.4127075,1.4077075,1.4027075,1.4127075,1.4077106330471918,1.0,0.5885026656446085,0.7671392739552633,0.8673239932276456,60532128.690264985,ok,0.0005057204710231641,0.3221439400417556,0.001949557352176477,0.002834135452558472,0.363,8.660028081584393,100000.0,/home/liuhk/bao21cm-master/bao21cm-master/array_config/nx_CHIME_800.dat,periodic_box_mode_sum
chime_icyl,1.4127075,1.4227075,1.4177075000000001,1.4127075,1.4227075,1.4177105686955866,1.0,0.6053459422399766,0.7780398076191067,0.8583171436163328,59903524.1733567,ok,0.0005013394442607227,0.31935322599408034,0.0019439151809264171,0.002834135452558472,0.363,8.660028081584393,100000.0,/home/liuhk/bao21cm-master/bao21cm-master/array_config/nx_CHIME_800.dat,periodic_box_mode_sum
chime_icyl,1.4227075,1.4327075,1.4277075,1.4227075,1.4327075,1.4277105055335921,1.0,0.6244747284251093,0.7902371342990085,0.8494258541466416,59282984.81020721,ok,0.0004970272191470009,0.31660633859663967,0.0019383296428535565,0.002834135452558472,0.363,8.660028081584393,100000.0,/home/liuhk/bao21cm-master/bao21cm-master/array_config/nx_CHIME_800.dat,periodic_box_mode_sum
chime_icyl,1.4327075,1.4427075,1.4377075000000001,1.4327075,1.4427075,1.4377104435342651,1.0,0.6464861748576358,0.8040436398962657,0.840384763023752,58651990.51554398,ok,0.0004927822551781102,0.3139022965484562,0.0019327997892847333,0.002834135452558472,0.363,8.660028081584393,100000.0,/home/liuhk/bao21cm-master/bao21cm-master/array_config/nx_CHIME_800.dat,periodic_box_mode_sum
chime_icyl,1.4427075,1.4527075,1.4477075,1.4427075,1.4527075,1.4477103826714126,1.0,0.6651991404067381,0.81559741319277,0.8313493720280779,58021394.04319038,ok,0.0004886030563413612,0.311240146889447,0.001927324692487818,0.002834135452558472,0.363,8.660028081584393,100000.0,/home/liuhk/bao21cm-master/bao21cm-master/array_config/nx_CHIME_800.dat,periodic_box_mode_sum
chime_icyl,1.4527075,1.4627075,1.4577075000000002,1.4527075,1.4627075,1.457710322919552,1.0,0.6862407325381469,0.8283964826930079,0.8224641040972074,57401274.9342546,ok,0.0004844881695477152,0.3086189640018946,0.0019219034451190677,0.002834135452558472,0.363,8.660028081584393,100000.0,/home/liuhk/bao21cm-master/bao21cm-master/array_config/nx_CHIME_800.dat,periodic_box_mode_sum
chime_icyl,1.4627075,1.4727075,1.4677075,1.4627075,1.4727075,1.4677102642539004,1.0,0.7059648642635007,0.8402171530405105,0.8134081273701386,56769241.74603506,ok,0.00048043618312868707,0.30603784865297373,0.0019165351596871249,0.002834135452558472,0.363,8.660028081584393,100000.0,/home/liuhk/bao21cm-master/bao21cm-master/array_config/nx_CHIME_800.dat,periodic_box_mode_sum
chime_icyl,1.4727075,1.4827075,1.4777075000000002,1.4727075,1.4827075,1.4777102066503565,1.0,0.7210759517528594,0.8491619113884344,0.8042347324620072,56129013.72808389,ok,0.0004764457253940729,0.30349592707602446,0.0019112189680330982,0.002834135452558472,0.363,8.660028081584393,100000.0,/home/liuhk/bao21cm-master/bao21cm-master/array_config/nx_CHIME_800.dat,periodic_box_mode_sum
chime_icyl,1.4827075,1.4927075,1.4877075,1.4827075,1.4927075,1.4877101500854588,1.0,0.7374452970854868,0.858746352007091,0.7952732348370574,55503574.40929798,ok,0.0004725154632489819,0.3009923500896015,0.001905954020826214,0.002834135452558472,0.363,8.660028081584393,100000.0,/home/liuhk/bao21cm-master/bao21cm-master/array_config/nx_CHIME_800.dat,periodic_box_mode_sum
chime_icyl,1.4927075,1.5027075,1.4977075000000002,1.4927075,1.5027075,1.4977100945363833,1.0,0.7610767288834572,0.8723971165034059,0.7865015096154377,54891379.653823994,ok,0.0004686441008696353,0.2985262922539577,0.0019007394870744789,0.002834135452558472,0.363,8.660028081584393,100000.0,/home/liuhk/bao21cm-master/bao21cm-master/array_config/nx_CHIME_800.dat,periodic_box_mode_sum
chime_icyl,1.5027075,1.5127074999999999,1.5077075,1.5027075,1.5127074999999999,1.5077100399809134,1.0,0.7758925001765793,0.8808476032643667,0.777450119564082,54259666.57809611,ok,0.00046483037843031807,0.29609695106011263,0.001895574553649891,0.002834135452558472,0.363,8.660028081584393,100000.0,/home/liuhk/bao21cm-master/bao21cm-master/array_config/nx_CHIME_800.dat,periodic_box_mode_sum
chime_icyl,1.5127074999999999,1.5227075,1.5177075,1.5127074999999999,1.5227075,1.5177099863974273,1.0,0.7904591994924394,0.8890777241009019,0.7685464530144546,53638263.3958878,ok,0.00046107307088123377,0.29370354615134586,0.0018904584248276995,0.002834135452558472,0.363,8.660028081584393,100000.0,/home/liuhk/bao21cm-master/bao21cm-master/array_config/nx_CHIME_800.dat,periodic_box_mode_sum
chime_icyl,1.5227075,1.5327075,1.5277075,1.5227075,1.5327075,1.5277099337648699,1.0,0.8107226064788885,0.9004013585501126,0.7598208675955956,53029288.821684316,ok,0.00045737098677798297,0.2913453185775752,0.0018853903218392601,0.002834135452558472,0.363,8.660028081584393,100000.0,/home/liuhk/bao21cm-master/bao21cm-master/array_config/nx_CHIME_800.dat,periodic_box_mode_sum
chime_icyl,1.5327075,1.5427075000000001,1.5377075,1.5327075,1.5427075000000001,1.5377098820627415,1.0,0.8246203277822405,0.9080860795003084,0.75097614292292,52411999.30093214,ok,0.0004537229671553671,0.28902153007796877,0.001880369482438028,0.002834135452558472,0.363,8.660028081584393,100000.0,/home/liuhk/bao21cm-master/bao21cm-master/array_config/nx_CHIME_800.dat,periodic_box_mode_sum
chime_icyl,1.5427075000000001,1.5527075,1.5477075,1.5427075000000001,1.5527075,1.5477098312710826,1.0,0.8447394327993402,0.919097074742021,0.7423557236650353,51810364.46555713,ok,0.00045012788444561325,0.28673146239185565,0.0018753951604782674,0.002834135452558472,0.363,8.660028081584393,100000.0,/home/liuhk/bao21cm-master/bao21cm-master/array_config/nx_CHIME_800.dat,periodic_box_mode_sum
chime_icyl,1.5527075,1.5627075000000001,1.5577075,1.5527075,1.5627075000000001,1.557709781370447,1.0,0.8596944036447159,0.9271970683973909,0.7338006024397724,51213286.89937419,ok,0.00044658464144017233,0.28447441659738976,0.0018704666255060592,0.002834135452558472,0.363,8.660028081584393,100000.0,/home/liuhk/bao21cm-master/bao21cm-master/array_config/nx_CHIME_800.dat,periodic_box_mode_sum
chime_icyl,1.5627075000000001,1.5727075,1.5677075,1.5627075000000001,1.5727075,1.5677097323418954,1.0,0.8835726795969664,0.9399854677583938,0.7253419585130154,50622942.660407424,ok,0.0004430921702916742,0.28224971247579644,0.0018655831623622075,0.002834135452558472,0.363,8.660028081584393,100000.0,/home/liuhk/bao21cm-master/bao21cm-master/array_config/nx_CHIME_800.dat,periodic_box_mode_sum
chime_icyl,1.5727075,1.5827075000000002,1.5777075,1.5727075,1.5827075000000002,1.5777096841669769,1.0,0.8826217974637605,0.9394795354150938,0.716619779065607,50014205.79518441,ok,0.00043964943155423426,0.28005668790004723,0.001860744070796652,0.002834135452558472,0.363,8.660028081584393,100000.0,/home/liuhk/bao21cm-master/bao21cm-master/array_config/nx_CHIME_800.dat,periodic_box_mode_sum
chime_icyl,1.5827075000000002,1.5927075,1.5877075,1.5827075000000002,1.5927075,1.5877096368277113,1.0,0.9089750380979108,0.9534018240479252,0.7082732885637496,49431688.94898215,ok,0.0004362554132602896,0.2778946982468045,0.0018559486650940394,0.002834135452558472,0.363,8.660028081584393,100000.0,/home/liuhk/bao21cm-master/bao21cm-master/array_config/nx_CHIME_800.dat,periodic_box_mode_sum
chime_icyl,1.5927075,1.6027075000000002,1.5977075,1.5927075,1.6027075000000002,1.5977095903065777,1.0,0.9232930457340695,0.9608813900446139,0.7002585651199608,48872326.73289623,ok,0.0004329091300343951,0.27576311583190966,0.0018511962737100638,0.002834135452558472,0.363,8.660028081584393,100000.0,/home/liuhk/bao21cm-master/bao21cm-master/array_config/nx_CHIME_800.dat,periodic_box_mode_sum
chime_icyl,1.6027075000000002,1.6127075,1.6077075,1.6027075000000002,1.6127075,1.6077095445864997,1.0,0.936095797755281,0.9675204379005546,0.6918384536598959,48284671.745294325,ok,0.000429609622239338,0.2736613293664583,0.0018464862389182355,0.002834135452558472,0.363,8.660028081584393,100000.0,/home/liuhk/bao21cm-master/bao21cm-master/array_config/nx_CHIME_800.dat,periodic_box_mode_sum
chime_icyl,1.6127075,1.6227075000000002,1.6177075,1.6127075,1.6227075000000002,1.6177094996508332,1.0,0.9548625773129195,0.9771707001915886,0.6838161937351948,47724783.54441378,ok,0.0004263559551547225,0.27158874343355827,0.0018418179164667457,0.002834135452558472,0.363,8.660028081584393,100000.0,/home/liuhk/bao21cm-master/bao21cm-master/array_config/nx_CHIME_800.dat,periodic_box_mode_sum
chime_icyl,1.6227075000000002,1.6327075,1.6277075,1.6227075000000002,1.6327075,1.6277094554833498,1.0,0.9731036521563154,0.986460162478098,0.675852220138453,47168963.2530255,ok,0.00042314721818707585,0.2695447779851673,0.0018371906752451253,0.002834135452558472,0.363,8.660028081584393,100000.0,/home/liuhk/bao21cm-master/bao21cm-master/array_config/nx_CHIME_800.dat,periodic_box_mode_sum
chime_icyl,1.6327075,1.6427075,1.6377074999999999,1.6327075,1.6427075,1.637709412068227,1.0,0.988486891407009,0.9942267806728046,0.668021581579972,46622448.65796054,ok,0.00041998252410912996,0.2675288678575158,0.0018326038969603965,0.002834135452558472,0.363,8.660028081584393,100000.0,/home/liuhk/bao21cm-master/bao21cm-master/array_config/nx_CHIME_800.dat,periodic_box_mode_sum
chime_icyl,1.6427075,1.6527075,1.6477075,1.6427075,1.6527075,1.6477093693900382,1.0,0.9912434678337739,0.9956121071149014,0.6598957162575385,46055329.64677437,ok,0.00041686100832732514,0.2655404623045061,0.0018280569758223413,0.002834135452558472,0.363,8.660028081584393,100000.0,/home/liuhk/bao21cm-master/bao21cm-master/array_config/nx_CHIME_800.dat,periodic_box_mode_sum
chime_icyl,1.6527075,1.6627075,1.6577075,1.6527075,1.6627075,1.6577093274337358,1.0,1.0200462316329457,1.009973381645747,0.6523688829310402,45530018.17481306,ok,0.00041378182817629035,0.2635790245482969,0.0018235493182376407,0.002834135452558472,0.363,8.660028081584393,100000.0,/home/liuhk/bao21cm-master/bao21cm-master/array_config/nx_CHIME_800.dat,periodic_box_mode_sum
chime_icyl,1.6627075,1.6727075,1.6677075000000001,1.6627075,1.6727075,1.6677092861846445,1.0,1.0226838538403256,1.0112783265947736,0.644607993357884,44988371.489074565,ok,0.0004107441622397304,0.2616440313467083,0.0018190803425126782,0.002834135452558472,0.363,8.660028081584393,100000.0,/home/liuhk/bao21cm-master/bao21cm-master/array_config/nx_CHIME_800.dat,periodic_box_mode_sum
chime_icyl,1.6727075,1.6827075,1.6777075,1.6727075,1.6827075,1.677709245628447,1.0,1.0372676304623463,1.0184633672657777,0.6370824612238132,44463150.82971397,ok,0.0004077472096956627,0.25973497257613715,0.0018146494785646465,0.002834135452558472,0.363,8.660028081584393,100000.0,/home/liuhk/bao21cm-master/bao21cm-master/array_config/nx_CHIME_800.dat,periodic_box_mode_sum
chime_icyl,1.6827075,1.6927075,1.6877075000000001,1.6827075,1.6927075,1.6877092057511782,1.0,1.0536301734074847,1.026464891463651,0.6296488005286492,43944342.046199396,ok,0.0004047901896855762,0.25785135082971206,0.0018102561676406352,0.002834135452558472,0.363,8.660028081584393,100000.0,/home/liuhk/bao21cm-master/bao21cm-master/array_config/nx_CHIME_800.dat,periodic_box_mode_sum
chime_icyl,1.6927075,1.7027075,1.6977075,1.6927075,1.7027075,1.6977091665392092,1.0,1.0612278764891223,1.0301591510485757,0.6221266975133788,43419360.711315155,ok,0.0004018723407064198,0.2559926810299894,0.0018058998620446845,0.002834135452558472,0.363,8.660028081584393,100000.0,/home/liuhk/bao21cm-master/bao21cm-master/array_config/nx_CHIME_800.dat,periodic_box_mode_sum
chime_icyl,1.7027075,1.7127075,1.7077075000000002,1.7027075,1.7127075,1.7077091279792431,1.0,1.070897348261709,1.034841702030658,0.6148137140105139,42908974.2098904,ok,0.00039899292002441335,0.25415849005555124,0.0018015800248723053,0.002834135452558472,0.363,8.660028081584393,100000.0,/home/liuhk/bao21cm-master/bao21cm-master/array_config/nx_CHIME_800.dat,periodic_box_mode_sum
chime_icyl,1.7127075,1.7227075,1.7177075,1.7127075,1.7227075,1.7177090900582999,1.0,1.0994120193359773,1.0485285019187496,0.6079232597194679,42428076.79538695,ok,0.0003961512031097467,0.25234831638090865,0.0017972961297523166,0.002834135452558472,0.363,8.660028081584393,100000.0,/home/liuhk/bao21cm-master/bao21cm-master/array_config/nx_CHIME_800.dat,periodic_box_mode_sum
chime_icyl,1.7227075,1.7327075,1.7277075000000002,1.7227075,1.7327075,1.7277090527637138,1.0,1.1115188451484297,1.054285940885313,0.6008566004485405,41934881.71288246,ok,0.00039334648309149447,0.250561709729282,0.0017930476605959459,0.002834135452558472,0.363,8.660028081584393,100000.0,/home/liuhk/bao21cm-master/bao21cm-master/array_config/nx_CHIME_800.dat,periodic_box_mode_sum
chime_icyl,1.7327075,1.7427075,1.7377075,1.7327075,1.7427075,1.737709016083118,1.0,1.1178692409399462,1.057293356141022,0.5936708049650169,41433371.89608161,ok,0.00039057807023154176,0.24879823073749208,0.0017888341113525903,0.002834135452558472,0.363,8.660028081584393,100000.0,/home/liuhk/bao21cm-master/bao21cm-master/array_config/nx_CHIME_800.dat,periodic_box_mode_sum
chime_icyl,1.7427075,1.7527075,1.7477075000000002,1.7427075,1.7527075,1.747708980004442,1.0,1.1300070041411188,1.0630178757392177,0.5868058693564068,40954255.47712456,ok,0.0003878452914171667,0.24705745063273518,0.0017846549857725013,0.002834135452558472,0.363,8.660028081584393,100000.0,/home/liuhk/bao21cm-master/bao21cm-master/array_config/nx_CHIME_800.dat,periodic_box_mode_sum
chime_icyl,1.7527075,1.7627075,1.7577075,1.7527075,1.7627075,1.757708944515897,1.0,1.1516904941106456,1.0731684369709378,0.5800670358856214,40483939.95713318,ok,0.00038514748967135584,0.24533895092065366,0.0017805097971757282,0.002834135452558472,0.363,8.660028081584393,100000.0,/home/liuhk/bao21cm-master/bao21cm-master/array_config/nx_CHIME_800.dat,periodic_box_mode_sum
chime_icyl,1.7627075,1.7727075,1.7677075000000002,1.7627075,1.7727075,1.7677089096059755,1.0,1.1682798472250475,1.0808699492654275,0.5734463973737013,40021873.479617804,ok,0.00038248402368012047,0.24364232308423675,0.0017763980682275167,0.002834135452558472,0.363,8.660028081584393,100000.0,/home/liuhk/bao21cm-master/bao21cm-master/array_config/nx_CHIME_800.dat,periodic_box_mode_sum
chime_icyl,1.7727075,1.7827075000000001,1.7777075,1.7727075,1.7827075000000001,1.7777088752634367,1.0,1.1636057394679475,1.0787055851658263,0.5667057328144078,39551430.16460857,ok,0.00037985426733594396,0.24196716829299628,0.0017723193307196457,0.002834135452558472,0.363,8.660028081584393,100000.0,/home/liuhk/bao21cm-master/bao21cm-master/array_config/nx_CHIME_800.dat,periodic_box_mode_sum
chime_icyl,1.7827075000000001,1.7927075000000001,1.7877075000000002,1.7827075000000001,1.7927075000000001,1.7877088414773032,1.0,1.1876393541363,1.0897886740723175,0.5603108785313533,39105121.58161086,ok,0.00037725760929714023,0.2403130971222783,0.0017682731253578089,0.002834135452558472,0.363,8.660028081584393,100000.0,/home/liuhk/bao21cm-master/bao21cm-master/array_config/nx_CHIME_800.dat,periodic_box_mode_sum
chime_icyl,1.7927075000000001,1.8027075000000001,1.7977075,1.7927075000000001,1.8027075000000001,1.7977088082368506,1.0,1.2015291623615623,1.096142856730619,0.5538206197527683,38652154.54427985,ok,0.00037469345256237305,0.23867972928223163,0.0017642590015545558,0.002834135452558472,0.363,8.660028081584393,100000.0,/home/liuhk/bao21cm-master/bao21cm-master/array_config/nx_CHIME_800.dat,periodic_box_mode_sum
chime_icyl,1.8027075000000001,1.8127075000000001,1.8077075000000002,1.8027075000000001,1.8127075000000001,1.8077087755316055,1.0,1.2108215059674732,1.1003733484447327,0.547354777361652,38200891.57131226,ok,0.00037216121405931365,0.2370666933557828,0.0017602765172279827,0.002834135452558472,0.363,8.660028081584393,100000.0,/home/liuhk/bao21cm-master/bao21cm-master/array_config/nx_CHIME_800.dat,periodic_box_mode_sum
chime_icyl,1.8127075000000001,1.8227075000000001,1.8177075,1.8127075000000001,1.8227075000000001,1.8177087433513328,1.0,1.2298555743683734,1.1089885366262238,0.541337971137142,37780967.654148325,ok,0.00036966032424736546,0.23547362654557183,0.001756325238605574,0.002834135452558472,0.363,8.660028081584393,100000.0,/home/liuhk/bao21cm-master/bao21cm-master/array_config/nx_CHIME_800.dat,periodic_box_mode_sum
chime_icyl,1.8227075000000001,1.8327075,1.8277075,1.8227075000000001,1.8327075,1.8277087116860335,1.0,1.2322494545235798,1.110067319816046,0.5349693375431546,37336489.061024465,ok,0.0003671902267337475,0.23390017442939717,0.0017524047400335216,0.002834135452558472,0.363,8.660028081584393,100000.0,/home/liuhk/bao21cm-master/bao21cm-master/array_config/nx_CHIME_800.dat,periodic_box_mode_sum
chime_icyl,1.8327075,1.8427075,1.8377075,1.8327075,1.8427075,1.8377086805259355,1.0,1.2651846874792698,1.1248042885227945,0.5291159519492168,36927970.568727896,ok,0.00036475037790274756,0.23234599072405018,0.001748514603790869,0.002834135452558472,0.363,8.660028081584393,100000.0,/home/liuhk/bao21cm-master/bao21cm-master/array_config/nx_CHIME_800.dat,periodic_box_mode_sum
chime_icyl,1.8427075,1.8527075,1.8477074999999998,1.8427075,1.8527075,1.8477086498614899,1.0,1.264013931293764,1.124283741452203,0.5228731316286788,36492272.71419638,ok,0.0003623402465566128,0.2308107370565624,0.001744654419908739,0.002834135452558472,0.363,8.660028081584393,100000.0,/home/liuhk/bao21cm-master/bao21cm-master/array_config/nx_CHIME_800.dat,periodic_box_mode_sum
chime_icyl,1.8527075,1.8627075,1.8577075,1.8527075,1.8627075,1.8577086196833648,1.0,1.2968062382132497,1.1387740066462924,0.5172809185823118,36101981.93194055,ok,0.0003599593135688691,0.22929408274336963,0.0017408237859942912,0.002834135452558472,0.363,8.660028081584393,100000.0,/home/liuhk/bao21cm-master/bao21cm-master/array_config/nx_CHIME_800.dat,periodic_box_mode_sum
chime_icyl,1.8627075,1.8727075,1.8677074999999999,1.8627075,1.8727075,1.8677085899824355,1.0,1.2963183599728234,1.1385597744399822,0.511346379063528,35687799.558717296,ok,0.00035760707154882884,0.22779570457660395,0.00173702230705922,0.002834135452558472,0.363,8.660028081584393,100000.0,/home/liuhk/bao21cm-master/bao21cm-master/array_config/nx_CHIME_800.dat,periodic_box_mode_sum
chime_icyl,1.8727075,1.8827075,1.8777075,1.8727075,1.8827075,1.8777085607497843,1.0,1.3029551017121326,1.1414705873180144,0.505528105825626,35281731.6220041,ok,0.00035528302451769936,0.22631528661777447,0.0017332495953528903,0.002834135452558472,0.363,8.660028081584393,100000.0,/home/liuhk/bao21cm-master/bao21cm-master/array_config/nx_CHIME_800.dat,periodic_box_mode_sum
chime_icyl,1.8827075,1.8927075,1.8877074999999999,1.8827075,1.8927075,1.887708531976692,1.0,1.3025098285035608,1.1412755269887989,0.4996914891586877,34874383.46380998,ok,0.0003529866875940218,0.2248525199973919,0.0017295052701997392,0.002834135452558472,0.363,8.660028081584393,100000.0,/home/liuhk/bao21cm-master/bao21cm-master/array_config/nx_CHIME_800.dat,periodic_box_mode_sum
chime_icyl,1.8927075,1.9027075,1.8977075,1.8927075,1.9027075,1.8977085036546366,1.0,1.33229337651937,1.1542501360274426,0.4942663712851372,34495754.55944917,ok,0.0003507175866903577,0.22340710272175784,0.0017257889578408876,0.002834135452558472,0.363,8.660028081584393,100000.0,/home/liuhk/bao21cm-master/bao21cm-master/array_config/nx_CHIME_800.dat,periodic_box_mode_sum
chime_icyl,1.9027075,1.9127075,1.9077075,1.9027075,1.9127075,1.9077084757752782,1.0,1.3363769201860334,1.1560176989069126,0.4886402292334918,34103095.80982489,ok,0.0003484752582193811,0.2219787394857458,0.0017221002912799531,0.002834135452558472,0.363,8.660028081584393,100000.0,/home/liuhk/bao21cm-master/bao21cm-master/array_config/nx_CHIME_800.dat,periodic_box_mode_sum
chime_icyl,1.9127075,1.9227075,1.9177075000000001,1.9127075,1.9227075,1.917708448330468,1.0,1.3609289553143882,1.1665885972845733,0.4833895183493952,33736639.088422865,ok,0.0003462592488099247,0.22056714149192203,0.001718438910132798,0.002834135452558472,0.363,8.660028081584393,100000.0,/home/liuhk/bao21cm-master/bao21cm-master/array_config/nx_CHIME_800.dat,periodic_box_mode_sum
chime_icyl,1.9227075,1.9327075,1.9277075,1.9227075,1.9327075,1.9277084213122324,1.0,1.3763529456553272,1.1731806960802447,0.4781420229965787,33370406.784833312,ok,0.00034406911503088994,0.21917202627467686,0.0017148044604811258,0.002834135452558472,0.363,8.660028081584393,100000.0,/home/liuhk/bao21cm-master/bao21cm-master/array_config/nx_CHIME_800.dat,periodic_box_mode_sum
chime_icyl,1.9327075,1.9427075,1.9377075000000001,1.9327075,1.9427075,1.9377083947127753,1.0,1.3764192086549067,1.1732089364878306,0.47274932076830567,32994040.227677055,ok,0.0003419044231250582,0.21779311753066205,0.0017111965947298649,0.002834135452558472,0.363,8.660028081584393,100000.0,/home/liuhk/bao21cm-master/bao21cm-master/array_config/nx_CHIME_800.dat,periodic_box_mode_sum
chime_icyl,1.9427075,1.9527075,1.9477075,1.9427075,1.9527075,1.9477083685244665,1.0,1.3899257487355903,1.1789511222843763,0.4674680373488365,32625449.793083653,ok,0.00033976474875098417,0.21643014495437696,0.0017076149714682386,0.002834135452558472,0.363,8.660028081584393,100000.0,/home/liuhk/bao21cm-master/bao21cm-master/array_config/nx_CHIME_800.dat,periodic_box_mode_sum
chime_icyl,1.9527075,1.9627075,1.9577075000000002,1.9527075,1.9627075,1.9577083427398458,1.0,1.4092783451330593,1.1871302982962988,0.462297559683737,32264592.694862224,ok,0.0003376496767332,0.2150828440790484,0.0017040592553343305,0.002834135452558472,0.363,8.660028081584393,100000.0,/home/liuhk/bao21cm-master/bao21cm-master/array_config/nx_CHIME_800.dat,periodic_box_mode_sum
chime_icyl,1.9627075,1.9727075,1.9677075,1.9627075,1.9727075,1.9677083173516121,1.0,1.405776584561,1.1856544962850686,0.45717234725648637,31906894.740425657,ok,0.0003355588008195279,0.21375095612203926,0.0017005291168831077,0.002834135452558472,0.363,8.660028081584393,100000.0,/home/liuhk/bao21cm-master/bao21cm-master/array_config/nx_CHIME_800.dat,periodic_box_mode_sum
chime_icyl,1.9727075,1.9827075,1.9777075000000002,1.9727075,1.9827075,1.9777082923526244,1.0,1.4327245272068245,1.1969647142697335,0.4524181851360631,31575093.06592464,ok,0.0003334917234467256,0.2124342278355642,0.0016970242324577936,0.002834135452558472,0.363,8.660028081584393,100000.0,/home/liuhk/bao21cm-master/bao21cm-master/array_config/nx_CHIME_800.dat,periodic_box_mode_sum
chime_icyl,1.9827075,1.9927075,1.9877075,1.9827075,1.9927075,1.9877082677358904,1.0,1.4480965576837865,1.2033688369256479,0.44755598526145923,31235751.23885027,ok,0.0003314480555131828,0.21113241136189745,0.0016935442840645004,0.002834135452558472,0.363,8.660028081584393,100000.0,/home/liuhk/bao21cm-master/bao21cm-master/array_config/nx_CHIME_800.dat,periodic_box_mode_sum
chime_icyl,1.9927075,2.0027075,1.9977075000000002,1.9927075,2.0027075,1.9977082434945717,1.0,1.4468139416664134,1.2028357916467292,0.44250941385425874,30883541.785116073,ok,0.00032942741615869147,0.20984526409308646,0.0016900889592500164,0.002834135452558472,0.363,8.660028081584393,100000.0,/home/liuhk/bao21cm-master/bao21cm-master/array_config/nx_CHIME_800.dat,periodic_box_mode_sum
chime_icyl,2.0027075,2.0127075000000003,2.0077075000000004,2.0027075,2.0127075000000003,2.0077082196219744,1.0,1.4609373591266817,1.208692417088269,0.4377098873393386,30548574.046506274,ok,0.00032742943255056574,0.20857254853471038,0.0016866579509826625,0.002834135452558472,0.363,8.660028081584393,100000.0,/home/liuhk/bao21cm-master/bao21cm-master/array_config/nx_CHIME_800.dat,periodic_box_mode_sum
chime_icyl,2.0127075000000003,2.0227075,2.0177075,2.0127075000000003,2.0227075,2.017708196111547,1.0,1.4911671312647647,1.2211335435834874,0.43322133145183905,30235309.517060403,ok,0.0003254537396767734,0.20731403217410466,0.001683250957536117,0.002834135452558472,0.363,8.660028081584393,100000.0,/home/liuhk/bao21cm-master/bao21cm-master/array_config/nx_CHIME_800.dat,periodic_box_mode_sum
chime_icyl,2.0227075,2.0327075,2.0277075,2.0227075,2.0327075,2.0277081729568733,1.0,1.4956215914396411,1.2229560872899898,0.4285044779922204,29906111.682271786,ok,0.0003234999801452445,0.20606948735252073,0.0016798676823761543,0.002834135452558472,0.363,8.660028081584393,100000.0,/home/liuhk/bao21cm-master/bao21cm-master/array_config/nx_CHIME_800.dat,periodic_box_mode_sum
chime_icyl,2.0327075,2.0427075,2.0377075,2.0327075,2.0427075,2.037708150151678,1.0,1.4880434272986989,1.2198538548935682,0.4237078972916332,29571349.537435126,ok,0.00032156780398942097,0.2048386911412612,0.0016765078340501938,0.002834135452558472,0.363,8.660028081584393,100000.0,/home/liuhk/bao21cm-master/bao21cm-master/array_config/nx_CHIME_800.dat,periodic_box_mode_sum
chime_icyl,2.0427075,2.0527075000000004,2.0477075000000005,2.0427075,2.0527075000000004,2.0477081276898157,1.0,1.5099055830985748,1.2287821544515427,0.4192993439162135,29263668.529711902,ok,0.00031965686847899193,0.20362142522111792,0.0016731711260795886,0.002834135452558472,0.363,8.660028081584393,100000.0,/home/liuhk/bao21cm-master/bao21cm-master/array_config/nx_CHIME_800.dat,periodic_box_mode_sum
chime_icyl,2.0527075000000004,2.0627075,2.0577075000000002,2.0527075000000004,2.0627075,2.0577081055652675,1.0,1.5154439963180786,1.2310337104718452,0.41482122656169573,28951132.52458535,ok,0.0003177668379370116,0.20241747576587635,0.001669857276854577,0.002834135452558472,0.363,8.660028081584393,100000.0,/home/liuhk/bao21cm-master/bao21cm-master/array_config/nx_CHIME_800.dat,periodic_box_mode_sum
chime_icyl,2.0627075,2.0727075,2.0677075,2.0627075,2.0727075,2.067708083772139,1.0,1.5459978267967949,1.2433816094814958,0.41051459888158975,28650565.097662102,ok,0.0003158973835622286,0.20122663332913965,0.0016665660095318195,0.002834135452558472,0.363,8.660028081584393,100000.0,/home/liuhk/bao21cm-master/bao21cm-master/array_config/nx_CHIME_800.dat,periodic_box_mode_sum
chime_icyl,2.0727075,2.0827074999999997,2.0777075,2.0727075,2.0827074999999997,2.0777080623046618,1.0,1.5470904141072526,1.2438208930980588,0.4061490681640332,28345886.719962616,ok,0.00031404818325734125,0.2000486927349264,0.0016632970519344442,0.002834135452558472,0.363,8.660028081584393,100000.0,/home/liuhk/bao21cm-master/bao21cm-master/array_config/nx_CHIME_800.dat,periodic_box_mode_sum
chime_icyl,2.0827074999999997,2.0927075,2.0877074999999996,2.0827074999999997,2.0927075,2.0877080411571867,1.0,1.5674495057661342,1.2519782369379007,0.40188818245304736,28048511.708772067,ok,0.00031221892146056596,0.1988834529703805,0.0016600501364545538,0.002834135452558472,0.363,8.660028081584393,100000.0,/home/liuhk/bao21cm-master/bao21cm-master/array_config/nx_CHIME_800.dat,periodic_box_mode_sum
chime_icyl,2.0927075,2.1027075,2.0977075000000003,2.0927075,2.1027075,2.09770802032418,1.0,1.5802021410465534,1.2570609138170488,0.39763409583077586,27751611.218425214,ok,0.0003104092889839433,0.19773071708277193,0.0016568249999580939,0.002834135452558472,0.363,8.660028081584393,100000.0,/home/liuhk/bao21cm-master/bao21cm-master/array_config/nx_CHIME_800.dat,periodic_box_mode_sum
chime_icyl,2.1027075,2.1127075,2.1077075,2.1027075,2.1127075,2.1077079998002217,1.0,1.579257848531762,1.256685262319791,0.39338820510970646,27455282.73502177,ok,0.0003086189828556464,0.1965902920790468,0.001653621383692045,0.002834135452558472,0.363,8.660028081584393,100000.0,/home/liuhk/bao21cm-master/bao21cm-master/array_config/nx_CHIME_800.dat,periodic_box_mode_sum
chime_icyl,2.1127075,2.1227074999999997,2.1177075,2.1127075,2.1227074999999997,2.117707979579997,1.0,1.5904744803445994,1.2611401509525415,0.3894647606355217,27181458.36526503,ok,0.00030684770616699186,0.19546198882837384,0.0016504390331938592,0.002834135452558472,0.363,8.660028081584393,100000.0,/home/liuhk/bao21cm-master/bao21cm-master/array_config/nx_CHIME_800.dat,periodic_box_mode_sum
chime_icyl,2.1227074999999997,2.1327075,2.1277074999999996,2.1227074999999997,2.1327075,2.127707959658309,1.0,1.6192975001469911,1.272516208206006,0.38547928407861803,26903304.662936617,ok,0.0003050951679247872,0.19434562196808944,0.0016472776982030856,0.002834135452558472,0.363,8.660028081584393,100000.0,/home/liuhk/bao21cm-master/bao21cm-master/array_config/nx_CHIME_800.dat,periodic_box_mode_sum
chime_icyl,2.1327075,2.1427075,2.1377075000000003,2.1327075,2.1427075,2.1377079400300634,1.0,1.639390333394952,1.2803867905421986,0.3815540667030436,26629356.559147477,ok,0.00030336108290548015,0.19324100981079084,0.0016441371325751194,0.002834135452558472,0.363,8.660028081584393,100000.0,/home/liuhk/bao21cm-master/bao21cm-master/array_config/nx_CHIME_800.dat,periodic_box_mode_sum
chime_icyl,2.1427075,2.1527075,2.1477075,2.1427075,2.1527075,2.1477079206902663,1.0,1.6444177668862616,1.2823485356509992,0.3775582055558805,26350478.097261064,ok,0.00030164517151589753,0.19214797425562674,0.0016410170941970335,0.002834135452558472,0.363,8.660028081584393,100000.0,/home/liuhk/bao21cm-master/bao21cm-master/array_config/nx_CHIME_800.dat,periodic_box_mode_sum
chime_icyl,2.1527075,2.1627075,2.1577075,2.1527075,2.1627075,2.1577079016340286,1.0,1.6065489135926274,1.2674971059503952,0.37331265423834215,26054173.30145115,ok,0.0002999471596570871,0.19106634070156447,0.0016379173449054098,0.002834135452558472,0.363,8.660028081584393,100000.0,/home/liuhk/bao21cm-master/bao21cm-master/array_config/nx_CHIME_800.dat,periodic_box_mode_sum
chime_icyl,2.1627075,2.1727075,2.1677074999999997,2.1627075,2.1727075,2.1677078828565524,1.0,1.6590392569215837,1.2880369780878125,0.36981225873303814,25809874.293412212,ok,0.00029826677859198737,0.18999593796309597,0.0016348376504061405,0.002834135452558472,0.363,8.660028081584393,100000.0,/home/liuhk/bao21cm-master/bao21cm-master/array_config/nx_CHIME_800.dat,periodic_box_mode_sum
chime_icyl,2.1727075,2.1827075000000002,2.1777075000000004,2.1727075,2.1827075000000002,2.1777078643531436,1.0,1.6774662112322287,1.2951703406240542,0.3660650500090633,25548349.739174046,ok,0.0002966037648180945,0.1889365981891262,0.0016317777801961254,0.002834135452558472,0.363,8.660028081584393,100000.0,/home/liuhk/bao21cm-master/bao21cm-master/array_config/nx_CHIME_800.dat,periodic_box_mode_sum
chime_icyl,2.1827075000000002,2.1927075,2.1877075,2.1827075000000002,2.1927075,2.187707846119199,1.0,1.6620473366143171,1.2892041485406092,0.3621737344456111,25276767.704893235,ok,0.0002949578599409001,0.18788815678235338,0.001628737507486837,0.002834135452558472,0.363,8.660028081584393,100000.0,/home/liuhk/bao21cm-master/bao21cm-master/array_config/nx_CHIME_800.dat,periodic_box_mode_sum
chime_icyl,2.1927075,2.2027075,2.1977075,2.1927075,2.2027075,2.1977078281502065,1.0,1.7053138629965667,1.30587666454247,0.35880210749502506,25041455.68993452,ok,0.00029332881055345257,0.1868504523225493,0.0016257166091296832,0.002834135452558472,0.363,8.660028081584393,100000.0,/home/liuhk/bao21cm-master/bao21cm-master/array_config/nx_CHIME_800.dat,periodic_box_mode_sum
chime_icyl,2.2027075,2.2127075,2.2077074999999997,2.2027075,2.2127075,2.2077078104417462,1.0,1.710045235146112,1.3076869790382222,0.3550479171495405,24779443.87555481,ok,0.0002917163681184427,0.185823326491448,0.0016227148655431304,0.002834135452558472,0.363,8.660028081584393,100000.0,/home/liuhk/bao21cm-master/bao21cm-master/array_config/nx_CHIME_800.dat,periodic_box_mode_sum
chime_icyl,2.2127075,2.2227075000000003,2.2177075000000004,2.2127075,2.2227075000000003,2.2177077929894815,1.0,1.7303689956111152,1.3154349074017746,0.35157159351263756,24536824.887263097,ok,0.00029012028885323294,0.18480662399950942,0.0016197320606415324,0.002834135452558472,0.363,8.660028081584393,100000.0,/home/liuhk/bao21cm-master/bao21cm-master/array_config/nx_CHIME_800.dat,periodic_box_mode_sum
chime_icyl,2.2227075000000003,2.2327075,2.2277075,2.2227075000000003,2.2327075,2.2277077757891597,1.0,1.7362393907723357,1.317664369546485,0.3479790934715466,24286097.735120293,ok,0.0002885403336198979,0.18380019251587495,0.0016167679817656337,0.002834135452558472,0.363,8.660028081584393,100000.0,/home/liuhk/bao21cm-master/bao21cm-master/array_config/nx_CHIME_800.dat,periodic_box_mode_sum
chime_icyl,2.2327075,2.2427075,2.2377075,2.2327075,2.2427075,2.2377077588366197,1.0,1.73847526341343,1.3185125192478948,0.3444450419964787,24039449.8153611,ok,0.0002869762678149491,0.18280388259812258,0.0016138224196146859,0.002834135452558472,0.363,8.660028081584393,100000.0,/home/liuhk/bao21cm-master/bao21cm-master/array_config/nx_CHIME_800.dat,periodic_box_mode_sum
chime_icyl,2.2427075,2.2527075,2.2477074999999997,2.2427075,2.2527075,2.2477077421277754,1.0,1.77567821172732,1.33254576346455,0.34116971049524536,23810858.43603338,ok,0.0002854278612648104,0.1818175476256842,0.0016108951681801545,0.002834135452558472,0.363,8.660028081584393,100000.0,/home/liuhk/bao21cm-master/bao21cm-master/array_config/nx_CHIME_800.dat,periodic_box_mode_sum
chime_icyl,2.2527075,2.2627075000000003,2.2577075000000004,2.2527075,2.2627075000000003,2.257707725658624,1.0,1.7682992001305906,1.3297741162056775,0.3376253505103273,23563491.06650718,ok,0.0002838948881233919,0.1808410437346007,0.001607986024680944,0.002834135452558472,0.363,8.660028081584393,100000.0,/home/liuhk/bao21cm-master/bao21cm-master/array_config/nx_CHIME_800.dat,periodic_box_mode_sum
chime_icyl,2.2627075000000003,2.2727075,2.2677075,2.2627075000000003,2.2727075,2.2677077094252374,1.0,1.7751001628504441,1.3323288493650673,0.33436004042555684,23335599.100173585,ok,0.00028237712677203585,0.1798742297537868,0.00160509478950013,0.002834135452558472,0.363,8.660028081584393,100000.0,/home/liuhk/bao21cm-master/bao21cm-master/array_config/nx_CHIME_800.dat,periodic_box_mode_sum
chime_icyl,2.2727075,2.2827075,2.2777075,2.2727075,2.2827075,2.27770769342376,1.0,1.7902814252946369,1.3380139854630209,0.3310331893534287,23103412.075712305,ok,0.0002808743597238629,0.17891696714410069,0.0016022212661231446,0.002834135452558472,0.363,8.660028081584393,100000.0,/home/liuhk/bao21cm-master/bao21cm-master/array_config/nx_CHIME_800.dat,periodic_box_mode_sum
chime_icyl,2.2827075,2.2927075,2.2877075,2.2827075,2.2927075,2.287707677650421,1.0,1.8022052266337751,1.3424623743829005,0.3279262321505896,22886571.846794482,ok,0.0002793863735279645,0.1779691199373134,0.0015993652610773788,0.002834135452558472,0.363,8.660028081584393,100000.0,/home/liuhk/bao21cm-master/bao21cm-master/array_config/nx_CHIME_800.dat,periodic_box_mode_sum
chime_icyl,2.2927075,2.3027075000000004,2.2977075000000005,2.2927075,2.3027075000000004,2.2977076621015162,1.0,1.7902448617011897,1.3380003220108692,0.32458727991756964,22653540.26016943,ok,0.0002779129586780081,0.17703055467789117,0.0015965265838731972,0.002834135452558472,0.363,8.660028081584393,100000.0,/home/liuhk/bao21cm-master/bao21cm-master/array_config/nx_CHIME_800.dat,periodic_box_mode_sum
chime_icyl,2.3027075000000004,2.3127075,2.3077075000000002,2.3027075000000004,2.3127075,2.3077076467734106,1.0,1.853059402149078,1.3612712448843831,0.3215610308730235,22442332.80131481,ok,0.000276453909523093,0.17610114036621022,0.00159370504694626,0.002834135452558472,0.363,8.660028081584393,100000.0,/home/liuhk/bao21cm-master/bao21cm-master/array_config/nx_CHIME_800.dat,periodic_box_mode_sum
chime_icyl,2.3127075,2.3227075,2.3177075,2.3127075,2.3227075,2.317707631662545,1.0,1.8419670168750553,1.3571908549924196,0.31831859583283195,22216037.32620372,ok,0.0002750090241805847,0.17518074840303247,0.001590900465601157,0.002834135452558472,0.363,8.660028081584393,100000.0,/home/liuhk/bao21cm-master/bao21cm-master/array_config/nx_CHIME_800.dat,periodic_box_mode_sum
chime_icyl,2.3227075,2.3327075,2.3277075,2.3227075,2.3327075,2.327707616765416,1.0,1.8416564168689975,1.357076422633964,0.3152398412858963,22001165.412252262,ok,0.00027357810445214893,0.17426925253601885,0.001588112657956332,0.002834135452558472,0.363,8.660028081584393,100000.0,/home/liuhk/bao21cm-master/bao21cm-master/array_config/nx_CHIME_800.dat,periodic_box_mode_sum
chime_icyl,2.3327075,2.3427075,2.3377075,2.3327075,2.3427075,2.3377076020786003,1.0,1.8825300559533171,1.3720532263557843,0.3122564619672481,21792949.910019644,ok,0.0002721609557410147,0.17336652880702635,0.0015853414448902842,0.002834135452558472,0.363,8.660028081584393,100000.0,/home/liuhk/bao21cm-master/bao21cm-master/array_config/nx_CHIME_800.dat,periodic_box_mode_sum
chime_icyl,2.3427075,2.3527075,2.3477075000000003,2.3427075,2.3527075,2.3477075875987343,1.0,1.8792306046312328,1.3708503217460442,0.3092682672524353,21584398.33247653,ok,0.00027075738697129637,0.1724724555007158,0.0015825866499889368,0.002834135452558472,0.363,8.660028081584393,100000.0,/home/liuhk/bao21cm-master/bao21cm-master/array_config/nx_CHIME_800.dat,periodic_box_mode_sum
chime_icyl,2.3527075,2.3627075,2.3577075,2.3527075,2.3627075,2.3577075733225152,1.0,1.897089093626256,1.3773485737554805,0.30636947288508987,21382086.168785803,ok,0.00026936721051033964,0.17158691309508636,0.0015798480994941744,0.002834135452558472,0.363,8.660028081584393,100000.0,/home/liuhk/bao21cm-master/bao21cm-master/array_config/nx_CHIME_800.dat,periodic_box_mode_sum
chime_icyl,2.3627075,2.3727074999999997,2.3677075,2.3627075,2.3727074999999997,2.367707559246708,1.0,1.907821100607447,1.381238973026553,0.3034871961742154,21180926.80256749,ok,0.00026799024209262846,0.1707097842130043,0.0015771256222535807,0.002834135452558472,0.363,8.660028081584393,100000.0,/home/liuhk/bao21cm-master/bao21cm-master/array_config/nx_CHIME_800.dat,periodic_box_mode_sum
chime_icyl,2.3727074999999997,2.3827075,2.3777074999999996,2.3727074999999997,2.3827075,2.3777075453681285,1.0,1.9031810264678548,1.3795582722262423,0.30055258899811466,20976115.197416283,ok,0.0002666263007455232,0.16984095357489828,0.0015744190496713077,0.002834135452558472,0.363,8.660028081584393,100000.0,/home/liuhk/bao21cm-master/bao21cm-master/array_config/nx_CHIME_800.dat,periodic_box_mode_sum
chime_icyl,2.3827075,2.3927075,2.3877075000000003,2.3827075,2.3927075,2.387707531683663,1.0,1.9525599914681282,1.3973403277183867,0.29773512730803947,20779479.39011105,ok,0.00026527520871824563,0.16898030795352248,0.0015717282156599566,0.002834135452558472,0.363,8.660028081584393,100000.0,/home/liuhk/bao21cm-master/bao21cm-master/array_config/nx_CHIME_800.dat,periodic_box_mode_sum
chime_icyl,2.3927075,2.4027075,2.3977075,2.3927075,2.4027075,2.3977075181902494,1.0,1.9208409906208763,1.3859440791824453,0.29470549327875856,20568035.68697726,ok,0.0002639367914100003,0.16812773612817022,0.0015690529565935832,0.002834135452558472,0.363,8.660028081584393,100000.0,/home/liuhk/bao21cm-master/bao21cm-master/array_config/nx_CHIME_800.dat,periodic_box_mode_sum
chime_icyl,2.4027075,2.4127075,2.4077075,2.4027075,2.4127075,2.4077075048848853,1.0,1.930975457028435,1.389595429262933,0.29206031545024186,20383423.885649655,ok,0.000262610877302251,0.16728312884153387,0.001566393111261795,0.002834135452558472,0.363,8.660028081584393,100000.0,/home/liuhk/bao21cm-master/bao21cm-master/array_config/nx_CHIME_800.dat,periodic_box_mode_sum
chime_icyl,2.4127075,2.4227075,2.4177074999999997,2.4127075,2.4227075,2.417707491764623,1.0,1.957361770993854,1.3990574580744903,0.28934985874647384,20194256.15215791,ok,0.0002612972978920291,0.16644637875722254,0.0015637485208247301,0.002834135452558472,0.363,8.660028081584393,100000.0,/home/liuhk/bao21cm-master/bao21cm-master/array_config/nx_CHIME_800.dat,periodic_box_mode_sum
chime_icyl,2.4227075,2.4327075000000002,2.4277075000000004,2.4227075,2.4327075000000002,2.427707478826572,1.0,1.9416619023230546,1.393435288172025,0.2865314241628902,19997552.444834325,ok,0.0002599958876266748,0.16561738041819185,0.001561119028769118,0.002834135452558472,0.363,8.660028081584393,100000.0,/home/liuhk/bao21cm-master/bao21cm-master/array_config/nx_CHIME_800.dat,periodic_box_mode_sum
chime_icyl,2.4327075000000002,2.4427075,2.4377075,2.4327075000000002,2.4427075,2.4377074660678835,1.0,2.0230595172923596,1.4223429675336254,0.284055376537902,19824744.549919244,ok,0.0002587064838413278,0.1647960302069258,0.0015585044808653368,0.002834135452558472,0.363,8.660028081584393,100000.0,/home/liuhk/bao21cm-master/bao21cm-master/array_config/nx_CHIME_800.dat,periodic_box_mode_sum
chime_icyl,2.4427075,2.4527075,2.4477075,2.4427075,2.4527075,2.447707453485777,1.0,1.9995131754858066,1.4140414334402676,0.28138767433853196,19638560.731530186,ok,0.0002574289266964455,0.1639822263056358,0.0015559047251252572,0.002834135452558472,0.363,8.660028081584393,100000.0,/home/liuhk/bao21cm-master/bao21cm-master/array_config/nx_CHIME_800.dat,periodic_box_mode_sum
chime_icyl,2.4527075,2.4627075,2.4577074999999997,2.4527075,2.4627075,2.4577074410775124,1.0,2.0161266492407077,1.4199037464704105,0.278759005610596,19455101.130543765,ok,0.000256163059117536,0.16317586865787043,0.001553319611761186,0.002834135452558472,0.363,8.660028081584393,100000.0,/home/liuhk/bao21cm-master/bao21cm-master/array_config/nx_CHIME_800.dat,periodic_box_mode_sum
chime_icyl,2.4627075,2.4727075000000003,2.4677075000000004,2.4627075,2.4727075000000003,2.467707428840405,1.0,2.00939064806262,1.4175297697271192,0.2762200859531374,19277905.281426754,ok,0.0002549087267367794,0.16237685893132847,0.001550748993145588,0.002834135452558472,0.363,8.660028081584393,100000.0,/home/liuhk/bao21cm-master/bao21cm-master/array_config/nx_CHIME_800.dat,periodic_box_mode_sum
chime_icyl,2.4727075000000003,2.4827075,2.4777075,2.4727075000000003,2.4827075,2.4777074167718163,1.0,2.0405055418297824,1.4284626497846495,0.27374621926283144,19105249.59793426,ok,0.00025366577783580784,0.16158510048140962,0.0015481927237716662,0.002834135452558472,0.363,8.660028081584393,100000.0,/home/liuhk/bao21cm-master/bao21cm-master/array_config/nx_CHIME_800.dat,periodic_box_mode_sum
chime_icyl,2.4827075,2.4927075,2.4877075,2.4827075,2.4927075,2.4877074048691523,1.0,2.072892630554575,1.4397543646589772,0.27126787575614747,18932281.469234165,ok,0.00025243406328970394,0.1608004983155414,0.0015456506602149333,0.002834135452558472,0.363,8.660028081584393,100000.0,/home/liuhk/bao21cm-master/bao21cm-master/array_config/nx_CHIME_800.dat,periodic_box_mode_sum
chime_icyl,2.4927075,2.5027075,2.4977074999999997,2.4927075,2.5027075,2.497707393129871,1.0,2.03527226988707,1.4266296891229588,0.268664710210894,18750601.782037973,ok,0.00025121343651372395,0.1600229590592422,0.0015431226610953834,0.002834135452558472,0.363,8.660028081584393,100000.0,/home/liuhk/bao21cm-master/bao21cm-master/array_config/nx_CHIME_800.dat,periodic_box_mode_sum
chime_icyl,2.5027075,2.5127075000000003,2.5077075000000004,2.5027075,2.5127075000000003,2.5077073815514765,1.0,2.0641259443306827,1.4367066312684307,0.26624826938089147,18581953.954425383,ok,0.00025000375340878176,0.15925239092139395,0.0015406085870407259,0.002834135452558472,0.363,8.660028081584393,100000.0,/home/liuhk/bao21cm-master/bao21cm-master/array_config/nx_CHIME_800.dat,periodic_box_mode_sum
chime_icyl,2.5127075000000003,2.5227075,2.5177075,2.5127075000000003,2.5227075,2.517707370131514,1.0,2.052093238168499,1.4325129102973204,0.2637151932656471,18405165.936813187,ok,0.00024880487231037333,0.1584887036617078,0.0015381083006501825,0.002834135452558472,0.363,8.660028081584393,100000.0,/home/liuhk/bao21cm-master/bao21cm-master/array_config/nx_CHIME_800.dat,periodic_box_mode_sum
chime_icyl,2.5227075,2.5327075,2.5277075,2.5227075,2.5327075,2.5277073588675756,1.0,2.132038755039716,1.4601502508439725,0.2615028466740685,18250762.219592653,ok,0.00024761665393814694,0.1577318085585996,0.0015356216664592262,0.002834135452558472,0.363,8.660028081584393,100000.0,/home/liuhk/bao21cm-master/bao21cm-master/array_config/nx_CHIME_800.dat,periodic_box_mode_sum
chime_icyl,2.5327075,2.5427075,2.5377075,2.5327075,2.5427075,2.537707347757297,1.0,2.0597049175386473,1.4351672089128316,0.2589379604864743,18071754.118818734,ok,0.0002464389613465377,0.15698161837774455,0.001533148550904948,0.002834135452558472,0.363,8.660028081584393,100000.0,/home/liuhk/bao21cm-master/bao21cm-master/array_config/nx_CHIME_800.dat,periodic_box_mode_sum
chime_icyl,2.5427075,2.5527075000000004,2.5477075000000005,2.5427075,2.551015,2.546861138002697,0.8307638688748639,2.1721567566729445,1.473823855375175,0.25711825159216667,17944753.30501773,partial_band,0.00024537003773840996,0.15630071403936716,0.001530896449208727,0.002834135452558472,0.363,8.660028081584393,100000.0,/home/liuhk/bao21cm-master/bao21cm-master/array_config/nx_CHIME_800.dat,periodic_box_mode_sum
chime_icyl,2.5527075000000004,2.5627075,2.5577075000000002,,,,0.0,,,,,out_of_band,,,,,0.363,8.660028081584393,100000.0,/home/liuhk/bao21cm-master/bao21cm-master/array_config/nx_CHIME_800.dat,periodic_box_mode_sum
chime_icyl,2.5627075,2.5727075,2.5677075,,,,0.0,,,,,out_of_band,,,,,0.363,8.660028081584393,100000.0,/home/liuhk/bao21cm-master/bao21cm-master/array_config/nx_CHIME_800.dat,periodic_box_mode_sum
chime_icyl,2.5727075,2.5827075,2.5777075,,,,0.0,,,,,out_of_band,,,,,0.363,8.660028081584393,100000.0,/home/liuhk/bao21cm-master/bao21cm-master/array_config/nx_CHIME_800.dat,periodic_box_mode_sum
chime_icyl,2.5827075,2.5927075,2.5877075,,,,0.0,,,,,out_of_band,,,,,0.363,8.660028081584393,100000.0,/home/liuhk/bao21cm-master/bao21cm-master/array_config/nx_CHIME_800.dat,periodic_box_mode_sum
chime_icyl,2.5927075,2.6027075,2.5977075000000003,,,,0.0,,,,,out_of_band,,,,,0.363,8.660028081584393,100000.0,/home/liuhk/bao21cm-master/bao21cm-master/array_config/nx_CHIME_800.dat,periodic_box_mode_sum
chime_icyl,2.6027075,2.6127075,2.6077075,,,,0.0,,,,,out_of_band,,,,,0.363,8.660028081584393,100000.0,/home/liuhk/bao21cm-master/bao21cm-master/array_config/nx_CHIME_800.dat,periodic_box_mode_sum
chime_icyl,2.6127075,2.6227074999999997,2.6177075,,,,0.0,,,,,out_of_band,,,,,0.363,8.660028081584393,100000.0,/home/liuhk/bao21cm-master/bao21cm-master/array_config/nx_CHIME_800.dat,periodic_box_mode_sum
chime_icyl,2.6227074999999997,2.6327075,2.6277074999999996,,,,0.0,,,,,out_of_band,,,,,0.363,8.660028081584393,100000.0,/home/liuhk/bao21cm-master/bao21cm-master/array_config/nx_CHIME_800.dat,periodic_box_mode_sum
chime_icyl,2.6327075,2.6427075,2.6377075000000003,,,,0.0,,,,,out_of_band,,,,,0.363,8.660028081584393,100000.0,/home/liuhk/bao21cm-master/bao21cm-master/array_config/nx_CHIME_800.dat,periodic_box_mode_sum
chime_icyl,2.6427075,2.6527075,2.6477075,,,,0.0,,,,,out_of_band,,,,,0.363,8.660028081584393,100000.0,/home/liuhk/bao21cm-master/bao21cm-master/array_config/nx_CHIME_800.dat,periodic_box_mode_sum
chime_icyl,2.6527075,2.6627075,2.6577075,,,,0.0,,,,,out_of_band,,,,,0.363,8.660028081584393,100000.0,/home/liuhk/bao21cm-master/bao21cm-master/array_config/nx_CHIME_800.dat,periodic_box_mode_sum
chime_icyl,2.6627075,2.6727075,2.6677074999999997,,,,0.0,,,,,out_of_band,,,,,0.363,8.660028081584393,100000.0,/home/liuhk/bao21cm-master/bao21cm-master/array_config/nx_CHIME_800.dat,periodic_box_mode_sum
chime_icyl,2.6727075,2.6827075000000002,2.6777075000000004,,,,0.0,,,,,out_of_band,,,,,0.363,8.660028081584393,100000.0,/home/liuhk/bao21cm-master/bao21cm-master/array_config/nx_CHIME_800.dat,periodic_box_mode_sum
chime_icyl,2.6827075000000002,2.6927075,2.6877075,,,,0.0,,,,,out_of_band,,,,,0.363,8.660028081584393,100000.0,/home/liuhk/bao21cm-master/bao21cm-master/array_config/nx_CHIME_800.dat,periodic_box_mode_sum
chime_icyl,2.6927075,2.7027075000000003,2.6977075,,,,0.0,,,,,out_of_band,,,,,0.363,8.660028081584393,100000.0,/home/liuhk/bao21cm-master/bao21cm-master/array_config/nx_CHIME_800.dat,periodic_box_mode_sum
chime_icyl,2.7027075000000003,2.7127075,2.7077075,,,,0.0,,,,,out_of_band,,,,,0.363,8.660028081584393,100000.0,/home/liuhk/bao21cm-master/bao21cm-master/array_config/nx_CHIME_800.dat,periodic_box_mode_sum
chime_icyl,2.7127075,2.7227075,2.7177075,,,,0.0,,,,,out_of_band,,,,,0.363,8.660028081584393,100000.0,/home/liuhk/bao21cm-master/bao21cm-master/array_config/nx_CHIME_800.dat,periodic_box_mode_sum
chime_icyl,2.7227075,2.7327075,2.7277075,,,,0.0,,,,,out_of_band,,,,,0.363,8.660028081584393,100000.0,/home/liuhk/bao21cm-master/bao21cm-master/array_config/nx_CHIME_800.dat,periodic_box_mode_sum
chime_icyl,2.7327075,2.742715,2.7377112500000003,,,,0.0,,,,,out_of_band,,,,,0.363,8.660028081584393,100000.0,/home/liuhk/bao21cm-master/bao21cm-master/array_config/nx_CHIME_800.dat,periodic_box_mode_sum
hirax_interferom,0.6727075,0.6827075,0.6777075,,,,0.0,,,,,out_of_band,,,,,0.363,8.660028081584393,100000.0,"uniform; assumed Dmin=6 m, Dmax=200 m",periodic_box_mode_sum
hirax_interferom,0.6827075,0.6927075,0.6877075,,,,0.0,,,,,out_of_band,,,,,0.363,8.660028081584393,100000.0,"uniform; assumed Dmin=6 m, Dmax=200 m",periodic_box_mode_sum
hirax_interferom,0.6927075,0.7027075,0.6977075,,,,0.0,,,,,out_of_band,,,,,0.363,8.660028081584393,100000.0,"uniform; assumed Dmin=6 m, Dmax=200 m",periodic_box_mode_sum
hirax_interferom,0.7027075,0.7127075,0.7077075,,,,0.0,,,,,out_of_band,,,,,0.363,8.660028081584393,100000.0,"uniform; assumed Dmin=6 m, Dmax=200 m",periodic_box_mode_sum
hirax_interferom,0.7127075,0.7227075000000001,0.7177075,,,,0.0,,,,,out_of_band,,,,,0.363,8.660028081584393,100000.0,"uniform; assumed Dmin=6 m, Dmax=200 m",periodic_box_mode_sum
hirax_interferom,0.7227075000000001,0.7327075000000001,0.7277075000000001,,,,0.0,,,,,out_of_band,,,,,0.363,8.660028081584393,100000.0,"uniform; assumed Dmin=6 m, Dmax=200 m",periodic_box_mode_sum
hirax_interferom,0.7327075000000001,0.7427075000000001,0.7377075000000001,,,,0.0,,,,,out_of_band,,,,,0.363,8.660028081584393,100000.0,"uniform; assumed Dmin=6 m, Dmax=200 m",periodic_box_mode_sum
hirax_interferom,0.7427075000000001,0.7527075,0.7477075,,,,0.0,,,,,out_of_band,,,,,0.363,8.660028081584393,100000.0,"uniform; assumed Dmin=6 m, Dmax=200 m",periodic_box_mode_sum
hirax_interferom,0.7527075,0.7627075,0.7577075,,,,0.0,,,,,out_of_band,,,,,0.363,8.660028081584393,100000.0,"uniform; assumed Dmin=6 m, Dmax=200 m",periodic_box_mode_sum
hirax_interferom,0.7627075,0.7727075,0.7677075,,,,0.0,,,,,out_of_band,,,,,0.363,8.660028081584393,100000.0,"uniform; assumed Dmin=6 m, Dmax=200 m",periodic_box_mode_sum
hirax_interferom,0.7727075,0.7827075,0.7777075,0.7755075,0.7827075,0.7791135653955662,0.7214206877216175,0.01430688088524632,0.11961137439744733,0.9855766431734745,68785197.5323338,partial_band,0.03556971913924645,0.36299151475510233,0.002481978202228612,0.002834135452558472,0.363,8.660028081584393,100000.0,"uniform; assumed Dmin=6 m, Dmax=200 m",periodic_box_mode_sum
hirax_interferom,0.7827075,0.7927075,0.7877075,0.7827075,0.7927075,0.7877189737980759,1.0,0.014662194751861498,0.1210875499457376,0.9860118042951344,68815568.22335927,ok,0.035095201992855596,0.362991589183307,0.002471069035310111,0.002834135452558472,0.363,8.660028081584393,100000.0,"uniform; assumed Dmin=6 m, Dmax=200 m",periodic_box_mode_sum
hirax_interferom,0.7927075,0.8027075,0.7977075,0.7927075,0.8027075,0.7977187172086173,1.0,0.015077979541079997,0.12279242460787228,0.9863598025223974,68839855.65647674,ok,0.03455785920044983,0.36299167397664256,0.0024585816306993895,0.002834135452558472,0.363,8.660028081584393,100000.0,"uniform; assumed Dmin=6 m, Dmax=200 m",periodic_box_mode_sum
hirax_interferom,0.8027075,0.8127075,0.8077075,0.8027075,0.8127075,0.8077184675903504,1.0,0.015502530229890477,0.12450915721299569,0.9868257445138351,68872374.60073301,ok,0.03403507175950517,0.3629917569998062,0.002446293153658117,0.002834135452558472,0.363,8.660028081584393,100000.0,"uniform; assumed Dmin=6 m, Dmax=200 m",periodic_box_mode_sum
hirax_interferom,0.8127075,0.8227075,0.8177075,0.8127075,0.8227075,0.8177182246910435,1.0,0.01593183966868285,0.1262213914860823,0.9872039047885248,68898767.0983369,ok,0.03352628226482698,0.36299183830464576,0.002434198885446259,0.002834135452558472,0.363,8.660028081584393,100000.0,"uniform; assumed Dmin=6 m, Dmax=200 m",periodic_box_mode_sum
hirax_interferom,0.8227075,0.8327075,0.8277075,0.8227075,0.8327075,0.827717988270486,1.0,0.01636647386019403,0.1279315201980889,0.9875244840800662,68921140.91375369,ok,0.03303096079628509,0.3629919179411397,0.0024222942457273284,0.002834135452558472,0.363,8.660028081584393,100000.0,"uniform; assumed Dmin=6 m, Dmax=200 m",periodic_box_mode_sum
hirax_interferom,0.8327075,0.8427075,0.8377075,0.8327075,0.8427075,0.8377177580994415,1.0,0.016809096900387673,0.12964990127411463,0.9879172684228257,68948554.05183022,ok,0.03254860326312316,0.3629919959574758,0.0024105747878644937,0.002834135452558472,0.363,8.660028081584393,100000.0,"uniform; assumed Dmin=6 m, Dmax=200 m",periodic_box_mode_sum
hirax_interferom,0.8427075,0.8527075,0.8477075000000001,0.8427075,0.8527075,0.8477175339592584,1.0,0.017257987199604304,0.13136965859590374,0.9882957597959027,68974969.65739648,ok,0.03207872986782611,0.36299207240012554,0.0023990361943960997,0.002834135452558472,0.363,8.660028081584393,100000.0,"uniform; assumed Dmin=6 m, Dmax=200 m",periodic_box_mode_sum
hirax_interferom,0.8527075,0.8627075,0.8577075,0.8527075,0.8627075,0.8577173156412453,1.0,0.017710491143483956,0.13308076924741588,0.9885431836157141,68992237.81856671,ok,0.03162088367380498,0.3629921473139158,0.002387674272684084,0.002834135452558472,0.363,8.660028081584393,100000.0,"uniform; assumed Dmin=6 m, Dmax=200 m",periodic_box_mode_sum
hirax_interferom,0.8627075,0.8727075,0.8677075,0.8627075,0.8727075,0.8677171029459303,1.0,0.018174212069379796,0.13481176532254074,0.9889948032257181,69023757.17761278,ok,0.03117462927684321,0.3629922207420966,0.0023764849507277087,0.002834135452558472,0.363,8.660028081584393,100000.0,"uniform; assumed Dmin=6 m, Dmax=200 m",periodic_box_mode_sum
hirax_interferom,0.8727075,0.8827075,0.8777075,0.8727075,0.8827075,0.8777168956827924,1.0,0.01863974663752278,0.13652745744912553,0.9892418441194665,69040998.61367232,ok,0.03073955156550169,0.3629922927264056,0.002365464273134978,0.002834135452558472,0.363,8.660028081584393,100000.0,"uniform; assumed Dmin=6 m, Dmax=200 m",periodic_box_mode_sum
hirax_interferom,0.8827075,0.8927075,0.8877075,0.8827075,0.8927075,0.8877166936695573,1.0,0.019111483077835025,0.1382442876860922,0.9894749487787076,69057267.41442227,ok,0.030315254564476646,0.3629923633071302,0.0023546083972462604,0.002834135452558472,0.363,8.660028081584393,100000.0,"uniform; assumed Dmin=6 m, Dmax=200 m",periodic_box_mode_sum
hirax_interferom,0.8927075,0.9027075,0.8977075,0.8927075,0.9027075,0.897716496731826,1.0,0.019594101560138768,0.13997893255822022,0.9898826457393964,69085721.33139418,ok,0.029901360359590623,0.36299243252316626,0.0023439135894027384,0.002834135452558472,0.363,8.660028081584393,100000.0,"uniform; assumed Dmin=6 m, Dmax=200 m",periodic_box_mode_sum
hirax_interferom,0.9027075,0.9127075,0.9077075,0.9027075,0.9127075,0.9077163047027712,1.0,0.02007823413421724,0.1416976857052268,0.9900862664778458,69099932.3953565,ok,0.02949750808992438,0.3629925004120741,0.002333376221353968,0.002834135452558472,0.363,8.660028081584393,100000.0,"uniform; assumed Dmin=6 m, Dmax=200 m",periodic_box_mode_sum
hirax_interferom,0.9127075,0.9227075,0.9177075,0.9127075,0.9227075,0.9177161174224677,1.0,0.020568942735156664,0.1434187670256465,0.9902903295307363,69114174.32925312,ok,0.029103353008628166,0.36299256701013227,0.0023229927667994363,0.002834135452558472,0.363,8.660028081584393,100000.0,"uniform; assumed Dmin=6 m, Dmax=200 m",periodic_box_mode_sum
hirax_interferom,0.9227075,0.9327075,0.9277075,0.9227075,0.9327075,0.9277159347377503,1.0,0.021068528348478336,0.14515002014632425,0.9905813017336496,69134481.81177357,ok,0.028718565604915397,0.36299263235238877,0.0023127597980572745,0.002834135452558472,0.363,8.660028081584393,100000.0,"uniform; assumed Dmin=6 m, Dmax=200 m",periodic_box_mode_sum
hirax_interferom,0.9327075,0.9427075,0.9377075,0.9327075,0.9427075,0.9377157565018329,1.0,0.02157443049228596,0.14688236957608616,0.9908578486836004,69153782.52949156,ok,0.02834283078030144,0.3629926964727096,0.0023026739828561705,0.002834135452558472,0.363,8.660028081584393,100000.0,"uniform; assumed Dmin=6 m, Dmax=200 m",periodic_box_mode_sum
hirax_interferom,0.9427075,0.9527075,0.9477075,0.9427075,0.9527075,0.9477155825738426,1.0,0.02208664417068628,0.14861576016925757,0.9911198806997812,69172070.2234194,ok,0.02797584708020698,0.3629927594038256,0.0022927320812448078,0.002834135452558472,0.363,8.660028081584393,100000.0,"uniform; assumed Dmin=6 m, Dmax=200 m",periodic_box_mode_sum
hirax_interferom,0.9527075,0.9627075,0.9577075,0.9527075,0.9627075,0.9577154128186957,1.0,0.022601789724117426,0.15033891619975656,0.991250695102851,69181200.00000001,ok,0.027617325972385198,0.3629928211773771,0.002282930942613998,0.002834135452558472,0.363,8.660028081584393,100000.0,"uniform; assumed Dmin=6 m, Dmax=200 m",periodic_box_mode_sum
hirax_interferom,0.9627075,0.9727075000000001,0.9677075,0.9627075,0.9727075000000001,0.9677152471066877,1.0,0.023127432588852203,0.15207706135000176,0.9915129659115087,69199504.35969181,ok,0.027266991169386513,0.3629928818239561,0.002273267502827359,0.002834135452558472,0.363,8.660028081584393,100000.0,"uniform; assumed Dmin=6 m, Dmax=200 m",periodic_box_mode_sum
hirax_interferom,0.9727075000000001,0.9827075000000001,0.9777075000000001,0.9727075000000001,0.9827075000000001,0.977715085313232,1.0,0.023660280592946843,0.15381898645143532,0.9917895167436973,69218805.34835827,ok,0.026924577995684297,0.3629929413731475,0.002263738781455711,0.002834135452558472,0.363,8.660028081584393,100000.0,"uniform; assumed Dmin=6 m, Dmax=200 m",periodic_box_mode_sum
hirax_interferom,0.9827075000000001,0.9927075000000001,0.9877075000000001,0.9827075000000001,0.9927075000000001,0.9877149273187228,1.0,0.02419637216140626,0.1555518311091395,0.9919495337510151,69229973.22813012,ok,0.02658983279099877,0.36299299985356753,0.0022543418791112365,0.002834135452558472,0.363,8.660028081584393,100000.0,"uniform; assumed Dmin=6 m, Dmax=200 m",periodic_box_mode_sum
hirax_interferom,0.9927075000000001,1.0027075,0.9977075000000001,0.9927075000000001,1.0027075,0.9977147730081142,1.0,0.024738728227296055,0.15728549910050849,0.9920950346193816,69240128.0,ok,0.02626251235015532,0.362993057292901,0.0022450739748775986,0.002834135452558472,0.363,8.660028081584393,100000.0,"uniform; assumed Dmin=6 m, Dmax=200 m",periodic_box_mode_sum
hirax_interferom,1.0027075,1.0127075,1.0077075,1.0027075,1.0127075,1.0077146222708109,1.0,0.02529159737132039,0.1590333215754497,0.9923572146884594,69258426.02681045,ok,0.025942383398131513,0.36299311371793713,0.0022359323238316958,0.002834135452558472,0.363,8.660028081584393,100000.0,"uniform; assumed Dmin=6 m, Dmax=200 m",periodic_box_mode_sum
hirax_interferom,1.0127075,1.0227075,1.0177075000000002,1.0127075,1.0227075,1.017714475000514,1.0,0.02584851638100442,0.16077473800633116,0.9925320433489628,69270627.63896346,ok,0.025629222094072243,0.3629931691546033,0.0022269142546538076,0.002834135452558472,0.363,8.660028081584393,100000.0,"uniform; assumed Dmin=6 m, Dmax=200 m",periodic_box_mode_sum
hirax_interferom,1.0227075,1.0327075,1.0277075,1.0227075,1.0327075,1.0277143310948278,1.0,0.02641223379638744,0.1625184106382641,0.992706521786932,69282804.80844486,ok,0.02532281356574775,0.3629932236279976,0.0022180171673227534,0.002834135452558472,0.363,8.660028081584393,100000.0,"uniform; assumed Dmin=6 m, Dmax=200 m",periodic_box_mode_sum
hirax_interferom,1.0327075,1.0427075000000001,1.0377075,1.0327075,1.0427075000000001,1.0377141904552365,1.0,0.02698285103205226,0.16426457631532204,0.9928812113029261,69294996.70944789,ok,0.025022951471382268,0.3629932771624202,0.002209238530892188,0.002834135452558472,0.363,8.660028081584393,100000.0,"uniform; assumed Dmin=6 m, Dmax=200 m",periodic_box_mode_sum
hirax_interferom,1.0427075000000001,1.0527075,1.0477075,1.0427075000000001,1.0527075,1.0477140529869247,1.0,0.0275583494413779,0.1660070764798233,0.9929978027234647,69303133.83804959,ok,0.024729437585407018,0.36299332978140303,0.0022005758813453073,0.002834135452558472,0.363,8.660028081584393,100000.0,"uniform; assumed Dmin=6 m, Dmax=200 m",periodic_box_mode_sum
hirax_interferom,1.0527075,1.0627075000000001,1.0577075,1.0527075,1.0627075000000001,1.0577139185984754,1.0,0.02814172752283653,0.1677549627368339,0.9931433096993285,69313289.03617288,ok,0.02444208140925995,0.36299338150773836,0.0021920268195248825,0.002834135452558472,0.363,8.660028081584393,100000.0,"uniform; assumed Dmin=6 m, Dmax=200 m",periodic_box_mode_sum
hirax_interferom,1.0627075000000001,1.0727075,1.0677075,1.0627075000000001,1.0727075,1.067713787201837,1.0,0.028735809016707574,0.16951639748622424,0.99339094440109,69330571.91518033,ok,0.024160699803887832,0.36299343236350595,0.0021835890091353722,0.002834135452558472,0.363,8.660028081584393,100000.0,"uniform; assumed Dmin=6 m, Dmax=200 m",periodic_box_mode_sum
hirax_interferom,1.0727075,1.0827075000000002,1.0777075,1.0727075,1.0827075000000002,1.0777136587121707,1.0,0.029333694469506365,0.17127082200277538,0.9935507924065037,69341728.0,ok,0.023885116641986497,0.36299348237009965,0.0021752601748146238,0.002834135452558472,0.363,8.660028081584393,100000.0,"uniform; assumed Dmin=6 m, Dmax=200 m",periodic_box_mode_sum
hirax_interferom,1.0827075000000002,1.0927075,1.0877075,1.0827075000000002,1.0927075,1.0877135330476067,1.0,0.029935887869001646,0.17301990599061615,0.9936381987217571,69347828.24669509,ok,0.02361516248090712,0.3629935315482522,0.0021670381002724757,0.002834135452558472,0.363,8.660028081584393,100000.0,"uniform; assumed Dmin=6 m, Dmax=200 m",periodic_box_mode_sum
hirax_interferom,1.0927075,1.1027075,1.0977074999999998,1.0927075,1.1027075,1.0977134101292059,1.0,0.030546170468407387,0.17477462764488266,0.993754658104998,69355956.16017215,ok,0.023350674252987123,0.3629935799180593,0.002158920626493434,0.002834135452558472,0.363,8.660028081584393,100000.0,"uniform; assumed Dmin=6 m, Dmax=200 m",periodic_box_mode_sum
hirax_interferom,1.1027075,1.1127075,1.1077075,1.1027075,1.1127075,1.1077132898808333,1.0,0.03116466661982781,0.1765351710561604,0.9939002910664088,69366120.15105732,ok,0.02309149497221121,0.36299362749900277,0.0021509056500012094,0.002834135452558472,0.363,8.660028081584393,100000.0,"uniform; assumed Dmin=6 m, Dmax=200 m",periodic_box_mode_sum
hirax_interferom,1.1127075,1.1227075,1.1177074999999999,1.1127075,1.1227075,1.1177131722289528,1.0,0.03179029658557303,0.17829833590242236,0.9940459216807839,69376283.9781386,ok,0.022837473457940613,0.3629936743099727,0.0021429911211827664,0.002834135452558472,0.363,8.660028081584393,100000.0,"uniform; assumed Dmin=6 m, Dmax=200 m",periodic_box_mode_sum
hirax_interferom,1.1227075,1.1327075,1.1277075,1.1227075,1.1327075,1.1277130571025942,1.0,0.03242426835738048,0.18006739948524964,0.9942204409885799,69388464.0,ok,0.022588464072823097,0.3629937203692884,0.002135175042669393,0.002834135452558472,0.363,8.660028081584393,100000.0,"uniform; assumed Dmin=6 m, Dmax=200 m",periodic_box_mode_sum
hirax_interferom,1.1327075,1.1427075,1.1377074999999999,1.1327075,1.1427075,1.1377129444332434,1.0,0.03306064175384074,0.18182585557021516,0.9942787811228397,69392535.66473244,ok,0.022344326474225774,0.36299376569471914,0.0021274554677728767,0.002834135452558472,0.363,8.660028081584393,100000.0,"uniform; assumed Dmin=6 m, Dmax=200 m",periodic_box_mode_sum
hirax_interferom,1.1427075,1.1527075,1.1477075,1.1427075,1.1527075,1.147712834154671,1.0,0.03370848724203969,0.1835987125282737,0.9944388853553603,69403709.6321108,ok,0.022104925379807405,0.36299381030350314,0.0021198304989746525,0.002834135452558472,0.363,8.660028081584393,100000.0,"uniform; assumed Dmin=6 m, Dmax=200 m",periodic_box_mode_sum
hirax_interferom,1.1527075,1.1627075,1.1577075,1.1527075,1.1627075,1.1577127262028972,1.0,0.03436109995539892,0.18536747275452325,0.9945407077017467,69410816.0,ok,0.021870130344763667,0.3629938542123668,0.0021122982864657924,0.002834135452558472,0.363,8.660028081584393,100000.0,"uniform; assumed Dmin=6 m, Dmax=200 m",periodic_box_mode_sum
hirax_interferom,1.1627075,1.1727075,1.1677075000000001,1.1627075,1.1727075,1.1677126205161104,1.0,0.035020379255859546,0.18713732726492474,0.9946282081022602,69416922.81307757,ok,0.02163981555028416,0.36299389743754235,0.002104857026736091,0.002834135452558472,0.363,8.660028081584393,100000.0,"uniform; assumed Dmin=6 m, Dmax=200 m",periodic_box_mode_sum
hirax_interferom,1.1727075,1.1827075,1.1777075,1.1727075,1.1827075,1.177712517034503,1.0,0.03568822956275031,0.18891328582910813,0.9947445643926791,69425043.53151792,ok,0.021413859603759477,0.3629939399947852,0.002097504961210436,0.002834135452558472,0.363,8.660028081584393,100000.0,"uniform; assumed Dmin=6 m, Dmax=200 m",periodic_box_mode_sum
hirax_interferom,1.1827075,1.1927075,1.1877075000000001,1.1827075,1.1927075,1.1877124157002574,1.0,0.03636617634187416,0.1906991776119503,0.9949192047263985,69437232.0,ok,0.021192145348700484,0.36299398189939047,0.0020902403749305776,0.002834135452558472,0.363,8.660028081584393,100000.0,"uniform; assumed Dmin=6 m, Dmax=200 m",periodic_box_mode_sum
hirax_interferom,1.1927075,1.2027075,1.1977075,1.1927075,1.2027075,1.1977123164574688,1.0,0.03705030299921999,0.19248455262493142,0.9950648290828691,69447395.39033066,ok,0.020974559683974436,0.362994023166209,0.002083061595280649,0.002834135452558472,0.363,8.660028081584393,100000.0,"uniform; assumed Dmin=6 m, Dmax=200 m",periodic_box_mode_sum
hirax_interferom,1.2027075,1.2127075,1.2077075000000002,1.2027075,1.2127075,1.2077122192520025,1.0,0.03773634211779904,0.19425844156123317,0.9950938956608533,69449424.00000001,ok,0.020760993392804936,0.3629940638096624,0.0020759669907549467,0.002834135452558472,0.363,8.660028081584393,100000.0,"uniform; assumed Dmin=6 m, Dmax=200 m",periodic_box_mode_sum
hirax_interferom,1.2127075,1.2227075,1.2177075,1.2127075,1.2227075,1.2177121240314817,1.0,0.03843119255477851,0.19603875268624443,0.995152125972338,69453487.99999999,ok,0.020551340979963334,0.36299410384375813,0.0020689549697663224,0.002834135452558472,0.363,8.660028081584393,100000.0,"uniform; assumed Dmin=6 m, Dmax=200 m",periodic_box_mode_sum
hirax_interferom,1.2227075,1.2327075,1.2277075000000002,1.2227075,1.2327075,1.2277120307452318,1.0,0.03913644137971616,0.19782932386205074,0.9952686779875597,69461622.37843251,ok,0.020345500516731285,0.3629941432821031,0.0020620239794936087,0.002834135452558472,0.363,8.660028081584393,100000.0,"uniform; assumed Dmin=6 m, Dmax=200 m",periodic_box_mode_sum
hirax_interferom,1.2327075,1.2427075,1.2377075,1.2327075,1.2427075,1.2377119393441385,1.0,0.039847809349549464,0.19961916077759034,0.9953559768368093,69467715.12487854,ok,0.020143373493923967,0.36299418213791756,0.002055172504766914,0.002834135452558472,0.363,8.660028081584393,100000.0,"uniform; assumed Dmin=6 m, Dmax=200 m",periodic_box_mode_sum
hirax_interferom,1.2427075,1.2527075,1.2477075000000002,1.2427075,1.2527075,1.2477118497806525,1.0,0.04056982265199402,0.20141951904419297,0.9955015517122033,69477875.06183432,ok,0.019944864681954295,0.362994220424048,0.002048399066989186,0.002834135452558472,0.363,8.660028081584393,100000.0,"uniform; assumed Dmin=6 m, Dmax=200 m",periodic_box_mode_sum
hirax_interferom,1.2527075,1.2627074999999999,1.2577075,1.2527075,1.2627074999999999,1.2577117620087337,1.0,0.04129655414707027,0.2032155361852786,0.9955888962941819,69483971.00005117,ok,0.019749881997392502,0.3629942581529799,0.0020417022230927047,0.002834135452558472,0.363,8.660028081584393,100000.0,"uniform; assumed Dmin=6 m, Dmax=200 m",periodic_box_mode_sum
hirax_interferom,1.2627074999999999,1.2727075,1.2677075,1.2627074999999999,1.2727075,1.2677116759837328,1.0,0.04203100261011941,0.205014639989732,0.9956761987757018,69490063.99999999,ok,0.019558336376135934,0.36299429533684946,0.0020350805645296182,0.002834135452558472,0.363,8.660028081584393,100000.0,"uniform; assumed Dmin=6 m, Dmax=200 m",periodic_box_mode_sum
hirax_interferom,1.2727075,1.2827075,1.2777075,1.2727075,1.2827075,1.2777115916623918,1.0,0.04276847918845508,0.20680541382772136,0.995676198775702,69490064.0,ok,0.019370141652735172,0.36299433198745534,0.002028532716294681,0.002834135452558472,0.363,8.660028081584393,100000.0,"uniform; assumed Dmin=6 m, Dmax=200 m",periodic_box_mode_sum
hirax_interferom,1.2827075,1.2927075000000001,1.2877075,1.2827075,1.2927075000000001,1.2877115090027935,1.0,0.04352008161842794,0.20861467258663266,0.9957926593986719,69498192.00000001,ok,0.019185214445090994,0.36299436811626984,0.002022057335979701,0.002834135452558472,0.363,8.660028081584393,100000.0,"uniform; assumed Dmin=6 m, Dmax=200 m",periodic_box_mode_sum
hirax_interferom,1.2927075000000001,1.3027075,1.2977075,1.2927075000000001,1.3027075,1.297711427964267,1.0,0.04427799331661279,0.21042336685029253,0.9958800444825053,69504290.76491544,ok,0.019003474044728443,0.36299440373444963,0.0020156531128580238,0.002834135452558472,0.363,8.660028081584393,100000.0,"uniform; assumed Dmin=6 m, Dmax=200 m",periodic_box_mode_sum
hirax_interferom,1.3027075,1.3127075000000001,1.3077075,1.3027075,1.3127075000000001,1.3077113485073788,1.0,0.04504382515176954,0.21223530609153968,0.9959673503331263,69510384.0,ok,0.01882484231229144,0.36299443885284605,0.0020093187669983728,0.002834135452558472,0.363,8.660028081584393,100000.0,"uniform; assumed Dmin=6 m, Dmax=200 m",periodic_box_mode_sum
hirax_interferom,1.3127075000000001,1.3227075,1.3177075,1.3127075000000001,1.3227075,1.317711270593893,1.0,0.045814274268703,0.21404269263093986,0.9959965035182712,69512418.65414158,ok,0.018649243577618768,0.36299447348201497,0.0020030530484067477,0.002834135452558472,0.363,8.660028081584393,100000.0,"uniform; assumed Dmin=6 m, Dmax=200 m",periodic_box_mode_sum
hirax_interferom,1.3227075,1.3327075000000002,1.3277075,1.3227075,1.3327075000000002,1.3277111941866913,1.0,0.046596119520210026,0.21586134327435755,0.9960838854736476,69518517.20071629,ok,0.01847660454446423,0.36299450763222646,0.0019968547361955144,0.002834135452558472,0.363,8.660028081584393,100000.0,"uniform; assumed Dmin=6 m, Dmax=200 m",periodic_box_mode_sum
hirax_interferom,1.3327075000000002,1.3427075,1.3377075,1.3327075000000002,1.3427075,1.33771111924976,1.0,0.047389560102315646,0.21769143323134157,0.9962293867348083,69528671.99999999,ok,0.018306854199747286,0.3629945413134741,0.0019907226377787945,0.002834135452558472,0.363,8.660028081584393,100000.0,"uniform; assumed Dmin=6 m, Dmax=200 m",periodic_box_mode_sum
hirax_interferom,1.3427075,1.3527075000000002,1.3477075,1.3427075,1.3527075000000002,1.347711045748156,1.0,0.04818416734397344,0.2195089231534186,0.9962585376522072,69530706.49587145,ok,0.018139923726662774,0.36299457453548345,0.001984655588092998,0.002834135452558472,0.363,8.660028081584393,100000.0,"uniform; assumed Dmin=6 m, Dmax=200 m",periodic_box_mode_sum
hirax_interferom,1.3527075000000002,1.3627075,1.3577075,1.3527075000000002,1.3627075,1.3577109736479425,1.0,0.048988680209754026,0.2213338659350485,0.9963167322020359,69534768.0,ok,0.017975746421685167,0.36299460730772115,0.0019786524488418678,0.002834135452558472,0.363,8.660028081584393,100000.0,"uniform; assumed Dmin=6 m, Dmax=200 m",periodic_box_mode_sum
hirax_interferom,1.3627075,1.3727075000000002,1.3677075,1.3627075,1.3727075000000002,1.367710902916171,1.0,0.04980143175136447,0.22316234393679518,0.9963749625135202,69538831.99999999,ok,0.017814257615519684,0.36299463963940276,0.0019727121077651056,0.002834135452558472,0.363,8.660028081584393,100000.0,"uniform; assumed Dmin=6 m, Dmax=200 m",periodic_box_mode_sum
hirax_interferom,1.3727075000000002,1.3827075,1.3777075,1.3727075000000002,1.3827075,1.37771083352085,1.0,0.050622471373919245,0.2249943807607631,0.9964331928250055,69542896.0,ok,0.01765539459731357,0.3629946715395008,0.0019668334779296666,0.002834135452558472,0.363,8.660028081584393,100000.0,"uniform; assumed Dmin=6 m, Dmax=200 m",periodic_box_mode_sum
hirax_interferom,1.3827075,1.3927075,1.3877074999999999,1.3827075,1.3927075,1.3877107654309009,1.0,0.051449961679849915,0.2268258399738661,0.9964623409151844,69544930.2985546,ok,0.01749909654215918,0.3629947030167525,0.0019610154970430512,0.002834135452558472,0.363,8.660028081584393,100000.0,"uniform; assumed Dmin=6 m, Dmax=200 m",periodic_box_mode_sum
hirax_interferom,1.3927075,1.4027075,1.3977075,1.3927075,1.4027075,1.3977106986161276,1.0,0.052285778614628256,0.22866083751842653,0.9964914231364902,69546959.99999999,ok,0.017345304442014955,0.362994734079667,0.001955257126787798,0.002834135452558472,0.363,8.660028081584393,100000.0,"uniform; assumed Dmin=6 m, Dmax=200 m",periodic_box_mode_sum
hirax_interferom,1.4027075,1.4127075,1.4077075,1.4027075,1.4127075,1.4077106330471916,1.0,0.05313593388085571,0.2305123291298227,0.9966078837594601,69555087.99999999,ok,0.0171939610394028,0.36299476473653247,0.0019495573521764779,0.002834135452558472,0.363,8.660028081584393,100000.0,"uniform; assumed Dmin=6 m, Dmax=200 m",periodic_box_mode_sum
hirax_interferom,1.4127075,1.4227075,1.4177075000000001,1.4127075,1.4227075,1.4177105686955864,1.0,0.05399578341890208,0.2323699279573458,0.996738979335817,69564237.40017886,ok,0.017045010763940143,0.36299479499542325,0.0019439151809264173,0.002834135452558472,0.363,8.660028081584393,100000.0,"uniform; assumed Dmin=6 m, Dmax=200 m",periodic_box_mode_sum
hirax_interferom,1.4227075,1.4327075,1.4277075,1.4227075,1.4327075,1.4277105055335924,1.0,0.054860266669902964,0.2342226860701221,0.9968116898496574,69569312.00000001,ok,0.016898399671752284,0.3629948248642061,0.0019383296428535565,0.002834135452558472,0.363,8.660028081584393,100000.0,"uniform; assumed Dmin=6 m, Dmax=200 m",periodic_box_mode_sum
hirax_interferom,1.4327075,1.4427075,1.4377075000000001,1.4327075,1.4427075,1.4377104435342651,1.0,0.05572830825066864,0.23606843975988964,0.9968116898496573,69569311.99999999,ok,0.016754075387336607,0.36299485435054657,0.0019327997892847333,0.002834135452558472,0.363,8.660028081584393,100000.0,"uniform; assumed Dmin=6 m, Dmax=200 m",periodic_box_mode_sum
hirax_interferom,1.4427075,1.4527075,1.4477075,1.4427075,1.4527075,1.4477103826714128,1.0,0.05660706694532343,0.23792239689723083,0.996840834079406,69571346.02912812,ok,0.016611987047844237,0.36299488346191566,0.001927324692487818,0.002834135452558472,0.363,8.660028081584393,100000.0,"uniform; assumed Dmin=6 m, Dmax=200 m",periodic_box_mode_sum
hirax_interferom,1.4527075,1.4627075,1.4577075000000002,1.4527075,1.4627075,1.4577103229195523,1.0,0.057498806606144794,0.2397890877545198,0.9969281504726271,69577440.0,ok,0.01647208524978501,0.36299491220559504,0.0019219034451190677,0.002834135452558472,0.363,8.660028081584393,100000.0,"uniform; assumed Dmin=6 m, Dmax=200 m",periodic_box_mode_sum
hirax_interferom,1.4627075,1.4727075,1.4677075,1.4627075,1.4727075,1.4677102642539008,1.0,0.05839299155856523,0.24164641846831753,0.9969281504726271,69577440.0,ok,0.016334321997923743,0.36299494058868326,0.001916535159687124,0.002834135452558472,0.363,8.660028081584393,100000.0,"uniform; assumed Dmin=6 m, Dmax=200 m",periodic_box_mode_sum
hirax_interferom,1.4727075,1.4827075,1.4777075000000002,1.4727075,1.4827075,1.4777102066503562,1.0,0.0592959809675739,0.24350766100386637,0.9969281504726267,69577440.0,ok,0.016198650656244568,0.36299496861810115,0.0019112189680330982,0.002834135452558472,0.363,8.660028081584393,100000.0,"uniform; assumed Dmin=6 m, Dmax=200 m",periodic_box_mode_sum
hirax_interferom,1.4827075,1.4927075,1.4877075,1.4827075,1.4927075,1.4877101500854588,1.0,0.06021790784132797,0.24539337367037434,0.9970591820375652,69586584.93270479,ok,0.016065025900931396,0.3629949963005971,0.001905954020826214,0.002834135452558472,0.363,8.660028081584393,100000.0,"uniform; assumed Dmin=6 m, Dmax=200 m",periodic_box_mode_sum
hirax_interferom,1.4927075,1.5027075,1.4977075000000002,1.4927075,1.5027075,1.4977100945363828,1.0,0.06113999454748921,0.24726502896181904,0.997073726251339,69587599.99999999,ok,0.015933403675346534,0.36299502364275227,0.0019007394870744789,0.002834135452558472,0.363,8.660028081584393,100000.0,"uniform; assumed Dmin=6 m, Dmax=200 m",periodic_box_mode_sum
hirax_interferom,1.5027075,1.5127074999999999,1.5077075,1.5027075,1.5127074999999999,1.5077100399809134,1.0,0.06207920032202419,0.24915697927616676,0.997190186874309,69595728.00000001,ok,0.015803741146748367,0.36299505065098553,0.001895574553649891,0.002834135452558472,0.363,8.660028081584393,100000.0,"uniform; assumed Dmin=6 m, Dmax=200 m",periodic_box_mode_sum
hirax_interferom,1.5127074999999999,1.5227075,1.5177075,1.5127074999999999,1.5227075,1.5177099863974273,1.0,0.06302076369683578,0.25103936682686995,0.9972193271073231,69597761.7501887,ok,0.015675996664739747,0.36299507733155834,0.0018904584248276995,0.002834135452558472,0.363,8.660028081584393,100000.0,"uniform; assumed Dmin=6 m, Dmax=200 m",periodic_box_mode_sum
hirax_interferom,1.5227075,1.5327075,1.5277075,1.5227075,1.5327075,1.5277099337648699,1.0,0.06397390507838695,0.25293063293794,0.9972775323415363,69601824.0,ok,0.015550129721471455,0.36299510369057914,0.0018853903218392601,0.002834135452558472,0.363,8.660028081584393,100000.0,"uniform; assumed Dmin=6 m, Dmax=200 m",periodic_box_mode_sum
hirax_interferom,1.5327075,1.5427075000000001,1.5377075,1.5327075,1.5427075000000001,1.5377098820627417,1.0,0.06493160977523274,0.2548168161154847,0.9972775323415363,69601824.00000001,ok,0.015426100913352744,0.36299512973400827,0.001880369482438028,0.002834135452558472,0.363,8.660028081584393,100000.0,"uniform; assumed Dmin=6 m, Dmax=200 m",periodic_box_mode_sum
hirax_interferom,1.5427075000000001,1.5527075,1.5477075,1.5427075000000001,1.5527075,1.5477098312710826,1.0,0.06590107746322825,0.25671205165170613,0.9973066710099794,69603857.64099441,ok,0.015303871904272142,0.3629951554676619,0.0018753951604782674,0.002834135452558472,0.363,8.660028081584393,100000.0,"uniform; assumed Dmin=6 m, Dmax=200 m",periodic_box_mode_sum
hirax_interferom,1.5527075,1.5627075000000001,1.5577075,1.5527075,1.5627075000000001,1.5577097813704475,1.0,0.06688493769081678,0.25862122436261253,0.997393992964506,69609952.0,ok,0.015183405390299646,0.3629951808972164,0.0018704666255060587,0.002834135452558472,0.363,8.660028081584393,100000.0,"uniform; assumed Dmin=6 m, Dmax=200 m",periodic_box_mode_sum
hirax_interferom,1.5627075000000001,1.5727075,1.5677075,1.5627075000000001,1.5727075,1.5677097323418956,1.0,0.06787345736260166,0.2605253487908646,0.9974231306351707,69611985.57135762,ok,0.015064665065754301,0.36299520602821234,0.0018655831623622075,0.002834135452558472,0.363,8.660028081584393,100000.0,"uniform; assumed Dmin=6 m, Dmax=200 m",periodic_box_mode_sum
hirax_interferom,1.5727075,1.5827075000000002,1.5777075,1.5727075,1.5827075000000002,1.5777096841669767,1.0,0.06887155703072245,0.2624339098339284,0.9974522232759909,69614016.0,ok,0.014947615590575607,0.36299523086605834,0.001860744070796652,0.002834135452558472,0.363,8.660028081584393,100000.0,"uniform; assumed Dmin=6 m, Dmax=200 m",periodic_box_mode_sum
hirax_interferom,1.5827075000000002,1.5927075,1.5877075,1.5827075000000002,1.5927075,1.5877096368277113,1.0,0.06987675801493325,0.2643421230430997,0.9974522232759908,69614016.00000001,ok,0.014832222558936925,0.36299525541603506,0.0018559486650940394,0.002834135452558472,0.363,8.660028081584393,100000.0,"uniform; assumed Dmin=6 m, Dmax=200 m",periodic_box_mode_sum
hirax_interferom,1.5927075,1.6027075000000002,1.5977075,1.5927075,1.6027075000000002,1.5977095903065777,1.0,0.0708969111780624,0.2662647388935726,0.9975104535874758,69618080.0,ok,0.014718452469115503,0.36299527968329864,0.0018511962737100638,0.002834135452558472,0.363,8.660028081584393,100000.0,"uniform; assumed Dmin=6 m, Dmax=200 m",periodic_box_mode_sum
hirax_interferom,1.6027075000000002,1.6127075,1.6077075,1.6027075000000002,1.6127075,1.6077095445865,1.0,0.07192432514304685,0.2681871084579698,0.9975395893644797,69620113.43919557,ok,0.014606272694461252,0.3629953036728843,0.0018464862389182349,0.002834135452558472,0.363,8.660028081584393,100000.0,"uniform; assumed Dmin=6 m, Dmax=200 m",periodic_box_mode_sum
hirax_interferom,1.6127075,1.6227075000000002,1.6177075,1.6127075,1.6227075000000002,1.6177094996508334,1.0,0.07296163668184616,0.27011411788695194,0.9975686838989607,69622144.0,ok,0.014495651455469523,0.36299532738970974,0.0018418179164667457,0.002834135452558472,0.363,8.660028081584393,100000.0,"uniform; assumed Dmin=6 m, Dmax=200 m",periodic_box_mode_sum
hirax_interferom,1.6227075000000002,1.6327075,1.6277075,1.6227075000000002,1.6327075,1.6277094554833498,1.0,0.07401171529834971,0.2720509424691444,0.9976269142104456,69626208.0,ok,0.014386557792925492,0.36299535083857865,0.0018371906752451253,0.002834135452558472,0.363,8.660028081584393,100000.0,"uniform; assumed Dmin=6 m, Dmax=200 m",periodic_box_mode_sum
hirax_interferom,1.6327075,1.6427075,1.6377074999999999,1.6327075,1.6427075,1.6377094120682267,1.0,0.07506638498153635,0.2739824537840632,0.9976269142104454,69626208.0,ok,0.014278961542040608,0.36299537402418347,0.0018326038969603965,0.002834135452558472,0.363,8.660028081584393,100000.0,"uniform; assumed Dmin=6 m, Dmax=200 m",periodic_box_mode_sum
hirax_interferom,1.6427075,1.6527075,1.6477075,1.6427075,1.6527075,1.6477093693900382,1.0,0.0761410649002342,0.27593670451796404,0.9977288455369456,69633321.97381075,ok,0.014172833307548446,0.36299539695110894,0.0018280569758223413,0.002834135452558472,0.363,8.660028081584393,100000.0,"uniform; assumed Dmin=6 m, Dmax=200 m",periodic_box_mode_sum
hirax_interferom,1.6527075,1.6627075,1.6577075,1.6527075,1.6627075,1.6577093274337358,1.0,0.07722042631865549,0.2778856353226188,0.9977724899891579,69636368.0,ok,0.014068144439717803,0.36299541962383486,0.0018235493182376407,0.002834135452558472,0.363,8.660028081584393,100000.0,"uniform; assumed Dmin=6 m, Dmax=200 m",periodic_box_mode_sum
hirax_interferom,1.6627075,1.6727075,1.6677075000000001,1.6627075,1.6727075,1.667709286184644,1.0,0.07831165956905557,0.2798422047673574,0.9978307383157183,69640433.25730509,ok,0.013964867011263576,0.36299544204673906,0.0018190803425126782,0.002834135452558472,0.363,8.660028081584393,100000.0,"uniform; assumed Dmin=6 m, Dmax=200 m",periodic_box_mode_sum
hirax_interferom,1.6727075,1.6827075,1.6777075,1.6727075,1.6827075,1.6777092456284468,1.0,0.07941042838093644,0.2817985599341069,0.997859835456385,69642464.0,ok,0.013862973795085515,0.3629954642241001,0.001814649478564646,0.002834135452558472,0.363,8.660028081584393,100000.0,"uniform; assumed Dmin=6 m, Dmax=200 m",periodic_box_mode_sum
hirax_interferom,1.6827075,1.6927075,1.6877075000000001,1.6827075,1.6927075,1.6877092057511782,1.0,0.08051673829506957,0.28375471501821703,0.9978598354563849,69642464.0,ok,0.013762438242820243,0.36299548616010024,0.0018102561676406352,0.002834135452558472,0.363,8.660028081584393,100000.0,"uniform; assumed Dmin=6 m, Dmax=200 m",periodic_box_mode_sum
hirax_interferom,1.6927075,1.7027075,1.6977075,1.6927075,1.7027075,1.6977091665392092,1.0,0.08163357160415222,0.28571589315988744,0.997859835456385,69642464.0,ok,0.01366323446416961,0.3629955078588277,0.0018058998620446845,0.002834135452558472,0.363,8.660028081584393,100000.0,"uniform; assumed Dmin=6 m, Dmax=200 m",periodic_box_mode_sum
hirax_interferom,1.7027075,1.7127075,1.7077075000000002,1.7027075,1.7127075,1.707709127979243,1.0,0.08276101659969363,0.28768214508323875,0.9978598354563849,69642464.0,ok,0.01356533720697078,0.36299552932427964,0.0018015800248723055,0.002834135452558472,0.363,8.660028081584393,100000.0,"uniform; assumed Dmin=6 m, Dmax=200 m",periodic_box_mode_sum
hirax_interferom,1.7127075,1.7227075,1.7177075,1.7127075,1.7227075,1.7177090900583,1.0,0.083902293651291,0.28965892641396535,0.9978889666491151,69644497.11925068,ok,0.013468721837976639,0.36299555056036426,0.001797296129752316,0.002834135452558472,0.363,8.660028081584393,100000.0,"uniform; assumed Dmin=6 m, Dmax=200 m",periodic_box_mode_sum
hirax_interferom,1.7227075,1.7327075,1.7277075000000002,1.7227075,1.7327075,1.7277090527637136,1.0,0.08505759364047512,0.29164635029513936,0.9979471965844547,69648561.09299883,ok,0.013373364324323508,0.3629955715709034,0.0017930476605959459,0.002834135452558472,0.363,8.660028081584393,100000.0,"uniform; assumed Dmin=6 m, Dmax=200 m",periodic_box_mode_sum
hirax_interferom,1.7327075,1.7427075,1.7377075,1.7327075,1.7427075,1.7377090160831181,1.0,0.08622073193645868,0.2936336696233228,0.9979762960793548,69650591.99999999,ok,0.013279241215645096,0.3629955923596347,0.0017888341113525903,0.002834135452558472,0.363,8.660028081584393,100000.0,"uniform; assumed Dmin=6 m, Dmax=200 m",periodic_box_mode_sum
hirax_interferom,1.7427075,1.7527075,1.7477075000000002,1.7427075,1.7527075,1.7477089800044419,1.0,0.08739170035645374,0.29562087266709325,0.997976296079355,69650592.0,ok,0.01318632962682093,0.362995612930214,0.0017846549857725013,0.002834135452558472,0.363,8.660028081584393,100000.0,"uniform; assumed Dmin=6 m, Dmax=200 m",periodic_box_mode_sum
hirax_interferom,1.7527075,1.7627075,1.7577075,1.7527075,1.7627075,1.757708944515897,1.0,0.08857373784425308,0.29761340333434766,0.9979762960793548,69650592.0,ok,0.013094607221327522,0.3629956332862176,0.0017805097971757282,0.002834135452558472,0.363,8.660028081584393,100000.0,"uniform; assumed Dmin=6 m, Dmax=200 m",periodic_box_mode_sum
hirax_interferom,1.7627075,1.7727075,1.7677075000000002,1.7627075,1.7727075,1.7677089096059755,1.0,0.08978028165587817,0.2996335789858643,0.9980927567023246,69658720.0,ok,0.01300405219516767,0.362995653431144,0.0017763980682275167,0.002834135452558472,0.363,8.660028081584393,100000.0,"uniform; assumed Dmin=6 m, Dmax=200 m",periodic_box_mode_sum
hirax_interferom,1.7727075,1.7827075000000001,1.7777075,1.7727075,1.7827075000000001,1.7777088752634365,1.0,0.09098492017242861,0.30163706697358766,0.9980927567023247,69658720.0,ok,0.012914643261348138,0.36299567336841626,0.0017723193307196457,0.002834135452558472,0.363,8.660028081584393,100000.0,"uniform; assumed Dmin=6 m, Dmax=200 m",periodic_box_mode_sum
hirax_interferom,1.7827075000000001,1.7927075000000001,1.7877075000000002,1.7827075000000001,1.7927075000000001,1.7877088414773032,1.0,0.09220436341899405,0.30365171400634977,0.9981220000677842,69660760.94799078,ok,0.012826359634898301,0.36299569310138396,0.0017682731253578089,0.002834135452558472,0.363,8.660028081584393,100000.0,"uniform; assumed Dmin=6 m, Dmax=200 m",periodic_box_mode_sum
hirax_interferom,1.7927075000000001,1.8027075000000001,1.7977075,1.7927075000000001,1.8027075000000001,1.7977088082368506,1.0,0.0934370691773272,0.3056747768091558,0.9981658377814462,69663820.46225026,ok,0.01273918101840427,0.3629957126333249,0.0017642590015545558,0.002834135452558472,0.363,8.660028081584393,100000.0,"uniform; assumed Dmin=6 m, Dmax=200 m",periodic_box_mode_sum
hirax_interferom,1.8027075000000001,1.8127075000000001,1.8077075000000002,1.8027075000000001,1.8127075000000001,1.8077087755316055,1.0,0.094681480095461,0.30770355879557354,0.9982096887470712,69666880.9013885,ok,0.012653087588023665,0.3629957319674474,0.0017602765172279827,0.002834135452558472,0.363,8.660028081584393,100000.0,"uniform; assumed Dmin=6 m, Dmax=200 m",periodic_box_mode_sum
hirax_interferom,1.8127075000000001,1.8227075000000001,1.8177075,1.8127075000000001,1.8227075000000001,1.8177087433513333,1.0,0.0959358728561042,0.3097351656756207,0.998238905614024,69668920.00000001,ok,0.012568059979978691,0.36299575110689136,0.001756325238605574,0.002834135452558472,0.363,8.660028081584393,100000.0,"uniform; assumed Dmin=6 m, Dmax=200 m",periodic_box_mode_sum
hirax_interferom,1.8227075000000001,1.8327075,1.8277075,1.8227075000000001,1.8327075,1.8277087116860335,1.0,0.0971985057242338,0.3117667489073102,0.9982389056140237,69668920.0,ok,0.012484079277503378,0.36299577005473094,0.0017524047400335216,0.002834135452558472,0.363,8.660028081584393,100000.0,"uniform; assumed Dmin=6 m, Dmax=200 m",periodic_box_mode_sum
hirax_interferom,1.8327075,1.8427075,1.8377075,1.8327075,1.8427075,1.837708680525936,1.0,0.09847299113780256,0.3138040648841289,0.9982389056140238,69668920.0,ok,0.01240112699823856,0.36299578881397554,0.0017485146037908683,0.002834135452558472,0.363,8.660028081584393,100000.0,"uniform; assumed Dmin=6 m, Dmax=200 m",periodic_box_mode_sum
hirax_interferom,1.8427075,1.8527075,1.8477074999999998,1.8427075,1.8527075,1.8477086498614905,1.0,0.0997594309787311,0.3158471639554978,0.9982389056140238,69668920.00000001,ok,0.012319185082022588,0.36299580738757176,0.0017446544199087389,0.002834135452558472,0.363,8.660028081584393,100000.0,"uniform; assumed Dmin=6 m, Dmax=200 m",periodic_box_mode_sum
hirax_interferom,1.8527075,1.8627075,1.8577075,1.8527075,1.8627075,1.8577086196833654,1.0,0.10105792812215782,0.31789609642485045,0.9982389056140238,69668920.0,ok,0.012238235879104475,0.36299582577840495,0.0017408237859942914,0.002834135452558472,0.363,8.660028081584393,100000.0,"uniform; assumed Dmin=6 m, Dmax=200 m",periodic_box_mode_sum
hirax_interferom,1.8627075,1.8727075,1.8677074999999999,1.8627075,1.8727075,1.8677085899824353,1.0,0.10237621521884802,0.3199628341211648,0.9982973651787037,69673000.0,ok,0.01215826213873762,0.36299584398930074,0.0017370223070592196,0.002834135452558472,0.363,8.660028081584393,100000.0,"uniform; assumed Dmin=6 m, Dmax=200 m",periodic_box_mode_sum
hirax_interferom,1.8727075,1.8827075,1.8777075,1.8727075,1.8827075,1.8777085607497843,1.0,0.10370696656075558,0.32203566038678944,0.9983558247433834,69677080.00000001,ok,0.012079246998167696,0.36299586202302664,0.0017332495953528903,0.002834135452558472,0.363,8.660028081584393,100000.0,"uniform; assumed Dmin=6 m, Dmax=200 m",periodic_box_mode_sum
hirax_interferom,1.8827075,1.8927075,1.8877074999999999,1.8827075,1.8927075,1.8877085319766924,1.0,0.10504637682453813,0.3241085880141687,0.9983850545257233,69679120.00000001,ok,0.01200117397193806,0.36299587988229337,0.0017295052701997392,0.002834135452558472,0.363,8.660028081584393,100000.0,"uniform; assumed Dmin=6 m, Dmax=200 m",periodic_box_mode_sum
hirax_interferom,1.8927075,1.9027075,1.8977075,1.8927075,1.9027075,1.8977085036546366,1.0,0.10639440424004117,0.3261815510418104,0.998385054525723,69679120.0,ok,0.011924026941577317,0.3629958975697563,0.0017257889578408876,0.002834135452558472,0.363,8.660028081584393,100000.0,"uniform; assumed Dmin=6 m, Dmax=200 m",periodic_box_mode_sum
hirax_interferom,1.9027075,1.9127075,1.9077075,1.9027075,1.9127075,1.9077084757752782,1.0,0.10775502073682573,0.32826059881872166,0.9983850545257231,69679120.00000001,ok,0.011847790145606784,0.3629959150880169,0.0017221002912799531,0.002834135452558472,0.363,8.660028081584393,100000.0,"uniform; assumed Dmin=6 m, Dmax=200 m",periodic_box_mode_sum
hirax_interferom,1.9127075,1.9227075,1.9177075000000001,1.9127075,1.9227075,1.917708448330468,1.0,0.10912833524882042,0.3303457813395237,0.9983850545257231,69679119.99999999,ok,0.011772448169886372,0.3629959324396241,0.001718438910132798,0.002834135452558472,0.363,8.660028081584393,100000.0,"uniform; assumed Dmin=6 m, Dmax=200 m",periodic_box_mode_sum
hirax_interferom,1.9227075,1.9327075,1.9277075,1.9227075,1.9327075,1.9277084213122322,1.0,0.11051859303359814,0.3324433681600494,0.9984142936368041,69681160.65106991,ok,0.011697985938227809,0.36299594962707543,0.0017148044604811258,0.002834135452558472,0.363,8.660028081584393,100000.0,"uniform; assumed Dmin=6 m, Dmax=200 m",periodic_box_mode_sum
hirax_interferom,1.9327075,1.9427075,1.9377075000000001,1.9327075,1.9427075,1.9377083947127751,1.0,0.11192184181357705,0.33454721910901764,0.9984435140904029,69683200.0,ok,0.011624388703344512,0.3629959666528186,0.0017111965947298649,0.002834135452558472,0.363,8.660028081584393,100000.0,"uniform; assumed Dmin=6 m, Dmax=200 m",periodic_box_mode_sum
hirax_interferom,1.9427075,1.9527075,1.9477075,1.9427075,1.9527075,1.9477083685244665,1.0,0.11333401996528746,0.3366511844109381,0.9984435140904029,69683200.00000001,ok,0.011551642038076241,0.36299598351925216,0.0017076149714682386,0.002834135452558472,0.363,8.660028081584393,100000.0,"uniform; assumed Dmin=6 m, Dmax=200 m",periodic_box_mode_sum
hirax_interferom,1.9527075,1.9627075,1.9577075000000002,1.9527075,1.9627075,1.9577083427398456,1.0,0.11475934310360303,0.3387614840910977,0.9984435140904029,69683200.0,ok,0.011479731826896261,0.36299600022872747,0.0017040592553343305,0.002834135452558472,0.363,8.660028081584393,100000.0,"uniform; assumed Dmin=6 m, Dmax=200 m",periodic_box_mode_sum
hirax_interferom,1.9627075,1.9727075,1.9677075,1.9627075,1.9727075,1.9677083173516121,1.0,0.11620662228607488,0.34089092432341883,0.9985019902072596,69687281.15520671,ok,0.0114086442576603,0.36299601678354904,0.0017005291168831077,0.002834135452558472,0.363,8.660028081584393,100000.0,"uniform; assumed Dmin=6 m, Dmax=200 m",periodic_box_mode_sum
hirax_interferom,1.9727075,1.9827075,1.9777075000000002,1.9727075,1.9827075,1.9777082923526246,1.0,0.11766962732518742,0.3430300676692751,0.9985750521224129,69692380.27996857,ok,0.01133836581363867,0.36299603318597634,0.0016970242324577936,0.002834135452558472,0.363,8.660028081584393,100000.0,"uniform; assumed Dmin=6 m, Dmax=200 m",periodic_box_mode_sum
hirax_interferom,1.9827075,1.9927075,1.9877075,1.9827075,1.9927075,1.9877082677358906,1.0,0.1191375331303278,0.3451630529624047,0.9985896630021022,69693400.00000001,ok,0.01126888326578823,0.3629960494382245,0.0016935442840645008,0.002834135452558472,0.363,8.660028081584393,100000.0,"uniform; assumed Dmin=6 m, Dmax=200 m",periodic_box_mode_sum
hirax_interferom,1.9927075,2.0027075,1.9977075000000002,1.9927075,2.0027075,1.9977082434945714,1.0,0.12061686454481954,0.3472993874812041,0.9985896630021021,69693400.0,ok,0.011200183665264813,0.3629960655424654,0.0016900889592500164,0.002834135452558472,0.363,8.660028081584393,100000.0,"uniform; assumed Dmin=6 m, Dmax=200 m",periodic_box_mode_sum
hirax_interferom,2.0027075,2.0127075000000003,2.0077075000000004,2.0027075,2.0127075000000003,2.0077082196219744,1.0,0.1221099244147829,0.3494423048441372,0.998589663002102,69693399.99999999,ok,0.011132254336151485,0.36299608150082885,0.0016866579509826625,0.002834135452558472,0.363,8.660028081584393,100000.0,"uniform; assumed Dmin=6 m, Dmax=200 m",periodic_box_mode_sum
hirax_interferom,2.0127075000000003,2.0227075,2.0177075,2.0127075000000003,2.0227075,2.017708196111547,1.0,0.12362145851557718,0.3515984336079687,0.998618899832915,69695440.49192582,ok,0.011065082868425289,0.3629960973154036,0.001683250957536117,0.002834135452558472,0.363,8.660028081584393,100000.0,"uniform; assumed Dmin=6 m, Dmax=200 m",periodic_box_mode_sum
hirax_interferom,2.0227075,2.0327075,2.0277075,2.0227075,2.0327075,2.0277081729568733,1.0,0.1251470398411117,0.3537612752141078,0.9986481225667818,69697480.0,ok,0.010998657111133901,0.3629961129882381,0.0016798676823761543,0.002834135452558472,0.363,8.660028081584393,100000.0,"uniform; assumed Dmin=6 m, Dmax=200 m",periodic_box_mode_sum
hirax_interferom,2.0327075,2.0427075,2.0377075,2.0327075,2.0427075,2.0377081501516785,1.0,0.12668212049789696,0.3559243184974819,0.9986481225667816,69697479.99999999,ok,0.010932965165784564,0.3629961285213416,0.0016765078340501938,0.002834135452558472,0.363,8.660028081584393,100000.0,"uniform; assumed Dmin=6 m, Dmax=200 m",periodic_box_mode_sum
hirax_interferom,2.0427075,2.0527075000000004,2.0477075000000005,2.0427075,2.0527075000000004,2.0477081276898157,1.0,0.12820660877808962,0.35805950452137086,0.9983546172137426,69676995.7242966,ok,0.010867995379909273,0.3622665126636424,0.0016731711260795886,0.002834135452558472,0.363,8.660028081584393,100000.0,"uniform; assumed Dmin=6 m, Dmax=200 m",periodic_box_mode_sum
hirax_interferom,2.0527075000000004,2.0627075,2.0577075000000002,2.0527075000000004,2.0627075,2.0577081055652684,1.0,0.12963864038895576,0.36005366320724436,0.9967947753699957,69568131.50751093,ok,0.010803736340846947,0.36012454469489824,0.0016698572768545775,0.002834135452558472,0.363,8.660028081584393,100000.0,"uniform; assumed Dmin=6 m, Dmax=200 m",periodic_box_mode_sum
hirax_interferom,2.0627075,2.0727075,2.0677075,2.0627075,2.0727075,2.0677080837721387,1.0,0.13100516319097577,0.36194635402359804,0.9943679742046766,69398760.61313717,ok,0.010740176869702892,0.35800589565676305,0.0016665660095318195,0.002834135452558472,0.363,8.660028081584393,100000.0,"uniform; assumed Dmin=6 m, Dmax=200 m",periodic_box_mode_sum
hirax_interferom,2.0727075,2.0827074999999997,2.0777075,2.0727075,2.0827074999999997,2.077708062304662,1.0,0.13232477965283704,0.36376473118327046,0.9913528739005492,69188331.24527857,ok,0.010677306015509548,0.35591020051698485,0.0016632970519344446,0.002834135452558472,0.363,8.660028081584393,100000.0,"uniform; assumed Dmin=6 m, Dmax=200 m",periodic_box_mode_sum
hirax_interferom,2.0827074999999997,2.0927075,2.0877074999999996,2.0827074999999997,2.0927075,2.0877080411571867,1.0,0.13361406663760472,0.36553257944758455,0.9879379105501394,68949994.70367055,ok,0.010615113049500106,0.3538371016500036,0.0016600501364545538,0.002834135452558472,0.363,8.660028081584393,100000.0,"uniform; assumed Dmin=6 m, Dmax=200 m",periodic_box_mode_sum
hirax_interferom,2.0927075,2.1027075,2.0977075000000003,2.0927075,2.1027075,2.09770802032418,1.0,0.13487069754058945,0.3672474609042103,0.9841176761267767,68683373.55223505,ok,0.010553587459611019,0.3517862486537007,0.0016568249999580939,0.002834135452558472,0.363,8.660028081584393,100000.0,"uniform; assumed Dmin=6 m, Dmax=200 m",periodic_box_mode_sum
hirax_interferom,2.1027075,2.1127075,2.1077075,2.1027075,2.1127075,2.1077079998002217,1.0,0.13610353933363348,0.36892213180240824,0.9800091672472308,68396633.19896029,ok,0.010492718945120667,0.34975729817068896,0.001653621383692045,0.002834135452558472,0.363,8.660028081584393,100000.0,"uniform; assumed Dmin=6 m, Dmax=200 m",periodic_box_mode_sum
hirax_interferom,2.1127075,2.1227074999999997,2.1177075,2.1127075,2.1227074999999997,2.117707979579997,1.0,0.13731116809115254,0.37055521598157615,0.9756093918952885,68089564.82555936,ok,0.0104324974114479,0.3477499137149301,0.0016504390331938592,0.002834135452558472,0.363,8.660028081584393,100000.0,"uniform; assumed Dmin=6 m, Dmax=200 m",periodic_box_mode_sum
hirax_interferom,2.1227074999999997,2.1327075,2.1277074999999996,2.1227074999999997,2.1327075,2.1277079596583093,1.0,0.13851130543474352,0.3721710701206416,0.9711176905289876,67776080.76739171,ok,0.010372912965132,0.3457637655044,0.0016472776982030851,0.002834135452558472,0.363,8.660028081584393,100000.0,"uniform; assumed Dmin=6 m, Dmax=200 m",periodic_box_mode_sum
hirax_interferom,2.1327075,2.1427075,2.1377075000000003,2.1327075,2.1427075,2.137707940030063,1.0,0.13968377842935986,0.37374293094232547,0.9663100335640121,67440545.58979383,ok,0.010313955908873922,0.3437985302957974,0.0016441371325751192,0.002834135452558472,0.363,8.660028081584393,100000.0,"uniform; assumed Dmin=6 m, Dmax=200 m",periodic_box_mode_sum
hirax_interferom,2.1427075,2.1527075,2.1477075,2.1427075,2.1527075,2.1477079206902663,1.0,0.14084826339993353,0.3752975664721709,0.9614221729656023,67099412.85384591,ok,0.01025561673680153,0.34185389122671767,0.0016410170941970335,0.002834135452558472,0.363,8.660028081584393,100000.0,"uniform; assumed Dmin=6 m, Dmax=200 m",periodic_box_mode_sum
hirax_interferom,2.1527075,2.1627075,2.1577075,2.1527075,2.1627075,2.1577079016340286,1.0,0.14200168405457067,0.37683110813011533,0.9564060678047664,66749329.69519873,ok,0.010197886129840407,0.3399295376613469,0.0016379173449054098,0.002834135452558472,0.363,8.660028081584393,100000.0,"uniform; assumed Dmin=6 m, Dmax=200 m",periodic_box_mode_sum
hirax_interferom,2.1627075,2.1727075,2.1677074999999997,2.1627075,2.1727075,2.167707882856552,1.0,0.14312129896584727,0.37831375730449884,0.9511209831292379,66380473.96398863,ok,0.010140754951214755,0.3380251650404918,0.001634837650406141,0.002834135452558472,0.363,8.660028081584393,100000.0,"uniform; assumed Dmin=6 m, Dmax=200 m",periodic_box_mode_sum
hirax_interferom,2.1727075,2.1827075000000002,2.1777075000000004,2.1727075,2.1827075000000002,2.1777078643531436,1.0,0.14423101520203283,0.37977758649245325,0.9457598984823449,66006314.055697076,ok,0.010084214242118176,0.3361404747372726,0.0016317777801961254,0.002834135452558472,0.363,8.660028081584393,100000.0,"uniform; assumed Dmin=6 m, Dmax=200 m",periodic_box_mode_sum
hirax_interferom,2.1827075000000002,2.1927075,2.1877075,2.1827075000000002,2.1927075,2.1877078461191988,1.0,0.14535252433416632,0.38125126141977067,0.9404901256355903,65638526.965037756,ok,0.010028255217410739,0.3342751739136913,0.001628737507486837,0.002834135452558472,0.363,8.660028081584393,100000.0,"uniform; assumed Dmin=6 m, Dmax=200 m",periodic_box_mode_sum
hirax_interferom,2.1927075,2.2027075,2.1977075,2.1927075,2.2027075,2.1977078281502065,1.0,0.1464490499984453,0.3826866211385568,0.9350117870132606,65256183.68722569,ok,0.009972869261524143,0.33242897538413807,0.0016257166091296832,0.002834135452558472,0.363,8.660028081584393,100000.0,"uniform; assumed Dmin=6 m, Dmax=200 m",periodic_box_mode_sum
hirax_interferom,2.2027075,2.2127075,2.2077074999999997,2.2027075,2.2127075,2.2077078104417462,1.0,0.14752051328204588,0.38408399248347475,0.9293601726908588,64861747.18121107,ok,0.0099180479244528,0.33060159748176005,0.0016227148655431304,0.002834135452558472,0.363,8.660028081584393,100000.0,"uniform; assumed Dmin=6 m, Dmax=200 m",periodic_box_mode_sum
hirax_interferom,2.2127075,2.2227075000000003,2.2177075000000004,2.2127075,2.2227075000000003,2.2177077929894815,1.0,0.14859367498796286,0.3854785013304411,0.9237535757489422,64470452.5205623,ok,0.009863782917844916,0.32879276392816387,0.0016197320606415324,0.002834135452558472,0.363,8.660028081584393,100000.0,"uniform; assumed Dmin=6 m, Dmax=200 m",periodic_box_mode_sum
hirax_interferom,2.2227075000000003,2.2327075,2.2277075,2.2227075000000003,2.2327075,2.2277077757891597,1.0,0.14964642149318988,0.38684159741836177,0.918013143842438,64069817.27281698,ok,0.009810066111263994,0.3270022037087998,0.0016167679817656337,0.002834135452558472,0.363,8.660028081584393,100000.0,"uniform; assumed Dmin=6 m, Dmax=200 m",periodic_box_mode_sum
hirax_interferom,2.2327075,2.2427075,2.2377075,2.2327075,2.2427075,2.237707758836619,1.0,0.15069091842152935,0.3881892816932602,0.9122364931279642,63666654.24818304,ok,0.00975688952843961,0.3252296509479869,0.0016138224196146859,0.002834135452558472,0.363,8.660028081584393,100000.0,"uniform; assumed Dmin=6 m, Dmax=200 m",periodic_box_mode_sum
hirax_interferom,2.2427075,2.2527075,2.2477074999999997,2.2427075,2.2527075,2.247707742127776,1.0,0.15173632107509533,0.38953346592442517,0.9065047590326046,63266626.03659452,ok,0.009704245343713648,0.32347484479045496,0.0016108951681801545,0.002834135452558472,0.363,8.660028081584393,100000.0,"uniform; assumed Dmin=6 m, Dmax=200 m",periodic_box_mode_sum
hirax_interferom,2.2527075,2.2627075000000003,2.2577075000000004,2.2527075,2.2627075000000003,2.257707725658624,1.0,0.1527611131303485,0.3908466619153201,0.9006442507364983,62857610.43787907,ok,0.009652125878557983,0.32173752928526606,0.001607986024680944,0.002834135452558472,0.363,8.660028081584393,100000.0,"uniform; assumed Dmin=6 m, Dmax=200 m",periodic_box_mode_sum
hirax_interferom,2.2627075000000003,2.2727075,2.2677075,2.2627075000000003,2.2727075,2.267707709425237,1.0,0.15378654011078793,0.3921562700133557,0.8948285661118596,62451723.165222675,ok,0.009600523598172674,0.3200174532724225,0.0016050947895001305,0.002834135452558472,0.363,8.660028081584393,100000.0,"uniform; assumed Dmin=6 m, Dmax=200 m",periodic_box_mode_sum
hirax_interferom,2.2727075,2.2827075,2.2777075,2.2727075,2.2827075,2.2777076934237597,1.0,0.15480207825589892,0.3934489525413671,0.8889717369704707,62042964.34144782,ok,0.0095494311082339,0.3183143702744633,0.0016022212661231442,0.002834135452558472,0.363,8.660028081584393,100000.0,"uniform; assumed Dmin=6 m, Dmax=200 m",periodic_box_mode_sum
hirax_interferom,2.2827075,2.2927075,2.2877075,2.2827075,2.2927075,2.2877076776504204,1.0,0.15581164913428647,0.39472984322734767,0.883095243251124,61632833.090791106,ok,0.009498841151636564,0.31662803838788545,0.0015993652610773786,0.002834135452558472,0.363,8.660028081584393,100000.0,"uniform; assumed Dmin=6 m, Dmax=200 m",periodic_box_mode_sum
hirax_interferom,2.2927075,2.3027075000000004,2.2977075000000005,2.2927075,2.3027075000000004,2.297707662101516,1.0,0.15679678738808803,0.3959757409085663,0.8770786095442444,61212921.21394829,ok,0.009448746605386983,0.31495822017956615,0.0015965265838731974,0.002834135452558472,0.363,8.660028081584393,100000.0,"uniform; assumed Dmin=6 m, Dmax=200 m",periodic_box_mode_sum
hirax_interferom,2.3027075000000004,2.3127075,2.3077075000000002,2.3027075000000004,2.3127075,2.3077076467734106,1.0,0.15781100580469953,0.397254333902979,0.871341555836224,60812521.73685726,ok,0.009399140477572088,0.31330468258573624,0.00159370504694626,0.002834135452558472,0.363,8.660028081584393,100000.0,"uniform; assumed Dmin=6 m, Dmax=200 m",periodic_box_mode_sum
hirax_interferom,2.3127075,2.3227075,2.3177075,2.3127075,2.3227075,2.317707631662545,1.0,0.15879824236711879,0.39849497157068214,0.865449300220064,60401290.43457769,ok,0.009350015904395867,0.31166719681319555,0.001590900465601157,0.002834135452558472,0.363,8.660028081584393,100000.0,"uniform; assumed Dmin=6 m, Dmax=200 m",periodic_box_mode_sum
hirax_interferom,2.3227075,2.3327075,2.3277075,2.3227075,2.3327075,2.327707616765416,1.0,0.15975797377775347,0.39969735272797774,0.8594072872091888,59979607.28966488,ok,0.00930136614732461,0.3100455382441537,0.001588112657956332,0.002834135452558472,0.363,8.660028081584393,100000.0,"uniform; assumed Dmin=6 m, Dmax=200 m",periodic_box_mode_sum
hirax_interferom,2.3327075,2.3427075,2.3377075,2.3327075,2.3427075,2.3377076020786007,1.0,0.16073535148350002,0.40091813563806267,0.8535372700768331,59569928.05186643,ok,0.009253184590273964,0.30843948634246543,0.001585341444890284,0.002834135452558472,0.363,8.660028081584393,100000.0,"uniform; assumed Dmin=6 m, Dmax=200 m",periodic_box_mode_sum
hirax_interferom,2.3427075,2.3527075,2.3477075000000003,2.3427075,2.3527075,2.3477075875987343,1.0,0.16170321023859197,0.40212337688648736,0.8476504575348552,59159076.63169483,ok,0.009205464736865947,0.3068488245621982,0.0015825866499889368,0.002834135452558472,0.363,8.660028081584393,100000.0,"uniform; assumed Dmin=6 m, Dmax=200 m",periodic_box_mode_sum
hirax_interferom,2.3527075,2.3627075,2.3577075,2.3527075,2.3627075,2.3577075733225152,1.0,0.16267227253031896,0.40332650858866065,0.8418191776197143,58752100.93517491,ok,0.009158200207788795,0.3052733402596265,0.0015798480994941744,0.002834135452558472,0.363,8.660028081584393,100000.0,"uniform; assumed Dmin=6 m, Dmax=200 m",periodic_box_mode_sum
hirax_interferom,2.3627075,2.3727074999999997,2.3677075,2.3627075,2.3727074999999997,2.3677075592467074,1.0,0.1636051548522039,0.40448134054886126,0.8357929224735258,58331517.56047549,ok,0.009111384738209894,0.30371282460699645,0.0015771256222535807,0.002834135452558472,0.363,8.660028081584393,100000.0,"uniform; assumed Dmin=6 m, Dmax=200 m",periodic_box_mode_sum
hirax_interferom,2.3727074999999997,2.3827075,2.3777074999999996,2.3727074999999997,2.3827075,2.3777075453681285,1.0,0.16456698090466457,0.40566856040943644,0.8299931117981053,57926738.159784354,ok,0.009065012175250929,0.30216707250836433,0.0015744190496713077,0.002834135452558472,0.363,8.660028081584393,100000.0,"uniform; assumed Dmin=6 m, Dmax=200 m",periodic_box_mode_sum
hirax_interferom,2.3827075,2.3927075,2.3877075000000003,2.3827075,2.3927075,2.387707531683663,1.0,0.16553159458708372,0.40685574174034184,0.8242586364081982,57526518.628232785,ok,0.009019076475573479,0.300635882519116,0.0015717282156599566,0.002834135452558472,0.363,8.660028081584393,100000.0,"uniform; assumed Dmin=6 m, Dmax=200 m",periodic_box_mode_sum
hirax_interferom,2.3927075,2.4027075,2.3977075,2.3927075,2.4027075,2.397707518190249,1.0,0.16647979275930172,0.4080193534126803,0.8184651884352225,57122183.29218902,ok,0.008973571702935203,0.2991190567645068,0.0015690529565935832,0.002834135452558472,0.363,8.660028081584393,100000.0,"uniform; assumed Dmin=6 m, Dmax=200 m",periodic_box_mode_sum
hirax_interferom,2.4027075,2.4127075,2.4077075,2.4027075,2.4127075,2.4077075048848853,1.0,0.16743294512815074,0.4091857098288633,0.8127518047145844,56723435.78683347,ok,0.0089284920258873,0.29761640086290997,0.001566393111261795,0.002834135452558472,0.363,8.660028081584393,100000.0,"uniform; assumed Dmin=6 m, Dmax=200 m",periodic_box_mode_sum
hirax_interferom,2.4127075,2.4227075,2.4177074999999997,2.4127075,2.4227075,2.417707491764623,1.0,0.1683478145396146,0.4103021015539825,0.8068641317529625,56312524.31640036,ok,0.008883831715507096,0.2961277238502365,0.0015637485208247301,0.002834135452558472,0.363,8.660028081584393,100000.0,"uniform; assumed Dmin=6 m, Dmax=200 m",periodic_box_mode_sum
hirax_interferom,2.4227075,2.4327075000000002,2.4277075000000004,2.4227075,2.4327075000000002,2.4277074788265716,1.0,0.16929594144038335,0.4114558803084279,0.8012316751112245,55919424.85997782,ok,0.008839585143179288,0.29465283810597626,0.0015611190287691185,0.002834135452558472,0.363,8.660028081584393,100000.0,"uniform; assumed Dmin=6 m, Dmax=200 m",periodic_box_mode_sum
hirax_interferom,2.4327075000000002,2.4427075,2.4377075,2.4327075000000002,2.4427075,2.437707466067884,1.0,0.17021785034933534,0.41257466033353934,0.7954896361776056,55518677.45486929,ok,0.00879574677847069,0.29319155928235635,0.001558504480865336,0.002834135452558472,0.363,8.660028081584393,100000.0,"uniform; assumed Dmin=6 m, Dmax=200 m",periodic_box_mode_sum
hirax_interferom,2.4427075,2.4527075,2.4477075,2.4427075,2.4527075,2.447707453485777,1.0,0.17113338959483468,0.41368271609391016,0.7897584264432612,55118685.8393956,ok,0.008752311187005955,0.29174370623353185,0.0015559047251252572,0.002834135452558472,0.363,8.660028081584393,100000.0,"uniform; assumed Dmin=6 m, Dmax=200 m",periodic_box_mode_sum
hirax_interferom,2.4527075,2.4627075,2.4577074999999997,2.4527075,2.4627075,2.457707441077512,1.0,0.17204989255651518,0.4147889735233028,0.7840833273188426,54722610.28607101,ok,0.008709273028418512,0.2903091009472838,0.001553319611761186,0.002834135452558472,0.363,8.660028081584393,100000.0,"uniform; assumed Dmin=6 m, Dmax=200 m",periodic_box_mode_sum
hirax_interferom,2.4627075,2.4727075000000003,2.4677075000000004,2.4627075,2.4727075000000003,2.467707428840405,1.0,0.1729504793589307,0.4158731529672608,0.7783682251535632,54323742.8473192,ok,0.008666627054365775,0.28888756847885916,0.001550748993145588,0.002834135452558472,0.363,8.660028081584393,100000.0,"uniform; assumed Dmin=6 m, Dmax=200 m",periodic_box_mode_sum
hirax_interferom,2.4727075000000003,2.4827075,2.4777075,2.4727075000000003,2.4827075,2.4777074167718167,1.0,0.1738746710823021,0.41698281868957393,0.7728205333469692,53936559.28386101,ok,0.008624368106583739,0.2874789368861246,0.0015481927237716664,0.002834135452558472,0.363,8.660028081584393,100000.0,"uniform; assumed Dmin=6 m, Dmax=200 m",periodic_box_mode_sum
hirax_interferom,2.4827075,2.4927075,2.4877075,2.4827075,2.4927075,2.4877074048691523,1.0,0.17477632996312661,0.4180625909635142,0.7671966710219029,53544059.64052657,ok,0.008582491114982967,0.28608303716609895,0.0015456506602149333,0.002834135452558472,0.363,8.660028081584393,100000.0,"uniform; assumed Dmin=6 m, Dmax=200 m",periodic_box_mode_sum
hirax_interferom,2.4927075,2.5027075,2.4977074999999997,2.4927075,2.5027075,2.4977073931298706,1.0,0.1756873695366871,0.4191507718431246,0.7616868636554065,53159520.10147131,ok,0.008540991095837233,0.2846997031945745,0.0015431226610953827,0.002834135452558472,0.363,8.660028081584393,100000.0,"uniform; assumed Dmin=6 m, Dmax=200 m",periodic_box_mode_sum
hirax_interferom,2.5027075,2.5127075000000003,2.5077075000000004,2.5027075,2.5127075000000003,2.507707381551476,1.0,0.1766128438212545,0.42025330911398484,0.7562951202636765,52783220.463272065,ok,0.00849986314993004,0.28332877166433473,0.0015406085870407259,0.002834135452558472,0.363,8.660028081584393,100000.0,"uniform; assumed Dmin=6 m, Dmax=200 m",periodic_box_mode_sum
hirax_interferom,2.5127075000000003,2.5227075,2.5177075,2.5127075000000003,2.5227075,2.517707370131514,1.0,0.17750302881256472,0.4213110831826819,0.7507627928544515,52397109.20922309,ok,0.008459102460818116,0.28197008202727053,0.0015381083006501825,0.002834135452558472,0.363,8.660028081584393,100000.0,"uniform; assumed Dmin=6 m, Dmax=200 m",periodic_box_mode_sum
hirax_interferom,2.5227075,2.5327075,2.5277075,2.5227075,2.5327075,2.5277073588675756,1.0,0.17840164984038825,0.42237619468950693,0.7453296106203965,52017917.478384905,ok,0.008418704293116839,0.280623476437228,0.0015356216664592262,0.002834135452558472,0.363,8.660028081584393,100000.0,"uniform; assumed Dmin=6 m, Dmax=200 m",periodic_box_mode_sum
hirax_interferom,2.5327075,2.5427075,2.5377075,2.5327075,2.5427075,2.537707347757297,1.0,0.1792907180848986,0.4234273468788933,0.7398947113464104,51638605.91218774,ok,0.008378663990821869,0.2792887996940623,0.001533148550904948,0.002834135452558472,0.363,8.660028081584393,100000.0,"uniform; assumed Dmin=6 m, Dmax=200 m",periodic_box_mode_sum
hirax_interferom,2.5427075,2.5527075000000004,2.5477075000000005,2.5427075,2.551015,2.546861138002697,0.830763868874864,0.18009765266207856,0.42437913787329196,0.7349266554836751,51291876.201985225,partial_band,0.008342321718904217,0.27807739063014064,0.001530896449208727,0.002834135452558472,0.363,8.660028081584393,100000.0,"uniform; assumed Dmin=6 m, Dmax=200 m",periodic_box_mode_sum
hirax_interferom,2.5527075000000004,2.5627075,2.5577075000000002,,,,0.0,,,,,out_of_band,,,,,0.363,8.660028081584393,100000.0,"uniform; assumed Dmin=6 m, Dmax=200 m",periodic_box_mode_sum
hirax_interferom,2.5627075,2.5727075,2.5677075,,,,0.0,,,,,out_of_band,,,,,0.363,8.660028081584393,100000.0,"uniform; assumed Dmin=6 m, Dmax=200 m",periodic_box_mode_sum
hirax_interferom,2.5727075,2.5827075,2.5777075,,,,0.0,,,,,out_of_band,,,,,0.363,8.660028081584393,100000.0,"uniform; assumed Dmin=6 m, Dmax=200 m",periodic_box_mode_sum
hirax_interferom,2.5827075,2.5927075,2.5877075,,,,0.0,,,,,out_of_band,,,,,0.363,8.660028081584393,100000.0,"uniform; assumed Dmin=6 m, Dmax=200 m",periodic_box_mode_sum
hirax_interferom,2.5927075,2.6027075,2.5977075000000003,,,,0.0,,,,,out_of_band,,,,,0.363,8.660028081584393,100000.0,"uniform; assumed Dmin=6 m, Dmax=200 m",periodic_box_mode_sum
hirax_interferom,2.6027075,2.6127075,2.6077075,,,,0.0,,,,,out_of_band,,,,,0.363,8.660028081584393,100000.0,"uniform; assumed Dmin=6 m, Dmax=200 m",periodic_box_mode_sum
hirax_interferom,2.6127075,2.6227074999999997,2.6177075,,,,0.0,,,,,out_of_band,,,,,0.363,8.660028081584393,100000.0,"uniform; assumed Dmin=6 m, Dmax=200 m",periodic_box_mode_sum
hirax_interferom,2.6227074999999997,2.6327075,2.6277074999999996,,,,0.0,,,,,out_of_band,,,,,0.363,8.660028081584393,100000.0,"uniform; assumed Dmin=6 m, Dmax=200 m",periodic_box_mode_sum
hirax_interferom,2.6327075,2.6427075,2.6377075000000003,,,,0.0,,,,,out_of_band,,,,,0.363,8.660028081584393,100000.0,"uniform; assumed Dmin=6 m, Dmax=200 m",periodic_box_mode_sum
hirax_interferom,2.6427075,2.6527075,2.6477075,,,,0.0,,,,,out_of_band,,,,,0.363,8.660028081584393,100000.0,"uniform; assumed Dmin=6 m, Dmax=200 m",periodic_box_mode_sum
hirax_interferom,2.6527075,2.6627075,2.6577075,,,,0.0,,,,,out_of_band,,,,,0.363,8.660028081584393,100000.0,"uniform; assumed Dmin=6 m, Dmax=200 m",periodic_box_mode_sum
hirax_interferom,2.6627075,2.6727075,2.6677074999999997,,,,0.0,,,,,out_of_band,,,,,0.363,8.660028081584393,100000.0,"uniform; assumed Dmin=6 m, Dmax=200 m",periodic_box_mode_sum
hirax_interferom,2.6727075,2.6827075000000002,2.6777075000000004,,,,0.0,,,,,out_of_band,,,,,0.363,8.660028081584393,100000.0,"uniform; assumed Dmin=6 m, Dmax=200 m",periodic_box_mode_sum
hirax_interferom,2.6827075000000002,2.6927075,2.6877075,,,,0.0,,,,,out_of_band,,,,,0.363,8.660028081584393,100000.0,"uniform; assumed Dmin=6 m, Dmax=200 m",periodic_box_mode_sum
hirax_interferom,2.6927075,2.7027075000000003,2.6977075,,,,0.0,,,,,out_of_band,,,,,0.363,8.660028081584393,100000.0,"uniform; assumed Dmin=6 m, Dmax=200 m",periodic_box_mode_sum
hirax_interferom,2.7027075000000003,2.7127075,2.7077075,,,,0.0,,,,,out_of_band,,,,,0.363,8.660028081584393,100000.0,"uniform; assumed Dmin=6 m, Dmax=200 m",periodic_box_mode_sum
hirax_interferom,2.7127075,2.7227075,2.7177075,,,,0.0,,,,,out_of_band,,,,,0.363,8.660028081584393,100000.0,"uniform; assumed Dmin=6 m, Dmax=200 m",periodic_box_mode_sum
hirax_interferom,2.7227075,2.7327075,2.7277075,,,,0.0,,,,,out_of_band,,,,,0.363,8.660028081584393,100000.0,"uniform; assumed Dmin=6 m, Dmax=200 m",periodic_box_mode_sum
hirax_interferom,2.7327075,2.742715,2.7377112500000003,,,,0.0,,,,,out_of_band,,,,,0.363,8.660028081584393,100000.0,"uniform; assumed Dmin=6 m, Dmax=200 m",periodic_box_mode_sum
tianlai_icyl,0.39236421052631565,0.40236421052631566,0.39736421052631565,,,,0.0,,,,,out_of_band,,,,,0.363,8.660028081584393,100000.0,/home/liuhk/bao21cm-master/bao21cm-master/array_config/nx_TIANLAI_1000.dat,periodic_box_mode_sum
tianlai_icyl,0.40236421052631566,0.41236421052631567,0.40736421052631566,,,,0.0,,,,,out_of_band,,,,,0.363,8.660028081584393,100000.0,/home/liuhk/bao21cm-master/bao21cm-master/array_config/nx_TIANLAI_1000.dat,periodic_box_mode_sum
tianlai_icyl,0.41236421052631567,0.4223642105263157,0.41736421052631567,,,,0.0,,,,,out_of_band,,,,,0.363,8.660028081584393,100000.0,/home/liuhk/bao21cm-master/bao21cm-master/array_config/nx_TIANLAI_1000.dat,periodic_box_mode_sum
tianlai_icyl,0.4223642105263157,0.43236421052631563,0.4273642105263157,,,,0.0,,,,,out_of_band,,,,,0.363,8.660028081584393,100000.0,/home/liuhk/bao21cm-master/bao21cm-master/array_config/nx_TIANLAI_1000.dat,periodic_box_mode_sum
tianlai_icyl,0.43236421052631563,0.44236421052631564,0.43736421052631563,,,,0.0,,,,,out_of_band,,,,,0.363,8.660028081584393,100000.0,/home/liuhk/bao21cm-master/bao21cm-master/array_config/nx_TIANLAI_1000.dat,periodic_box_mode_sum
tianlai_icyl,0.44236421052631564,0.45236421052631565,0.44736421052631564,,,,0.0,,,,,out_of_band,,,,,0.363,8.660028081584393,100000.0,/home/liuhk/bao21cm-master/bao21cm-master/array_config/nx_TIANLAI_1000.dat,periodic_box_mode_sum
tianlai_icyl,0.45236421052631565,0.46236421052631566,0.45736421052631565,,,,0.0,,,,,out_of_band,,,,,0.363,8.660028081584393,100000.0,/home/liuhk/bao21cm-master/bao21cm-master/array_config/nx_TIANLAI_1000.dat,periodic_box_mode_sum
tianlai_icyl,0.46236421052631566,0.47236421052631566,0.46736421052631566,,,,0.0,,,,,out_of_band,,,,,0.363,8.660028081584393,100000.0,/home/liuhk/bao21cm-master/bao21cm-master/array_config/nx_TIANLAI_1000.dat,periodic_box_mode_sum
tianlai_icyl,0.47236421052631566,0.4823642105263156,0.4773642105263156,,,,0.0,,,,,out_of_band,,,,,0.363,8.660028081584393,100000.0,/home/liuhk/bao21cm-master/bao21cm-master/array_config/nx_TIANLAI_1000.dat,periodic_box_mode_sum
tianlai_icyl,0.4823642105263156,0.4923642105263156,0.4873642105263156,,,,0.0,,,,,out_of_band,,,,,0.363,8.660028081584393,100000.0,/home/liuhk/bao21cm-master/bao21cm-master/array_config/nx_TIANLAI_1000.dat,periodic_box_mode_sum
tianlai_icyl,0.4923642105263156,0.5023642105263156,0.49736421052631563,0.49516421052631565,0.5023642105263156,0.49877650308395716,0.7228797981234277,0.00015676479935952217,0.012520575041088255,0.7663799469953374,53171082.056721315,partial_band,0.004170181014316406,0.36298805253422406,0.002945117554766728,0.004251203178837708,0.363,8.660028081584393,100000.0,/home/liuhk/bao21cm-master/bao21cm-master/array_config/nx_TIANLAI_1000.dat,periodic_box_mode_sum
tianlai_icyl,0.5023642105263156,0.5123642105263156,0.5073642105263156,0.5023642105263156,0.5123642105263156,0.5073873489976207,1.0,0.00017153241029893796,0.013097038226215038,0.7753700387983149,53794810.41864892,ok,0.0040857317666547375,0.36298819978931224,0.002926911975841738,0.004251203178837708,0.363,8.660028081584393,100000.0,/home/liuhk/bao21cm-master/bao21cm-master/array_config/nx_TIANLAI_1000.dat,periodic_box_mode_sum
tianlai_icyl,0.5123642105263156,0.5223642105263157,0.5173642105263156,0.5123642105263156,0.5223642105263157,0.5173867060417505,1.0,0.00018297601533459205,0.013526862730677503,0.7853676527818635,54488440.197944194,ok,0.0039914186639106826,0.3629883664700847,0.002906167128624367,0.004251203178837708,0.363,8.660028081584393,100000.0,/home/liuhk/bao21cm-master/bao21cm-master/array_config/nx_TIANLAI_1000.dat,periodic_box_mode_sum
tianlai_icyl,0.5223642105263157,0.5323642105263157,0.5273642105263157,0.5223642105263157,0.5323642105263157,0.5273860879596689,1.0,0.0001955484502710304,0.013983863924932565,0.7946481145654812,55132314.293235466,ok,0.003900915282598129,0.36298852867010745,0.002885836778229911,0.004251203178837708,0.363,8.660028081584393,100000.0,/home/liuhk/bao21cm-master/bao21cm-master/array_config/nx_TIANLAI_1000.dat,periodic_box_mode_sum
tianlai_icyl,0.5323642105263157,0.5423642105263157,0.5373642105263157,0.5323642105263157,0.5423642105263157,0.5373854933911143,1.0,0.00021435915515111536,0.014641009362442036,0.8033276250623173,55734494.66949504,ok,0.0038140039653067038,0.3629886865505544,0.0028659093327181072,0.004251203178837708,0.363,8.660028081584393,100000.0,/home/liuhk/bao21cm-master/bao21cm-master/array_config/nx_TIANLAI_1000.dat,periodic_box_mode_sum
tianlai_icyl,0.5423642105263157,0.5523642105263157,0.5473642105263157,0.5423642105263157,0.5523642105263157,0.54738492107431,1.0,0.00021944475775979654,0.014813667937408228,0.8113863022531387,56293601.92153331,ok,0.0037304830889971453,0.3629888402656138,0.0028463735919131896,0.004251203178837708,0.363,8.660028081584393,100000.0,/home/liuhk/bao21cm-master/bao21cm-master/array_config/nx_TIANLAI_1000.dat,periodic_box_mode_sum
tianlai_icyl,0.5523642105263157,0.5623642105263157,0.5573642105263157,0.5523642105263157,0.5623642105263157,0.5573843698367585,1.0,0.00023722044135929642,0.015401962256780673,0.8195589630023906,57198519.820839144,ok,0.00365016562321081,0.362988989962837,0.002827218732143478,0.002834135452558472,0.363,8.660028081584393,100000.0,/home/liuhk/bao21cm-master/bao21cm-master/array_config/nx_TIANLAI_1000.dat,periodic_box_mode_sum
tianlai_icyl,0.5623642105263157,0.5723642105263156,0.5673642105263157,0.5623642105263157,0.5723642105263156,0.5673838385878736,1.0,0.0002537747621724451,0.015930309544150267,0.8268761906268923,57709202.52727966,ok,0.0035728778403252954,0.3629891357834687,0.002808434291651114,0.002834135452558472,0.363,8.660028081584393,100000.0,/home/liuhk/bao21cm-master/bao21cm-master/array_config/nx_TIANLAI_1000.dat,periodic_box_mode_sum
tianlai_icyl,0.5723642105263156,0.5823642105263156,0.5773642105263156,0.5723642105263156,0.5823642105263156,0.5773833263113488,1.0,0.0002728429370532962,0.016517958017058167,0.8339367645005783,58201972.89877439,ok,0.0034984581602557265,0.36298927786275703,0.00279001015664275,0.002834135452558472,0.363,8.660028081584393,100000.0,/home/liuhk/bao21cm-master/bao21cm-master/array_config/nx_TIANLAI_1000.dat,periodic_box_mode_sum
tianlai_icyl,0.5823642105263156,0.5923642105263156,0.5873642105263156,0.5823642105263156,0.5923642105263156,0.5873828320594331,1.0,0.0003170820969220666,0.017806799176777015,0.8404004050597869,58653082.20186378,ok,0.003426756113200236,0.36298941633024806,0.0027719365479456355,0.002834135452558472,0.363,8.660028081584393,100000.0,/home/liuhk/bao21cm-master/bao21cm-master/array_config/nx_TIANLAI_1000.dat,periodic_box_mode_sum
tianlai_icyl,0.5923642105263156,0.6023642105263156,0.5973642105263156,0.5923642105263156,0.6023642105263156,0.5973823549466909,1.0,0.0003118599600804478,0.01765955718811907,0.8465350943240336,59081233.39209693,ok,0.0033576314064186043,0.36298955131006316,0.0027542040082439343,0.002834135452558472,0.363,8.660028081584393,100000.0,/home/liuhk/bao21cm-master/bao21cm-master/array_config/nx_TIANLAI_1000.dat,periodic_box_mode_sum
tianlai_icyl,0.6023642105263156,0.6123642105263156,0.6073642105263156,0.6023642105263156,0.6123642105263156,0.6073818941452888,1.0,0.0003257715266945169,0.018049141993305855,0.8523924929632711,59490031.96216882,ok,0.0032909530838210223,0.3629896829211613,0.002736803389863351,0.002834135452558472,0.363,8.660028081584393,100000.0,/home/liuhk/bao21cm-master/bao21cm-master/array_config/nx_TIANLAI_1000.dat,periodic_box_mode_sum
tianlai_icyl,0.6123642105263156,0.6223642105263156,0.6173642105263156,0.6123642105263156,0.6223642105263156,0.617381448880126,1.0,0.0003500188744157655,0.018708791367048956,0.8578798067070258,59873001.6301296,ok,0.0032265987665794243,0.36298981127758734,0.002719725843080582,0.002834135452558472,0.363,8.660028081584393,100000.0,/home/liuhk/bao21cm-master/bao21cm-master/array_config/nx_TIANLAI_1000.dat,periodic_box_mode_sum
tianlai_icyl,0.6223642105263156,0.6323642105263156,0.6273642105263156,0.6223642105263156,0.6323642105263156,0.6273810184246831,1.0,0.00037052585195190114,0.01924904807911033,0.863304659195539,60251612.012783,ok,0.003164453967283574,0.3629899364887065,0.0027029628049307893,0.002834135452558472,0.363,8.660028081584393,100000.0,/home/liuhk/bao21cm-master/bao21cm-master/array_config/nx_TIANLAI_1000.dat,periodic_box_mode_sum
tianlai_icyl,0.6323642105263156,0.6423642105263156,0.6373642105263156,0.6323642105263156,0.6423642105263156,0.6373806020973851,1.0,0.00039926604228004,0.019981642632177166,0.8683124349201219,60601113.844831206,ok,0.003104411467932999,0.3629900586594264,0.0026865059884895867,0.002834135452558472,0.363,8.660028081584393,100000.0,/home/liuhk/bao21cm-master/bao21cm-master/array_config/nx_TIANLAI_1000.dat,periodic_box_mode_sum
tianlai_icyl,0.6423642105263156,0.6523642105263157,0.6473642105263157,0.6423642105263156,0.6523642105263157,0.6473801992578353,1.0,0.00040469940526888037,0.02011714207507817,0.8731310358727514,60937412.82335497,ok,0.0030463707563416318,0.3629901778904074,0.002670347372608172,0.002834135452558472,0.363,8.660028081584393,100000.0,/home/liuhk/bao21cm-master/bao21cm-master/array_config/nx_TIANLAI_1000.dat,periodic_box_mode_sum
tianlai_icyl,0.6523642105263157,0.6623642105263157,0.6573642105263157,0.6523642105263157,0.6623642105263157,0.6573798093041437,1.0,0.0004200238584459941,0.02049448361013261,0.8775437067321431,61245381.19781958,ok,0.002990237513568072,0.3629902942782614,0.0026544791920781155,0.002834135452558472,0.363,8.660028081584393,100000.0,/home/liuhk/bao21cm-master/bao21cm-master/array_config/nx_TIANLAI_1000.dat,periodic_box_mode_sum
tianlai_icyl,0.6623642105263157,0.6723642105263157,0.6673642105263157,0.6623642105263157,0.6723642105263157,0.6673794316695364,1.0,0.0004495282441157751,0.0212020811269973,0.881933769282133,61551771.69699784,ok,0.002935923147729529,0.3629904079157405,0.0026388939282083936,0.002834135452558472,0.363,8.660028081584393,100000.0,/home/liuhk/bao21cm-master/bao21cm-master/array_config/nx_TIANLAI_1000.dat,periodic_box_mode_sum
tianlai_icyl,0.6723642105263157,0.6823642105263157,0.6773642105263157,0.6723642105263157,0.6823642105263157,0.6773790658202725,1.0,0.0005132065320528244,0.022654062153459904,0.8859788333524593,61834084.12093316,ok,0.0028833443692688225,0.36299051889191525,0.0026235842997924847,0.002834135452558472,0.363,8.660028081584393,100000.0,/home/liuhk/bao21cm-master/bao21cm-master/array_config/nx_TIANLAI_1000.dat,periodic_box_mode_sum
tianlai_icyl,0.6823642105263157,0.6923642105263157,0.6873642105263157,0.6823642105263157,0.6923642105263157,0.6873787112529229,1.0,0.00048755064597420686,0.022080549041502723,0.8898814171660266,62106452.58701041,ok,0.0028324228029426614,0.3629906272923444,0.0026085432544500366,0.002834135452558472,0.363,8.660028081584393,100000.0,/home/liuhk/bao21cm-master/bao21cm-master/array_config/nx_TIANLAI_1000.dat,periodic_box_mode_sum
tianlai_icyl,0.6923642105263157,0.7023642105263157,0.6973642105263157,0.6923642105263157,0.7023642105263157,0.6973783674923303,1.0,0.0005117399955583417,0.022621670927637987,0.8936441941231393,62369063.67672913,ok,0.0027830846339002586,0.36299073319923486,0.0025937639603240996,0.002834135452558472,0.363,8.660028081584393,100000.0,/home/liuhk/bao21cm-master/bao21cm-master/array_config/nx_TIANLAI_1000.dat,periodic_box_mode_sum
tianlai_icyl,0.7023642105263157,0.7123642105263157,0.7073642105263157,0.7023642105263157,0.7123642105263157,0.7073780340897433,1.0,0.0006923996828324436,0.02631348861007304,0.8972974345032589,62624030.008287586,ok,0.0027352602831650086,0.3629908366915945,0.002579239798118146,0.002834135452558472,0.363,8.660028081584393,100000.0,/home/liuhk/bao21cm-master/bao21cm-master/array_config/nx_TIANLAI_1000.dat,periodic_box_mode_sum
tianlai_icyl,0.7123642105263157,0.7223642105263157,0.7173642105263157,0.7123642105263157,0.7223642105263157,0.7173777106206921,1.0,0.0005660322451866971,0.023791432180234485,0.9005691170997754,62852366.72387762,ok,0.0026888841108661634,0.36299093784537584,0.0025649643534579425,0.002834135452558472,0.363,8.660028081584393,100000.0,/home/liuhk/bao21cm-master/bao21cm-master/array_config/nx_TIANLAI_1000.dat,periodic_box_mode_sum
tianlai_icyl,0.7223642105263157,0.7323642105263157,0.7273642105263157,0.7223642105263157,0.7323642105263157,0.7273773966837396,1.0,0.0009003134315629163,0.030005223404649336,0.9039669488654337,63089507.62083506,ok,0.002643894143687646,0.3629910367336137,0.002550931409561996,0.002834135452558472,0.363,8.660028081584393,100000.0,/home/liuhk/bao21cm-master/bao21cm-master/array_config/nx_TIANLAI_1000.dat,periodic_box_mode_sum
tianlai_icyl,0.7323642105263157,0.7423642105263157,0.7373642105263157,0.7323642105263157,0.7423642105263157,0.7373770918985177,1.0,0.0006271074598996923,0.025042113726674357,0.9069431007047863,63297218.70406134,ok,0.0026002318245678347,0.3629911334265552,0.002537134940208777,0.002834135452558472,0.363,8.660028081584393,100000.0,/home/liuhk/bao21cm-master/bao21cm-master/array_config/nx_TIANLAI_1000.dat,periodic_box_mode_sum
tianlai_icyl,0.7423642105263157,0.7523642105263156,0.7473642105263156,0.7423642105263157,0.7523642105263156,0.7473767959046214,1.0,0.0006528018543396933,0.025549987364765825,0.9100265568416288,63512418.750576295,ok,0.002557841782808069,0.36299122799178285,0.0025235691029851003,0.002834135452558472,0.363,8.660028081584393,100000.0,/home/liuhk/bao21cm-master/bao21cm-master/array_config/nx_TIANLAI_1000.dat,periodic_box_mode_sum
tianlai_icyl,0.7523642105263156,0.7623642105263156,0.7573642105263156,0.7523642105263156,0.7623642105263156,0.7573765083602568,1.0,0.0006844311469383329,0.026161635020356296,0.9126453417027518,63695188.538410366,ok,0.0025166716219927154,0.3629913204943325,0.002510228232804694,0.002834135452558472,0.363,8.660028081584393,100000.0,/home/liuhk/bao21cm-master/bao21cm-master/array_config/nx_TIANLAI_1000.dat,periodic_box_mode_sum
tianlai_icyl,0.7623642105263156,0.7723642105263157,0.7673642105263156,0.7623642105263156,0.7723642105263157,0.767376228940871,1.0,0.0007226403761898943,0.026881971211016025,0.9154338904776537,63889806.46045502,ok,0.00247667172502648,0.36299141099680465,0.002497106835684553,0.002834135452558472,0.363,8.660028081584393,100000.0,/home/liuhk/bao21cm-master/bao21cm-master/array_config/nx_TIANLAI_1000.dat,periodic_box_mode_sum
tianlai_icyl,0.7723642105263157,0.7823642105263157,0.7773642105263157,0.7723642105263157,0.7823642105263157,0.7773759573383835,1.0,0.0007615539646423931,0.027596267222984944,0.9180402584425009,64071709.65037509,ok,0.0024377950738903443,0.36299149955947035,0.002484199582766829,0.002834135452558472,0.363,8.660028081584393,100000.0,/home/liuhk/bao21cm-master/bao21cm-master/array_config/nx_TIANLAI_1000.dat,periodic_box_mode_sum
tianlai_icyl,0.7823642105263157,0.7923642105263157,0.7873642105263157,0.7823642105263157,0.7923642105263157,0.7873756932597521,1.0,0.0007922517448708281,0.028146966885808995,0.9205396220289099,64246144.808905944,ok,0.002399997083314343,0.3629915862403721,0.0024715013045770707,0.002834135452558472,0.363,8.660028081584393,100000.0,/home/liuhk/bao21cm-master/bao21cm-master/array_config/nx_TIANLAI_1000.dat,periodic_box_mode_sum
tianlai_icyl,0.7923642105263157,0.8023642105263157,0.7973642105263157,0.7923642105263157,0.8023642105263157,0.7973754364263519,1.0,0.0008183794319518448,0.028607331786656455,0.9229410543823605,64413745.167474456,ok,0.002363235447125984,0.3629916710954195,0.0024590069855065615,0.002834135452558472,0.363,8.660028081584393,100000.0,/home/liuhk/bao21cm-master/bao21cm-master/array_config/nx_TIANLAI_1000.dat,periodic_box_mode_sum
tianlai_icyl,0.8023642105263157,0.8123642105263156,0.8073642105263157,0.8023642105263157,0.8123642105263156,0.8073751865730229,1.0,0.0008557362416681576,0.029252969792281903,0.9252437225076343,64574452.58981998,ok,0.002327469995735916,0.362991754178481,0.0024467117585103984,0.002834135452558472,0.363,8.660028081584393,100000.0,/home/liuhk/bao21cm-master/bao21cm-master/array_config/nx_TIANLAI_1000.dat,periodic_box_mode_sum
tianlai_icyl,0.8123642105263156,0.8223642105263156,0.8173642105263156,0.8123642105263156,0.8223642105263156,0.8173749434471101,1.0,0.0008872810204932585,0.029787262722399628,0.927361028048759,64722223.218204215,ok,0.0022926625645104306,0.3629918355414699,0.002434610900011534,0.002834135452558472,0.363,8.660028081584393,100000.0,/home/liuhk/bao21cm-master/bao21cm-master/array_config/nx_TIANLAI_1000.dat,periodic_box_mode_sum
tianlai_icyl,0.8223642105263156,0.8323642105263156,0.8273642105263156,0.8223642105263156,0.8323642105263156,0.827374706808004,1.0,0.0009317188932683024,0.030524070719160353,0.929493863654547,64871077.71822134,ok,0.0022587768714352544,0.3629919152344277,0.00242269982500126,0.002834135452558472,0.363,8.660028081584393,100000.0,/home/liuhk/bao21cm-master/bao21cm-master/array_config/nx_TIANLAI_1000.dat,periodic_box_mode_sum
tianlai_icyl,0.8323642105263156,0.8423642105263156,0.8373642105263156,0.8323642105263156,0.8423642105263156,0.8373744764261027,1.0,0.0009844226907772867,0.031375511004241616,0.9315051013777146,65011445.679486215,ok,0.0022257784036413203,0.36299199330560217,0.0024109740823289585,0.002834135452558472,0.363,8.660028081584393,100000.0,/home/liuhk/bao21cm-master/bao21cm-master/array_config/nx_TIANLAI_1000.dat,periodic_box_mode_sum
tianlai_icyl,0.8423642105263156,0.8523642105263156,0.8473642105263156,0.8423642105263156,0.8523642105263156,0.8473742520823994,1.0,0.0010036472435808836,0.031680392099544534,0.9334602352152985,65147898.04790614,ok,0.0021936343121636034,0.3629920698015227,0.002399429350171642,0.002834135452558472,0.363,8.660028081584393,100000.0,/home/liuhk/bao21cm-master/bao21cm-master/array_config/nx_TIANLAI_1000.dat,periodic_box_mode_sum
tianlai_icyl,0.8523642105263156,0.8623642105263156,0.8573642105263156,0.8523642105263156,0.8623642105263156,0.8573740335678767,1.0,0.001045406300694944,0.03233274347615655,0.9353008114627037,65276355.23246708,ok,0.002162313313797269,0.3629921447670714,0.0023880614316765005,0.002834135452558472,0.363,8.660028081584393,100000.0,/home/liuhk/bao21cm-master/bao21cm-master/array_config/nx_TIANLAI_1000.dat,periodic_box_mode_sum
tianlai_icyl,0.8623642105263156,0.8723642105263156,0.8673642105263156,0.8623642105263156,0.8723642105263156,0.867373820682749,1.0,0.0010909342742796426,0.03302929418379452,0.9370987330779057,65401835.47218857,ok,0.0021317856000612053,0.3629922182455513,0.002376866250769082,0.002834135452558472,0.363,8.660028081584393,100000.0,/home/liuhk/bao21cm-master/bao21cm-master/array_config/nx_TIANLAI_1000.dat,periodic_box_mode_sum
tianlai_icyl,0.8723642105263156,0.8823642105263156,0.8773642105263156,0.8723642105263156,0.8823642105263156,0.8773736132361959,1.0,0.0011379820327391719,0.033733989279940965,0.9388540831946893,65524344.569129616,ok,0.002102022752278355,0.362992290278751,0.0023658398481194447,0.002834135452558472,0.363,8.660028081584393,100000.0,/home/liuhk/bao21cm-master/bao21cm-master/array_config/nx_TIANLAI_1000.dat,periodic_box_mode_sum
tianlai_icyl,0.8823642105263156,0.8923642105263156,0.8873642105263156,0.8823642105263156,0.8923642105263156,0.8873734110456718,1.0,0.001205708006879464,0.03472330639324925,0.9405393059100334,65641959.346391045,ok,0.002072997662321434,0.36299236090700676,0.0023549783772606565,0.002834135452558472,0.363,8.660028081584393,100000.0,/home/liuhk/bao21cm-master/bao21cm-master/array_config/nx_TIANLAI_1000.dat,periodic_box_mode_sum
tianlai_icyl,0.8923642105263156,0.9023642105263157,0.8973642105263157,0.8923642105263156,0.9023642105263157,0.8973732139365105,1.0,0.0012389774179159725,0.03519911103871762,0.942013951578335,65744877.5661834,ok,0.002044684458965833,0.362992430169261,0.002344278100852303,0.002834135452558472,0.363,8.660028081584393,100000.0,/home/liuhk/bao21cm-master/bao21cm-master/array_config/nx_TIANLAI_1000.dat,periodic_box_mode_sum
tianlai_icyl,0.9023642105263157,0.9123642105263157,0.9073642105263157,0.9023642105263157,0.9123642105263157,0.9073730217416361,1.0,0.0012991348445296645,0.03604351321014177,0.9436905556181616,65861890.83030827,ok,0.002017058438846206,0.36299249810311934,0.0023337353870834954,0.002834135452558472,0.363,8.660028081584393,100000.0,/home/liuhk/bao21cm-master/bao21cm-master/array_config/nx_TIANLAI_1000.dat,periodic_box_mode_sum
tianlai_icyl,0.9123642105263157,0.9223642105263157,0.9173642105263157,0.9123642105263157,0.9223642105263157,0.9173728343008889,1.0,0.0013534981193603574,0.036789918719132245,0.9451519265648102,65963882.58298372,ok,0.0019900960021038846,0.3629925647449032,0.002323346706209778,0.002834135452558472,0.363,8.660028081584393,100000.0,/home/liuhk/bao21cm-master/bao21cm-master/array_config/nx_TIANLAI_1000.dat,periodic_box_mode_sum
tianlai_icyl,0.9223642105263157,0.9323642105263157,0.9273642105263157,0.9223642105263157,0.9323642105263157,0.9273726514608771,1.0,0.0014088449567099376,0.03753458347590842,0.9465699398992848,66062848.32856109,ok,0.001963774592247259,0.36299263012970207,0.0023131086272177134,0.002834135452558472,0.363,8.660028081584393,100000.0,/home/liuhk/bao21cm-master/bao21cm-master/array_config/nx_TIANLAI_1000.dat,periodic_box_mode_sum
tianlai_icyl,0.9323642105263157,0.9423642105263157,0.9373642105263157,0.9323642105263157,0.9423642105263157,0.9373724730746067,1.0,0.0014761999373650446,0.03842134741735439,0.947959890946651,66159855.5557672,ok,0.0019380726397194654,0.3629926942914218,0.002303017814612484,0.002834135452558472,0.363,8.660028081584393,100000.0,/home/liuhk/bao21cm-master/bao21cm-master/array_config/nx_TIANLAI_1000.dat,periodic_box_mode_sum
tianlai_icyl,0.9423642105263157,0.9523642105263157,0.9473642105263157,0.9423642105263157,0.9523642105263157,0.9473722990010025,1.0,0.0015323640337391734,0.039145421619126465,0.9492352106834717,66248862.454035036,ok,0.00191296950925593,0.36299275726283137,0.0022930710253235577,0.002834135452558472,0.363,8.660028081584393,100000.0,/home/liuhk/bao21cm-master/bao21cm-master/array_config/nx_TIANLAI_1000.dat,periodic_box_mode_sum
tianlai_icyl,0.9523642105263157,0.9623642105263157,0.9573642105263157,0.9523642105263157,0.9623642105263157,0.9573721291047839,1.0,0.0015845431435817072,0.03980632039741563,0.9506248380469328,66345847.09074905,ok,0.0018884454504609575,0.3629928190756079,0.0022832651057228667,0.002834135452558472,0.363,8.660028081584393,100000.0,/home/liuhk/bao21cm-master/bao21cm-master/array_config/nx_TIANLAI_1000.dat,periodic_box_mode_sum
tianlai_icyl,0.9623642105263157,0.9723642105263156,0.9673642105263156,0.9623642105263157,0.9723642105263156,0.9673719632560731,1.0,0.0016374344386796771,0.04046522505410883,0.9517715458396296,66425877.92607665,ok,0.001864481551396865,0.3629928797603787,0.0022735969887519285,0.002834135452558472,0.363,8.660028081584393,100000.0,/home/liuhk/bao21cm-master/bao21cm-master/array_config/nx_TIANLAI_1000.dat,periodic_box_mode_sum
tianlai_icyl,0.9723642105263156,0.9823642105263156,0.9773642105263156,0.9723642105263156,0.9823642105263156,0.9773718013301087,1.0,0.0017068473197703053,0.041314008759382154,0.9529062940618303,66505074.08109327,ok,0.0018410596952286645,0.3629929393467625,0.002264063691152751,0.002834135452558472,0.363,8.660028081584393,100000.0,/home/liuhk/bao21cm-master/bao21cm-master/array_config/nx_TIANLAI_1000.dat,periodic_box_mode_sum
tianlai_icyl,0.9823642105263156,0.9923642105263156,0.9873642105263156,0.9823642105263156,0.9923642105263156,0.9873716432071173,1.0,0.0017593607553718924,0.0419447345369105,0.9541290189146612,66590410.28615882,ok,0.0018181625193621931,0.36299299786340816,0.002254662310798569,0.002834135452558472,0.363,8.660028081584393,100000.0,/home/liuhk/bao21cm-master/bao21cm-master/array_config/nx_TIANLAI_1000.dat,periodic_box_mode_sum
tianlai_icyl,0.9923642105263156,1.0023642105263155,0.9973642105263156,0.9923642105263156,1.0023642105263155,0.9973714887719021,1.0,0.0018309514198942393,0.04278961813213854,0.9552366606071978,66667714.626865245,ok,0.0017957733770673505,0.362993055338032,0.002245390024120786,0.002834135452558472,0.363,8.660028081584393,100000.0,/home/liuhk/bao21cm-master/bao21cm-master/array_config/nx_TIANLAI_1000.dat,periodic_box_mode_sum
tianlai_icyl,1.0023642105263155,1.0123642105263158,1.0073642105263156,1.0023642105263155,1.0123642105263158,1.0073713379137168,1.0,0.0019005094088126635,0.04359483236362612,0.9563156039379364,66743016.05638379,ok,0.0017738763015291298,0.3629931117974533,0.0022362440836276526,0.002834135452558472,0.363,8.660028081584393,100000.0,/home/liuhk/bao21cm-master/bao21cm-master/array_config/nx_TIANLAI_1000.dat,periodic_box_mode_sum
tianlai_icyl,1.0123642105263158,1.0223642105263155,1.0173642105263156,1.0123642105263158,1.0223642105263155,1.0173711905261207,1.0,0.0019800636205103746,0.04449790579915391,0.9572796001764163,66810295.11798041,ok,0.0017524559718774093,0.3629931672676285,0.0022272218155114025,0.002834135452558472,0.363,8.660028081584393,100000.0,/home/liuhk/bao21cm-master/bao21cm-master/array_config/nx_TIANLAI_1000.dat,periodic_box_mode_sum
tianlai_icyl,1.0223642105263155,1.0323642105263158,1.0273642105263157,1.0223642105263155,1.0323642105263158,1.0273710465065855,1.0,0.002058324501928489,0.045368761300353895,0.9584299556309515,66890580.530302905,ok,0.001731497681295186,0.36299322177368365,0.002218320617340565,0.002834135452558472,0.363,8.660028081584393,100000.0,/home/liuhk/bao21cm-master/bao21cm-master/array_config/nx_TIANLAI_1000.dat,periodic_box_mode_sum
tianlai_icyl,1.0323642105263158,1.0423642105263156,1.0373642105263157,1.0323642105263158,1.0423642105263156,1.0373709057564637,1.0,0.002143224806266477,0.046294976037000786,0.9593506947736026,66954840.60002116,ok,0.0017109873070142079,0.36299327533994585,0.002209537955833523,0.002834135452558472,0.363,8.660028081584393,100000.0,/home/liuhk/bao21cm-master/bao21cm-master/array_config/nx_TIANLAI_1000.dat,periodic_box_mode_sum
tianlai_icyl,1.0423642105263156,1.0523642105263158,1.0473642105263157,1.0423642105263156,1.0523642105263158,1.0473707681808206,1.0,0.0022327730371152436,0.047252227853459394,0.960300267997626,67021113.05304476,ok,0.0016909112819441941,0.3629933279899728,0.002200871364710576,0.002834135452558472,0.363,8.660028081584393,100000.0,/home/liuhk/bao21cm-master/bao21cm-master/array_config/nx_TIANLAI_1000.dat,periodic_box_mode_sum
tianlai_icyl,1.0523642105263158,1.0623642105263156,1.0573642105263157,1.0523642105263158,1.0623642105263156,1.0573706336881208,1.0,0.002329728877398264,0.04826726507062798,0.9611633942121423,67081352.211076826,ok,0.0016712565680131295,0.3629933797465818,0.0021923184426214624,0.002834135452558472,0.363,8.660028081584393,100000.0,/home/liuhk/bao21cm-master/bao21cm-master/array_config/nx_TIANLAI_1000.dat,periodic_box_mode_sum
tianlai_icyl,1.0623642105263156,1.0723642105263158,1.0673642105263157,1.0623642105263156,1.0723642105263158,1.0673705021902002,1.0,0.0024168771699879382,0.04916174498518069,0.962141480385312,67149614.63500002,ok,0.0016520106310033667,0.3629934306318766,0.002183876851145016,0.002834135452558472,0.363,8.660028081584393,100000.0,/home/liuhk/bao21cm-master/bao21cm-master/array_config/nx_TIANLAI_1000.dat,periodic_box_mode_sum
tianlai_icyl,1.0723642105263158,1.0823642105263156,1.0773642105263157,1.0723642105263158,1.0823642105263156,1.0773703736021156,1.0,0.0025093984421689602,0.05009389625661953,0.9629184801406961,67203842.86983784,ok,0.0016331614167356906,0.3629934806672742,0.00217554431285853,0.002834135452558472,0.363,8.660028081584393,100000.0,/home/liuhk/bao21cm-master/bao21cm-master/array_config/nx_TIANLAI_1000.dat,periodic_box_mode_sum
tianlai_icyl,1.0823642105263156,1.0923642105263158,1.0873642105263157,1.0823642105263156,1.0923642105263158,1.087370247841893,1.0,0.0027023712136756443,0.051984336233866106,0.9637977946418025,67265211.83801559,ok,0.001614697328665405,0.3629935298735296,0.0021673186094741206,0.002834135452558472,0.363,8.660028081584393,100000.0,/home/liuhk/bao21cm-master/bao21cm-master/array_config/nx_TIANLAI_1000.dat,periodic_box_mode_sum
tianlai_icyl,1.0923642105263158,1.1023642105263156,1.0973642105263157,1.0923642105263158,1.1023642105263156,1.0973701248304963,1.0,0.002695522751045002,0.051918424003864004,0.964534345103779,67316617.04264428,ok,0.0015966072066791383,0.36299357827075995,0.0021591975800392205,0.002834135452558472,0.363,8.660028081584393,100000.0,/home/liuhk/bao21cm-master/bao21cm-master/array_config/nx_TIANLAI_1000.dat,periodic_box_mode_sum
tianlai_icyl,1.1023642105263156,1.1123642105263156,1.1073642105263155,1.1023642105263156,1.1123642105263156,1.1073700044916983,1.0,0.0027958199581916837,0.05287551378655042,0.9653578445876801,67374090.57862979,ok,0.001578880307006792,0.3629936258784679,0.0021511791191990526,0.002834135452558472,0.363,8.660028081584393,100000.0,/home/liuhk/bao21cm-master/bao21cm-master/array_config/nx_TIANLAI_1000.dat,periodic_box_mode_sum
tianlai_icyl,1.1123642105263156,1.1223642105263156,1.1173642105263157,1.1123642105263156,1.1223642105263156,1.117369886751874,1.0,0.002899739770502282,0.053849231846910144,0.9660652788803802,67423463.71252207,ok,0.0015615062832999784,0.3629936727155633,0.0021432611755186626,0.002834135452558472,0.363,8.660028081584393,100000.0,/home/liuhk/bao21cm-master/bao21cm-master/array_config/nx_TIANLAI_1000.dat,periodic_box_mode_sum
tianlai_icyl,1.1223642105263156,1.1323642105263156,1.1273642105263155,1.1223642105263156,1.1323642105263156,1.127369771539965,1.0,0.003020672276249134,0.054960642975215766,0.9668596041548351,67478901.12704155,ok,0.001544475168687346,0.36299371880038495,0.0021354417498620853,0.002834135452558472,0.363,8.660028081584393,100000.0,/home/liuhk/bao21cm-master/bao21cm-master/array_config/nx_TIANLAI_1000.dat,periodic_box_mode_sum
tianlai_icyl,1.1323642105263156,1.1423642105263156,1.1373642105263158,1.1323642105263156,1.1423642105263156,1.1373696587873798,1.0,0.0031424061403527415,0.056057168501028855,0.9675672185294455,67528286.82917991,ok,0.00152777735875335,0.36299376415072043,0.0021277188938266392,0.002834135452558472,0.363,8.660028081584393,100000.0,/home/liuhk/bao21cm-master/bao21cm-master/array_config/nx_TIANLAI_1000.dat,periodic_box_mode_sum
tianlai_icyl,1.1423642105263156,1.1523642105263157,1.1473642105263155,1.1423642105263156,1.1523642105263157,1.1473695484278068,1.0,0.003350152618481038,0.05788050292180466,0.9682027017597006,67572638.36675373,ok,0.0015114035954834285,0.36299380878382603,0.0021200907082303024,0.002834135452558472,0.363,8.660028081584393,100000.0,/home/liuhk/bao21cm-master/bao21cm-master/array_config/nx_TIANLAI_1000.dat,periodic_box_mode_sum
tianlai_icyl,1.1523642105263157,1.1623642105263157,1.1573642105263158,1.1523642105263157,1.1623642105263157,1.1573694403971932,1.0,0.0033851109417735764,0.05818170624666809,0.9689104260521635,67622031.74026017,ok,0.0014953449520130897,0.3629938527164454,0.002112555341649977,0.002834135452558472,0.363,8.660028081584393,100000.0,/home/liuhk/bao21cm-master/bao21cm-master/array_config/nx_TIANLAI_1000.dat,periodic_box_mode_sum
tianlai_icyl,1.1623642105263157,1.1723642105263157,1.1673642105263156,1.1623642105263157,1.1723642105263157,1.1673693346336549,1.0,0.003519804712144184,0.05932794208586865,0.9695312353462113,67665359.15697278,ok,0.0014795928181429478,0.3629938959648274,0.0021051109890089337,0.002834135452558472,0.363,8.660028081584393,100000.0,/home/liuhk/bao21cm-master/bao21cm-master/array_config/nx_TIANLAI_1000.dat,periodic_box_mode_sum
tianlai_icyl,1.1723642105263157,1.1823642105263157,1.1773642105263158,1.1723642105263157,1.1823642105263157,1.1773692310773156,1.0,0.0037313400036012695,0.06108469533034661,0.9701960611697862,67711758.56783132,ok,0.001464138886656184,0.3629939385447436,0.002097755890211612,0.002834135452558472,0.363,8.660028081584393,100000.0,/home/liuhk/bao21cm-master/bao21cm-master/array_config/nx_TIANLAI_1000.dat,periodic_box_mode_sum
tianlai_icyl,1.1823642105263157,1.1923642105263157,1.1873642105263156,1.1823642105263157,1.1923642105263157,1.1873691296702897,1.0,0.0038232204947428144,0.061832196263296474,0.9708312937500778,67756092.61208549,ok,0.001448975140305488,0.3629939804715046,0.0020904883288238064,0.002834135452558472,0.363,8.660028081584393,100000.0,/home/liuhk/bao21cm-master/bao21cm-master/array_config/nx_TIANLAI_1000.dat,periodic_box_mode_sum
tianlai_icyl,1.1923642105263157,1.2023642105263157,1.1973642105263158,1.1923642105263157,1.2023642105263157,1.1973690303566116,1.0,0.003982826200590662,0.06310963635286344,0.9713369598835657,67791383.97691064,ok,0.0014340938394362414,0.3629940217599762,0.002083306630796721,0.002834135452558472,0.363,8.660028081584393,100000.0,/home/liuhk/bao21cm-master/bao21cm-master/array_config/nx_TIANLAI_1000.dat,periodic_box_mode_sum
tianlai_icyl,1.2023642105263157,1.2123642105263157,1.2073642105263156,1.2023642105263157,1.2123642105263157,1.2073689330820838,1.0,0.00416144759951285,0.06450928304913062,0.971972298725723,67835725.43737489,ok,0.0014194875102761053,0.36299406242459464,0.0020762091632333846,0.002834135452558472,0.363,8.660028081584393,100000.0,/home/liuhk/bao21cm-master/bao21cm-master/array_config/nx_TIANLAI_1000.dat,periodic_box_mode_sum
tianlai_icyl,1.2123642105263157,1.2223642105263157,1.2173642105263158,1.2123642105263157,1.2223642105263157,1.217368837794271,1.0,0.0043261610654408466,0.0657735590145527,0.9725354981745142,67875032.157561,ok,0.0014051489337896768,0.36299410247938113,0.0020691943331956116,0.002834135452558472,0.363,8.660028081584393,100000.0,/home/liuhk/bao21cm-master/bao21cm-master/array_config/nx_TIANLAI_1000.dat,periodic_box_mode_sum
tianlai_icyl,1.2223642105263157,1.2323642105263155,1.2273642105263156,1.2223642105263157,1.2323642105263155,1.2273687444424428,1.0,0.004495340479201511,0.06704730031255182,0.9729975772086252,67907281.49895625,ok,0.0013910711350636842,0.3629941419379563,0.0020622605865501012,0.002834135452558472,0.363,8.660028081584393,100000.0,/home/liuhk/bao21cm-master/bao21cm-master/array_config/nx_TIANLAI_1000.dat,periodic_box_mode_sum
tianlai_icyl,1.2323642105263155,1.2423642105263157,1.2373642105263156,1.2323642105263155,1.2423642105263157,1.237368652977431,1.0,0.004679504408466665,0.06840690322231131,0.9736621724855737,67953664.81954384,ok,0.0013772473732419615,0.3629941808135534,0.0020554064068525517,0.002834135452558472,0.363,8.660028081584393,100000.0,/home/liuhk/bao21cm-master/bao21cm-master/array_config/nx_TIANLAI_1000.dat,periodic_box_mode_sum
tianlai_icyl,1.2423642105263157,1.2523642105263155,1.2473642105263156,1.2423642105263157,1.2523642105263155,1.2473685633516336,1.0,0.0048670825136571,0.0697644788818572,0.9741241655277787,67985908.1594066,ok,0.0013636711319464062,0.3629942191190315,0.0020486303142678557,0.002834135452558472,0.363,8.660028081584393,100000.0,/home/liuhk/bao21cm-master/bao21cm-master/array_config/nx_TIANLAI_1000.dat,periodic_box_mode_sum
tianlai_icyl,1.2523642105263155,1.2623642105263158,1.2573642105263156,1.2523642105263155,1.2623642105263158,1.2573684755189598,1.0,0.005065157140907415,0.07116991738724596,0.9745285646479005,68014131.91405028,ok,0.0013503361101413187,0.36299425686688835,0.0020419308645255683,0.002834135452558472,0.363,8.660028081584393,100000.0,/home/liuhk/bao21cm-master/bao21cm-master/array_config/nx_TIANLAI_1000.dat,periodic_box_mode_sum
tianlai_icyl,1.2623642105263158,1.2723642105263155,1.2673642105263156,1.2623642105263158,1.2723642105263155,1.2673683894347143,1.0,0.005282926047834801,0.07268373991364782,0.9751218021484819,68055535.04484047,ok,0.0013372362134481564,0.3629942940692718,0.0020353066479091536,0.002834135452558472,0.363,8.660028081584393,100000.0,/home/liuhk/bao21cm-master/bao21cm-master/array_config/nx_TIANLAI_1000.dat,periodic_box_mode_sum
tianlai_icyl,1.2723642105263155,1.2823642105263158,1.2773642105263157,1.2723642105263155,1.2823642105263158,1.2773683050555906,1.0,0.005562095293756889,0.07457945624471185,0.9755712431393739,68086902.35407186,ok,0.0013243655458855157,0.3629943307379921,0.0020287562882777663,0.002834135452558472,0.363,8.660028081584393,100000.0,/home/liuhk/bao21cm-master/bao21cm-master/array_config/nx_TIANLAI_1000.dat,periodic_box_mode_sum
tianlai_icyl,1.2823642105263158,1.2923642105263156,1.2873642105263157,1.2823642105263158,1.2923642105263156,1.2873682223396279,1.0,0.005773235492572211,0.0759818102743822,0.9760061663157157,68117256.43845816,ok,0.001311718401975412,0.36299436688453246,0.002022278442119499,0.002834135452558472,0.363,8.660028081584393,100000.0,/home/liuhk/bao21cm-master/bao21cm-master/array_config/nx_TIANLAI_1000.dat,periodic_box_mode_sum
tianlai_icyl,1.2923642105263156,1.3023642105263158,1.2973642105263157,1.2923642105263156,1.3023642105263158,1.2973681412461122,1.0,0.006029218056953969,0.07764803962080413,0.9765282523729462,68153693.77980976,ok,0.0012992892592297454,0.3629944025200602,0.0020158717976349965,0.002834135452558472,0.363,8.660028081584393,100000.0,/home/liuhk/bao21cm-master/bao21cm-master/array_config/nx_TIANLAI_1000.dat,periodic_box_mode_sum
tianlai_icyl,1.3023642105263158,1.3123642105263156,1.3073642105263157,1.3023642105263158,1.3123642105263156,1.3073680617355685,1.0,0.006305441404777212,0.07940680956175744,0.9769922181558726,68186074.80085757,ok,0.0012870727709971377,0.36299443765543704,0.0020095350738501537,0.002834135452558472,0.363,8.660028081584393,100000.0,/home/liuhk/bao21cm-master/bao21cm-master/array_config/nx_TIANLAI_1000.dat,periodic_box_mode_sum
tianlai_icyl,1.3123642105263156,1.3223642105263158,1.3173642105263157,1.3123642105263156,1.3223642105263158,1.317367983769721,1.0,0.0066055012567375875,0.08127423488866313,0.9772531060662814,68204282.64554988,ok,0.0012750637596224549,0.3629944723012288,0.0020032670197572,0.002834135452558472,0.363,8.660028081584393,100000.0,/home/liuhk/bao21cm-master/bao21cm-master/array_config/nx_TIANLAI_1000.dat,periodic_box_mode_sum
tianlai_icyl,1.3223642105263158,1.3323642105263156,1.3273642105263157,1.3223642105263158,1.3323642105263156,1.3273679073114129,1.0,0.006942103077831687,0.08331928394934565,0.9777462257082147,68238698.36776936,ok,0.0012632572099225351,0.36299450646771525,0.0019970664134828027,0.002834135452558472,0.363,8.660028081584393,100000.0,/home/liuhk/bao21cm-master/bao21cm-master/array_config/nx_TIANLAI_1000.dat,periodic_box_mode_sum
tianlai_icyl,1.3323642105263156,1.3423642105263158,1.3373642105263157,1.3323642105263156,1.3423642105263158,1.337367832324594,1.0,0.007310722319283187,0.08550276205645749,0.9782681594497955,68275125.07873303,ok,0.0012516482629750406,0.3629945401648991,0.0019909320614825477,0.002834135452558472,0.363,8.660028081584393,100000.0,/home/liuhk/bao21cm-master/bao21cm-master/array_config/nx_TIANLAI_1000.dat,periodic_box_mode_sum
tianlai_icyl,1.3423642105263158,1.3523642105263156,1.3473642105263157,1.3423642105263158,1.3523642105263156,1.347367758774285,1.0,0.007689106032335733,0.08768754776098904,0.9785291983802926,68293343.46339364,ok,0.0012402322101700792,0.3629945734025153,0.0019848627977607047,0.002834135452558472,0.363,8.660028081584393,100000.0,/home/liuhk/bao21cm-master/bao21cm-master/array_config/nx_TIANLAI_1000.dat,periodic_box_mode_sum
tianlai_icyl,1.3523642105263156,1.3623642105263156,1.3573642105263155,1.3523642105263156,1.3623642105263156,1.3573676866265145,1.0,0.00812096133884241,0.09011637664066621,0.9789062380059453,68319657.74885046,ok,0.0012290044875279058,0.36299460619003904,0.0019788574831143845,0.002834135452558472,0.363,8.660028081584393,100000.0,/home/liuhk/bao21cm-master/bao21cm-master/array_config/nx_TIANLAI_1000.dat,periodic_box_mode_sum
tianlai_icyl,1.3623642105263156,1.3723642105263156,1.3673642105263157,1.3623642105263156,1.3723642105263156,1.367367615848302,1.0,0.008603441621972786,0.09275473908093745,0.9793123109900623,68347998.32552557,ok,0.001217960670288211,0.3629946385366944,0.0019729150044013547,0.002834135452558472,0.363,8.660028081584393,100000.0,/home/liuhk/bao21cm-master/bao21cm-master/array_config/nx_TIANLAI_1000.dat,periodic_box_mode_sum
tianlai_icyl,1.3723642105263156,1.3823642105263156,1.3773642105263155,1.3723642105263156,1.3823642105263156,1.377367546407622,1.0,0.009114009855453372,0.09546732349580862,0.9796891796332138,68374300.67780071,ok,0.0012070964677218213,0.3629946704514621,0.001967034273830626,0.002834135452558472,0.363,8.660028081584393,100000.0,/home/liuhk/bao21cm-master/bao21cm-master/array_config/nx_TIANLAI_1000.dat,periodic_box_mode_sum
tianlai_icyl,1.3823642105263156,1.3923642105263156,1.3873642105263158,1.3823642105263156,1.3923642105263156,1.3873674782733665,1.0,0.009680723117310996,0.09839066580377935,0.9800372174420319,68398590.87338734,ok,0.0011964077181682176,0.3629947019430873,0.0019612142282749694,0.002834135452558472,0.363,8.660028081584393,100000.0,/home/liuhk/bao21cm-master/bao21cm-master/array_config/nx_TIANLAI_1000.dat,periodic_box_mode_sum
tianlai_icyl,1.3923642105263156,1.4023642105263157,1.3973642105263155,1.3923642105263156,1.4023642105263157,1.3973674114153087,1.0,0.010316733930072791,0.10157132434931028,0.9803271564057374,68418826.24425264,ok,0.001185890384306406,0.36299473302008695,0.0019554538286046972,0.002834135452558472,0.363,8.660028081584393,100000.0,/home/liuhk/bao21cm-master/bao21cm-master/array_config/nx_TIANLAI_1000.dat,periodic_box_mode_sum
tianlai_icyl,1.4023642105263157,1.4123642105263157,1.4073642105263158,1.4023642105263157,1.4123642105263157,1.4073673458040818,1.0,0.011028716594722257,0.1050176965788255,0.9808058062150973,68452232.09037702,ok,0.0011755405486167274,0.36299476369075667,0.0019497520590419507,0.002834135452558472,0.363,8.660028081584393,100000.0,/home/liuhk/bao21cm-master/bao21cm-master/array_config/nx_TIANLAI_1000.dat,periodic_box_mode_sum
tianlai_icyl,1.4123642105263157,1.4223642105263157,1.4173642105263156,1.4123642105263157,1.4223642105263157,1.4173672814111506,1.0,0.011800297702261259,0.10862917518908656,0.9810811997078248,68471452.30620456,ok,0.0011653544090363965,0.3629947939631779,0.0019441079265347797,0.002834135452558472,0.363,8.660028081584393,100000.0,/home/liuhk/bao21cm-master/bao21cm-master/array_config/nx_TIANLAI_1000.dat,periodic_box_mode_sum
tianlai_icyl,1.4223642105263157,1.4323642105263157,1.4273642105263158,1.4223642105263157,1.4323642105263157,1.4273672182087696,1.0,0.01263890416885439,0.11242288098449706,0.9813421729848457,68489666.10878894,ok,0.0011553282748118104,0.3629948238452245,0.0019385204601503462,0.002834135452558472,0.363,8.660028081584393,100000.0,/home/liuhk/bao21cm-master/bao21cm-master/array_config/nx_TIANLAI_1000.dat,periodic_box_mode_sum
tianlai_icyl,1.4323642105263157,1.4423642105263157,1.4373642105263156,1.4323642105263157,1.4423642105263157,1.437367156169967,1.0,0.013596368841439839,0.11660346839369676,0.981675782019347,68512949.29381135,ok,0.0011454585625194978,0.36299485334456894,0.0019329887104865926,0.002834135452558472,0.363,8.660028081584393,100000.0,/home/liuhk/bao21cm-master/bao21cm-master/array_config/nx_TIANLAI_1000.dat,periodic_box_mode_sum
tianlai_icyl,1.4423642105263157,1.4523642105263157,1.4473642105263158,1.4423642105263157,1.4523642105263157,1.4473670952685276,1.0,0.014668564077769662,0.12111384758882719,0.9820817576938395,68541283.07906964,ok,0.0011357417922522896,0.36299488246868866,0.00192751174910176,0.002834135452558472,0.363,8.660028081584393,100000.0,/home/liuhk/bao21cm-master/bao21cm-master/array_config/nx_TIANLAI_1000.dat,periodic_box_mode_sum
tianlai_icyl,1.4523642105263157,1.4623642105263157,1.4573642105263156,1.4523642105263157,1.4623642105263157,1.4573670354789419,1.0,0.01584803233104105,0.1258889682658534,0.9823282458994471,68558485.94201241,ok,0.0011261745839708862,0.3629949112248717,0.0019220886679611753,0.002834135452558472,0.363,8.660028081584393,100000.0,/home/liuhk/bao21cm-master/bao21cm-master/array_config/nx_TIANLAI_1000.dat,periodic_box_mode_sum
tianlai_icyl,1.4623642105263157,1.4723642105263157,1.4673642105263158,1.4623642105263157,1.4723642105263157,1.467366976776406,1.0,0.017156068420961085,0.13098117582676178,0.9826181938417785,68578721.93951245,ok,0.0011167536540062485,0.36299493962022295,0.0019167185789006748,0.002834135452558472,0.363,8.660028081584393,100000.0,/home/liuhk/bao21cm-master/bao21cm-master/array_config/nx_TIANLAI_1000.dat,periodic_box_mode_sum
tianlai_icyl,1.4723642105263157,1.4823642105263157,1.4773642105263156,1.4723642105263157,1.4823642105263157,1.4773669191367926,1.0,0.018597381691004434,0.13637221744550623,0.9829082529760008,68598965.69729805,ok,0.0011074758117033724,0.36299496766166917,0.0019114006131061524,0.002834135452558472,0.363,8.660028081584393,100000.0,/home/liuhk/bao21cm-master/bao21cm-master/array_config/nx_TIANLAI_1000.dat,periodic_box_mode_sum
tianlai_icyl,1.4823642105263157,1.4923642105263157,1.4873642105263158,1.4823642105263157,1.4923642105263157,1.4873668625366219,1.0,0.02021986816803385,0.14219658282825876,0.9831692293901746,68617179.71883006,ok,0.001098337956202382,0.3629949953559645,0.001906133920608679,0.002834135452558472,0.363,8.660028081584393,100000.0,/home/liuhk/bao21cm-master/bao21cm-master/array_config/nx_TIANLAI_1000.dat,periodic_box_mode_sum
tianlai_icyl,1.4923642105263157,1.5023642105263157,1.4973642105263156,1.4923642105263157,1.5023642105263157,1.497366806953045,1.0,0.02207159998691178,0.14856513718538336,0.9835027995683121,68640460.19199571,ok,0.0010893370733574877,0.3629950227096959,0.0019009176697946629,0.002834135452558472,0.363,8.660028081584393,100000.0,/home/liuhk/bao21cm-master/bao21cm-master/array_config/nx_TIANLAI_1000.dat,periodic_box_mode_sum
tianlai_icyl,1.5023642105263157,1.5123642105263158,1.5073642105263159,1.5023642105263157,1.5123642105263158,1.507366752363828,1.0,0.02412545787901776,0.15532371962780753,0.9837492377594663,68657659.56433825,ok,0.0010804702327742997,0.3629950497292877,0.0018957510469305642,0.002834135452558472,0.363,8.660028081584393,100000.0,/home/liuhk/bao21cm-master/bao21cm-master/array_config/nx_TIANLAI_1000.dat,periodic_box_mode_sum
tianlai_icyl,1.5123642105263158,1.5223642105263158,1.5173642105263156,1.5123642105263158,1.5223642105263158,1.5173666987473269,1.0,0.026422026169485833,0.16254853481187037,0.9839232398570652,68669803.48915352,ok,0.001071734584965912,0.3629950764210066,0.0018906332557016867,0.002834135452558472,0.363,8.660028081584393,100000.0,/home/liuhk/bao21cm-master/bao21cm-master/array_config/nx_TIANLAI_1000.dat,periodic_box_mode_sum
tianlai_icyl,1.5223642105263158,1.5323642105263158,1.5273642105263159,1.5223642105263158,1.5323642105263158,1.5273666460824682,1.0,0.02903041773203189,0.17038314978903252,0.9841842680290073,68688021.1229549,ok,0.0010631273586288886,0.36299510279096636,0.001885563516764568,0.002834135452558472,0.363,8.660028081584393,100000.0,/home/liuhk/bao21cm-master/bao21cm-master/array_config/nx_TIANLAI_1000.dat,periodic_box_mode_sum
tianlai_icyl,1.5323642105263158,1.5423642105263158,1.5373642105263157,1.5323642105263158,1.5423642105263158,1.5373665943487331,1.0,0.03207158079186359,0.17908540083396968,0.9845178084771106,68711299.52120706,ok,0.0010546458580227313,0.36299512884513224,0.001880541067312532,0.002834135452558472,0.363,8.660028081584393,100000.0,/home/liuhk/bao21cm-master/bao21cm-master/array_config/nx_TIANLAI_1000.dat,periodic_box_mode_sum
tianlai_icyl,1.5423642105263158,1.5523642105263156,1.5473642105263157,1.5423642105263158,1.5523642105263156,1.5473665435261441,1.0,0.03545243123293967,0.18828816009760058,0.98479322917519,68730521.63574588,ok,0.0010462874604526334,0.36299515458932524,0.0018755651606539648,0.002834135452558472,0.363,8.660028081584393,100000.0,/home/liuhk/bao21cm-master/bao21cm-master/array_config/nx_TIANLAI_1000.dat,periodic_box_mode_sum
tianlai_icyl,1.5523642105263156,1.5623642105263156,1.5573642105263157,1.5523642105263156,1.5623642105263156,1.5573664935952372,1.0,0.039397059189642966,0.19848692448028651,0.9849382542551937,68740643.20147525,ok,0.0010380496138534027,0.36299518002922654,0.0018706350658029135,0.002834135452558472,0.363,8.660028081584393,100000.0,/home/liuhk/bao21cm-master/bao21cm-master/array_config/nx_TIANLAI_1000.dat,periodic_box_mode_sum
tianlai_icyl,1.5623642105263156,1.5723642105263156,1.5673642105263155,1.5623642105263156,1.5723642105263156,1.5673664445370563,1.0,0.04394998632333577,0.20964252031335573,0.9851557909026661,68755825.48219442,ok,0.0010299298344672273,0.36299520517038125,0.001865750067081582,0.002834135452558472,0.363,8.660028081584393,100000.0,/home/liuhk/bao21cm-master/bao21cm-master/array_config/nx_TIANLAI_1000.dat,periodic_box_mode_sum
tianlai_icyl,1.5723642105263156,1.5823642105263156,1.5773642105263157,1.5723642105263156,1.5823642105263156,1.5773663963331341,1.0,0.04916535522817343,0.22173262102851135,0.9854022388085232,68773025.53254384,ok,0.0010219257046105267,0.36299523001820255,0.0018609094637343677,0.002834135452558472,0.363,8.660028081584393,100000.0,/home/liuhk/bao21cm-master/bao21cm-master/array_config/nx_TIANLAI_1000.dat,periodic_box_mode_sum
tianlai_icyl,1.5823642105263156,1.5923642105263156,1.5873642105263155,1.5823642105263156,1.5825563636363635,1.5824602878794463,0.0191910549966301,0.051985469705706534,0.22800322301604978,0.9854892184371724,68779096.0,partial_band,0.0010178921687255284,0.36299524256441,0.001858460547098204,0.002834135452558472,0.363,8.660028081584393,100000.0,/home/liuhk/bao21cm-master/bao21cm-master/array_config/nx_TIANLAI_1000.dat,periodic_box_mode_sum
tianlai_icyl,1.5923642105263156,1.6023642105263156,1.5973642105263157,,,,0.0,,,,,out_of_band,,,,,0.363,8.660028081584393,100000.0,/home/liuhk/bao21cm-master/bao21cm-master/array_config/nx_TIANLAI_1000.dat,periodic_box_mode_sum
tianlai_icyl,1.6023642105263156,1.6123642105263156,1.6073642105263155,,,,0.0,,,,,out_of_band,,,,,0.363,8.660028081584393,100000.0,/home/liuhk/bao21cm-master/bao21cm-master/array_config/nx_TIANLAI_1000.dat,periodic_box_mode_sum
tianlai_icyl,1.6123642105263156,1.6223642105263156,1.6173642105263157,,,,0.0,,,,,out_of_band,,,,,0.363,8.660028081584393,100000.0,/home/liuhk/bao21cm-master/bao21cm-master/array_config/nx_TIANLAI_1000.dat,periodic_box_mode_sum
tianlai_icyl,1.6223642105263156,1.6323642105263156,1.6273642105263155,,,,0.0,,,,,out_of_band,,,,,0.363,8.660028081584393,100000.0,/home/liuhk/bao21cm-master/bao21cm-master/array_config/nx_TIANLAI_1000.dat,periodic_box_mode_sum
tianlai_icyl,1.6323642105263156,1.6423642105263156,1.6373642105263158,,,,0.0,,,,,out_of_band,,,,,0.363,8.660028081584393,100000.0,/home/liuhk/bao21cm-master/bao21cm-master/array_config/nx_TIANLAI_1000.dat,periodic_box_mode_sum
tianlai_icyl,1.6423642105263156,1.6523642105263157,1.6473642105263155,,,,0.0,,,,,out_of_band,,,,,0.363,8.660028081584393,100000.0,/home/liuhk/bao21cm-master/bao21cm-master/array_config/nx_TIANLAI_1000.dat,periodic_box_mode_sum
tianlai_icyl,1.6523642105263157,1.6623642105263157,1.6573642105263158,,,,0.0,,,,,out_of_band,,,,,0.363,8.660028081584393,100000.0,/home/liuhk/bao21cm-master/bao21cm-master/array_config/nx_TIANLAI_1000.dat,periodic_box_mode_sum
tianlai_icyl,1.6623642105263157,1.6723642105263157,1.6673642105263156,,,,0.0,,,,,out_of_band,,,,,0.363,8.660028081584393,100000.0,/home/liuhk/bao21cm-master/bao21cm-master/array_config/nx_TIANLAI_1000.dat,periodic_box_mode_sum
tianlai_icyl,1.6723642105263157,1.6823642105263157,1.6773642105263158,,,,0.0,,,,,out_of_band,,,,,0.363,8.660028081584393,100000.0,/home/liuhk/bao21cm-master/bao21cm-master/array_config/nx_TIANLAI_1000.dat,periodic_box_mode_sum
tianlai_icyl,1.6823642105263157,1.6923642105263157,1.6873642105263156,,,,0.0,,,,,out_of_band,,,,,0.363,8.660028081584393,100000.0,/home/liuhk/bao21cm-master/bao21cm-master/array_config/nx_TIANLAI_1000.dat,periodic_box_mode_sum
tianlai_icyl,1.6923642105263157,1.7023642105263157,1.6973642105263158,,,,0.0,,,,,out_of_band,,,,,0.363,8.660028081584393,100000.0,/home/liuhk/bao21cm-master/bao21cm-master/array_config/nx_TIANLAI_1000.dat,periodic_box_mode_sum
tianlai_icyl,1.7023642105263157,1.7123642105263157,1.7073642105263156,,,,0.0,,,,,out_of_band,,,,,0.363,8.660028081584393,100000.0,/home/liuhk/bao21cm-master/bao21cm-master/array_config/nx_TIANLAI_1000.dat,periodic_box_mode_sum
tianlai_icyl,1.7123642105263157,1.7223642105263157,1.7173642105263158,,,,0.0,,,,,out_of_band,,,,,0.363,8.660028081584393,100000.0,/home/liuhk/bao21cm-master/bao21cm-master/array_config/nx_TIANLAI_1000.dat,periodic_box_mode_sum
tianlai_icyl,1.7223642105263157,1.7323642105263157,1.7273642105263156,,,,0.0,,,,,out_of_band,,,,,0.363,8.660028081584393,100000.0,/home/liuhk/bao21cm-master/bao21cm-master/array_config/nx_TIANLAI_1000.dat,periodic_box_mode_sum
tianlai_icyl,1.7323642105263157,1.7423642105263157,1.7373642105263158,,,,0.0,,,,,out_of_band,,,,,0.363,8.660028081584393,100000.0,/home/liuhk/bao21cm-master/bao21cm-master/array_config/nx_TIANLAI_1000.dat,periodic_box_mode_sum
tianlai_icyl,1.7423642105263157,1.7523642105263157,1.7473642105263156,,,,0.0,,,,,out_of_band,,,,,0.363,8.660028081584393,100000.0,/home/liuhk/bao21cm-master/bao21cm-master/array_config/nx_TIANLAI_1000.dat,periodic_box_mode_sum
tianlai_icyl,1.7523642105263157,1.7623642105263158,1.7573642105263159,,,,0.0,,,,,out_of_band,,,,,0.363,8.660028081584393,100000.0,/home/liuhk/bao21cm-master/bao21cm-master/array_config/nx_TIANLAI_1000.dat,periodic_box_mode_sum
tianlai_icyl,1.7623642105263158,1.7723642105263158,1.7673642105263156,,,,0.0,,,,,out_of_band,,,,,0.363,8.660028081584393,100000.0,/home/liuhk/bao21cm-master/bao21cm-master/array_config/nx_TIANLAI_1000.dat,periodic_box_mode_sum
tianlai_icyl,1.7723642105263158,1.7742563636363635,1.7733102870813395,,,,0.0,,,,,out_of_band,,,,,0.363,8.660028081584393,100000.0,/home/liuhk/bao21cm-master/bao21cm-master/array_config/nx_TIANLAI_1000.dat,periodic_box_mode_sum
meerkat_b1_interferom,0.2966147783251232,0.3066147783251232,0.3016147783251232,,,,0.0,,,,,out_of_band,,,,,0.363,8.660028081584393,100000.0,/home/liuhk/bao21cm-master/bao21cm-master/array_config/nx_MKREF2_dec30.dat,periodic_box_mode_sum
meerkat_b1_interferom,0.3066147783251232,0.3166147783251232,0.3116147783251232,,,,0.0,,,,,out_of_band,,,,,0.363,8.660028081584393,100000.0,/home/liuhk/bao21cm-master/bao21cm-master/array_config/nx_MKREF2_dec30.dat,periodic_box_mode_sum
meerkat_b1_interferom,0.3166147783251232,0.3266147783251232,0.3216147783251232,,,,0.0,,,,,out_of_band,,,,,0.363,8.660028081584393,100000.0,/home/liuhk/bao21cm-master/bao21cm-master/array_config/nx_MKREF2_dec30.dat,periodic_box_mode_sum
meerkat_b1_interferom,0.3266147783251232,0.33661477832512315,0.3316147783251232,,,,0.0,,,,,out_of_band,,,,,0.363,8.660028081584393,100000.0,/home/liuhk/bao21cm-master/bao21cm-master/array_config/nx_MKREF2_dec30.dat,periodic_box_mode_sum
meerkat_b1_interferom,0.33661477832512315,0.34661477832512316,0.34161477832512316,,,,0.0,,,,,out_of_band,,,,,0.363,8.660028081584393,100000.0,/home/liuhk/bao21cm-master/bao21cm-master/array_config/nx_MKREF2_dec30.dat,periodic_box_mode_sum
meerkat_b1_interferom,0.34661477832512316,0.35661477832512317,0.35161477832512317,,,,0.0,,,,,out_of_band,,,,,0.363,8.660028081584393,100000.0,/home/liuhk/bao21cm-master/bao21cm-master/array_config/nx_MKREF2_dec30.dat,periodic_box_mode_sum
meerkat_b1_interferom,0.35661477832512317,0.3666147783251232,0.3616147783251232,,,,0.0,,,,,out_of_band,,,,,0.363,8.660028081584393,100000.0,/home/liuhk/bao21cm-master/bao21cm-master/array_config/nx_MKREF2_dec30.dat,periodic_box_mode_sum
meerkat_b1_interferom,0.3666147783251232,0.3766147783251232,0.3716147783251232,,,,0.0,,,,,out_of_band,,,,,0.363,8.660028081584393,100000.0,/home/liuhk/bao21cm-master/bao21cm-master/array_config/nx_MKREF2_dec30.dat,periodic_box_mode_sum
meerkat_b1_interferom,0.3766147783251232,0.38661477832512314,0.38161477832512314,,,,0.0,,,,,out_of_band,,,,,0.363,8.660028081584393,100000.0,/home/liuhk/bao21cm-master/bao21cm-master/array_config/nx_MKREF2_dec30.dat,periodic_box_mode_sum
meerkat_b1_interferom,0.38661477832512314,0.39661477832512315,0.39161477832512315,,,,0.0,,,,,out_of_band,,,,,0.363,8.660028081584393,100000.0,/home/liuhk/bao21cm-master/bao21cm-master/array_config/nx_MKREF2_dec30.dat,periodic_box_mode_sum
meerkat_b1_interferom,0.39661477832512315,0.40661477832512316,0.40161477832512316,0.3994147783251232,0.40661477832512316,0.4030312526376365,0.7238601592108352,0.03849172620356475,0.19619308398504967,0.6648688085804582,46128286.78070978,partial_band,0.17675524720127161,0.3629882858682832,0.002916217139635801,0.004251203178837708,0.363,8.660028081584393,100000.0,/home/liuhk/bao21cm-master/bao21cm-master/array_config/nx_MKREF2_dec30.dat,periodic_box_mode_sum
meerkat_b1_interferom,0.40661477832512316,0.41661477832512317,0.41161477832512317,0.40661477832512316,0.41661477832512317,0.41164567827357,1.0,0.041373168359555866,0.20340395364779876,0.6800515357283131,47181657.28471164,ok,0.17240741143290605,0.3629884502153467,0.0028956882188450137,0.004251203178837708,0.363,8.660028081584393,100000.0,/home/liuhk/bao21cm-master/bao21cm-master/array_config/nx_MKREF2_dec30.dat,periodic_box_mode_sum
meerkat_b1_interferom,0.41661477832512317,0.4266147783251232,0.4216147783251232,0.41661477832512317,0.4266147783251232,0.4216447014746006,1.0,0.04481952626441147,0.21170622632414823,0.6965525546079988,48326490.252107404,ok,0.16759491353756392,0.36298863569584494,0.002872343236657735,0.004251203178837708,0.363,8.660028081584393,100000.0,/home/liuhk/bao21cm-master/bao21cm-master/array_config/nx_MKREF2_dec30.dat,periodic_box_mode_sum
meerkat_b1_interferom,0.4266147783251232,0.4366147783251232,0.4316147783251232,0.4266147783251232,0.4366147783251232,0.4316437701221758,1.0,0.04839191199426141,0.21998161740077604,0.7120191787663863,49399557.397836216,ok,0.16301703939394044,0.3629888157138438,0.002849502879655176,0.004251203178837708,0.363,8.660028081584393,100000.0,/home/liuhk/bao21cm-master/bao21cm-master/array_config/nx_MKREF2_dec30.dat,periodic_box_mode_sum
meerkat_b1_interferom,0.4366147783251232,0.4466147783251232,0.4416147783251232,0.4366147783251232,0.4466147783251232,0.4416428811779503,1.0,0.052433490542127606,0.2289836032167535,0.7268264314316327,50726546.74198317,ok,0.15865759275472652,0.36298899048113753,0.0028271521863289387,0.002834135452558472,0.363,8.660028081584393,100000.0,/home/liuhk/bao21cm-master/bao21cm-master/array_config/nx_MKREF2_dec30.dat,periodic_box_mode_sum
meerkat_b1_interferom,0.4466147783251232,0.4566147783251232,0.4516147783251232,0.4466147783251232,0.4566147783251232,0.4516420318709491,1.0,0.05622240996775925,0.23711265248349622,0.7403262726191172,51668725.36316709,ok,0.15450181860430595,0.362989160199693,0.0028052767281696897,0.002834135452558472,0.363,8.660028081584393,100000.0,/home/liuhk/bao21cm-master/bao21cm-master/array_config/nx_MKREF2_dec30.dat,periodic_box_mode_sum
meerkat_b1_interferom,0.4566147783251232,0.4666147783251232,0.4616147783251232,0.4566147783251232,0.4666147783251232,0.4616412196690345,1.0,0.060040965486310736,0.2450325804588254,0.7527517746601826,52535923.88928179,ok,0.15053624688068806,0.3629893250621735,0.002783862587796479,0.002834135452558472,0.363,8.660028081584393,100000.0,/home/liuhk/bao21cm-master/bao21cm-master/array_config/nx_MKREF2_dec30.dat,periodic_box_mode_sum
meerkat_b1_interferom,0.4666147783251232,0.47661477832512317,0.4716147783251232,0.4666147783251232,0.47661477832512317,0.4716404422531588,1.0,0.06390692177168225,0.25279818387734165,0.7644855299612492,53354844.1445154,ok,0.14674855608898862,0.36298948525243113,0.0027628963380999243,0.002834135452558472,0.363,8.660028081584393,100000.0,/home/liuhk/bao21cm-master/bao21cm-master/array_config/nx_MKREF2_dec30.dat,periodic_box_mode_sum
meerkat_b1_interferom,0.47661477832512317,0.4866147783251232,0.48161477832512317,0.47661477832512317,0.4866147783251232,0.48163969749575053,1.0,0.06783508047289484,0.26045168548676134,0.7754597309356542,54120753.713306926,ok,0.14312745389649242,0.36298964094597,0.0027423650223439926,0.002834135452558472,0.363,8.660028081584393,100000.0,/home/liuhk/bao21cm-master/bao21cm-master/array_config/nx_MKREF2_dec30.dat,periodic_box_mode_sum
meerkat_b1_interferom,0.4866147783251232,0.4966147783251232,0.4916147783251232,0.4866147783251232,0.4966147783251232,0.49163898344072804,1.0,0.0719015934850082,0.2681447248875282,0.7857897744119233,54841706.351495296,ok,0.13966257230814408,0.36298979231038225,0.00272225613518156,0.002834135452558472,0.363,8.660028081584393,100000.0,/home/liuhk/bao21cm-master/bao21cm-master/array_config/nx_MKREF2_dec30.dat,periodic_box_mode_sum
meerkat_b1_interferom,0.4966147783251232,0.5066147783251231,0.5016147783251231,0.4966147783251232,0.5066147783251231,0.501638298286979,1.0,0.07615427184613258,0.2759606345951041,0.7954618684306112,55516739.49299158,ok,0.1363443753789125,0.3629899395057584,0.00270255760453334,0.002834135452558472,0.363,8.660028081584393,100000.0,/home/liuhk/bao21cm-master/bao21cm-master/array_config/nx_MKREF2_dec30.dat,periodic_box_mode_sum
meerkat_b1_interferom,0.5066147783251231,0.5166147783251231,0.5116147783251231,0.5066147783251231,0.5166147783251231,0.5116376403726887,1.0,0.08064060217673695,0.28397288986228414,0.8045486121096347,56150919.96309156,ok,0.13316407774973688,0.3629900826850738,0.002683257774290908,0.002834135452558472,0.363,8.660028081584393,100000.0,/home/liuhk/bao21cm-master/bao21cm-master/array_config/nx_MKREF2_dec30.dat,periodic_box_mode_sum
meerkat_b1_interferom,0.5166147783251231,0.5266147783251232,0.5216147783251232,0.5166147783251231,0.5266147783251232,0.5216370081625243,1.0,0.08533939738039314,0.2921290765747106,0.8131267876863416,56749606.53465124,ok,0.13011357256420059,0.36299022199455255,0.002664345387797896,0.002834135452558472,0.363,8.660028081584393,100000.0,/home/liuhk/bao21cm-master/bao21cm-master/array_config/nx_MKREF2_dec30.dat,periodic_box_mode_sum
meerkat_b1_interferom,0.5266147783251232,0.5366147783251232,0.5316147783251232,0.5266147783251232,0.5366147783251232,0.5316364002352935,1.0,0.09020378145708384,0.30033944372506893,0.8211326144311603,57308347.83383509,ok,0.12718536750862736,0.36299035757401094,0.0026458095720745664,0.002834135452558472,0.363,8.660028081584393,100000.0,/home/liuhk/bao21cm-master/bao21cm-master/array_config/nx_MKREF2_dec30.dat,periodic_box_mode_sum
meerkat_b1_interferom,0.5366147783251232,0.5466147783251232,0.5416147783251232,0.5366147783251232,0.5466147783251232,0.5416358152738203,1.0,0.09521760992363518,0.308573508136449,0.8285902931913588,57828832.88206147,ok,0.12437252796269438,0.362990489557181,0.0026276398227448585,0.002834135452558472,0.363,8.660028081584393,100000.0,/home/liuhk/bao21cm-master/bao21cm-master/array_config/nx_MKREF2_dec30.dat,periodic_box_mode_sum
meerkat_b1_interferom,0.5466147783251232,0.5566147783251232,0.5516147783251232,0.5466147783251232,0.5566147783251232,0.5516352520552465,1.0,0.10041880258962503,0.3168892591894289,0.8357267912887492,58326902.14406986,ok,0.12166862630880378,0.3629906180720155,0.002609825989634033,0.002834135452558472,0.363,8.660028081584393,100000.0,/home/liuhk/bao21cm-master/bao21cm-master/array_config/nx_MKREF2_dec30.dat,periodic_box_mode_sum
meerkat_b1_interferom,0.5566147783251232,0.5666147783251232,0.5616147783251232,0.5566147783251232,0.5666147783251232,0.561634709442806,1.0,0.10583089719055468,0.32531661068957834,0.8425367096219382,58802178.80669367,ok,0.11906769669118503,0.36299074324097613,0.002592358263001502,0.002834135452558472,0.363,8.660028081584393,100000.0,/home/liuhk/bao21cm-master/bao21cm-master/array_config/nx_MKREF2_dec30.dat,periodic_box_mode_sum
meerkat_b1_interferom,0.5666147783251232,0.5766147783251232,0.5716147783251232,0.5666147783251232,0.5766147783251232,0.5716341863783246,1.0,0.11147567526780723,0.3338797317415468,0.8490361920949113,59255789.5825354,ok,0.1165641944952178,0.36299086518130513,0.0025752271603787023,0.002834135452558472,0.363,8.660028081584393,100000.0,/home/liuhk/bao21cm-master/bao21cm-master/array_config/nx_MKREF2_dec30.dat,periodic_box_mode_sum
meerkat_b1_interferom,0.5766147783251232,0.5866147783251232,0.5816147783251232,0.5766147783251232,0.5866147783251232,0.5816336818753315,1.0,0.11728887951210748,0.3424746406846899,0.854871943287726,59663077.3377066,ok,0.11415296003994796,0.3629909840052823,0.0025584235139823113,0.002834135452558472,0.363,8.660028081584393,100000.0,/home/liuhk/bao21cm-master/bao21cm-master/array_config/nx_MKREF2_dec30.dat,periodic_box_mode_sum
meerkat_b1_interferom,0.5866147783251232,0.5966147783251232,0.5916147783251232,0.5866147783251232,0.5966147783251232,0.5916331950132863,1.0,0.12331115259890296,0.35115687747629687,0.8606130547907334,60063760.01573555,ok,0.11182918592892616,0.3629910998204671,0.002541938458673744,0.002834135452558472,0.363,8.660028081584393,100000.0,/home/liuhk/bao21cm-master/bao21cm-master/array_config/nx_MKREF2_dec30.dat,periodic_box_mode_sum
meerkat_b1_interferom,0.5966147783251232,0.6066147783251232,0.6016147783251232,0.5966147783251232,0.6066147783251232,0.6016327249317482,1.0,0.12950180059084487,0.35986358608623475,0.8662808329272806,60459324.623919174,ok,0.10958838768262293,0.3629912127299282,0.002525763420440223,0.002834135452558472,0.363,8.660028081584393,100000.0,/home/liuhk/bao21cm-master/bao21cm-master/array_config/nx_MKREF2_dec30.dat,periodic_box_mode_sum
meerkat_b1_interferom,0.6066147783251232,0.6166147783251232,0.6116147783251232,0.6066147783251232,0.6166147783251232,0.6116322708259598,1.0,0.13567728637825066,0.3683439783385235,0.8711130577997294,60796574.44073889,ok,0.10742637723836636,0.36299132283245966,0.0025098901053696907,0.002834135452558472,0.363,8.660028081584393,100000.0,/home/liuhk/bao21cm-master/bao21cm-master/array_config/nx_MKREF2_dec30.dat,periodic_box_mode_sum
meerkat_b1_interferom,0.6166147783251232,0.6266147783251232,0.6216147783251232,0.6166147783251232,0.6266147783251232,0.6216318319418312,1.0,0.14201824563758958,0.37685308229811465,0.8760768971639828,61143009.87379617,ok,0.10533923901917705,0.36299143022278635,0.0024943104890989953,0.002834135452558472,0.363,8.660028081584393,100000.0,/home/liuhk/bao21cm-master/bao21cm-master/array_config/nx_MKREF2_dec30.dat,periodic_box_mode_sum
meerkat_b1_interferom,0.6266147783251232,0.6366147783251233,0.6316147783251232,0.6266147783251232,0.6366147783251233,0.6316314075724931,1.0,0.148398298030819,0.38522499663290155,0.8806063566322186,61459129.13899518,ok,0.1033233082807631,0.3629915349917571,0.002479016806709242,0.002834135452558472,0.363,8.660028081584393,100000.0,/home/liuhk/bao21cm-master/bao21cm-master/array_config/nx_MKREF2_dec30.dat,periodic_box_mode_sum
meerkat_b1_interferom,0.6366147783251233,0.6466147783251233,0.6416147783251233,0.6366147783251233,0.6466147783251233,0.6416309970542121,1.0,0.15489008948555577,0.39356078245368376,0.8850688301556706,61770573.332523435,ok,0.10137515147233411,0.3629916372265287,0.0024640015430503924,0.002834135452558472,0.363,8.660028081584393,100000.0,/home/liuhk/bao21cm-master/bao21cm-master/array_config/nx_MKREF2_dec30.dat,periodic_box_mode_sum
meerkat_b1_interferom,0.6466147783251233,0.6566147783251232,0.6516147783251232,0.6466147783251233,0.6566147783251232,0.6516305997633212,1.0,0.1614554035110508,0.4018151359904836,0.8892361834170259,62061420.54288989,ok,0.0994915484308088,0.3629917370107391,0.0024492574234721075,0.002834135452558472,0.363,8.660028081584393,100000.0,/home/liuhk/bao21cm-master/bao21cm-master/array_config/nx_MKREF2_dec30.dat,periodic_box_mode_sum
meerkat_b1_interferom,0.6566147783251232,0.6666147783251232,0.6616147783251232,0.6566147783251232,0.6666147783251232,0.6616302151132223,1.0,0.1681543827156824,0.4100663150219515,0.8931391826288725,62333818.00037322,ok,0.0976694761664869,0.3629918344246718,0.002434777404943397,0.002834135452558472,0.363,8.660028081584393,100000.0,/home/liuhk/bao21cm-master/bao21cm-master/array_config/nx_MKREF2_dec30.dat,periodic_box_mode_sum
meerkat_b1_interferom,0.6666147783251232,0.6766147783251232,0.6716147783251232,0.6666147783251232,0.6766147783251232,0.6716298425514334,1.0,0.17501987544782738,0.41835376829643517,0.8967507514973996,62585876.00087875,ok,0.09590609412349911,0.36299192954541215,0.0024205546675424277,0.002834135452558472,0.363,8.660028081584393,100000.0,/home/liuhk/bao21cm-master/bao21cm-master/array_config/nx_MKREF2_dec30.dat,periodic_box_mode_sum
meerkat_b1_interferom,0.6766147783251232,0.6866147783251232,0.6816147783251232,0.6766147783251232,0.6866147783251232,0.6816294815574722,1.0,0.1821590379413666,0.4268009347943917,0.9004000582062253,62840567.79431898,ok,0.09419873072091181,0.3629920224469941,0.002406582606298576,0.002834135452558472,0.363,8.660028081584393,100000.0,/home/liuhk/bao21cm-master/bao21cm-master/array_config/nx_MKREF2_dec30.dat,periodic_box_mode_sum
meerkat_b1_interferom,0.6866147783251232,0.6966147783251232,0.6916147783251232,0.6866147783251232,0.6966147783251232,0.6916291316400767,1.0,0.18950861183169582,0.4353258685533124,0.9039393013612104,63087578.05092035,ok,0.09254487107510899,0.36299211320054087,0.002392854823372006,0.002834135452558472,0.363,8.660028081584393,100000.0,/home/liuhk/bao21cm-master/bao21cm-master/array_config/nx_MKREF2_dec30.dat,periodic_box_mode_sum
meerkat_b1_interferom,0.6966147783251232,0.7066147783251232,0.7016147783251232,0.6966147783251232,0.7066147783251232,0.7016287923356282,1.0,0.1969512198366914,0.44379186544673327,0.9070568838947676,63305159.84111336,ok,0.09094214577266058,0.3629922018743971,0.0023793651205530663,0.002834135452558472,0.363,8.660028081584393,100000.0,/home/liuhk/bao21cm-master/bao21cm-master/array_config/nx_MKREF2_dec30.dat,periodic_box_mode_sum
meerkat_b1_interferom,0.7066147783251232,0.7166147783251231,0.7116147783251232,0.7066147783251232,0.7166147783251231,0.7116284632058596,1.0,0.20457731145749536,0.45230223463685804,0.9101404052617583,63520364.44015975,ok,0.0893883205820116,0.3629922885342552,0.002366107492069094,0.002834135452558472,0.363,8.660028081584393,100000.0,/home/liuhk/bao21cm-master/bao21cm-master/array_config/nx_MKREF2_dec30.dat,periodic_box_mode_sum
meerkat_b1_interferom,0.7166147783251231,0.7266147783251231,0.7216147783251231,0.7166147783251231,0.7266147783251231,0.7216281438362736,1.0,0.2123464475932803,0.4608106417969102,0.9130989223370034,63726844.76092735,ok,0.08788128704056876,0.36299237324327405,0.0023530761176828365,0.002834135452558472,0.363,8.660028081584393,100000.0,/home/liuhk/bao21cm-master/bao21cm-master/array_config/nx_MKREF2_dec30.dat,periodic_box_mode_sum
meerkat_b1_interferom,0.7266147783251231,0.7366147783251231,0.7316147783251231,0.7266147783251231,0.7366147783251231,0.7316278338346152,1.0,0.22026905624022258,0.4693283032592671,0.9160146561688415,63930339.160844244,ok,0.08641905379523286,0.36299245606219305,0.0023402653560701497,0.002834135452558472,0.363,8.660028081584393,100000.0,/home/liuhk/bao21cm-master/bao21cm-master/array_config/nx_MKREF2_dec30.dat,periodic_box_mode_sum
meerkat_b1_interferom,0.7366147783251231,0.7466147783251231,0.7416147783251231,0.7366147783251231,0.7466147783251231,0.741627532829113,1.0,0.2282264431637145,0.4777305131177142,0.9185504957898313,64107320.04857962,ok,0.08499973866210678,0.3629925370494394,0.0023276697384646233,0.002834135452558472,0.363,8.660028081584393,100000.0,/home/liuhk/bao21cm-master/bao21cm-master/array_config/nx_MKREF2_dec30.dat,periodic_box_mode_sum
meerkat_b1_interferom,0.7466147783251231,0.7566147783251231,0.7516147783251231,0.7466147783251231,0.7566147783251231,0.7516272404675104,1.0,0.23640821288879182,0.48621827699994147,0.9211932457754641,64291762.40630942,ok,0.08362156131210428,0.3629926162612302,0.00231528396255589,0.002834135452558472,0.363,8.660028081584393,100000.0,/home/liuhk/bao21cm-master/bao21cm-master/array_config/nx_MKREF2_dec30.dat,periodic_box_mode_sum
meerkat_b1_interferom,0.7566147783251231,0.7666147783251231,0.7616147783251231,0.7566147783251231,0.7666147783251231,0.7616269564154123,1.0,0.24478561528480808,0.49475813816935654,0.923652563948932,64463402.72218799,ok,0.08228283653413697,0.36299269375166987,0.002303102886632123,0.002834135452558472,0.363,8.660028081584393,100000.0,/home/liuhk/bao21cm-master/bao21cm-master/array_config/nx_MKREF2_dec30.dat,periodic_box_mode_sum
meerkat_b1_interferom,0.7666147783251231,0.7766147783251232,0.7716147783251232,0.7666147783251231,0.7766147783251232,0.7716266803553912,1.0,0.2534390401237201,0.5034272937810584,0.9260256452656039,64629024.41001732,ok,0.08098196803286095,0.36299276957284216,0.0022911215239540907,0.002834135452558472,0.363,8.660028081584393,100000.0,/home/liuhk/bao21cm-master/bao21cm-master/array_config/nx_MKREF2_dec30.dat,periodic_box_mode_sum
meerkat_b1_interferom,0.7766147783251232,0.7866147783251232,0.7816147783251232,0.7766147783251232,0.7866147783251232,0.7816264119859149,1.0,0.2623918109909787,0.5122419457551077,0.928370668856164,64792687.89779571,ok,0.07971744268960379,0.362992843774898,0.0022793350373516478,0.002834135452558472,0.363,8.660028081584393,100000.0,/home/liuhk/bao21cm-master/bao21cm-master/array_config/nx_MKREF2_dec30.dat,periodic_box_mode_sum
meerkat_b1_interferom,0.7866147783251232,0.7966147783251232,0.7916147783251232,0.7866147783251232,0.7966147783251232,0.791626151020143,1.0,0.27151348472210074,0.5210695584296791,0.9304923595446526,64940764.57363925,ok,0.0784878252740043,0.3629929164061389,0.002267738734032815,0.002834135452558472,0.363,8.660028081584393,100000.0,/home/liuhk/bao21cm-master/bao21cm-master/array_config/nx_MKREF2_dec30.dat,periodic_box_mode_sum
meerkat_b1_interferom,0.7966147783251232,0.8066147783251232,0.8016147783251232,0.7966147783251232,0.8066147783251232,0.8016258971853487,1.0,0.28083351402257467,0.5299372736679074,0.9325614348231838,65085169.12373571,ok,0.07729175354342885,0.36299298751309644,0.002256328060595251,0.002834135452558472,0.363,8.660028081584393,100000.0,/home/liuhk/bao21cm-master/bao21cm-master/array_config/nx_MKREF2_dec30.dat,periodic_box_mode_sum
meerkat_b1_interferom,0.8066147783251232,0.8166147783251232,0.8116147783251232,0.8066147783251232,0.8166147783251232,0.8116256502217196,1.0,0.2903385009330109,0.5388306792796889,0.9345446779011525,65223583.287481986,ok,0.07612793370667426,0.3629930571406073,0.0022450985982327355,0.002834135452558472,0.363,8.660028081584393,100000.0,/home/liuhk/bao21cm-master/bao21cm-master/array_config/nx_MKREF2_dec30.dat,periodic_box_mode_sum
meerkat_b1_interferom,0.8166147783251232,0.8266147783251232,0.8216147783251232,0.8166147783251232,0.8266147783251232,0.8216254098818028,1.0,0.3000735161039067,0.5477896641083206,0.9364573723078077,65357073.73035323,ok,0.0749951362274874,0.3629931253318858,0.0022340460581267655,0.002834135452558472,0.363,8.660028081584393,100000.0,/home/liuhk/bao21cm-master/bao21cm-master/array_config/nx_MKREF2_dec30.dat,periodic_box_mode_sum
meerkat_b1_interferom,0.8266147783251232,0.8366147783251232,0.8316147783251232,0.8266147783251232,0.8366147783251232,0.8316251759297889,1.0,0.3100663788500531,0.5568360430594028,0.9382980260337861,65485536.322285585,ok,0.07389219192031332,0.36299319212859177,0.002223166277016172,0.002834135452558472,0.363,8.660028081584393,100000.0,/home/liuhk/bao21cm-master/bao21cm-master/array_config/nx_MKREF2_dec30.dat,periodic_box_mode_sum
meerkat_b1_interferom,0.8366147783251232,0.8466147783251232,0.8416147783251232,0.8366147783251232,0.8466147783251232,0.8416249481406222,1.0,0.3203285546103083,0.5659757544368029,0.9400956279180551,65610994.24740016,ok,0.0728179883364479,0.3629932575708959,0.002212455212937154,0.002834135452558472,0.363,8.660028081584393,100000.0,/home/liuhk/bao21cm-master/bao21cm-master/array_config/nx_MKREF2_dec30.dat,periodic_box_mode_sum
meerkat_b1_interferom,0.8466147783251232,0.8566147783251232,0.8516147783251232,0.8466147783251232,0.8566147783251232,0.8516247262996582,1.0,0.3307967433271906,0.5751493226347316,0.9418421523319273,65732887.382383965,ok,0.07177146640034893,0.36299332169754167,0.002201908941125629,0.002834135452558472,0.363,8.660028081584393,100000.0,/home/liuhk/bao21cm-master/bao21cm-master/array_config/nx_MKREF2_dec30.dat,periodic_box_mode_sum
meerkat_b1_interferom,0.8566147783251232,0.8666147783251232,0.8616147783251232,0.8566147783251232,0.8666147783251232,0.8616245102018303,1.0,0.3413629598481389,0.5842627489821158,0.9434039558477038,65841888.50785043,ok,0.07075161727812276,0.36299338454590485,0.0021915236500761044,0.002834135452558472,0.363,8.660028081584393,100000.0,/home/liuhk/bao21cm-master/bao21cm-master/array_config/nx_MKREF2_dec30.dat,periodic_box_mode_sum
meerkat_b1_interferom,0.8666147783251232,0.8766147783251231,0.8716147783251231,0.8666147783251232,0.8766147783251231,0.8716242996512132,1.0,0.3520993797669811,0.5933796253386032,0.9449946983020238,65952909.33479613,ok,0.06975747947226882,0.3629934461520493,0.002181295637749504,0.002834135452558472,0.363,8.660028081584393,100000.0,/home/liuhk/bao21cm-master/bao21cm-master/array_config/nx_MKREF2_dec30.dat,periodic_box_mode_sum
meerkat_b1_interferom,0.8766147783251231,0.8866147783251231,0.8816147783251231,0.8766147783251231,0.8866147783251231,0.8816240944606212,1.0,0.36294230559434426,0.6024469317660638,0.9465127221694581,66058854.99848805,ok,0.0687881361041581,0.36299350655078116,0.002171221307924153,0.002834135452558472,0.363,8.660028081584393,100000.0,/home/liuhk/bao21cm-master/bao21cm-master/array_config/nx_MKREF2_dec30.dat,periodic_box_mode_sum
meerkat_b1_interferom,0.8866147783251231,0.8966147783251232,0.8916147783251231,0.8866147783251231,0.8966147783251232,0.8916238944508673,1.0,0.3738666430408464,0.6114463533629474,0.9479314307104709,66157869.26380197,ok,0.06784271238719418,0.36299356577569974,0.002161297166684104,0.002834135452558472,0.363,8.660028081584393,100000.0,/home/liuhk/bao21cm-master/bao21cm-master/array_config/nx_MKREF2_dec30.dat,periodic_box_mode_sum
meerkat_b1_interferom,0.8966147783251232,0.9066147783251232,0.9016147783251232,0.8966147783251232,0.9066147783251232,0.9016236994505571,1.0,0.3849241596980282,0.6204225654326478,0.9493497758812751,66256858.168844044,ok,0.06692037326814912,0.3629936238592467,0.0021515198190383148,0.002834135452558472,0.363,8.660028081584393,100000.0,/home/liuhk/bao21cm-master/bao21cm-master/array_config/nx_MKREF2_dec30.dat,periodic_box_mode_sum
meerkat_b1_interferom,0.9066147783251232,0.9166147783251232,0.9116147783251232,0.9066147783251232,0.9166147783251232,0.9116235092956196,1.0,0.39610493387109835,0.6293686788132202,0.950624930789588,66345853.56342869,ok,0.06602032121943446,0.36299368083275235,0.0021418859656661296,0.002834135452558472,0.363,8.660028081584393,100000.0,/home/liuhk/bao21cm-master/bao21cm-master/array_config/nx_MKREF2_dec30.dat,periodic_box_mode_sum
meerkat_b1_interferom,0.9166147783251232,0.9266147783251232,0.9216147783251232,0.9166147783251232,0.9266147783251232,0.9216233238288021,1.0,0.4075562076933272,0.6384012904853241,0.9519153729904857,66435915.886138566,ok,0.06514179418363547,0.3629937367264804,0.002132392399783269,0.002834135452558472,0.363,8.660028081584393,100000.0,/home/liuhk/bao21cm-master/bao21cm-master/array_config/nx_MKREF2_dec30.dat,periodic_box_mode_sum
meerkat_b1_interferom,0.9266147783251232,0.9366147783251232,0.9316147783251232,0.9266147783251232,0.9366147783251232,0.9316231428995065,1.0,0.4192964688800462,0.6475310563054456,0.9532085189737641,66526166.91076873,ok,0.06428406364589444,0.3629937915696702,0.0021230360041235067,0.002834135452558472,0.363,8.660028081584393,100000.0,/home/liuhk/bao21cm-master/bao21cm-master/array_config/nx_MKREF2_dec30.dat,periodic_box_mode_sum
meerkat_b1_interferom,0.9366147783251232,0.9466147783251232,0.9416147783251232,0.9366147783251232,0.9466147783251232,0.9416229663632585,1.0,0.43124030821073495,0.6566888975844917,0.9544311555565435,66611496.95530583,ok,0.06344643282871511,0.3629938453905777,0.002113813748031412,0.002834135452558472,0.363,8.660028081584393,100000.0,/home/liuhk/bao21cm-master/bao21cm-master/array_config/nx_MKREF2_dec30.dat,periodic_box_mode_sum
meerkat_b1_interferom,0.9466147783251232,0.9566147783251232,0.9516147783251232,0.9466147783251232,0.9566147783251232,0.9516227940814737,1.0,0.4433225989658031,0.6658247509411189,0.9555532980381946,66689813.33262101,ok,0.0626282350076734,0.3629938982165136,0.0021047226846615053,0.002834135452558472,0.363,8.660028081584393,100000.0,/home/liuhk/bao21cm-master/bao21cm-master/array_config/nx_MKREF2_dec30.dat,periodic_box_mode_sum
meerkat_b1_interferom,0.9566147783251232,0.9666147783251232,0.9616147783251232,0.9566147783251232,0.9666147783251232,0.9616226259212582,1.0,0.4555968977904498,0.6749791832274902,0.9566749682925912,66768096.75233192,ok,0.06182883192565872,0.36299395007388097,0.0020957599482793535,0.002834135452558472,0.363,8.660028081584393,100000.0,/home/liuhk/bao21cm-master/bao21cm-master/array_config/nx_MKREF2_dec30.dat,periodic_box_mode_sum
meerkat_b1_interferom,0.9666147783251232,0.9766147783251232,0.9716147783251232,0.9666147783251232,0.9766147783251232,0.9716224617548926,1.0,0.468197862805148,0.6842498540775497,0.9578408460657069,66849465.495673984,ok,0.06104761230939697,0.36299400098821,0.0020869227516610144,0.002834135452558472,0.363,8.660028081584393,100000.0,/home/liuhk/bao21cm-master/bao21cm-master/array_config/nx_MKREF2_dec30.dat,periodic_box_mode_sum
meerkat_b1_interferom,0.9766147783251232,0.9866147783251232,0.9816147783251232,0.9766147783251232,0.9866147783251232,0.9816223014597619,1.0,0.48110486065181546,0.6936172292062932,0.958847517636485,66919722.94680758,ok,0.060283990478131655,0.3629940509841923,0.0020782083835861743,0.002834135452558472,0.363,8.660028081584393,100000.0,/home/liuhk/bao21cm-master/bao21cm-master/array_config/nx_MKREF2_dec30.dat,periodic_box_mode_sum
meerkat_b1_interferom,0.9866147783251232,0.9966147783251232,0.9916147783251232,0.9866147783251232,0.9966147783251232,0.9916221449181004,1.0,0.4944573897727782,0.7031766419419648,0.9598257980570593,66987998.92761262,ok,0.0595374050328384,0.3629941000857129,0.002069614206421632,0.002834135452558472,0.363,8.660028081584393,100000.0,/home/liuhk/bao21cm-master/bao21cm-master/array_config/nx_MKREF2_dec30.dat,periodic_box_mode_sum
meerkat_b1_interferom,0.9966147783251232,1.0066147783251231,1.0016147783251232,0.9966147783251232,1.0066147783251231,1.0016219920166127,1.0,0.5081193326571597,0.7128248962102542,0.9607318240869439,67051232.14226589,ok,0.058807317628979665,0.36299414831588145,0.0020611376537916174,0.002834135452558472,0.363,8.660028081584393,100000.0,/home/liuhk/bao21cm-master/bao21cm-master/array_config/nx_MKREF2_dec30.dat,periodic_box_mode_sum
meerkat_b1_interferom,1.0066147783251231,1.0166147783251231,1.0116147783251233,1.0066147783251231,1.0166147783251231,1.0116218426463945,1.0,0.5220942137857588,0.7225608720279274,0.9617101763748803,67119513.13882567,ok,0.05809321182084839,0.36299419569706126,0.0020527762283310785,0.002834135452558472,0.363,8.660028081584393,100000.0,/home/liuhk/bao21cm-master/bao21cm-master/array_config/nx_MKREF2_dec30.dat,periodic_box_mode_sum
meerkat_b1_interferom,1.0166147783251231,1.0266147783251232,1.021614778325123,1.0166147783251231,1.0266147783251232,1.0216216967027096,1.0,0.5361992432870225,0.732256268861539,0.9625443219723219,67177729.68655755,ok,0.05739459197194119,0.3629942422508981,0.002044527499519005,0.002834135452558472,0.363,8.660028081584393,100000.0,/home/liuhk/bao21cm-master/bao21cm-master/array_config/nx_MKREF2_dec30.dat,periodic_box_mode_sum
meerkat_b1_interferom,1.0266147783251232,1.0366147783251232,1.0316147783251233,1.0266147783251232,1.0366147783251232,1.0316215540846982,1.0,0.5506859376048319,0.7420821636482255,0.9635378165258395,67247067.48954257,ok,0.05671098223361148,0.36299428799834704,0.0020363891015885605,0.002834135452558472,0.363,8.660028081584393,100000.0,/home/liuhk/bao21cm-master/bao21cm-master/array_config/nx_MKREF2_dec30.dat,periodic_box_mode_sum
meerkat_b1_interferom,1.0366147783251232,1.0466147783251232,1.041614778325123,1.0366147783251232,1.0466147783251232,1.0416214146953107,1.0,0.5653212055043609,0.7518784512834245,0.9643177254337615,67301498.75945976,ok,0.05604192558019123,0.3629943329596983,0.0020283587315107978,0.002834135452558472,0.363,8.660028081584393,100000.0,/home/liuhk/bao21cm-master/bao21cm-master/array_config/nx_MKREF2_dec30.dat,periodic_box_mode_sum
meerkat_b1_interferom,1.0466147783251232,1.0566147783251232,1.0516147783251233,1.0466147783251232,1.0566147783251232,1.0516212784410752,1.0,0.5802989697758859,0.7617735685726342,0.9651267156072165,67357959.66411719,ok,0.055386982898296314,0.362994377154602,0.002020434147049385,0.002834135452558472,0.363,8.660028081584393,100000.0,/home/liuhk/bao21cm-master/bao21cm-master/array_config/nx_MKREF2_dec30.dat,periodic_box_mode_sum
meerkat_b1_interferom,1.0566147783251232,1.0666147783251232,1.061614778325123,1.0566147783251232,1.0666147783251232,1.0616211452319069,1.0,0.5956303432995087,0.7717709137428728,0.965978485333555,67417406.23205696,ok,0.054745732132162606,0.3629944206020921,0.0020126131648833864,0.002834135452558472,0.363,8.660028081584393,100000.0,/home/liuhk/bao21cm-master/bao21cm-master/array_config/nx_MKREF2_dec30.dat,periodic_box_mode_sum
meerkat_b1_interferom,1.0666147783251232,1.0766147783251232,1.0716147783251233,1.0666147783251232,1.0766147783251232,1.0716210149810412,1.0,0.6112318082431006,0.7818131543042114,0.9667442360626699,67470849.37676573,ok,0.054117767474063584,0.362994463320609,0.0020048936587954208,0.002834135452558472,0.363,8.660028081584393,100000.0,/home/liuhk/bao21cm-master/bao21cm-master/array_config/nx_MKREF2_dec30.dat,periodic_box_mode_sum
meerkat_b1_interferom,1.0766147783251232,1.0866147783251232,1.081614778325123,1.0766147783251232,1.0866147783251232,1.0816208876047981,1.0,0.62719179742647,0.7919544162554244,0.9675384334449931,67526277.86545928,ok,0.05350269859927507,0.3629945053280212,0.001997273557922872,0.002834135452558472,0.363,8.660028081584393,100000.0,/home/liuhk/bao21cm-master/bao21cm-master/array_config/nx_MKREF2_dec30.dat,periodic_box_mode_sum
meerkat_b1_interferom,1.0866147783251232,1.0966147783251232,1.0916147783251233,1.0866147783251232,1.0966147783251232,1.0916207630224706,1.0,0.6433915315710466,0.8021169064238994,0.9682027405921731,67572641.07694305,ok,0.052900149947249536,0.3629945466416466,0.0019897508450695146,0.002834135452558472,0.363,8.660028081584393,100000.0,/home/liuhk/bao21cm-master/bao21cm-master/array_config/nx_MKREF2_dec30.dat,periodic_box_mode_sum
meerkat_b1_interferom,1.0966147783251232,1.1066147783251232,1.1016147783251231,1.0966147783251232,1.1066147783251232,1.1016206411562475,1.0,0.660003995703687,0.8124062996454957,0.9689394117889941,67624054.70787747,ok,0.052309760039008175,0.36299458727827194,0.0019823235550753006,0.002834135452558472,0.363,8.660028081584393,100000.0,/home/liuhk/bao21cm-master/bao21cm-master/array_config/nx_MKREF2_dec30.dat,periodic_box_mode_sum
meerkat_b1_interferom,1.1066147783251232,1.1166147783251232,1.1116147783251233,1.1066147783251232,1.1166147783251232,1.1116205219310034,1.0,0.6768871726500666,0.8227315313333181,0.9696180778696573,67671420.05560589,ok,0.051731180831628996,0.3629946272541724,0.001974989773242199,0.002834135452558472,0.363,8.660028081584393,100000.0,/home/liuhk/bao21cm-master/bao21cm-master/array_config/nx_MKREF2_dec30.dat,periodic_box_mode_sum
meerkat_b1_interferom,1.1166147783251232,1.1266147783251232,1.1216147783251231,1.1166147783251232,1.1266147783251232,1.1216204052742196,1.0,0.6940552752085863,0.8330997990688669,0.9703548596167412,67722841.40204547,ok,0.051164077110489876,0.36299466658512985,0.001967747633813785,0.002834135452558472,0.363,8.660028081584393,100000.0,/home/liuhk/bao21cm-master/bao21cm-master/array_config/nx_MKREF2_dec30.dat,periodic_box_mode_sum
meerkat_b1_interferom,1.1266147783251232,1.1366147783251233,1.1316147783251234,1.1266147783251232,1.1366147783251233,1.131620291115916,1.0,0.7112557293594041,0.8433597864253454,0.970917931936194,67762139.24964243,ok,0.05060812591134006,0.36299470528645045,0.0019605953185065994,0.002834135452558472,0.363,8.660028081584393,100000.0,/home/liuhk/bao21cm-master/bao21cm-master/array_config/nx_MKREF2_dec30.dat,periodic_box_mode_sum
meerkat_b1_interferom,1.1366147783251233,1.146614778325123,1.1416147783251231,1.1366147783251233,1.146614778325123,1.1416201793884637,1.0,0.7287510910535877,0.8536691929861284,0.9715390543185952,67805488.51736417,ok,0.050063015972996894,0.36299474337298165,0.0019535310550914285,0.002834135452558472,0.363,8.660028081584393,100000.0,/home/liuhk/bao21cm-master/bao21cm-master/array_config/nx_MKREF2_dec30.dat,periodic_box_mode_sum
meerkat_b1_interferom,1.146614778325123,1.1566147783251233,1.1516147783251232,1.146614778325123,1.1566147783251233,1.1516200700265264,1.0,0.7466237869420689,0.864073947612164,0.9721168182072164,67845811.71645896,ok,0.04952844722130242,0.3629947808591282,0.001946553116022466,0.002834135452558472,0.363,8.660028081584393,100000.0,/home/liuhk/bao21cm-master/bao21cm-master/array_config/nx_MKREF2_dec30.dat,periodic_box_mode_sum
meerkat_b1_interferom,1.1566147783251233,1.166614778325123,1.1616147783251232,1.1566147783251233,1.166614778325123,1.1616199629669968,1.0,0.7650853710133663,0.87469158622532,0.9727377792582421,67889149.72456875,ok,0.049004130277714227,0.3629948177588681,0.0019396598171126439,0.002834135452558472,0.363,8.660028081584393,100000.0,/home/liuhk/bao21cm-master/bao21cm-master/array_config/nx_MKREF2_dec30.dat,periodic_box_mode_sum
meerkat_b1_interferom,1.166614778325123,1.1766147783251233,1.1716147783251232,1.166614778325123,1.1766147783251233,1.17161985814884,1.0,0.7839508553013121,0.8854099927724512,0.9732577192110036,67925437.2853621,ok,0.048489785993184195,0.36299485408576737,0.001932849516253445,0.002834135452558472,0.363,8.660028081584393,100000.0,/home/liuhk/bao21cm-master/bao21cm-master/array_config/nx_MKREF2_dec30.dat,periodic_box_mode_sum
meerkat_b1_interferom,1.1766147783251233,1.186614778325123,1.1816147783251232,1.1766147783251233,1.186614778325123,1.18161975551304,1.0,0.8032797855340675,0.8962587715241996,0.9739075213472924,67970788.16559161,ok,0.047985145008217996,0.3629948898529941,0.001926120612177422,0.002834135452558472,0.363,8.660028081584393,100000.0,/home/liuhk/bao21cm-master/bao21cm-master/array_config/nx_MKREF2_dec30.dat,periodic_box_mode_sum
meerkat_b1_interferom,1.186614778325123,1.1966147783251233,1.1916147783251232,1.186614778325123,1.1966147783251233,1.1916196550025433,1.0,0.822627904512255,0.9069883706598751,0.9743264366108838,68000025.02845258,ok,0.047489947333307296,0.362994925073333,0.0019194715432619576,0.002834135452558472,0.363,8.660028081584393,100000.0,/home/liuhk/bao21cm-master/bao21cm-master/array_config/nx_MKREF2_dec30.dat,periodic_box_mode_sum
meerkat_b1_interferom,1.1966147783251233,1.206614778325123,1.2016147783251232,1.1966147783251233,1.206614778325123,1.2016195565621364,1.0,0.8423203444536753,0.9177801177044943,0.9748468180061942,68036343.39832924,ok,0.047003941950314376,0.3629949597591976,0.001912900786372758,0.002834135452558472,0.363,8.660028081584393,100000.0,/home/liuhk/bao21cm-master/bao21cm-master/array_config/nx_MKREF2_dec30.dat,periodic_box_mode_sum
meerkat_b1_interferom,1.206614778325123,1.2166147783251233,1.2116147783251232,1.206614778325123,1.2166147783251233,1.211619460138384,1.0,0.8623248305554944,0.9286144682027598,0.9754262229592914,68076781.13031696,ok,0.04652688643590947,0.362994993922644,0.0019064068557454324,0.002834135452558472,0.363,8.660028081584393,100000.0,/home/liuhk/bao21cm-master/bao21cm-master/array_config/nx_MKREF2_dec30.dat,periodic_box_mode_sum
meerkat_b1_interferom,1.2166147783251233,1.2266147783251231,1.2216147783251232,1.2166147783251233,1.2266147783251231,1.2216193656795815,1.0,0.8824333066790181,0.9393792134590897,0.9758467498785925,68106130.47357924,ok,0.046058546601917105,0.3629950275753824,0.001899988301903978,0.002834135452558472,0.363,8.660028081584393,100000.0,/home/liuhk/bao21cm-master/bao21cm-master/array_config/nx_MKREF2_dec30.dat,periodic_box_mode_sum
meerkat_b1_interferom,1.2266147783251231,1.2366147783251233,1.2316147783251232,1.2266147783251231,1.2366147783251233,1.231619273135671,1.0,0.9029700970684157,0.9502473872989158,0.9762962764742843,68137503.75732625,ok,0.04559869615325595,0.362995060728789,0.0018936437106147656,0.002834135452558472,0.363,8.660028081584393,100000.0,/home/liuhk/bao21cm-master/bao21cm-master/array_config/nx_MKREF2_dec30.dat,periodic_box_mode_sum
meerkat_b1_interferom,1.2366147783251233,1.2466147783251231,1.2416147783251232,1.2366147783251233,1.2466147783251231,1.24161918245816,1.0,0.9242353529349742,0.9613715998171436,0.9769052830315631,68180007.43944074,ok,0.045147116364194384,0.3629950933939176,0.0018873717018745746,0.002834135452558472,0.363,8.660028081584393,100000.0,/home/liuhk/bao21cm-master/bao21cm-master/array_config/nx_MKREF2_dec30.dat,periodic_box_mode_sum
meerkat_b1_interferom,1.2466147783251231,1.2566147783251231,1.251614778325123,1.2466147783251231,1.2566147783251231,1.2516190936000897,1.0,0.9457684256069979,0.9725062599320365,0.9771951971564602,68200241.07676016,ok,0.04470359576903037,0.36299512558150987,0.0018811709289317628,0.002834135452558472,0.363,8.660028081584393,100000.0,/home/liuhk/bao21cm-master/bao21cm-master/array_config/nx_MKREF2_dec30.dat,periodic_box_mode_sum
meerkat_b1_interferom,1.2566147783251231,1.2666147783251231,1.2616147783251233,1.2566147783251231,1.2666147783251231,1.261619006515976,1.0,0.9680026837164484,0.9838712739563282,0.9776302449458094,68230603.85811628,ok,0.04426792986752533,0.36299515730200643,0.0018750400773389548,0.002834135452558472,0.363,8.660028081584393,100000.0,/home/liuhk/bao21cm-master/bao21cm-master/array_config/nx_MKREF2_dec30.dat,periodic_box_mode_sum
meerkat_b1_interferom,1.2666147783251231,1.2766147783251232,1.271614778325123,1.2666147783251231,1.2766147783251232,1.2716189211617188,1.0,0.990846709661929,0.995412833784018,0.9781957726438651,68270073.07107928,ok,0.043839920845454086,0.36299518856555624,0.0018689778640366055,0.002834135452558472,0.363,8.660028081584393,100000.0,/home/liuhk/bao21cm-master/bao21cm-master/array_config/nx_MKREF2_dec30.dat,periodic_box_mode_sum
meerkat_b1_interferom,1.2766147783251232,1.2866147783251232,1.2816147783251233,1.2766147783251232,1.2866147783251232,1.2816188374945854,1.0,1.0138319635930095,1.0068922303767218,0.9785292137785642,68293344.53806719,ok,0.04341937730771657,0.3629952193820269,0.0018629830364658006,0.002834135452558472,0.363,8.660028081584393,100000.0,/home/liuhk/bao21cm-master/bao21cm-master/array_config/nx_MKREF2_dec30.dat,periodic_box_mode_sum
meerkat_b1_interferom,1.2866147783251232,1.2966147783251232,1.291614778325123,1.2866147783251232,1.2966147783251232,1.2916187554731555,1.0,1.0372595146844052,1.0184593829330677,0.9789062581402077,68319659.15405747,ok,0.04300611402371367,0.36299524976101344,0.0018570543717097742,0.002834135452558472,0.363,8.660028081584393,100000.0,/home/liuhk/bao21cm-master/bao21cm-master/array_config/nx_MKREF2_dec30.dat,periodic_box_mode_sum
meerkat_b1_interferom,1.2966147783251232,1.3066147783251232,1.3016147783251233,1.2966147783251232,1.3066147783251232,1.3016186750572478,1.0,1.0611839602850357,1.0301378355759174,0.9793848615068298,68353061.7588582,ok,0.042599951685441124,0.3629952797118474,0.0018511906756626343,0.002834135452558472,0.363,8.660028081584393,100000.0,/home/liuhk/bao21cm-master/bao21cm-master/array_config/nx_MKREF2_dec30.dat,periodic_box_mode_sum
meerkat_b1_interferom,1.3066147783251232,1.3166147783251232,1.311614778325123,1.3066147783251232,1.3166147783251232,1.3116185962078966,1.0,1.085365249394693,1.041808643367242,0.9797472670854488,68378354.70739223,ok,0.04220071667630253,0.3629953092436056,0.0018453907822247818,0.002834135452558472,0.363,8.660028081584393,100000.0,/home/liuhk/bao21cm-master/bao21cm-master/array_config/nx_MKREF2_dec30.dat,periodic_box_mode_sum
meerkat_b1_interferom,1.3166147783251232,1.3266147783251232,1.3216147783251233,1.3166147783251232,1.3266147783251232,1.3216185188873142,1.0,1.1100076803166568,1.0535690201959513,0.9800952327501351,68402639.86790785,ok,0.04180824085031163,0.36299533836511827,0.0018396535525236585,0.002834135452558472,0.363,8.660028081584393,100000.0,/home/liuhk/bao21cm-master/bao21cm-master/array_config/nx_MKREF2_dec30.dat,periodic_box_mode_sum
meerkat_b1_interferom,1.3266147783251232,1.3366147783251232,1.331614778325123,1.3266147783251232,1.3366147783251232,1.331618443058816,1.0,1.1351879729794894,1.0654520040712718,0.9804433104469394,68426932.84735002,ok,0.04142236132199862,0.36299536708497687,0.001833977874159273,0.002834135452558472,0.363,8.660028081584393,100000.0,/home/liuhk/bao21cm-master/bao21cm-master/array_config/nx_MKREF2_dec30.dat,periodic_box_mode_sum
meerkat_b1_interferom,1.3366147783251232,1.3466147783251232,1.3416147783251233,1.3366147783251232,1.3466147783251232,1.3416183686868077,1.0,1.1610472964934409,1.0775190469283784,0.9808927247403187,68458298.29331313,ok,0.041042920265534605,0.3629953954115421,0.0018283626604734746,0.002834135452558472,0.363,8.660028081584393,100000.0,/home/liuhk/bao21cm-master/bao21cm-master/array_config/nx_MKREF2_dec30.dat,periodic_box_mode_sum
meerkat_b1_interferom,1.3466147783251232,1.3566147783251232,1.3516147783251231,1.3466147783251232,1.3566147783251232,1.3516182957367513,1.0,1.1873140625604828,1.0896394185970342,0.9812262466614277,68481575.39853242,ok,0.040669764722658576,0.36299542335295104,0.0018228068498420717,0.002834135452558472,0.363,8.660028081584393,100000.0,/home/liuhk/bao21cm-master/bao21cm-master/array_config/nx_MKREF2_dec30.dat,periodic_box_mode_sum
meerkat_b1_interferom,1.3566147783251232,1.3666147783251232,1.3616147783251233,1.3566147783251232,1.3666147783251232,1.3616182241750954,1.0,1.2139892881410954,1.1018118206577272,0.9814582487378459,68497767.24800946,ok,0.040302746419609306,0.3629954509171245,0.0018173094049892034,0.002834135452558472,0.363,8.660028081584393,100000.0,/home/liuhk/bao21cm-master/bao21cm-master/array_config/nx_MKREF2_dec30.dat,periodic_box_mode_sum
meerkat_b1_interferom,1.3666147783251232,1.3766147783251232,1.3716147783251231,1.3666147783251232,1.3766147783251232,1.3716181539692662,1.0,1.241512105891562,1.1142316212940475,0.9818642879419808,68526105.46711777,ok,0.039941721592074916,0.3629954781117735,0.0018118693123230477,0.002834135452558472,0.363,8.660028081584393,100000.0,/home/liuhk/bao21cm-master/bao21cm-master/array_config/nx_MKREF2_dec30.dat,periodic_box_mode_sum
meerkat_b1_interferom,1.3766147783251232,1.3866147783251233,1.3816147783251234,1.3766147783251232,1.3866147783251233,1.3816180850876427,1.0,1.2695414845629176,1.1267393152645901,0.9821977082092026,68549375.47772628,ok,0.03958655081761713,0.3629955049444064,0.001806485581292112,0.002834135452558472,0.363,8.660028081584393,100000.0,/home/liuhk/bao21cm-master/bao21cm-master/array_config/nx_MKREF2_dec30.dat,periodic_box_mode_sum
meerkat_b1_interferom,1.3866147783251233,1.3966147783251233,1.3916147783251231,1.3866147783251233,1.3966147783251233,1.3916180174994863,1.0,1.2981726641242177,1.1393738035097252,0.9825022615582291,68570630.81328747,ok,0.039237098855634055,0.36299553142233476,0.001801157243761488,0.002834135452558472,0.363,8.660028081584393,100000.0,/home/liuhk/bao21cm-master/bao21cm-master/array_config/nx_MKREF2_dec30.dat,periodic_box_mode_sum
meerkat_b1_interferom,1.3966147783251233,1.4066147783251233,1.4016147783251234,1.3966147783251233,1.4066147783251233,1.4016179511749407,1.0,1.327369264084102,1.1521151262283218,0.9827342637924844,68586822.67378023,ok,0.038893234494394684,0.3629955575526799,0.001795883353408326,0.002834135452558472,0.363,8.660028081584393,100000.0,/home/liuhk/bao21cm-master/bao21cm-master/array_config/nx_MKREF2_dec30.dat,periodic_box_mode_sum
meerkat_b1_interferom,1.4066147783251233,1.4166147783251233,1.4116147783251232,1.4066147783251233,1.4166147783251233,1.4116178860850006,1.0,1.3574448892072495,1.1650943692281968,0.9830822681805294,68611110.53686991,ok,0.038554830404433874,0.36299558334237847,0.0017906629851358934,0.002834135452558472,0.363,8.660028081584393,100000.0,/home/liuhk/bao21cm-master/bao21cm-master/array_config/nx_MKREF2_dec30.dat,periodic_box_mode_sum
meerkat_b1_interferom,1.4166147783251233,1.4266147783251233,1.4216147783251234,1.4166147783251233,1.4266147783251233,1.4216178222014653,1.0,1.3882100312105583,1.1782232518544855,0.983415879366927,68634393.87207708,ok,0.038221762998193444,0.3629956087981886,0.001785495234505561,0.002834135452558472,0.363,8.660028081584393,100000.0,/home/liuhk/bao21cm-master/bao21cm-master/array_config/nx_MKREF2_dec30.dat,periodic_box_mode_sum
meerkat_b1_interferom,1.4266147783251233,1.4366147783251233,1.4316147783251232,1.4266147783251233,1.4366147783251233,1.4316177594969226,1.0,1.419626278776795,1.1914807085206185,0.98372021610841,68655634.09020141,ok,0.03789391229603686,0.36299563392669476,0.001780379217186114,0.002834135452558472,0.363,8.660028081584393,100000.0,/home/liuhk/bao21cm-master/bao21cm-master/array_config/nx_MKREF2_dec30.dat,periodic_box_mode_sum
meerkat_b1_interferom,1.4366147783251233,1.4466147783251233,1.4416147783251234,1.4366147783251233,1.4466147783251233,1.4416176979447257,1.0,1.4514531565201063,1.2047626971815264,0.983865247466503,68665756.09409012,ok,0.03757116179756326,0.3629956587343139,0.0017753140684198046,0.002834135452558472,0.363,8.660028081584393,100000.0,/home/liuhk/bao21cm-master/bao21cm-master/array_config/nx_MKREF2_dec30.dat,periodic_box_mode_sum
meerkat_b1_interferom,1.4466147783251233,1.456614778325123,1.4516147783251232,1.4466147783251233,1.4489758620689654,1.4477954808675195,0.23579848452884253,1.471619625822763,1.2131033038545245,0.9840971930382111,68681944.0,partial_band,0.03737427152901266,0.3629956739023959,0.0017722099608910075,0.002834135452558472,0.363,8.660028081584393,100000.0,/home/liuhk/bao21cm-master/bao21cm-master/array_config/nx_MKREF2_dec30.dat,periodic_box_mode_sum
meerkat_b1_interferom,1.456614778325123,1.466614778325123,1.461614778325123,,,,0.0,,,,,out_of_band,,,,,0.363,8.660028081584393,100000.0,/home/liuhk/bao21cm-master/bao21cm-master/array_config/nx_MKREF2_dec30.dat,periodic_box_mode_sum
meerkat_b1_interferom,1.466614778325123,1.4766147783251231,1.4716147783251232,,,,0.0,,,,,out_of_band,,,,,0.363,8.660028081584393,100000.0,/home/liuhk/bao21cm-master/bao21cm-master/array_config/nx_MKREF2_dec30.dat,periodic_box_mode_sum
meerkat_b1_interferom,1.4766147783251231,1.4866147783251231,1.481614778325123,,,,0.0,,,,,out_of_band,,,,,0.363,8.660028081584393,100000.0,/home/liuhk/bao21cm-master/bao21cm-master/array_config/nx_MKREF2_dec30.dat,periodic_box_mode_sum
meerkat_b1_interferom,1.4866147783251231,1.4966147783251231,1.4916147783251232,,,,0.0,,,,,out_of_band,,,,,0.363,8.660028081584393,100000.0,/home/liuhk/bao21cm-master/bao21cm-master/array_config/nx_MKREF2_dec30.dat,periodic_box_mode_sum
meerkat_b1_interferom,1.4966147783251231,1.5066147783251231,1.501614778325123,,,,0.0,,,,,out_of_band,,,,,0.363,8.660028081584393,100000.0,/home/liuhk/bao21cm-master/bao21cm-master/array_config/nx_MKREF2_dec30.dat,periodic_box_mode_sum
meerkat_b1_interferom,1.5066147783251231,1.5166147783251231,1.5116147783251233,,,,0.0,,,,,out_of_band,,,,,0.363,8.660028081584393,100000.0,/home/liuhk/bao21cm-master/bao21cm-master/array_config/nx_MKREF2_dec30.dat,periodic_box_mode_sum
meerkat_b1_interferom,1.5166147783251231,1.5266147783251232,1.521614778325123,,,,0.0,,,,,out_of_band,,,,,0.363,8.660028081584393,100000.0,/home/liuhk/bao21cm-master/bao21cm-master/array_config/nx_MKREF2_dec30.dat,periodic_box_mode_sum
meerkat_b1_interferom,1.5266147783251232,1.5366147783251232,1.5316147783251233,,,,0.0,,,,,out_of_band,,,,,0.363,8.660028081584393,100000.0,/home/liuhk/bao21cm-master/bao21cm-master/array_config/nx_MKREF2_dec30.dat,periodic_box_mode_sum
meerkat_b1_interferom,1.5366147783251232,1.5466147783251232,1.541614778325123,,,,0.0,,,,,out_of_band,,,,,0.363,8.660028081584393,100000.0,/home/liuhk/bao21cm-master/bao21cm-master/array_config/nx_MKREF2_dec30.dat,periodic_box_mode_sum
meerkat_b1_interferom,1.5466147783251232,1.5566147783251232,1.5516147783251233,,,,0.0,,,,,out_of_band,,,,,0.363,8.660028081584393,100000.0,/home/liuhk/bao21cm-master/bao21cm-master/array_config/nx_MKREF2_dec30.dat,periodic_box_mode_sum
meerkat_b1_interferom,1.5566147783251232,1.5666147783251232,1.561614778325123,,,,0.0,,,,,out_of_band,,,,,0.363,8.660028081584393,100000.0,/home/liuhk/bao21cm-master/bao21cm-master/array_config/nx_MKREF2_dec30.dat,periodic_box_mode_sum
meerkat_b1_interferom,1.5666147783251232,1.5766147783251232,1.5716147783251233,,,,0.0,,,,,out_of_band,,,,,0.363,8.660028081584393,100000.0,/home/liuhk/bao21cm-master/bao21cm-master/array_config/nx_MKREF2_dec30.dat,periodic_box_mode_sum
meerkat_b1_interferom,1.5766147783251232,1.5866147783251232,1.581614778325123,,,,0.0,,,,,out_of_band,,,,,0.363,8.660028081584393,100000.0,/home/liuhk/bao21cm-master/bao21cm-master/array_config/nx_MKREF2_dec30.dat,periodic_box_mode_sum
meerkat_b1_interferom,1.5866147783251232,1.5966147783251232,1.5916147783251233,,,,0.0,,,,,out_of_band,,,,,0.363,8.660028081584393,100000.0,/home/liuhk/bao21cm-master/bao21cm-master/array_config/nx_MKREF2_dec30.dat,periodic_box_mode_sum
meerkat_b1_interferom,1.5966147783251232,1.6066147783251232,1.6016147783251231,,,,0.0,,,,,out_of_band,,,,,0.363,8.660028081584393,100000.0,/home/liuhk/bao21cm-master/bao21cm-master/array_config/nx_MKREF2_dec30.dat,periodic_box_mode_sum
meerkat_b1_interferom,1.6066147783251232,1.6166147783251232,1.6116147783251233,,,,0.0,,,,,out_of_band,,,,,0.363,8.660028081584393,100000.0,/home/liuhk/bao21cm-master/bao21cm-master/array_config/nx_MKREF2_dec30.dat,periodic_box_mode_sum
meerkat_b1_interferom,1.6166147783251232,1.6266147783251232,1.6216147783251231,,,,0.0,,,,,out_of_band,,,,,0.363,8.660028081584393,100000.0,/home/liuhk/bao21cm-master/bao21cm-master/array_config/nx_MKREF2_dec30.dat,periodic_box_mode_sum
meerkat_b1_interferom,1.6266147783251232,1.6366147783251233,1.6316147783251234,,,,0.0,,,,,out_of_band,,,,,0.363,8.660028081584393,100000.0,/home/liuhk/bao21cm-master/bao21cm-master/array_config/nx_MKREF2_dec30.dat,periodic_box_mode_sum
meerkat_b1_interferom,1.6366147783251233,1.6406758620689654,1.6386453201970443,,,,0.0,,,,,out_of_band,,,,,0.363,8.660028081584393,100000.0,/home/liuhk/bao21cm-master/bao21cm-master/array_config/nx_MKREF2_dec30.dat,periodic_box_mode_sum
