telescope,z_low,z_high,z_mid,z_obs_low,z_obs_high,z_effective,coverage_fraction,var_noise_mK2,rms_noise_mK,supported_mode_fraction,effective_mode_count,status,kperp_min_envelope_Mpc_inv,kperp_max_envelope_Mpc_inv,kpar_min_Mpc_inv,kpar_min_lattice_Mpc_inv,k_max_Mpc_inv,voxel_side_Mpc,t_obs_hours,baseline_source,variance_estimator
ska_mid1_interferom,0.249967619047619,0.259967619047619,0.254967619047619,,,,0.0,,,,,out_of_band,,,,,0.363,8.660028081584393,100000.0,/home/liuhk/bao21cm-master/bao21cm-master/array_config/nx_SKAM190_dec30.dat,periodic_box_mode_sum
ska_mid1_interferom,0.259967619047619,0.269967619047619,0.264967619047619,,,,0.0,,,,,out_of_band,,,,,0.363,8.660028081584393,100000.0,/home/liuhk/bao21cm-master/bao21cm-master/array_config/nx_SKAM190_dec30.dat,periodic_box_mode_sum
ska_mid1_interferom,0.269967619047619,0.279967619047619,0.274967619047619,,,,0.0,,,,,out_of_band,,,,,0.363,8.660028081584393,100000.0,/home/liuhk/bao21cm-master/bao21cm-master/array_config/nx_SKAM190_dec30.dat,periodic_box_mode_sum
ska_mid1_interferom,0.279967619047619,0.289967619047619,0.284967619047619,,,,0.0,,,,,out_of_band,,,,,0.363,8.660028081584393,100000.0,/home/liuhk/bao21cm-master/bao21cm-master/array_config/nx_SKAM190_dec30.dat,periodic_box_mode_sum
ska_mid1_interferom,0.289967619047619,0.299967619047619,0.294967619047619,,,,0.0,,,,,out_of_band,,,,,0.363,8.660028081584393,100000.0,/home/liuhk/bao21cm-master/bao21cm-master/array_config/nx_SKAM190_dec30.dat,periodic_box_mode_sum
ska_mid1_interferom,0.299967619047619,0.309967619047619,0.304967619047619,,,,0.0,,,,,out_of_band,,,,,0.363,8.660028081584393,100000.0,/home/liuhk/bao21cm-master/bao21cm-master/array_config/nx_SKAM190_dec30.dat,periodic_box_mode_sum
ska_mid1_interferom,0.309967619047619,0.319967619047619,0.314967619047619,,,,0.0,,,,,out_of_band,,,,,0.363,8.660028081584393,100000.0,/home/liuhk/bao21cm-master/bao21cm-master/array_config/nx_SKAM190_dec30.dat,periodic_box_mode_sum
ska_mid1_interferom,0.319967619047619,0.329967619047619,0.324967619047619,,,,0.0,,,,,out_of_band,,,,,0.363,8.660028081584393,100000.0,/home/liuhk/bao21cm-master/bao21cm-master/array_config/nx_SKAM190_dec30.dat,periodic_box_mode_sum
ska_mid1_interferom,0.329967619047619,0.33996761904761896,0.33496761904761896,,,,0.0,,,,,out_of_band,,,,,0.363,8.660028081584393,100000.0,/home/liuhk/bao21cm-master/bao21cm-master/array_config/nx_SKAM190_dec30.dat,periodic_box_mode_sum
ska_mid1_interferom,0.33996761904761896,0.34996761904761897,0.34496761904761897,,,,0.0,,,,,out_of_band,,,,,0.363,8.660028081584393,100000.0,/home/liuhk/bao21cm-master/bao21cm-master/array_config/nx_SKAM190_dec30.dat,periodic_box_mode_sum
ska_mid1_interferom,0.34996761904761897,0.359967619047619,0.354967619047619,0.352767619047619,0.359967619047619,0.35638694817307515,0.7245297077445508,0.019794946260032826,0.14069451396565832,0.47479922679016834,33137106.920270875,partial_band,0.22682671807034122,0.36299510182981565,0.0018857485415013525,0.002834135452558472,0.363,8.660028081584393,100000.0,/home/liuhk/bao21cm-master/bao21cm-master/array_config/nx_SKAM190_dec30.dat,periodic_box_mode_sum
ska_mid1_interferom,0.359967619047619,0.369967619047619,0.364967619047619,0.359967619047619,0.369967619047619,0.36500378373646136,1.0,0.022120927464400055,0.1487310574977535,0.4996715730621899,34872993.48298894,ok,0.22059104541413727,0.3629951752013484,0.0018715716770564069,0.002834135452558472,0.363,8.660028081584393,100000.0,/home/liuhk/bao21cm-master/bao21cm-master/array_config/nx_SKAM190_dec30.dat,periodic_box_mode_sum
ska_mid1_interferom,0.369967619047619,0.379967619047619,0.374967619047619,0.369967619047619,0.379967619047619,0.3750025448430996,1.0,0.024963295601383745,0.15799777087473021,0.5266471283193781,36755666.84965423,ok,0.21373040751592828,0.36299525787205034,0.0018554682437802272,0.002834135452558472,0.363,8.660028081584393,100000.0,/home/liuhk/bao21cm-master/bao21cm-master/array_config/nx_SKAM190_dec30.dat,periodic_box_mode_sum
ska_mid1_interferom,0.379967619047619,0.389967619047619,0.384967619047619,0.379967619047619,0.389967619047619,0.3850013702336446,1.0,0.028015111570933646,0.1673771536707852,0.5524053011647665,38553376.869990185,ok,0.20724233059411845,0.36299533799499356,0.0018397265830500178,0.002834135452558472,0.363,8.660028081584393,100000.0,/home/liuhk/bao21cm-master/bao21cm-master/array_config/nx_SKAM190_dec30.dat,periodic_box_mode_sum
ska_mid1_interferom,0.389967619047619,0.399967619047619,0.394967619047619,0.389967619047619,0.399967619047619,0.39500025508848186,1.0,0.03120750967817749,0.1766564736378984,0.5759677891893557,40197846.028579354,ok,0.20109815409060264,0.36299541567274324,0.0018243356523187065,0.002834135452558472,0.363,8.660028081584393,100000.0,/home/liuhk/bao21cm-master/bao21cm-master/array_config/nx_SKAM190_dec30.dat,periodic_box_mode_sum
ska_mid1_interferom,0.399967619047619,0.409967619047619,0.404967619047619,0.399967619047619,0.409967619047619,0.4049991950622724,1.0,0.03456637728741749,0.18592035199896081,0.5980250361335969,41737261.65757985,ok,0.19527205751258597,0.36299549100293993,0.001809284813002405,0.002834135452558472,0.363,8.660028081584393,100000.0,/home/liuhk/bao21cm-master/bao21cm-master/array_config/nx_SKAM190_dec30.dat,periodic_box_mode_sum
ska_mid1_interferom,0.409967619047619,0.41996761904761903,0.41496761904761903,0.409967619047619,0.41996761904761903,0.4149981862267459,1.0,0.03809916969317349,0.19519008605247729,0.6188195421328424,43188548.28521318,ok,0.18974071808831972,0.36299556407857014,0.001794563813481909,0.002834135452558472,0.363,8.660028081584393,100000.0,/home/liuhk/bao21cm-master/bao21cm-master/array_config/nx_SKAM190_dec30.dat,periodic_box_mode_sum
ska_mid1_interferom,0.41996761904761903,0.429967619047619,0.42496761904761904,0.41996761904761903,0.429967619047619,0.4249972250217319,1.0,0.041737743175700996,0.20429817222799865,0.63762922386145,44501310.39477027,ok,0.18448301671458814,0.36299563498822124,0.0017801627729055567,0.002834135452558472,0.363,8.660028081584393,100000.0,/home/liuhk/bao21cm-master/bao21cm-master/array_config/nx_SKAM190_dec30.dat,periodic_box_mode_sum
ska_mid1_interferom,0.429967619047619,0.439967619047619,0.434967619047619,0.429967619047619,0.439967619047619,0.43499630821277374,1.0,0.04557789079729695,0.21348979085028152,0.6557246409283993,45764222.666485876,ok,0.17947978447970164,0.3629957038163198,0.0017660721657536196,0.002834135452558472,0.363,8.660028081584393,100000.0,/home/liuhk/bao21cm-master/bao21cm-master/array_config/nx_SKAM190_dec30.dat,periodic_box_mode_sum
ska_mid1_interferom,0.439967619047619,0.449967619047619,0.444967619047619,0.439967619047619,0.449967619047619,0.44499543285465515,1.0,0.04958308170593014,0.22267258858227285,0.6726320346895518,46944220.61760731,ok,0.17471358332863474,0.3629957706433559,0.0017522828071250749,0.002834135452558472,0.363,8.660028081584393,100000.0,/home/liuhk/bao21cm-master/bao21cm-master/array_config/nx_SKAM190_dec30.dat,periodic_box_mode_sum
ska_mid1_interferom,0.449967619047619,0.45996761904761896,0.45496761904761895,0.449967619047619,0.45996761904761896,0.4549945962595065,1.0,0.053763940255056715,0.23187052476556116,0.6884915861808182,48051087.73916201,ok,0.17016851567760444,0.36299583554609427,0.0017387858387107726,0.002834135452558472,0.363,8.660028081584393,100000.0,/home/liuhk/bao21cm-master/bao21cm-master/array_config/nx_SKAM190_dec30.dat,periodic_box_mode_sum
ska_mid1_interferom,0.45996761904761896,0.46996761904761897,0.46496761904761896,0.45996761904761896,0.46996761904761897,0.46499379596929685,1.0,0.05810272946396734,0.24104507765969282,0.7031622123611078,49074977.58753032,ok,0.1658300585626263,0.36299589859777176,0.0017255727154172396,0.002834135452558472,0.363,8.660028081584393,100000.0,/home/liuhk/bao21cm-master/bao21cm-master/array_config/nx_SKAM190_dec30.dat,periodic_box_mode_sum
ska_mid1_interferom,0.46996761904761897,0.479967619047619,0.47496761904761897,0.46996761904761897,0.479967619047619,0.47499302973148355,1.0,0.06261106604660686,0.2502220334954675,0.7168736957760856,50031927.10707629,ok,0.16168491876880023,0.36299595986828426,0.001712635192608925,0.002834135452558472,0.363,8.660028081584393,100000.0,/home/liuhk/bao21cm-master/bao21cm-master/array_config/nx_SKAM190_dec30.dat,periodic_box_mode_sum
ska_mid1_interferom,0.479967619047619,0.489967619047619,0.484967619047619,0.479967619047619,0.489967619047619,0.48499229547805495,1.0,0.06729465497391911,0.2594121334361967,0.7297993233428478,50934030.30885906,ok,0.1577209058523313,0.36299601942436144,0.0016999653139364778,0.002834135452558472,0.363,8.660028081584393,100000.0,/home/liuhk/bao21cm-master/bao21cm-master/array_config/nx_SKAM190_dec30.dat,periodic_box_mode_sum
ska_mid1_interferom,0.489967619047619,0.499967619047619,0.494967619047619,0.489967619047619,0.499967619047619,0.4949915913066636,1.0,0.0721631945547548,0.2686320802785006,0.7421025858046768,51792697.51104043,ok,0.15392682058597973,0.36299607732973216,0.0016875553997224104,0.002834135452558472,0.363,8.660028081584393,100000.0,/home/liuhk/bao21cm-master/bao21cm-master/array_config/nx_SKAM190_dec30.dat,periodic_box_mode_sum
ska_mid1_interferom,0.499967619047619,0.509967619047619,0.504967619047619,0.499967619047619,0.509967619047619,0.5049909154645286,1.0,0.07718838282834126,0.2778279734446142,0.7536064717481494,52595574.763146654,ok,0.15029235663271542,0.3629961336452792,0.0016753980358746277,0.002834135452558472,0.363,8.660028081584393,100000.0,/home/liuhk/bao21cm-master/bao21cm-master/array_config/nx_SKAM190_dec30.dat,periodic_box_mode_sum
ska_mid1_interferom,0.509967619047619,0.519967619047619,0.514967619047619,0.509967619047619,0.519967619047619,0.5149902663335991,1.0,0.08236712639632189,0.2869967358635319,0.7643188691316414,53343212.580227755,ok,0.14680801370441562,0.36299618842918613,0.0016634860633027498,0.002834135452558472,0.363,8.660028081584393,100000.0,/home/liuhk/bao21cm-master/bao21cm-master/array_config/nx_SKAM190_dec30.dat,periodic_box_mode_sum
ska_mid1_interferom,0.519967619047619,0.529967619047619,0.524967619047619,0.519967619047619,0.529967619047619,0.5249896424181375,1.0,0.08773706033846641,0.2962044232256946,0.7745433426517939,54056797.297985755,ok,0.14346502062553296,0.36299624173707473,0.001651812567810118,0.002834135452558472,0.363,8.660028081584393,100000.0,/home/liuhk/bao21cm-master/bao21cm-master/array_config/nx_SKAM190_dec30.dat,periodic_box_mode_sum
ska_mid1_interferom,0.529967619047619,0.539967619047619,0.534967619047619,0.529967619047619,0.539967619047619,0.5349890423328459,1.0,0.09326859041654909,0.3053990674781917,0.7840748847503607,54722021.06376677,ok,0.1402552670477703,0.3629962936221352,0.0016403708704396905,0.002834135452558472,0.363,8.660028081584393,100000.0,/home/liuhk/bao21cm-master/bao21cm-master/array_config/nx_SKAM190_dec30.dat,periodic_box_mode_sum
ska_mid1_interferom,0.539967619047619,0.549967619047619,0.544967619047619,0.539967619047619,0.549967619047619,0.5449884647932806,1.0,0.09895654080025464,0.3145735856683689,0.792984879911581,55343865.93135947,ok,0.1371712426726857,0.36299634413524834,0.001629154518248941,0.002834135452558472,0.363,8.660028081584393,100000.0,/home/liuhk/bao21cm-master/bao21cm-master/array_config/nx_SKAM190_dec30.dat,periodic_box_mode_sum
ska_mid1_interferom,0.549967619047619,0.559967619047619,0.554967619047619,0.549967619047619,0.559967619047619,0.5549879086062155,1.0,0.10478342194876802,0.3237026752264615,0.8015214690060904,55939650.106223345,ok,0.1342059830549864,0.3629963933251015,0.0016181572754949117,0.002834135452558472,0.363,8.660028081584393,100000.0,/home/liuhk/bao21cm-master/bao21cm-master/array_config/nx_SKAM190_dec30.dat,periodic_box_mode_sum
ska_mid1_interferom,0.559967619047619,0.5699676190476191,0.564967619047619,0.559967619047619,0.5699676190476191,0.5649873726621528,1.0,0.11068977482614534,0.332700728622805,0.8095975647407178,56503295.60679817,ok,0.13135302116755446,0.3629964412382971,0.0016073731152065473,0.002834135452558472,0.363,8.660028081584393,100000.0,/home/liuhk/bao21cm-master/bao21cm-master/array_config/nx_SKAM190_dec30.dat,periodic_box_mode_sum
ska_mid1_interferom,0.5699676190476191,0.5799676190476191,0.5749676190476191,0.5699676190476191,0.5799676190476191,0.5749868559275676,1.0,0.11662661177836682,0.34150638614580375,0.8171035354387054,57027151.0377371,ok,0.12860634401134746,0.3629964879194565,0.00159679621112777,0.002834135452558472,0.363,8.660028081584393,100000.0,/home/liuhk/bao21cm-master/bao21cm-master/array_config/nx_SKAM190_dec30.dat,periodic_box_mode_sum
ska_mid1_interferom,0.5799676190476191,0.5899676190476191,0.5849676190476191,0.5799676190476191,0.5899676190476191,0.58498635743881,1.0,0.12266720818929017,0.35023878738553527,0.8244237471838888,57538042.01142094,ok,0.12596035370178274,0.3629965334113162,0.001586420930010965,0.002834135452558472,0.363,8.660028081584393,100000.0,/home/liuhk/bao21cm-master/bao21cm-master/array_config/nx_SKAM190_dec30.dat,periodic_box_mode_sum
ska_mid1_interferom,0.5899676190476191,0.5999676190476191,0.5949676190476191,0.5899676190476191,0.5999676190476191,0.5949858762960337,1.0,0.12882655657334213,0.3589241654909044,0.8313138200389981,58018912.80481235,ok,0.12340983245339454,0.3629965777548206,0.0015762418242454461,0.002834135452558472,0.363,8.660028081584393,100000.0,/home/liuhk/bao21cm-master/bao21cm-master/array_config/nx_SKAM190_dec30.dat,periodic_box_mode_sum
ska_mid1_interferom,0.5999676190476191,0.609967619047619,0.604967619047619,0.5999676190476191,0.609967619047619,0.6049854116579813,1.0,0.1351573199431752,0.3676374844098126,0.8378273927036822,58473506.96091863,ok,0.12094991107281032,0.3629966209892081,0.0015662536248037015,0.002834135452558472,0.363,8.660028081584393,100000.0,/home/liuhk/bao21cm-master/bao21cm-master/array_config/nx_SKAM190_dec30.dat,periodic_box_mode_sum
ska_mid1_interferom,0.609967619047619,0.619967619047619,0.614967619047619,0.609967619047619,0.619967619047619,0.6149849627373841,1.0,0.14166523719626847,0.37638442740935557,0.843843025958847,58893349.01440543,ok,0.11857604049745782,0.3629966631520938,0.001556451234490306,0.002834135452558472,0.363,8.660028081584393,100000.0,/home/liuhk/bao21cm-master/bao21cm-master/array_config/nx_SKAM190_dec30.dat,periodic_box_mode_sum
ska_mid1_interferom,0.619967619047619,0.629967619047619,0.624967619047619,0.619967619047619,0.629967619047619,0.6249845287963656,1.0,0.14840095447193605,0.38522844452601895,0.8496139781130655,59296114.32609078,ok,0.1162839660974029,0.36299670427954683,0.0015468297214795439,0.002834135452558472,0.363,8.660028081584393,100000.0,/home/liuhk/bao21cm-master/bao21cm-master/array_config/nx_SKAM190_dec30.dat,periodic_box_mode_sum
ska_mid1_interferom,0.629967619047619,0.639967619047619,0.634967619047619,0.629967619047619,0.639967619047619,0.6349841091429956,1.0,0.15537718003445158,0.39417912176376313,0.8552710895204351,59690934.48372498,ok,0.11406970438693481,0.36299674440616375,0.0015373843131267384,0.002834135452558472,0.363,8.660028081584393,100000.0,/home/liuhk/bao21cm-master/bao21cm-master/array_config/nx_SKAM190_dec30.dat,periodic_box_mode_sum
ska_mid1_interferom,0.639967619047619,0.649967619047619,0.644967619047619,0.639967619047619,0.649967619047619,0.6449837031272238,1.0,0.16247327106896542,0.4030797328928427,0.8603064865929543,60042364.06019274,ok,0.1119295219185599,0.36299678356513826,0.0015281103900419942,0.002834135452558472,0.363,8.660028081584393,100000.0,/home/liuhk/bao21cm-master/bao21cm-master/array_config/nx_SKAM190_dec30.dat,periodic_box_mode_sum
ska_mid1_interferom,0.649967619047619,0.659967619047619,0.654967619047619,0.649967619047619,0.659967619047619,0.6549833101382365,1.0,0.1698268418786588,0.4121005239970689,0.8653737128316696,60396015.05241671,ok,0.10985991611124482,0.3629968217883271,0.0015190034804120687,0.002834135452558472,0.363,8.660028081584393,100000.0,/home/liuhk/bao21cm-master/bao21cm-master/array_config/nx_SKAM190_dec30.dat,periodic_box_mode_sum
ska_mid1_interferom,0.659967619047619,0.6699676190476189,0.664967619047619,0.659967619047619,0.6699676190476189,0.6649829296010924,1.0,0.17733002808326842,0.4211057207914284,0.8701501678824236,60729372.591321565,ok,0.10785759780049811,0.362996859106312,0.001510059254560491,0.002834135452558472,0.363,8.660028081584393,100000.0,/home/liuhk/bao21cm-master/bao21cm-master/array_config/nx_SKAM190_dec30.dat,periodic_box_mode_sum
ska_mid1_interferom,0.6699676190476189,0.6799676190476189,0.6749676190476189,0.6699676190476189,0.6799676190476189,0.6749825609743139,1.0,0.18493921815285444,0.43004560008544956,0.8745805272980975,61038575.482499175,ok,0.10591947536309007,0.3629968955484591,0.0015012735197334945,0.002834135452558472,0.363,8.660028081584393,100000.0,/home/liuhk/bao21cm-master/bao21cm-master/array_config/nx_SKAM190_dec30.dat,periodic_box_mode_sum
ska_mid1_interferom,0.6799676190476189,0.6899676190476189,0.6849676190476189,0.6799676190476189,0.6899676190476189,0.6849822037474782,1.0,0.19271862779148544,0.4389972981596646,0.8789831580262603,61345843.137831874,ok,0.10404264020940467,0.36299693114297493,0.0014926422151018404,0.002834135452558472,0.363,8.660028081584393,100000.0,/home/liuhk/bao21cm-master/bao21cm-master/array_config/nx_SKAM190_dec30.dat,periodic_box_mode_sum
ska_mid1_interferom,0.6899676190476189,0.699967619047619,0.694967619047619,0.6899676190476189,0.699967619047619,0.6949818574387783,1.0,0.20062255318275946,0.4479090903104775,0.8830808026567838,61631825.25528581,ok,0.10222435355490167,0.36299696591695924,0.0014841614069688192,0.002834135452558472,0.363,8.660028081584393,100000.0,/home/liuhk/bao21cm-master/bao21cm-master/array_config/nx_SKAM190_dec30.dat,periodic_box_mode_sum
ska_mid1_interferom,0.699967619047619,0.709967619047619,0.704967619047619,0.699967619047619,0.709967619047619,0.7049815215933805,1.0,0.2087473675142224,0.456888791189084,0.8870025476105691,61905531.01240374,ok,0.10046203430072763,0.36299699989645545,0.0014758272841739763,0.002834135452558472,0.363,8.660028081584393,100000.0,/home/liuhk/bao21cm-master/bao21cm-master/array_config/nx_SKAM190_dec30.dat,periodic_box_mode_sum
ska_mid1_interferom,0.709967619047619,0.719967619047619,0.714967619047619,0.709967619047619,0.719967619047619,0.714981195781088,1.0,0.21715023091554578,0.4659938099541085,0.8907791883262679,62169109.67920489,ok,0.09875324794383514,0.36299703310649856,0.0014676361536850378,0.002834135452558472,0.363,8.660028081584393,100000.0,/home/liuhk/bao21cm-master/bao21cm-master/array_config/nx_SKAM190_dec30.dat,periodic_box_mode_sum
ska_mid1_interferom,0.719967619047619,0.729967619047619,0.724967619047619,0.719967619047619,0.729967619047619,0.7249808795950998,1.0,0.22583316052573382,0.47521906582726015,0.8943307992702133,62416983.10643086,ok,0.09709569640774544,0.3629970655711601,0.0014595844363679087,0.002834135452558472,0.363,8.660028081584393,100000.0,/home/liuhk/bao21cm-master/bao21cm-master/array_config/nx_SKAM190_dec30.dat,periodic_box_mode_sum
ska_mid1_interferom,0.729967619047619,0.739967619047619,0.734967619047619,0.729967619047619,0.739967619047619,0.7349805726501474,1.0,0.23479963346719118,0.48456127937257965,0.8978197984533571,62660486.74429095,ok,0.09548720869311068,0.3629970973135916,0.001451668662928032,0.002834135452558472,0.363,8.660028081584393,100000.0,/home/liuhk/bao21cm-master/bao21cm-master/array_config/nx_SKAM190_dec30.dat,periodic_box_mode_sum
ska_mid1_interferom,0.739967619047619,0.749967619047619,0.744967619047619,0.739967619047619,0.749967619047619,0.7449802745811362,1.0,0.2439361626299379,0.4938989396930691,0.9010336609188309,62884788.08712468,ok,0.0939257323030992,0.36299712835606496,0.0014438854700145384,0.002834135452558472,0.363,8.660028081584393,100000.0,/home/liuhk/bao21cm-master/bao21cm-master/array_config/nx_SKAM190_dec30.dat,periodic_box_mode_sum
ska_mid1_interferom,0.749967619047619,0.759967619047619,0.754967619047619,0.749967619047619,0.759967619047619,0.7549799850419799,1.0,0.25325407165517677,0.5032435510318803,0.9040792114398322,63097342.63134282,ok,0.092409325331593,0.36299715872001154,0.0014362315964801188,0.002834135452558472,0.363,8.660028081584393,100000.0,/home/liuhk/bao21cm-master/bao21cm-master/array_config/nx_SKAM190_dec30.dat,periodic_box_mode_sum
ska_mid1_interferom,0.759967619047619,0.769967619047619,0.764967619047619,0.759967619047619,0.769967619047619,0.7649797037040454,1.0,0.26280541266599966,0.5126455038971859,0.907140453810754,63310992.33848299,ok,0.09093614918827662,0.36299718842605916,0.0014287038797901005,0.002834135452558472,0.363,8.660028081584393,100000.0,/home/liuhk/bao21cm-master/bao21cm-master/array_config/nx_SKAM190_dec30.dat,periodic_box_mode_sum
ska_mid1_interferom,0.769967619047619,0.779967619047619,0.774967619047619,0.769967619047619,0.779967619047619,0.7749794302554139,1.0,0.2725213074712613,0.5220357339026336,0.910026325257154,63512402.587872,ok,0.08950446188383934,0.36299721749406655,0.0014212992525731987,0.002834135452558472,0.363,8.660028081584393,100000.0,/home/liuhk/bao21cm-master/bao21cm-master/array_config/nx_SKAM190_dec30.dat,periodic_box_mode_sum
ska_mid1_interferom,0.779967619047619,0.789967619047619,0.784967619047619,0.779967619047619,0.789967619047619,0.7849791643995323,1.0,0.28425508035980823,0.5331557749474427,0.9128119565977215,64083182.04590819,ok,0.08811261182287351,0.3629972459431573,0.0014140147393087558,0.001417067726279236,0.363,8.660028081584393,100000.0,/home/liuhk/bao21cm-master/bao21cm-master/array_config/nx_SKAM190_dec30.dat,periodic_box_mode_sum
ska_mid1_interferom,0.789967619047619,0.799967619047619,0.794967619047619,0.789967619047619,0.799967619047619,0.7949789058543857,1.0,0.2944159918158245,0.5426011351037008,0.9155104764500814,64272629.322210126,ok,0.08675903208264578,0.3629972737917512,0.0014068474531436239,0.001417067726279236,0.363,8.660028081584393,100000.0,/home/liuhk/bao21cm-master/bao21cm-master/array_config/nx_SKAM190_dec30.dat,periodic_box_mode_sum
ska_mid1_interferom,0.799967619047619,0.809967619047619,0.804967619047619,0.799967619047619,0.809967619047619,0.8049786543517098,1.0,0.3047186617587308,0.5520132804188055,0.9179557915414196,64444300.5750078,ok,0.08544223510221402,0.3629973010575944,0.0013997945928333883,0.001417067726279236,0.363,8.660028081584393,100000.0,/home/liuhk/bao21cm-master/bao21cm-master/array_config/nx_SKAM190_dec30.dat,periodic_box_mode_sum
ska_mid1_interferom,0.809967619047619,0.8199676190476191,0.814967619047619,0.809967619047619,0.8199676190476191,0.8149784096358794,1.0,0.31526266815930654,0.5614825626493726,0.920378979734582,64614418.42785967,ok,0.08416080777654608,0.36299732775778837,0.0013928534398027742,0.001417067726279236,0.363,8.660028081584393,100000.0,/home/liuhk/bao21cm-master/bao21cm-master/array_config/nx_SKAM190_dec30.dat,periodic_box_mode_sum
ska_mid1_interferom,0.8199676190476191,0.829967619047619,0.824967619047619,0.8199676190476191,0.829967619047619,0.8249781714634683,1.0,0.325985949747073,0.5709517928398798,0.9226057417921718,64770746.352004446,ok,0.08291340690478134,0.36299735390881654,0.0013860213553193628,0.001417067726279236,0.363,8.660028081584393,100000.0,/home/liuhk/bao21cm-master/bao21cm-master/array_config/nx_SKAM190_dec30.dat,periodic_box_mode_sum
ska_mid1_interferom,0.829967619047619,0.839967619047619,0.834967619047619,0.829967619047619,0.839967619047619,0.8349779396023108,1.0,0.3370387650042428,0.5805503983326881,0.9249323987496897,64934087.31208864,ok,0.0816987549605631,0.36299737952657096,0.0013792957777765714,0.001417067726279236,0.363,8.660028081584393,100000.0,/home/liuhk/bao21cm-master/bao21cm-master/array_config/nx_SKAM190_dec30.dat,periodic_box_mode_sum
ska_mid1_interferom,0.839967619047619,0.849967619047619,0.844967619047619,0.839967619047619,0.849967619047619,0.8449777138308954,1.0,0.34832641312861545,0.590191844342681,0.9270749705693918,65084504.73264934,ok,0.08051563617717773,0.3629974046263768,0.0013726742200806132,0.001417067726279236,0.363,8.660028081584393,100000.0,/home/liuhk/bao21cm-master/bao21cm-master/array_config/nx_SKAM190_dec30.dat,periodic_box_mode_sum
ska_mid1_interferom,0.849967619047619,0.859967619047619,0.854967619047619,0.849967619047619,0.859967619047619,0.8549774939379134,1.0,0.3599048206021781,0.5999206785919102,0.9291181069496461,65227941.37330035,ok,0.07936289289513697,0.3629974292230158,0.0013661542671371553,0.001417067726279236,0.363,8.660028081584393,100000.0,/home/liuhk/bao21cm-master/bao21cm-master/array_config/nx_SKAM190_dec30.dat,periodic_box_mode_sum
ska_mid1_interferom,0.859967619047619,0.869967619047619,0.864967619047619,0.859967619047619,0.869967619047619,0.8649772797213726,1.0,0.3718509409452414,0.6097958190617917,0.9312096724882158,65374777.94155554,ok,0.07823942217191499,0.36299745333074895,0.0013597335734338186,0.001417067726279236,0.363,8.660028081584393,100000.0,/home/liuhk/bao21cm-master/bao21cm-master/array_config/nx_SKAM190_dec30.dat,periodic_box_mode_sum
ska_mid1_interferom,0.869967619047619,0.879967619047619,0.874967619047619,0.869967619047619,0.879967619047619,0.8749770709883379,1.0,0.38394200794171984,0.6196305414855855,0.932889971180892,65492741.87293919,ok,0.07714417262521213,0.36299747696333773,0.0013534098607137306,0.001417067726279236,0.363,8.660028081584393,100000.0,/home/liuhk/bao21cm-master/bao21cm-master/array_config/nx_SKAM190_dec30.dat,periodic_box_mode_sum
ska_mid1_interferom,0.879967619047619,0.889967619047619,0.884967619047619,0.879967619047619,0.889967619047619,0.8849768675543649,1.0,0.3964673869380007,0.6296565626895353,0.934755784852695,65623729.724631615,ok,0.07607614148436613,0.3629975001340646,0.0013471809157369632,0.001417067726279236,0.363,8.660028081584393,100000.0,/home/liuhk/bao21cm-master/bao21cm-master/array_config/nx_SKAM190_dec30.dat,periodic_box_mode_sum
ska_mid1_interferom,0.889967619047619,0.899967619047619,0.894967619047619,0.889967619047619,0.899967619047619,0.8949766692429124,1.0,0.409288085779003,0.6397562706054573,0.9365224766279234,65747758.80842338,ok,0.07503437185012489,0.36299752285575265,0.0013410445881260095,0.001417067726279236,0.363,8.660028081584393,100000.0,/home/liuhk/bao21cm-master/bao21cm-master/array_config/nx_SKAM190_dec30.dat,periodic_box_mode_sum
ska_mid1_interferom,0.899967619047619,0.909967619047619,0.904967619047619,0.899967619047619,0.909967619047619,0.9049764758851317,1.0,0.4223540609942305,0.6498877295304402,0.9381459217485503,65861731.38344796,ok,0.07401795013047724,0.36299754514078364,0.0013349987882914026,0.001417067726279236,0.363,8.660028081584393,100000.0,/home/liuhk/bao21cm-master/bao21cm-master/array_config/nx_SKAM190_dec30.dat,periodic_box_mode_sum
ska_mid1_interferom,0.909967619047619,0.919967619047619,0.914967619047619,0.909967619047619,0.919967619047619,0.9149762873192346,1.0,0.43576274577986734,0.6601232807437315,0.9398407319562376,65980714.08332111,ok,0.07302600364426545,0.3629975670011164,0.0013290414854348778,0.001417067726279236,0.363,8.660028081584393,100000.0,/home/liuhk/bao21cm-master/bao21cm-master/array_config/nx_SKAM190_dec30.dat,periodic_box_mode_sum
ska_mid1_interferom,0.919967619047619,0.929967619047619,0.924967619047619,0.919967619047619,0.929967619047619,0.9249761033902333,1.0,0.4493689243450906,0.6703498522003944,0.941353638984614,66086926.42619985,ok,0.07205769838898154,0.36299758844830327,0.0013231707056261337,0.001417067726279236,0.363,8.660028081584393,100000.0,/home/liuhk/bao21cm-master/bao21cm-master/array_config/nx_SKAM190_dec30.dat,periodic_box_mode_sum
ska_mid1_interferom,0.929967619047619,0.939967619047619,0.934967619047619,0.929967619047619,0.939967619047619,0.9349759239496664,1.0,0.46333529821760494,0.6806873718658257,0.9429700107847317,66200402.42481285,ok,0.07111223694323617,0.3629976094935065,0.0013173845299506409,0.001417067726279236,0.363,8.660028081584393,100000.0,/home/liuhk/bao21cm-master/bao21cm-master/array_config/nx_SKAM190_dec30.dat,periodic_box_mode_sum
ska_mid1_interferom,0.939967619047619,0.9499676190476191,0.9449676190476191,0.939967619047619,0.9499676190476191,0.9449757488550348,1.0,0.47748577505342743,0.6910034551675031,0.94437100462152,66298757.997873865,ok,0.07018885650898106,0.36299763014751346,0.0013116810927255211,0.001417067726279236,0.363,8.660028081584393,100000.0,/home/liuhk/bao21cm-master/bao21cm-master/array_config/nx_SKAM190_dec30.dat,periodic_box_mode_sum
ska_mid1_interferom,0.9499676190476191,0.959967619047619,0.9549676190476191,0.9499676190476191,0.959967619047619,0.9549755779696893,1.0,0.49198270131421895,0.7014147854972969,0.9458298550955856,66401175.34662962,ok,0.06928682707722429,0.3629976504207516,0.0013060585797805234,0.001417067726279236,0.363,8.660028081584393,100000.0,/home/liuhk/bao21cm-master/bao21cm-master/array_config/nx_SKAM190_dec30.dat,periodic_box_mode_sum
ska_mid1_interferom,0.959967619047619,0.969967619047619,0.964967619047619,0.959967619047619,0.969967619047619,0.964975411162517,1.0,0.5066675903121048,0.711805865606701,0.9471024371697466,66490515.88181584,ok,0.06840544970380694,0.36299767032330227,0.00130051522680159,0.001417067726279236,0.363,8.660028081584393,100000.0,/home/liuhk/bao21cm-master/bao21cm-master/array_config/nx_SKAM190_dec30.dat,periodic_box_mode_sum
ska_mid1_interferom,0.969967619047619,0.979967619047619,0.974967619047619,0.969967619047619,0.979967619047619,0.9749752483075328,1.0,0.5217237170593775,0.7223044490098185,0.9485037005129011,66588890.37534057,ok,0.06754405489825277,0.3629976898649145,0.0012950493177346345,0.001417067726279236,0.363,8.660028081584393,100000.0,/home/liuhk/bao21cm-master/bao21cm-master/array_config/nx_SKAM190_dec30.dat,periodic_box_mode_sum
ska_mid1_interferom,0.979967619047619,0.989967619047619,0.984967619047619,0.979967619047619,0.989967619047619,0.984975089283782,1.0,0.5369478190371025,0.7327672338724641,0.9497194659784332,66674242.14915302,ok,0.06670200110799616,0.3629977090550174,0.00128965918324676,0.001417067726279236,0.363,8.660028081584393,100000.0,/home/liuhk/bao21cm-master/bao21cm-master/array_config/nx_SKAM190_dec30.dat,periodic_box_mode_sum
ska_mid1_interferom,0.989967619047619,0.999967619047619,0.994967619047619,0.989967619047619,0.999967619047619,0.9949749339750112,1.0,0.5524612814653387,0.7432773920047203,0.9509349342458325,66759573.058424965,ok,0.06587867329235839,0.362997727902733,0.001284343199242918,0.001417067726279236,0.363,8.660028081584393,100000.0,/home/liuhk/bao21cm-master/bao21cm-master/array_config/nx_SKAM190_dec30.dat,periodic_box_mode_sum
ska_mid1_interferom,0.999967619047619,1.009967619047619,1.004967619047619,0.999967619047619,1.009967619047619,1.0049747822694182,1.0,0.5683091282804317,0.7538628046802891,0.9521797661957486,66846965.41989266,ok,0.06507348158832116,0.3629977464168874,0.0012790997854356834,0.001417067726279236,0.363,8.660028081584393,100000.0,/home/liuhk/bao21cm-master/bao21cm-master/array_config/nx_SKAM190_dec30.dat,periodic_box_mode_sum
ska_mid1_interferom,1.009967619047619,1.019967619047619,1.014967619047619,1.009967619047619,1.019967619047619,1.0149746340595482,1.0,0.5843999430364057,0.7644605568872771,0.9532990579413048,66925544.3387757,ok,0.0642858600509845,0.3629977646060226,0.0012739274039659772,0.001417067726279236,0.363,8.660028081584393,100000.0,/home/liuhk/bao21cm-master/bao21cm-master/array_config/nx_SKAM190_dec30.dat,periodic_box_mode_sum
ska_mid1_interferom,1.019967619047619,1.029967619047619,1.0249676190476191,1.019967619047619,1.029967619047619,1.0249744892419546,1.0,0.600832061517531,0.7751335765644081,0.9544045146236296,67003151.97888741,ok,0.06351526546766646,0.3629977824784069,0.0012688245580728945,0.001417067726279236,0.363,8.660028081584393,100000.0,/home/liuhk/bao21cm-master/bao21cm-master/array_config/nx_SKAM190_dec30.dat,periodic_box_mode_sum
ska_mid1_interferom,1.029967619047619,1.039967619047619,1.034967619047619,1.029967619047619,1.039967619047619,1.0349743477170723,1.0,0.6175677173076998,0.7858547685849465,0.9553809870345572,67071704.388636194,ok,0.06276117624644391,0.36299780004204524,0.0012637897908104878,0.001417067726279236,0.363,8.660028081584393,100000.0,/home/liuhk/bao21cm-master/bao21cm-master/array_config/nx_SKAM190_dec30.dat,periodic_box_mode_sum
ska_mid1_interferom,1.039967619047619,1.049967619047619,1.0449676190476191,1.039967619047619,1.049967619047619,1.0449742093891068,1.0,0.6348504979986184,0.796775061104838,0.9565150330844308,67151319.12082414,ok,0.062023091363656045,0.362997817304689,0.001258821683809778,0.001417067726279236,0.363,8.660028081584393,100000.0,/home/liuhk/bao21cm-master/bao21cm-master/array_config/nx_SKAM190_dec30.dat,periodic_box_mode_sum
ska_mid1_interferom,1.049967619047619,1.059967619047619,1.054967619047619,1.049967619047619,1.059967619047619,1.0549740741657054,1.0,0.6524511095020318,0.8077444580447654,0.9574770482513687,67218856.57213405,ok,0.06130052937339323,0.3629978342738457,0.00125391885608433,0.001417067726279236,0.363,8.660028081584393,100000.0,/home/liuhk/bao21cm-master/bao21cm-master/array_config/nx_SKAM190_dec30.dat,periodic_box_mode_sum
ska_mid1_interferom,1.059967619047619,1.069967619047619,1.0649676190476192,1.059967619047619,1.069967619047619,1.0649739419579114,1.0,0.6704908437892879,0.818835052858198,0.9585106328497541,67291418.49411525,ok,0.060593027475557996,0.36299785095678777,0.0012490799628774429,0.001417067726279236,0.363,8.660028081584393,100000.0,/home/liuhk/bao21cm-master/bao21cm-master/array_config/nx_SKAM190_dec30.dat,periodic_box_mode_sum
ska_mid1_interferom,1.069967619047619,1.079967619047619,1.074967619047619,1.069967619047619,1.079967619047619,1.0749738126800437,1.0,0.6887809633716035,0.8299282880897624,0.9594296068594055,67355934.27782108,ok,0.059900140632647224,0.3629978673605614,0.0012443036945495296,0.001417067726279236,0.363,8.660028081584393,100000.0,/home/liuhk/bao21cm-master/bao21cm-master/array_config/nx_SKAM190_dec30.dat,periodic_box_mode_sum
ska_mid1_interferom,1.079967619047619,1.089967619047619,1.0849676190476192,1.079967619047619,1.089967619047619,1.084973686249406,1.0,0.7074003070924346,0.8410709286929579,0.9603485785236323,67420449.8968684,ok,0.05922144073787077,0.3629978834919945,0.0012395887755041665,0.001417067726279236,0.363,8.660028081584393,100000.0,/home/liuhk/bao21cm-master/bao21cm-master/array_config/nx_SKAM190_dec30.dat,periodic_box_mode_sum
ska_mid1_interferom,1.089967619047619,1.0999676190476189,1.094967619047619,1.089967619047619,1.0999676190476189,1.0949735625862713,1.0,0.7263093477739229,0.8522378469499714,0.9611239666524705,67474885.35672124,ok,0.058556515830042226,0.36299789935770516,0.0012349339631511243,0.001417067726279236,0.363,8.660028081584393,100000.0,/home/liuhk/bao21cm-master/bao21cm-master/array_config/nx_SKAM190_dec30.dat,periodic_box_mode_sum
ska_mid1_interferom,1.0999676190476189,1.109967619047619,1.104967619047619,1.0999676190476189,1.109967619047619,1.104973441613772,1.0,0.7459290809149358,0.8636718595131694,0.9621575092678359,67547444.3313205,ok,0.057904969348907986,0.36299791496410877,0.001230338046905133,0.001417067726279236,0.363,8.660028081584393,100000.0,/home/liuhk/bao21cm-master/bao21cm-master/array_config/nx_SKAM190_dec30.dat,periodic_box_mode_sum
ska_mid1_interferom,1.109967619047619,1.1199676190476189,1.114967619047619,1.109967619047619,1.1199676190476189,1.1149733232576469,1.0,0.7657784268358854,0.875087668085824,0.9628182609289524,67593831.83608575,ok,0.05726641943289779,0.3629979303174256,0.001225799847219038,0.001417067726279236,0.363,8.660028081584393,100000.0,/home/liuhk/bao21cm-master/bao21cm-master/array_config/nx_SKAM190_dec30.dat,periodic_box_mode_sum
ska_mid1_interferom,1.1199676190476189,1.129967619047619,1.124967619047619,1.1199676190476189,1.129967619047619,1.1249732074462362,1.0,0.7863293602486614,0.8867521413837474,0.9636663241222495,67653369.38662906,ok,0.05664049825484318,0.3629979454236877,0.001221318214649864,0.001417067726279236,0.363,8.660028081584393,100000.0,/home/liuhk/bao21cm-master/bao21cm-master/array_config/nx_SKAM190_dec30.dat,periodic_box_mode_sum
ska_mid1_interferom,1.129967619047619,1.139967619047619,1.134967619047619,1.129967619047619,1.139967619047619,1.1349730941103835,1.0,0.8072788007945313,0.8984869508203952,0.9643870708067,67703968.79065178,ok,0.05602685139124948,0.3629979602887458,0.0012168920289566904,0.001417067726279236,0.363,8.660028081584393,100000.0,/home/liuhk/bao21cm-master/bao21cm-master/array_config/nx_SKAM190_dec30.dat,periodic_box_mode_sum
ska_mid1_interferom,1.139967619047619,1.1499676190476191,1.144967619047619,1.139967619047619,1.1499676190476191,1.1449729831832212,1.0,0.8288188053783723,0.910394862341815,0.9651944690085081,67760651.49027683,ok,0.055425137226636015,0.3629979749182754,0.0012125201982291541,0.001417067726279236,0.363,8.660028081584393,100000.0,/home/liuhk/bao21cm-master/bao21cm-master/array_config/nx_SKAM190_dec30.dat,periodic_box_mode_sum
ska_mid1_interferom,1.1499676190476191,1.159967619047619,1.154967619047619,1.1499676190476191,1.159967619047619,1.154972874600165,1.0,0.8508631987128824,0.9224224621684375,0.9660446600451004,67820338.42423728,ok,0.05483502638917005,0.36299798931778327,0.001208201658045289,0.001417067726279236,0.363,8.660028081584393,100000.0,/home/liuhk/bao21cm-master/bao21cm-master/array_config/nx_SKAM190_dec30.dat,periodic_box_mode_sum
ska_mid1_interferom,1.159967619047619,1.1699676190476191,1.164967619047619,1.159967619047619,1.1699676190476191,1.1649727682988367,1.0,0.8730787174241391,0.9343868135970986,0.9666358025442161,67861839.0773697,ok,0.05425620121411596,0.36299800349261324,0.0012039353706577158,0.001417067726279236,0.363,8.660028081584393,100000.0,/home/liuhk/bao21cm-master/bao21cm-master/array_config/nx_SKAM190_dec30.dat,periodic_box_mode_sum
ska_mid1_interferom,1.1699676190476191,1.179967619047619,1.174967619047619,1.1699676190476191,1.179967619047619,1.174972664218868,1.0,0.8958597254267453,0.9464986663628985,0.9674140087898057,67916472.3806968,ok,0.05368835523632597,0.362998017447952,0.0011997203242071414,0.001417067726279236,0.363,8.660028081584393,100000.0,/home/liuhk/bao21cm-master/bao21cm-master/array_config/nx_SKAM190_dec30.dat,periodic_box_mode_sum
ska_mid1_interferom,1.179967619047619,1.1899676190476192,1.184967619047619,1.179967619047619,1.1899676190476192,1.1849725623019067,1.0,0.9188378754974641,0.95856031395915,0.9679763176844213,67955948.79530688,ok,0.05313119270885655,0.36299803118883445,0.001195555531962019,0.001417067726279236,0.363,8.660028081584393,100000.0,/home/liuhk/bao21cm-master/bao21cm-master/array_config/nx_SKAM190_dec30.dat,periodic_box_mode_sum
ska_mid1_interferom,1.1899676190476192,1.199967619047619,1.194967619047619,1.1899676190476192,1.199967619047619,1.1949724624915468,1.0,0.9423870265348606,0.9707662059089514,0.968654087611926,68003531.05289626,ok,0.05258442814470018,0.3629980447201488,0.0011914400315835617,0.001417067726279236,0.363,8.660028081584393,100000.0,/home/liuhk/bao21cm-master/bao21cm-master/array_config/nx_SKAM190_dec30.dat,periodic_box_mode_sum
ska_mid1_interferom,1.199967619047619,1.209967619047619,1.2049676190476188,1.199967619047619,1.209967619047619,1.204972364733159,1.0,0.9664290147735607,0.9830712155147056,0.9693457643733225,68052089.62785481,ok,0.05204778588246677,0.3629980580466421,0.0011873728844151148,0.001417067726279236,0.363,8.660028081584393,100000.0,/home/liuhk/bao21cm-master/bao21cm-master/array_config/nx_SKAM190_dec30.dat,periodic_box_mode_sum
ska_mid1_interferom,1.209967619047619,1.219967619047619,1.214967619047619,1.209967619047619,1.219967619047619,1.2149722689738967,1.0,0.9906722073804762,0.9953251767038128,0.9697925567059252,68083456.30111094,ok,0.05152099967428387,0.36299807117292465,0.0011833531747948826,0.001417067726279236,0.363,8.660028081584393,100000.0,/home/liuhk/bao21cm-master/bao21cm-master/array_config/nx_SKAM190_dec30.dat,periodic_box_mode_sum
ska_mid1_interferom,1.219967619047619,1.229967619047619,1.2249676190476189,1.219967619047619,1.229967619047619,1.2249721751626315,1.0,1.0156495401955983,1.0077943938103637,0.9705277905519564,68135072.76391138,ok,0.051003812292910955,0.3629980841034749,0.0011793800093913601,0.001417067726279236,0.363,8.660028081584393,100000.0,/home/liuhk/bao21cm-master/bao21cm-master/array_config/nx_SKAM190_dec30.dat,periodic_box_mode_sum
ska_mid1_interferom,1.229967619047619,1.239967619047619,1.234967619047619,1.229967619047619,1.239967619047619,1.2349720832498203,1.0,1.0407757302574174,1.0201841648729004,0.9710321571617491,68170481.39001407,ok,0.050495975158474316,0.36299809684264367,0.001175452516560489,0.001417067726279236,0.363,8.660028081584393,100000.0,/home/liuhk/bao21cm-master/bao21cm-master/array_config/nx_SKAM190_dec30.dat,periodic_box_mode_sum
ska_mid1_interferom,1.239967619047619,1.249967619047619,1.2449676190476189,1.239967619047619,1.249967619047619,1.244971993187495,1.0,1.0664163151380912,1.0326743509635994,0.9716232829179436,68211980.86772405,ok,0.04999724798445633,0.36299810939465865,0.0011715698457237668,0.001417067726279236,0.363,8.660028081584393,100000.0,/home/liuhk/bao21cm-master/bao21cm-master/array_config/nx_SKAM190_dec30.dat,periodic_box_mode_sum
ska_mid1_interferom,1.249967619047619,1.259967619047619,1.254967619047619,1.249967619047619,1.259967619047619,1.2549719049292065,1.0,1.0924986498400497,1.0452266021490506,0.9721999250123625,68252463.5323571,ok,0.04950739843959484,0.36299812176362867,0.0011677311667666413,0.001417067726279236,0.363,8.660028081584393,100000.0,/home/liuhk/bao21cm-master/bao21cm-master/array_config/nx_SKAM190_dec30.dat,periodic_box_mode_sum
ska_mid1_interferom,1.259967619047619,1.269967619047619,1.264967619047619,1.259967619047619,1.269967619047619,1.2649718184299303,1.0,1.1190140112288005,1.057834585948484,0.9727331733767978,68289899.77732167,ok,0.04902620182597508,0.36299813395354713,0.0011639356694563114,0.001417067726279236,0.363,8.660028081584393,100000.0,/home/liuhk/bao21cm-master/bao21cm-master/array_config/nx_SKAM190_dec30.dat,periodic_box_mode_sum
ska_mid1_interferom,1.269967619047619,1.279967619047619,1.2749676190476191,1.269967619047619,1.279967619047619,1.2749717336460331,1.0,1.146006661193444,1.070517006494266,0.9732521137148561,68326331.53954212,ok,0.048553440773741435,0.36299814596829666,0.0011601825628784295,0.001417067726279236,0.363,8.660028081584393,100000.0,/home/liuhk/bao21cm-master/bao21cm-master/array_config/nx_SKAM190_dec30.dat,periodic_box_mode_sum
ska_mid1_interferom,1.279967619047619,1.289967619047619,1.284967619047619,1.279967619047619,1.289967619047619,1.284971650535233,1.0,1.1735079876196726,1.0832857368301645,0.9737711346453032,68362768.95968226,ok,0.04808890494909269,0.3629981578116519,0.0011564710748917762,0.001417067726279236,0.363,8.660028081584393,100000.0,/home/liuhk/bao21cm-master/bao21cm-master/array_config/nx_SKAM190_dec30.dat,periodic_box_mode_sum
ska_mid1_interferom,1.289967619047619,1.299967619047619,1.2949676190476191,1.289967619047619,1.299967619047619,1.2949715690565256,1.0,1.2015298425899688,1.0961431670133097,0.97429007348793,68399200.61691724,ok,0.04763239077588249,0.36299816948728375,0.0011528004516005634,0.001417067726279236,0.363,8.660028081584393,100000.0,/home/liuhk/bao21cm-master/bao21cm-master/array_config/nx_SKAM190_dec30.dat,periodic_box_mode_sum
ska_mid1_interferom,1.299967619047619,1.309967619047619,1.304967619047619,1.299967619047619,1.309967619047619,1.304971489170141,1.0,1.2299668845015257,1.1090387209207466,0.9747225604563444,68429562.99432592,ok,0.047183701171314214,0.3629981809987624,0.001149169956843453,0.001417067726279236,0.363,8.660028081584393,100000.0,/home/liuhk/bao21cm-master/bao21cm-master/array_config/nx_SKAM190_dec30.dat,periodic_box_mode_sum
ska_mid1_interferom,1.309967619047619,1.319967619047619,1.3149676190476192,1.309967619047619,1.319967619047619,1.3149714108375186,1.0,1.2590243530373177,1.1220625441735936,0.9752281861135867,68465060.01077706,ok,0.04674264529287944,0.36299819234956077,0.0011455788716988994,0.001417067726279236,0.363,8.660028081584393,100000.0,/home/liuhk/bao21cm-master/bao21cm-master/array_config/nx_SKAM190_dec30.dat,periodic_box_mode_sum
ska_mid1_interferom,1.319967619047619,1.329967619047619,1.324967619047619,1.319967619047619,1.329967619047619,1.3249713340212401,1.0,1.2884644038860098,1.135105459367547,0.9756189474363629,68492493.07495086,ok,0.04630903829685356,0.3629982035430575,0.001142026494006178,0.001417067726279236,0.363,8.660028081584393,100000.0,/home/liuhk/bao21cm-master/bao21cm-master/array_config/nx_SKAM190_dec30.dat,periodic_box_mode_sum
ska_mid1_interferom,1.329967619047619,1.339967619047619,1.3349676190476192,1.329967619047619,1.339967619047619,1.334971258684994,1.0,1.3185375207063326,1.1482758905012038,0.9760530330785276,68522967.68588172,ok,0.045882701108683005,0.3629982145825401,0.0011385121379014656,0.001417067726279236,0.363,8.660028081584393,100000.0,/home/liuhk/bao21cm-master/bao21cm-master/array_config/nx_SKAM190_dec30.dat,periodic_box_mode_sum
ska_mid1_interferom,1.339967619047619,1.349967619047619,1.344967619047619,1.339967619047619,1.349967619047619,1.3449711847935426,1.0,1.349408290246289,1.161640344618888,0.9765885872024008,68560565.80471389,ok,0.0454634602030188,0.3629982254712081,0.001135035133368614,0.001417067726279236,0.363,8.660028081584393,100000.0,/home/liuhk/bao21cm-master/bao21cm-master/array_config/nx_SKAM190_dec30.dat,periodic_box_mode_sum
ska_mid1_interferom,1.349967619047619,1.359967619047619,1.3549676190476192,1.349967619047619,1.359967619047619,1.3549711123126835,1.0,1.3808730681072003,1.175105556155361,0.9770371651524338,68592057.83571324,ok,0.04505114739353595,0.3629982362121753,0.0011315948258039438,0.001417067726279236,0.363,8.660028081584393,100000.0,/home/liuhk/bao21cm-master/bao21cm-master/array_config/nx_SKAM190_dec30.dat,periodic_box_mode_sum
ska_mid1_interferom,1.359967619047619,1.369967619047619,1.364967619047619,1.359967619047619,1.369967619047619,1.3649710412091978,1.0,1.4128188505363608,1.1886205662600495,0.9772975568063075,68610338.40887818,ok,0.04464559963283031,0.3629982468084731,0.0011281905755946419,0.001417067726279236,0.363,8.660028081584393,100000.0,/home/liuhk/bao21cm-master/bao21cm-master/array_config/nx_SKAM190_dec30.dat,periodic_box_mode_sum
ska_mid1_interferom,1.369967619047619,1.379967619047619,1.3749676190476192,1.369967619047619,1.379967619047619,1.3749709714508327,1.0,1.4458315686936123,1.2024273652464885,0.9777607971243755,68642859.79887442,ok,0.04424665882064339,0.3629982572630527,0.0011248217577102997,0.001417067726279236,0.363,8.660028081584393,100000.0,/home/liuhk/bao21cm-master/bao21cm-master/array_config/nx_SKAM190_dec30.dat,periodic_box_mode_sum
ska_mid1_interferom,1.379967619047619,1.3899676190476191,1.384967619047619,1.379967619047619,1.3899676190476191,1.384970903006268,1.0,1.479678162389209,1.216420224424606,0.9782383558751709,68676386.40218374,ok,0.04385417162041337,0.36299826757878784,0.0011214877613071276,0.001417067726279236,0.363,8.660028081584393,100000.0,/home/liuhk/bao21cm-master/bao21cm-master/array_config/nx_SKAM190_dec30.dat,periodic_box_mode_sum
ska_mid1_interferom,1.3899676190476191,1.3999676190476191,1.3949676190476192,1.3899676190476191,1.3999676190476191,1.3949708358450654,1.0,1.5140687535684445,1.2304750113547387,0.9785421858949309,68697716.5286425,ok,0.04346798928432687,0.3629982777584771,0.0011181879893443732,0.001417067726279236,0.363,8.660028081584393,100000.0,/home/liuhk/bao21cm-master/bao21cm-master/array_config/nx_SKAM190_dec30.dat,periodic_box_mode_sum
ska_mid1_interferom,1.3999676190476191,1.409967619047619,1.404967619047619,1.3999676190476191,1.409967619047619,1.4049707699376535,1.0,1.5493093389006092,1.2447125527207514,0.9788896408675246,68722109.30757198,ok,0.04308796748566495,0.3629982878048464,0.001114921858212566,0.001417067726279236,0.363,8.660028081584393,100000.0,/home/liuhk/bao21cm-master/bao21cm-master/array_config/nx_SKAM190_dec30.dat,periodic_box_mode_sum
ska_mid1_interferom,1.409967619047619,1.419967619047619,1.4149676190476188,1.409967619047619,1.419967619047619,1.4149707052553049,1.0,1.5853600108016186,1.2591108016380523,0.9792658182285537,68748518.51719521,ok,0.04271396615823368,0.36299829772055103,0.0011116887973731723,0.001417067726279236,0.363,8.660028081584393,100000.0,/home/liuhk/bao21cm-master/bao21cm-master/array_config/nx_SKAM190_dec30.dat,periodic_box_mode_sum
ska_mid1_interferom,1.419967619047619,1.429967619047619,1.424967619047619,1.419967619047619,1.429967619047619,1.4249706417700834,1.0,1.6222734683759037,1.2736849957410599,0.9797288925767917,68781028.25542161,ok,0.04234584934293883,0.3629983075081781,0.0011084882490092782,0.001417067726279236,0.363,8.660028081584393,100000.0,/home/liuhk/bao21cm-master/bao21cm-master/array_config/nx_SKAM190_dec30.dat,periodic_box_mode_sum
ska_mid1_interferom,1.429967619047619,1.439967619047619,1.4349676190476188,1.429967619047619,1.439967619047619,1.4349705794548349,1.0,1.6594717616983505,1.2882048601438945,0.9799749315313483,68798301.20961691,ok,0.0419834850408316,0.36299831717024833,0.0011053196676869019,0.001417067726279236,0.363,8.660028081584393,100000.0,/home/liuhk/bao21cm-master/bao21cm-master/array_config/nx_SKAM190_dec30.dat,periodic_box_mode_sum
ska_mid1_interferom,1.439967619047619,1.449967619047619,1.444967619047619,1.439967619047619,1.449967619047619,1.4449705182831671,1.0,1.6973035755442212,1.3028060391110494,0.9802499140558297,68817606.12236309,ok,0.04162674507219966,0.3629983267092185,0.001102182520026592,0.001417067726279236,0.363,8.660028081584393,100000.0,/home/liuhk/bao21cm-master/bao21cm-master/array_config/nx_SKAM190_dec30.dat,periodic_box_mode_sum
ska_mid1_interferom,1.449967619047619,1.459967619047619,1.4549676190476188,1.449967619047619,1.459967619047619,1.4549704582294014,1.0,1.735909890623337,1.317539331717781,0.9806552443629064,68846061.98960868,ok,0.04127550494159986,0.36299833612748295,0.0010990762843849711,0.001417067726279236,0.363,8.660028081584393,100000.0,/home/liuhk/bao21cm-master/bao21cm-master/array_config/nx_SKAM190_dec30.dat,periodic_box_mode_sum
ska_mid1_interferom,1.459967619047619,1.469967619047619,1.464967619047619,1.459967619047619,1.469967619047619,1.4649703992685679,1.0,1.7750407374900303,1.3323065478672806,0.9810603190892171,68874499.91402534,ok,0.040929643708747444,0.36299834542737575,0.0010960004505458697,0.001417067726279236,0.363,8.660028081584393,100000.0,/home/liuhk/bao21cm-master/bao21cm-master/array_config/nx_SKAM190_dec30.dat,periodic_box_mode_sum
ska_mid1_interferom,1.469967619047619,1.479967619047619,1.4749676190476189,1.469967619047619,1.479967619047619,1.4749703413763782,1.0,1.8143740924566327,1.346987042423435,0.9812919258021033,68890759.66504818,ok,0.04058904386449658,0.3629983546111724,0.0010929545194207474,0.001417067726279236,0.363,8.660028081584393,100000.0,/home/liuhk/bao21cm-master/bao21cm-master/array_config/nx_SKAM190_dec30.dat,periodic_box_mode_sum
ska_mid1_interferom,1.479967619047619,1.489967619047619,1.484967619047619,1.479967619047619,1.489967619047619,1.4849702845292008,1.0,1.8541853804480422,1.3616847581022717,0.9814945059189245,68904981.62874103,ok,0.04025359121186163,0.36299836368109173,0.0010899380027580836,0.001417067726279236,0.363,8.660028081584393,100000.0,/home/liuhk/bao21cm-master/bao21cm-master/array_config/nx_SKAM190_dec30.dat,periodic_box_mode_sum
ska_mid1_interferom,1.489967619047619,1.499967619047619,1.4949676190476189,1.489967619047619,1.499967619047619,1.4949702287040363,1.0,1.894946087771476,1.376570407851148,0.9818997486502431,68933431.34780547,ok,0.039923174752229874,0.3629983726392974,0.0010869504228614368,0.001417067726279236,0.363,8.660028081584393,100000.0,/home/liuhk/bao21cm-master/bao21cm-master/array_config/nx_SKAM190_dec30.dat,periodic_box_mode_sum
ska_mid1_interferom,1.499967619047619,1.509967619047619,1.504967619047619,1.499967619047619,1.509967619047619,1.5049701738785053,1.0,1.9361814539028148,1.3914673743580246,0.9822325402548753,68956794.69753906,ok,0.03959768657591852,0.36299838148789976,0.0010839913123158855,0.001417067726279236,0.363,8.660028081584393,100000.0,/home/liuhk/bao21cm-master/bao21cm-master/array_config/nx_SKAM190_dec30.dat,periodic_box_mode_sum
ska_mid1_interferom,1.509967619047619,1.519967619047619,1.514967619047619,1.509967619047619,1.519967619047619,1.5149701200308259,1.0,1.978020168027149,1.4064210493401856,0.9825364907428702,68978133.28136712,ok,0.039277021757141116,0.36299839022895725,0.001081060213722574,0.001417067726279236,0.363,8.660028081584393,100000.0,/home/liuhk/bao21cm-master/bao21cm-master/array_config/nx_SKAM190_dec30.dat,periodic_box_mode_sum
ska_mid1_interferom,1.519967619047619,1.529967619047619,1.5249676190476191,1.519967619047619,1.529967619047619,1.5249700671397874,1.0,2.0204037572375797,1.4214090745586154,0.9827680424345925,68994389.16967624,ok,0.03896107825334252,0.3629983988644779,0.001078156679441101,0.001417067726279236,0.363,8.660028081584393,100000.0,/home/liuhk/bao21cm-master/bao21cm-master/array_config/nx_SKAM190_dec30.dat,periodic_box_mode_sum
ska_mid1_interferom,1.529967619047619,1.539967619047619,1.534967619047619,1.529967619047619,1.539967619047619,1.53497001518474,1.0,2.063398379864374,1.436453403304254,0.9829417058338026,69006581.05996192,ok,0.03864975680845687,0.3629984073964211,0.001075280271339484,0.001417067726279236,0.363,8.660028081584393,100000.0,/home/liuhk/bao21cm-master/bao21cm-master/array_config/nx_SKAM190_dec30.dat,periodic_box_mode_sum
ska_mid1_interferom,1.539967619047619,1.549967619047619,1.5449676190476191,1.539967619047619,1.549967619047619,1.5449699641455792,1.0,2.1075630947977935,1.4517448449358425,0.9833035180593515,69031981.7775453,ok,0.03834296085995768,0.3629984158266986,0.0010724305605514471,0.001417067726279236,0.363,8.660028081584393,100000.0,/home/liuhk/bao21cm-master/bao21cm-master/array_config/nx_SKAM190_dec30.dat,periodic_box_mode_sum
ska_mid1_interferom,1.549967619047619,1.559967619047619,1.554967619047619,1.549967619047619,1.559967619047619,1.5549699140027184,1.0,2.152643565143974,1.4671890011665076,0.9836797443630549,69058394.4231471,ok,0.038040596449570016,0.36299842415717637,0.0010696071272408181,0.001417067726279236,0.363,8.660028081584393,100000.0,/home/liuhk/bao21cm-master/bao21cm-master/array_config/nx_SKAM190_dec30.dat,periodic_box_mode_sum
ska_mid1_interferom,1.559967619047619,1.569967619047619,1.5649676190476192,1.559967619047619,1.569967619047619,1.564969864737082,1.0,2.198102653357833,1.4825999640354215,0.9837810594415352,69065507.1615061,ok,0.037742572137576334,0.3629984323896756,0.0010668095603727748,0.001417067726279236,0.363,8.660028081584393,100000.0,/home/liuhk/bao21cm-master/bao21cm-master/array_config/nx_SKAM190_dec30.dat,periodic_box_mode_sum
ska_mid1_interferom,1.569967619047619,1.579967619047619,1.574967619047619,1.569967619047619,1.579967619047619,1.5749698163300851,1.0,2.2447645503641867,1.4982538337558782,0.9840126558158218,69081766.1867164,ok,0.037448798920335605,0.36299844052597396,0.0010640374574917327,0.001417067726279236,0.363,8.660028081584393,100000.0,/home/liuhk/bao21cm-master/bao21cm-master/array_config/nx_SKAM190_dec30.dat,periodic_box_mode_sum
ska_mid1_interferom,1.579967619047619,1.589967619047619,1.5849676190476192,1.579967619047619,1.589967619047619,1.5849697687636233,1.0,2.2924884210007868,1.5140965692454318,0.984302095511445,69102086.05278723,ok,0.03715919015097685,0.36299844856780705,0.0010612904245056534,0.001417067726279236,0.363,8.660028081584393,100000.0,/home/liuhk/bao21cm-master/bao21cm-master/array_config/nx_SKAM190_dec30.dat,periodic_box_mode_sum
ska_mid1_interferom,1.589967619047619,1.599967619047619,1.594967619047619,1.589967619047619,1.599967619047619,1.5949697220200476,1.0,2.341074129889922,1.5300569041345886,0.9845481295423513,69119358.66132188,ok,0.03687366146324697,0.36299845651686946,0.0010585680754765729,0.001417067726279236,0.363,8.660028081584393,100000.0,/home/liuhk/bao21cm-master/bao21cm-master/array_config/nx_SKAM190_dec30.dat,periodic_box_mode_sum
ska_mid1_interferom,1.599967619047619,1.609967619047619,1.6049676190476192,1.599967619047619,1.609967619047619,1.6049696760821632,1.0,2.3906396111337616,1.5461693345600156,0.9848230248054562,69138657.44795781,ok,0.03659213069817635,0.36299846437481614,0.0010558700324171334,0.001417067726279236,0.363,8.660028081584393,100000.0,/home/liuhk/bao21cm-master/bao21cm-master/array_config/nx_SKAM190_dec30.dat,periodic_box_mode_sum
ska_mid1_interferom,1.609967619047619,1.619967619047619,1.614967619047619,1.609967619047619,1.619967619047619,1.614969630933209,1.0,2.440816875306074,1.5623113887141942,0.9849677653267086,69148818.83235446,ok,0.03631451783352682,0.3629984721432631,0.0010531959250929613,0.001417067726279236,0.363,8.660028081584393,100000.0,/home/liuhk/bao21cm-master/bao21cm-master/array_config/nx_SKAM190_dec30.dat,periodic_box_mode_sum
ska_mid1_interferom,1.619967619047619,1.629967619047619,1.6249676190476192,1.619967619047619,1.629967619047619,1.624969586556843,1.0,2.4922718229866385,1.578693074345561,0.9852716485293265,69170152.69247022,ok,0.03604074491591653,0.3629984798237891,0.0010505453908306783,0.001417067726279236,0.363,8.660028081584393,100000.0,/home/liuhk/bao21cm-master/bao21cm-master/array_config/nx_SKAM190_dec30.dat,periodic_box_mode_sum
ska_mid1_interferom,1.629967619047619,1.6399676190476191,1.634967619047619,1.629967619047619,1.6399676190476191,1.6349695429371338,1.0,2.5443689863439385,1.5951078290648373,0.9854308508374707,69181329.35423632,ok,0.0357707359955094,0.36299848741793606,0.0010479180743313535,0.001417067726279236,0.363,8.660028081584393,100000.0,/home/liuhk/bao21cm-master/bao21cm-master/array_config/nx_SKAM190_dec30.dat,periodic_box_mode_sum
ska_mid1_interferom,1.6399676190476191,1.6499676190476191,1.6449676190476192,1.6399676190476191,1.6499676190476191,1.644969500058546,1.0,2.5975756894358963,1.611699627547235,0.9856335161100369,69195557.29621536,ok,0.035504417063099786,0.36299849492721065,0.0010453136274892363,0.001417067726279236,0.363,8.660028081584393,100000.0,/home/liuhk/bao21cm-master/bao21cm-master/array_config/nx_SKAM190_dec30.dat,periodic_box_mode_sum
ska_mid1_interferom,1.6499676190476191,1.659967619047619,1.654967619047619,1.6499676190476191,1.659967619047619,1.6549694579059304,1.0,2.651982868443142,1.6284909789259325,0.9859229007105674,69215873.29438238,ok,0.035241715989522124,0.3629985023530849,0.001042731709215641,0.001417067726279236,0.363,8.660028081584393,100000.0,/home/liuhk/bao21cm-master/bao21cm-master/array_config/nx_SKAM190_dec30.dat,periodic_box_mode_sum
ska_mid1_interferom,1.659967619047619,1.669967619047619,1.6649676190476188,1.659967619047619,1.669967619047619,1.6649694164645097,1.0,2.70702285408151,1.6453032711574818,0.986096601300838,69228067.79563463,ok,0.03498256246733234,0.3629985096969973,0.0010401719852677765,0.001417067726279236,0.363,8.660028081584393,100000.0,/home/liuhk/bao21cm-master/bao21cm-master/array_config/nx_SKAM190_dec30.dat,periodic_box_mode_sum
ska_mid1_interferom,1.669967619047619,1.679967619047619,1.674967619047619,1.669967619047619,1.679967619047619,1.674969375719872,1.0,2.762915393441199,1.6622019713143164,0.9862702298105247,69240257.23653118,ok,0.03472688795459063,0.36299851696035373,0.0010376341280823344,0.001417067726279236,0.363,8.660028081584393,100000.0,/home/liuhk/bao21cm-master/bao21cm-master/array_config/nx_SKAM190_dec30.dat,periodic_box_mode_sum
ska_mid1_interferom,1.679967619047619,1.689967619047619,1.6849676190476188,1.679967619047619,1.689967619047619,1.6849693356579543,1.0,2.819612905166407,1.6791703026097164,0.9864151954644893,69250434.42617716,ok,0.03447462562069507,0.3629985241445283,0.0010351178166137797,0.001417067726279236,0.363,8.660028081584393,100000.0,/home/liuhk/bao21cm-master/bao21cm-master/array_config/nx_SKAM190_dec30.dat,periodic_box_mode_sum
ska_mid1_interferom,1.689967619047619,1.699967619047619,1.694967619047619,1.689967619047619,1.699967619047619,1.6949692962650378,1.0,2.877377147500695,1.6962833334972949,0.9866186183503861,69264715.55575156,ok,0.034225710294176794,0.36299853125086434,0.0010326227361771476,0.001417067726279236,0.363,8.660028081584393,100000.0,/home/liuhk/bao21cm-master/bao21cm-master/array_config/nx_SKAM190_dec30.dat,periodic_box_mode_sum
ska_mid1_interferom,1.699967619047619,1.709967619047619,1.7049676190476188,1.699967619047619,1.709967619047619,1.7049692575277342,1.0,2.936421381655845,1.7135989558983296,0.9869527607489048,69288173.73681365,ok,0.03398007841237799,0.36299853828067496,0.0010301485782951323,0.001417067726279236,0.363,8.660028081584393,100000.0,/home/liuhk/bao21cm-master/bao21cm-master/array_config/nx_SKAM190_dec30.dat,periodic_box_mode_sum
ska_mid1_interferom,1.709967619047619,1.719967619047619,1.714967619047619,1.709967619047619,1.719967619047619,1.7149692194329798,1.0,2.995902967401974,1.7308676920556274,0.9870835458497332,69297355.39286529,ok,0.03373766797292131,0.3629985452352442,0.0010276950405495118,0.001417067726279236,0.363,8.660028081584393,100000.0,/home/liuhk/bao21cm-master/bao21cm-master/array_config/nx_SKAM190_dec30.dat,periodic_box_mode_sum
ska_mid1_interferom,1.719967619047619,1.729967619047619,1.7249676190476189,1.719967619047619,1.729967619047619,1.7249691819680215,1.0,3.0564302040984916,1.7482649124484801,0.9872578619358919,69309593.10447948,ok,0.033498418486917314,0.36299855211582766,0.0010252618264365843,0.001417067726279236,0.363,8.660028081584393,100000.0,/home/liuhk/bao21cm-master/bao21cm-master/array_config/nx_SKAM190_dec30.dat,periodic_box_mode_sum
ska_mid1_interferom,1.729967619047619,1.739967619047619,1.734967619047619,1.729967619047619,1.739967619047619,1.7349691451204126,1.0,3.1177543132752,1.7657163739613448,0.9873740940198648,69317753.07844013,ok,0.03326227093381182,0.36299855892365324,0.0010228486452266063,0.001417067726279236,0.363,8.660028081584393,100000.0,/home/liuhk/bao21cm-master/bao21cm-master/array_config/nx_SKAM190_dec30.dat,periodic_box_mode_sum
ska_mid1_interferom,1.739967619047619,1.749967619047619,1.7449676190476189,1.739967619047619,1.749967619047619,1.7449691088780015,1.0,3.1802559732511377,1.7833272199041705,0.9875484723307129,69329995.1584854,ok,0.033029167717830675,0.36299856565992195,0.0010204552118271146,0.001417067726279236,0.363,8.660028081584393,100000.0,/home/liuhk/bao21cm-master/bao21cm-master/array_config/nx_SKAM190_dec30.dat,periodic_box_mode_sum
ska_mid1_interferom,1.749967619047619,1.759967619047619,1.754967619047619,1.749967619047619,1.759967619047619,1.7549690732289245,1.0,3.243933284681259,1.8010922476878466,0.9877518341367427,69344272.00000001,ok,0.03279905262594487,0.36299857232580846,0.0010180812466498946,0.001417067726279236,0.363,8.660028081584393,100000.0,/home/liuhk/bao21cm-master/bao21cm-master/array_config/nx_SKAM190_dec30.dat,periodic_box_mode_sum
ska_mid1_interferom,1.759967619047619,1.769967619047619,1.764967619047619,1.759967619047619,1.769967619047619,1.764969038161596,1.0,3.3087180850639943,1.818988203662683,0.9879407475880205,69357534.50713706,ok,0.032571870787317436,0.3629985789224622,0.0010157264754816853,0.001417067726279236,0.363,8.660028081584393,100000.0,/home/liuhk/bao21cm-master/bao21cm-master/array_config/nx_SKAM190_dec30.dat,periodic_box_mode_sum
ska_mid1_interferom,1.769967619047619,1.779967619047619,1.7749676190476191,1.769967619047619,1.779967619047619,1.774969003664704,1.0,3.3746602975090485,1.837024849453335,0.9881296453654742,69370795.9139067,ok,0.032347568634111847,0.36299858545100744,0.0010133906293582544,0.001417067726279236,0.363,8.660028081584393,100000.0,/home/liuhk/bao21cm-master/bao21cm-master/array_config/nx_SKAM190_dec30.dat,periodic_box_mode_sum
ska_mid1_interferom,1.779967619047619,1.789967619047619,1.784967619047619,1.779967619047619,1.789967619047619,1.784968969727199,1.0,3.4416835747193955,1.855177504908734,0.9882894296345348,69382013.43174075,ok,0.03212609386368311,0.3629985919125444,0.0010110734444420198,0.001417067726279236,0.363,8.660028081584393,100000.0,/home/liuhk/bao21cm-master/bao21cm-master/array_config/nx_SKAM190_dec30.dat,periodic_box_mode_sum
ska_mid1_interferom,1.789967619047619,1.799967619047619,1.7949676190476191,1.789967619047619,1.799967619047619,1.7949689363382888,1.0,3.509664073004105,1.8734097450915816,0.9883911126385928,69389152.0,ok,0.03190739540205892,0.36299859830814984,0.0010087746619028234,0.001417067726279236,0.363,8.660028081584393,100000.0,/home/liuhk/bao21cm-master/bao21cm-master/array_config/nx_SKAM190_dec30.dat,periodic_box_mode_sum
ska_mid1_interferom,1.799967619047619,1.809967619047619,1.804967619047619,1.799967619047619,1.809967619047619,1.8049689034874308,1.0,3.5788619569398676,1.891788031714935,0.9885654871793245,69401393.81536745,ok,0.03169142336866215,0.36299860463887734,0.0010064940278020405,0.001417067726279236,0.363,8.660028081584393,100000.0,/home/liuhk/bao21cm-master/bao21cm-master/array_config/nx_SKAM190_dec30.dat,periodic_box_mode_sum
ska_mid1_interferom,1.809967619047619,1.819967619047619,1.8149676190476192,1.809967619047619,1.819967619047619,1.8149688711643266,1.0,3.648800709193588,1.9101834229187489,0.9886817189834759,69409553.76968348,ok,0.03147812904220843,0.3629986109057584,0.0010042312929796785,0.001417067726279236,0.363,8.660028081584393,100000.0,/home/liuhk/bao21cm-master/bao21cm-master/array_config/nx_SKAM190_dec30.dat,periodic_box_mode_sum
ska_mid1_interferom,1.819967619047619,1.829967619047619,1.824967619047619,1.819967619047619,1.829967619047619,1.824968839358912,1.0,3.7200080289274644,1.9287322335999533,0.988885137422896,69423834.58709678,ok,0.03126746482777536,0.3629986171098026,0.001001986212944554,0.001417067726279236,0.363,8.660028081584393,100000.0,/home/liuhk/bao21cm-master/bao21cm-master/array_config/nx_SKAM190_dec30.dat,periodic_box_mode_sum
ska_mid1_interferom,1.829967619047619,1.839967619047619,1.8349676190476192,1.829967619047619,1.839967619047619,1.834968808061354,1.0,3.7924554094449805,1.9474227608418724,0.9890885432738132,69438114.52074502,ok,0.031059384224985036,0.3629986232519983,0.0009997585477673823,0.001417067726279236,0.363,8.660028081584393,100000.0,/home/liuhk/bao21cm-master/bao21cm-master/array_config/nx_SKAM190_dec30.dat,periodic_box_mode_sum
ska_mid1_interferom,1.839967619047619,1.849967619047619,1.844967619047619,1.839967619047619,1.849967619047619,1.8449687772620431,1.0,3.8661115355413047,1.9662430001251892,0.9892337979364865,69448312.0,ok,0.030853841797215724,0.3629986293333131,0.0009975480619766391,0.001417067726279236,0.363,8.660028081584393,100000.0,/home/liuhk/bao21cm-master/bao21cm-master/array_config/nx_SKAM190_dec30.dat,periodic_box_mode_sum
ska_mid1_interferom,1.849967619047619,1.859967619047619,1.8549676190476192,1.849967619047619,1.859967619047619,1.854968746951588,1.0,3.940876670743909,1.985164142015443,0.9892628674037174,69450352.79706348,ok,0.03065079314184536,0.36299863535469473,0.0009953545244572766,0.001417067726279236,0.363,8.660028081584393,100000.0,/home/liuhk/bao21cm-master/bao21cm-master/array_config/nx_SKAM190_dec30.dat,periodic_box_mode_sum
ska_mid1_interferom,1.859967619047619,1.869967619047619,1.864967619047619,1.859967619047619,1.869967619047619,1.8649687171208083,1.0,4.0176707686446065,2.004412823907442,0.9894372157857629,69462592.77598278,ok,0.03045019486148189,0.3629986413170711,0.0009931777083520056,0.001417067726279236,0.363,8.660028081584393,100000.0,/home/liuhk/bao21cm-master/bao21cm-master/array_config/nx_SKAM190_dec30.dat,periodic_box_mode_sum
ska_mid1_interferom,1.869967619047619,1.879967619047619,1.8749676190476192,1.869967619047619,1.879967619047619,1.87496868776073,1.0,4.0958424039134,2.023818767556374,0.9895534479451054,69470752.75523469,ok,0.03025200453616948,0.36299864722135095,0.0009910173909652034,0.001417067726279236,0.363,8.660028081584393,100000.0,/home/liuhk/bao21cm-master/bao21cm-master/array_config/nx_SKAM190_dec30.dat,periodic_box_mode_sum
ska_mid1_interferom,1.879967619047619,1.8899676190476191,1.884967619047619,1.879967619047619,1.8899676190476191,1.8849686588625796,1.0,4.1754998430704955,2.043403984304253,0.9897132829798848,69481973.83703259,ok,0.030056180696430068,0.3629986530684245,0.0009888733536693763,0.001417067726279236,0.363,8.660028081584393,100000.0,/home/liuhk/bao21cm-master/bao21cm-master/array_config/nx_SKAM190_dec30.dat,periodic_box_mode_sum
ska_mid1_interferom,1.8899676190476191,1.8999676190476191,1.8949676190476192,1.8899676190476191,1.8999676190476191,1.8949686304177822,1.0,4.25609220248157,2.063029859813369,0.9898440386855727,69491153.42942351,ok,0.02986268279723079,0.36299865885916366,0.0009867453818139826,0.001417067726279236,0.363,8.660028081584393,100000.0,/home/liuhk/bao21cm-master/bao21cm-master/array_config/nx_SKAM190_dec30.dat,periodic_box_mode_sum
ska_mid1_interferom,1.8999676190476191,1.9099676190476191,1.904967619047619,1.8999676190476191,1.9099676190476191,1.9049686024179489,1.0,4.337929743938712,2.0827697289759883,0.9900474251206597,69505432.0,ok,0.029671471192778017,0.3629986645944227,0.0009846332646366626,0.001417067726279236,0.363,8.660028081584393,100000.0,/home/liuhk/bao21cm-master/bao21cm-master/array_config/nx_SKAM190_dec30.dat,periodic_box_mode_sum
ska_mid1_interferom,1.9099676190476191,1.919967619047619,1.914967619047619,1.9099676190476191,1.919967619047619,1.914968574854878,1.0,4.420619031557374,2.102526820651136,0.9901346090830015,69511552.67544675,ok,0.029482507112172845,0.3629986702750385,0.0009825367951767931,0.001417067726279236,0.363,8.660028081584393,100000.0,/home/liuhk/bao21cm-master/bao21cm-master/array_config/nx_SKAM190_dec30.dat,periodic_box_mode_sum
ska_mid1_interferom,1.919967619047619,1.929967619047619,1.924967619047619,1.919967619047619,1.929967619047619,1.924968547720549,1.0,4.504518035762689,2.1223849876407175,0.9901636575755413,69513592.0,ok,0.029295752635737644,0.3629986759018312,0.0009804557701912227,0.001417067726279236,0.363,8.660028081584393,100000.0,/home/liuhk/bao21cm-master/bao21cm-master/array_config/nx_SKAM190_dec30.dat,periodic_box_mode_sum
ska_mid1_interferom,1.929967619047619,1.939967619047619,1.9349676190476188,1.929967619047619,1.939967619047619,1.934968521007117,1.0,4.590778392818778,2.1426101821887196,0.9904251896781733,69531952.63739379,ok,0.029111170672182538,0.36299868147560443,0.0009783899900721897,0.001417067726279236,0.363,8.660028081584393,100000.0,/home/liuhk/bao21cm-master/bao21cm-master/array_config/nx_SKAM190_dec30.dat,periodic_box_mode_sum
ska_mid1_interferom,1.939967619047619,1.949967619047619,1.944967619047619,1.939967619047619,1.949967619047619,1.9449684947069077,1.0,4.67781365653704,2.162825387435851,0.9904833056408755,69536032.61880805,ok,0.028928724936463857,0.36299868699714577,0.0009763392587673555,0.001417067726279236,0.363,8.660028081584393,100000.0,/home/liuhk/bao21cm-master/bao21cm-master/array_config/nx_SKAM190_dec30.dat,periodic_box_mode_sum
ska_mid1_interferom,1.949967619047619,1.959967619047619,1.9549676190476188,1.949967619047619,1.959967619047619,1.9549684688124136,1.0,4.766232089964682,2.183170192624634,0.9905123549401869,69538072.0,ok,0.028748379928390837,0.3629986924672271,0.0009743033837018853,0.001417067726279236,0.363,8.660028081584393,100000.0,/home/liuhk/bao21cm-master/bao21cm-master/array_config/nx_SKAM190_dec30.dat,periodic_box_mode_sum
ska_mid1_interferom,1.959967619047619,1.969967619047619,1.964967619047619,1.959967619047619,1.969967619047619,1.9649684433162922,1.0,4.856784891231413,2.2038114463881464,0.99068670362251,69550312.0,ok,0.028570100911800084,0.3629986978866051,0.0009722821757024911,0.001417067726279236,0.363,8.660028081584393,100000.0,/home/liuhk/bao21cm-master/bao21cm-master/array_config/nx_SKAM190_dec30.dat,periodic_box_mode_sum
ska_mid1_interferom,1.969967619047619,1.979967619047619,1.9749676190476189,1.969967619047619,1.979967619047619,1.9749684182113565,1.0,4.949000469583032,2.2246349070314957,0.9908320022355149,69560512.56475042,ok,0.02839385389446716,0.36299870325602157,0.0009702754489234112,0.001417067726279236,0.363,8.660028081584393,100000.0,/home/liuhk/bao21cm-master/bao21cm-master/array_config/nx_SKAM190_dec30.dat,periodic_box_mode_sum
ska_mid1_interferom,1.979967619047619,1.989967619047619,1.984967619047619,1.979967619047619,1.989967619047619,1.9849683934905766,1.0,5.043035761132787,2.2456704480249963,0.9909772925552772,69570712.54728082,ok,0.028219605608607506,0.36299870857620375,0.0009682830207742668,0.001417067726279236,0.363,8.660028081584393,100000.0,/home/liuhk/bao21cm-master/bao21cm-master/array_config/nx_SKAM190_dec30.dat,periodic_box_mode_sum
ska_mid1_interferom,1.989967619047619,1.999967619047619,1.9949676190476189,1.989967619047619,1.999967619047619,1.9949683691470699,1.0,5.138672225769484,2.2668639627841554,0.9910789919329963,69577852.26503891,ok,0.028047323492021135,0.36299871384786453,0.0009663047118497338,0.001417067726279236,0.363,8.660028081584393,100000.0,/home/liuhk/bao21cm-master/bao21cm-master/array_config/nx_SKAM190_dec30.dat,periodic_box_mode_sum
ska_mid1_interferom,1.999967619047619,2.009967619047619,2.004967619047619,1.999967619047619,2.009967619047619,2.004968345174105,1.0,5.236027003285089,2.2882366580590148,0.9912097642878941,69587033.02627337,ok,0.027876975669738107,0.3629987190717032,0.0009643403458609897,0.001417067726279236,0.363,8.660028081584393,100000.0,/home/liuhk/bao21cm-master/bao21cm-master/array_config/nx_SKAM190_dec30.dat,periodic_box_mode_sum
ska_mid1_interferom,2.009967619047619,2.019967619047619,2.014967619047619,2.009967619047619,2.019967619047619,2.014968321565091,1.0,5.334630277954628,2.309681856437078,0.9912678658969193,69591112.0,ok,0.027708530936292906,0.36299872424840546,0.0009623897495688718,0.001417067726279236,0.363,8.660028081584393,100000.0,/home/liuhk/bao21cm-master/bao21cm-master/array_config/nx_SKAM190_dec30.dat,periodic_box_mode_sum
ska_mid1_interferom,2.019967619047619,2.029967619047619,2.0249676190476187,2.019967619047619,2.029967619047619,2.0249682983135755,1.0,5.434599922056896,2.3312228383526308,0.9913259957993774,69595192.96004288,ok,0.02754195873850846,0.3629987293786437,0.0009604527527186953,0.001417067726279236,0.363,8.660028081584393,100000.0,/home/liuhk/bao21cm-master/bao21cm-master/array_config/nx_SKAM190_dec30.dat,periodic_box_mode_sum
ska_mid1_interferom,2.029967619047619,2.0399676190476193,2.0349676190476194,2.029967619047619,2.0399676190476193,2.034968275413245,1.0,5.535967034449247,2.35286358177631,0.9914131630725149,69601312.46383832,ok,0.027377229158852174,0.3629987344630774,0.0009585291879767104,0.001417067726279236,0.363,8.660028081584393,100000.0,/home/liuhk/bao21cm-master/bao21cm-master/array_config/nx_SKAM190_dec30.dat,periodic_box_mode_sum
ska_mid1_interferom,2.0399676190476193,2.049967619047619,2.044967619047619,2.0399676190476193,2.049967619047619,2.0449682528579167,1.0,5.638790931697691,2.3746138489652777,0.9915294080602559,69609473.34369697,ok,0.027214312899197877,0.3629987395023537,0.0009566188908681261,0.001417067726279236,0.363,8.660028081584393,100000.0,/home/liuhk/bao21cm-master/bao21cm-master/array_config/nx_SKAM190_dec30.dat,periodic_box_mode_sum
ska_mid1_interferom,2.049967619047619,2.059967619047619,2.054967619047619,2.049967619047619,2.059967619047619,2.0549682306415393,1.0,5.743401271020644,2.396539436566952,0.9916746918016461,69619672.86439839,ok,0.027053181265157503,0.3629987444971072,0.0009547216997166666,0.001417067726279236,0.363,8.660028081584393,100000.0,/home/liuhk/bao21cm-master/bao21cm-master/array_config/nx_SKAM190_dec30.dat,periodic_box_mode_sum
ska_mid1_interferom,2.059967619047619,2.069967619047619,2.0649676190476187,2.059967619047619,2.069967619047619,2.064968208758185,1.0,5.849992244566969,2.4186757212505707,0.991834508018531,69630892.62510209,ok,0.026893806150832388,0.3629987494479605,0.0009528374555856261,0.001417067726279236,0.363,8.660028081584393,100000.0,/home/liuhk/bao21cm-master/bao21cm-master/array_config/nx_SKAM190_dec30.dat,periodic_box_mode_sum
ska_mid1_interferom,2.069967619047619,2.0799676190476193,2.0749676190476194,2.069967619047619,2.0799676190476193,2.0749681872020505,1.0,5.9581700182007005,2.4409362994967116,0.9919071501178266,69635992.40150152,ok,0.026736160024131646,0.3629987543555248,0.00095096600222036,0.001417067726279236,0.363,8.660028081584393,100000.0,/home/liuhk/bao21cm-master/bao21cm-master/array_config/nx_SKAM190_dec30.dat,periodic_box_mode_sum
ska_mid1_interferom,2.0799676190476193,2.089967619047619,2.084967619047619,2.0799676190476193,2.089967619047619,2.084968165967454,1.0,6.068280669455517,2.4633880468686855,0.9919652661315196,69640072.38649553,ok,0.0265802159123184,0.36299875922039937,0.0009491071859921921,0.001417067726279236,0.363,8.660028081584393,100000.0,/home/liuhk/bao21cm-master/bao21cm-master/array_config/nx_SKAM190_dec30.dat,periodic_box_mode_sum
ska_mid1_interferom,2.089967619047619,2.099967619047619,2.094967619047619,2.089967619047619,2.099967619047619,2.09496814504883,1.0,6.180535052220327,2.486068191385813,0.9920524349673717,69646192.00000001,ok,0.026425947388147554,0.3629987640431727,0.0009472608558436905,0.001417067726279236,0.363,8.660028081584393,100000.0,/home/liuhk/bao21cm-master/bao21cm-master/array_config/nx_SKAM190_dec30.dat,periodic_box_mode_sum
ska_mid1_interferom,2.099967619047619,2.109967619047619,2.1049676190476188,2.099967619047619,2.109967619047619,2.104968124440728,1.0,6.294578499551265,2.508899858414294,0.9921105511948126,69650272.0,ok,0.026273328556368228,0.3629987688244221,0.0009454268632352719,0.001417067726279236,0.363,8.660028081584393,100000.0,/home/liuhk/bao21cm-master/bao21cm-master/array_config/nx_SKAM190_dec30.dat,periodic_box_mode_sum
ska_mid1_interferom,2.109967619047619,2.1199676190476193,2.1149676190476194,2.109967619047619,2.1199676190476193,2.114968104137808,1.0,6.410436603948198,2.5318840028619394,0.9921686771881144,69654352.6856039,ok,0.026122334040576106,0.3629987735647144,0.0009436050620931051,0.001417067726279236,0.363,8.660028081584393,100000.0,/home/liuhk/bao21cm-master/bao21cm-master/array_config/nx_SKAM190_dec30.dat,periodic_box_mode_sum
ska_mid1_interferom,2.1199676190476193,2.129967619047619,2.124967619047619,2.1199676190476193,2.129967619047619,2.124968084134835,1.0,6.528587591418886,2.5551100937961335,0.9923430207861562,69666592.32866631,ok,0.02597293897062063,0.36299877826460575,0.0009417953087582713,0.001417067726279236,0.363,8.660028081584393,100000.0,/home/liuhk/bao21cm-master/bao21cm-master/array_config/nx_SKAM190_dec30.dat,periodic_box_mode_sum
ska_mid1_interferom,2.129967619047619,2.139967619047619,2.134967619047619,2.129967619047619,2.139967619047619,2.13496806442669,1.0,6.6479839529509555,2.5783684672581137,0.9924011368152147,69670672.31473903,ok,0.025825118970076326,0.3629987829246422,0.0009399974619371477,0.001417067726279236,0.363,8.660028081584393,100000.0,/home/liuhk/bao21cm-master/bao21cm-master/array_config/nx_SKAM190_dec30.dat,periodic_box_mode_sum
ska_mid1_interferom,2.139967619047619,2.149967619047619,2.144967619047619,2.139967619047619,2.149967619047619,2.1449680450083517,1.0,6.769138807119146,2.6017568693325566,0.9924592528471899,69674752.30101654,ok,0.025678850144305803,0.3629987875453601,0.0009382113826529908,0.001417067726279236,0.363,8.660028081584393,100000.0,/home/liuhk/bao21cm-master/bao21cm-master/array_config/nx_SKAM190_dec30.dat,periodic_box_mode_sum
ska_mid1_interferom,2.149967619047619,2.1599676190476194,2.1549676190476195,2.149967619047619,2.1599676190476194,2.1549680258749033,1.0,6.892471136443915,2.625351621486904,0.9925900244041691,69683933.00623381,ok,0.025534109068808295,0.3629987921272856,0.0009364369341986691,0.001417067726279236,0.363,8.660028081584393,100000.0,/home/liuhk/bao21cm-master/bao21cm-master/array_config/nx_SKAM190_dec30.dat,periodic_box_mode_sum
ska_mid1_interferom,2.1599676190476194,2.169967619047619,2.1649676190476193,2.1599676190476194,2.169967619047619,2.1649680070215216,1.0,7.017549657420361,2.6490658084351852,0.992691713469222,69691072.0,ok,0.025390872777856496,0.36299879667093554,0.0009346739820905336,0.001417067726279236,0.363,8.660028081584393,100000.0,/home/liuhk/bao21cm-master/bao21cm-master/array_config/nx_SKAM190_dec30.dat,periodic_box_mode_sum
ska_mid1_interferom,2.169967619047619,2.179967619047619,2.174967619047619,2.169967619047619,2.179967619047619,2.1749679884434827,1.0,7.144531833016402,2.6729257066024865,0.9927788915287317,69697192.26104347,ok,0.025249118753621402,0.36299880117681754,0.0009329223940233796,0.001417067726279236,0.363,8.660028081584393,100000.0,/home/liuhk/bao21cm-master/bao21cm-master/array_config/nx_SKAM190_dec30.dat,periodic_box_mode_sum
ska_mid1_interferom,2.179967619047619,2.1899676190476187,2.184967619047619,2.179967619047619,2.1899676190476187,2.18496797013616,1.0,7.273532455277335,2.696948730561509,0.9928660692196773,69703312.49621221,ok,0.025108824915324835,0.36299880564543,0.0009311820398264755,0.001417067726279236,0.363,8.660028081584393,100000.0,/home/liuhk/bao21cm-master/bao21cm-master/array_config/nx_SKAM190_dec30.dat,periodic_box_mode_sum
ska_mid1_interferom,2.1899676190476187,2.199967619047619,2.1949676190476186,2.1899676190476187,2.199967619047619,2.194967952095018,1.0,7.404461458155993,2.72111401050305,0.9929241783789857,69707392.00000001,ok,0.024969969608903124,0.36299881007726253,0.0009294527914206395,0.001417067726279236,0.363,8.660028081584393,100000.0,/home/liuhk/bao21cm-master/bao21cm-master/array_config/nx_SKAM190_dec30.dat,periodic_box_mode_sum
ska_mid1_interferom,2.199967619047619,2.209967619047619,2.2049676190476193,2.199967619047619,2.209967619047619,2.2049679343156097,1.0,7.5371471572172375,2.745386522371165,0.9929241783789857,69707392.0,ok,0.024832531596918426,0.3629988144727958,0.0009277345227763192,0.001417067726279236,0.363,8.660028081584393,100000.0,/home/liuhk/bao21cm-master/bao21cm-master/array_config/nx_SKAM190_dec30.dat,periodic_box_mode_sum
ska_mid1_interferom,2.209967619047619,2.219967619047619,2.214967619047619,2.209967619047619,2.219967619047619,2.214967916793577,1.0,7.672982394703266,2.770014872650193,0.9930985270613085,69719632.0,ok,0.024696490048710593,0.36299881883250223,0.0009260271098726599,0.001417067726279236,0.363,8.660028081584393,100000.0,/home/liuhk/bao21cm-master/bao21cm-master/array_config/nx_SKAM190_dec30.dat,periodic_box_mode_sum
ska_mid1_interferom,2.219967619047619,2.2299676190476188,2.224967619047619,2.219967619047619,2.2299676190476188,2.2249678995246436,1.0,7.810027957895965,2.794642724552812,0.9930985270613084,69719632.0,ok,0.024561824530957038,0.36299882315684573,0.000924330430657531,0.001417067726279236,0.363,8.660028081584393,100000.0,/home/liuhk/bao21cm-master/bao21cm-master/array_config/nx_SKAM190_dec30.dat,periodic_box_mode_sum
ska_mid1_interferom,2.2299676190476188,2.239967619047619,2.2349676190476186,2.2299676190476188,2.239967619047619,2.2349678825046233,1.0,7.949395473078527,2.819467232134207,0.9931275878269941,69721672.18617892,ok,0.024428514998280127,0.36299882744628215,0.0009226443650084897,0.001417067726279236,0.363,8.660028081584393,100000.0,/home/liuhk/bao21cm-master/bao21cm-master/array_config/nx_SKAM190_dec30.dat,periodic_box_mode_sum
ska_mid1_interferom,2.239967619047619,2.249967619047619,2.2449676190476193,2.239967619047619,2.249967619047619,2.244967865729412,1.0,8.091096129150543,2.844485213382299,0.9932147595161903,69727792.0,ok,0.02429654178424511,0.3629988317012593,0.0009209687946946462,0.001417067726279236,0.363,8.660028081584393,100000.0,/home/liuhk/bao21cm-master/bao21cm-master/array_config/nx_SKAM190_dec30.dat,periodic_box_mode_sum
ska_mid1_interferom,2.249967619047619,2.259967619047619,2.254967619047619,2.249967619047619,2.259967619047619,2.2549678491949803,1.0,8.235212989219038,2.8697060806324814,0.9933891128318518,69740032.32527956,ok,0.024165885592604127,0.3629988359222174,0.000919303603339419,0.001417067726279236,0.363,8.660028081584393,100000.0,/home/liuhk/bao21cm-master/bao21cm-master/array_config/nx_SKAM190_dec30.dat,periodic_box_mode_sum
ska_mid1_interferom,2.259967619047619,2.269967619047619,2.264967619047619,2.259967619047619,2.269967619047619,2.2649678328973843,1.0,8.3812824531737,2.895044464800791,0.9935489289002843,69751252.07556133,ok,0.024036527488738732,0.3629988401095887,0.000917648676384142,0.001417067726279236,0.363,8.660028081584393,100000.0,/home/liuhk/bao21cm-master/bao21cm-master/array_config/nx_SKAM190_dec30.dat,periodic_box_mode_sum
ska_mid1_interferom,2.269967619047619,2.2799676190476195,2.274967619047619,2.269967619047619,2.2799676190476195,2.2749678168327447,1.0,8.52884050686669,2.9204178651122326,0.9935634568808361,69752271.99999999,ok,0.02390844889141954,0.36299884426379825,0.0009160039010525225,0.001417067726279236,0.363,8.660028081584393,100000.0,/home/liuhk/bao21cm-master/bao21cm-master/array_config/nx_SKAM190_dec30.dat,periodic_box_mode_sum
ska_mid1_interferom,2.2799676190476195,2.2899676190476193,2.2849676190476194,2.2799676190476195,2.2899676190476193,2.2849678009972707,1.0,8.678895402446363,2.945996504147003,0.9935925168260664,69754312.12857959,ok,0.023781631564685362,0.36299884838526375,0.000914369166315908,0.001417067726279236,0.363,8.660028081584393,100000.0,/home/liuhk/bao21cm-master/bao21cm-master/array_config/nx_SKAM190_dec30.dat,periodic_box_mode_sum
ska_mid1_interferom,2.2899676190476193,2.299967619047619,2.294967619047619,2.2899676190476193,2.299967619047619,2.294967785387237,1.0,8.83157774101555,2.9717970558259106,0.9936215731082768,69756352.0,ok,0.02365605760994935,0.3629988524743957,0.0009127443628593631,0.001417067726279236,0.363,8.660028081584393,100000.0,/home/liuhk/bao21cm-master/bao21cm-master/array_config/nx_SKAM190_dec30.dat,periodic_box_mode_sum
ska_mid1_interferom,2.299967619047619,2.309967619047619,2.304967619047619,2.299967619047619,2.309967619047619,2.3049677699989926,1.0,8.987143405244092,2.997856468419409,0.9936796893357179,69760432.00000001,ok,0.023531709458386015,0.3629988565315976,0.0009111293830484999,0.001417067726279236,0.363,8.660028081584393,100000.0,/home/liuhk/bao21cm-master/bao21cm-master/array_config/nx_SKAM190_dec30.dat,periodic_box_mode_sum
ska_mid1_interferom,2.309967619047619,2.3199676190476186,2.3149676190476187,2.309967619047619,2.3199676190476186,2.314967754828956,1.0,9.145523123796401,3.024156597102141,0.9937378055631588,69764512.0,ok,0.02340856986347856,0.36299886055726605,0.0009095241208970695,0.001417067726279236,0.363,8.660028081584393,100000.0,/home/liuhk/bao21cm-master/bao21cm-master/array_config/nx_SKAM190_dec30.dat,periodic_box_mode_sum
ska_mid1_interferom,2.3199676190476186,2.3299676190476193,2.324967619047619,2.3199676190476186,2.3299676190476193,2.3249677398736095,1.0,9.306583561322391,3.050669362832097,0.9937959217905998,69768592.00000001,ok,0.023286621893774926,0.3629988645517912,0.0009079284720352924,0.001417067726279236,0.363,8.660028081584393,100000.0,/home/liuhk/bao21cm-master/bao21cm-master/array_config/nx_SKAM190_dec30.dat,periodic_box_mode_sum
ska_mid1_interferom,2.3299676190476193,2.339967619047619,2.334967619047619,2.3299676190476193,2.339967619047619,2.3349677251295082,1.0,9.47042688941978,3.077405870115247,0.9938540380180405,69772672.0,ok,0.02316584892590102,0.36299886851555635,0.0009063423336789212,0.001417067726279236,0.363,8.660028081584393,100000.0,/home/liuhk/bao21cm-master/bao21cm-master/array_config/nx_SKAM190_dec30.dat,periodic_box_mode_sum
ska_mid1_interferom,2.339967619047619,2.349967619047619,2.344967619047619,2.339967619047619,2.349967619047619,2.344967710593271,1.0,9.637191722330206,3.104382663643483,0.9939121560884834,69776752.12938637,ok,0.023046234637573805,0.3629988724489385,0.0009047656045989765,0.001417067726279236,0.363,8.660028081584393,100000.0,/home/liuhk/bao21cm-master/bao21cm-master/array_config/nx_SKAM190_dec30.dat,periodic_box_mode_sum
ska_mid1_interferom,2.349967619047619,2.3599676190476186,2.3549676190476188,2.349967619047619,2.3599676190476186,2.3549676962615798,1.0,9.807139846586008,3.1316353310348903,0.9939702704729226,69780832.0,ok,0.022927763000977142,0.3629988763523083,0.0009031981850921593,0.001417067726279236,0.363,8.660028081584393,100000.0,/home/liuhk/bao21cm-master/bao21cm-master/array_config/nx_SKAM190_dec30.dat,periodic_box_mode_sum
ska_mid1_interferom,2.3599676190476186,2.3699676190476193,2.364967619047619,2.3599676190476186,2.3699676190476193,2.3649676821311796,1.0,9.981245437721187,3.1593109118478964,0.9941446191552453,69793072.0,ok,0.02281041827625094,0.3629988802260304,0.0009016399769519491,0.001417067726279236,0.363,8.660028081584393,100000.0,/home/liuhk/bao21cm-master/bao21cm-master/array_config/nx_SKAM190_dec30.dat,periodic_box_mode_sum
ska_mid1_interferom,2.3699676190476193,2.379967619047619,2.374967619047619,2.3699676190476193,2.379967619047619,2.3749676681988765,1.0,10.157752421282206,3.187122906522779,0.9941882070679626,69796132.05210106,ok,0.022694185005118796,0.36299888407046316,0.0009000908834403562,0.001417067726279236,0.363,8.660028081584393,100000.0,/home/liuhk/bao21cm-master/bao21cm-master/array_config/nx_SKAM190_dec30.dat,periodic_box_mode_sum
ska_mid1_interferom,2.379967619047619,2.389967619047619,2.384967619047619,2.379967619047619,2.389967619047619,2.384967654461532,1.0,10.337346901732204,3.215174474539788,0.9942317934964067,69799192.0,ok,0.022579048004819233,0.3629988878859592,0.000898550809260254,0.001417067726279236,0.363,8.660028081584393,100000.0,/home/liuhk/bao21cm-master/bao21cm-master/array_config/nx_SKAM190_dec30.dat,periodic_box_mode_sum
ska_mid1_interferom,2.389967619047619,2.3999676190476187,2.394967619047619,2.389967619047619,2.3999676190476187,2.3949676409160734,1.0,10.519764778124651,3.2434186868371855,0.9942317934964068,69799192.0,ok,0.02246499236196742,0.3629988916728653,0.0008970196605283612,0.001417067726279236,0.363,8.660028081584393,100000.0,/home/liuhk/bao21cm-master/bao21cm-master/array_config/nx_SKAM190_dec30.dat,periodic_box_mode_sum
ska_mid1_interferom,2.3999676190476187,2.4099676190476194,2.404967619047619,2.3999676190476187,2.4099676190476194,2.404967627559482,1.0,10.706162831906013,3.272027327499881,0.9943480259512885,69807351.99999999,ok,0.022352003426730657,0.3629988954315227,0.0008954973447488483,0.001417067726279236,0.363,8.660028081584393,100000.0,/home/liuhk/bao21cm-master/bao21cm-master/array_config/nx_SKAM190_dec30.dat,periodic_box_mode_sum
ska_mid1_interferom,2.4099676190476194,2.419967619047619,2.4149676190476193,2.4099676190476194,2.419967619047619,2.414967614388795,1.0,10.895013940487884,3.300759600529533,0.9943480259512886,69807352.0,ok,0.022240066807130515,0.36299889916226685,0.0008939837707874559,0.001417067726279236,0.363,8.660028081584393,100000.0,/home/liuhk/bao21cm-master/bao21cm-master/array_config/nx_SKAM190_dec30.dat,periodic_box_mode_sum
ska_mid1_interferom,2.419967619047619,2.429967619047619,2.424967619047619,2.419967619047619,2.429967619047619,2.4249676014011055,1.0,11.087621892149125,3.3298080863841273,0.9944352001148198,69813471.98752962,ok,0.022129168363466158,0.3629989028654279,0.0008924788488462337,0.001417067726279236,0.363,8.660028081584393,100000.0,/home/liuhk/bao21cm-master/bao21cm-master/array_config/nx_SKAM190_dec30.dat,periodic_box_mode_sum
ska_mid1_interferom,2.429967619047619,2.4399676190476187,2.434967619047619,2.429967619047619,2.4399676190476187,2.434967588593552,1.0,11.283286620907163,3.3590603776811103,0.994507845116924,69818571.96771823,ok,0.022019294202917154,0.3629989065413307,0.0008909824904388492,0.001417067726279236,0.363,8.660028081584393,100000.0,/home/liuhk/bao21cm-master/bao21cm-master/array_config/nx_SKAM190_dec30.dat,periodic_box_mode_sum
ska_mid1_interferom,2.4399676190476187,2.4499676190476194,2.444967619047619,2.4399676190476187,2.4499676190476194,2.444967575963338,1.0,11.481767266166113,3.3884756552417654,0.9945514327473317,69821632.0,ok,0.021910430674279117,0.36299891019029473,0.0008894946083663581,0.001417067726279236,0.363,8.660028081584393,100000.0,/home/liuhk/bao21cm-master/bao21cm-master/array_config/nx_SKAM190_dec30.dat,periodic_box_mode_sum
ska_mid1_interferom,2.4499676190476194,2.459967619047619,2.4549676190476193,2.4499676190476194,2.459967619047619,2.454967563507713,1.0,11.683321256813766,3.4180873682241897,0.9945514327473317,69821632.0,ok,0.021802564362736584,0.3629989138126346,0.0008880151166935938,0.001417067726279236,0.363,8.660028081584393,100000.0,/home/liuhk/bao21cm-master/bao21cm-master/array_config/nx_SKAM190_dec30.dat,periodic_box_mode_sum
ska_mid1_interferom,2.459967619047619,2.469967619047619,2.464967619047619,2.459967619047619,2.469967619047619,2.4649675512239746,1.0,11.888835405143466,3.4480190552175705,0.9945804901783377,69823671.95207061,ok,0.02169568208488811,0.36299891740865964,0.0008865439307260216,0.001417067726279236,0.363,8.660028081584393,100000.0,/home/liuhk/bao21cm-master/bao21cm-master/array_config/nx_SKAM190_dec30.dat,periodic_box_mode_sum
ska_mid1_interferom,2.469967619047619,2.4799676190476188,2.474967619047619,2.469967619047619,2.4799676190476188,2.474967539109472,1.0,12.09895635261849,3.4783554091867166,0.9946967225112748,69831831.94350958,ok,0.021589770883851025,0.36299892097867437,0.0008850809669870709,0.001417067726279236,0.363,8.660028081584393,100000.0,/home/liuhk/bao21cm-master/bao21cm-master/array_config/nx_SKAM190_dec30.dat,periodic_box_mode_sum
ska_mid1_interferom,2.4799676190476188,2.4899676190476194,2.484967619047619,2.4799676190476188,2.4899676190476194,2.4849675271616034,1.0,12.312054161162683,3.5088536819255776,0.9947257814296546,69833872.0,ok,0.0214848180244613,0.3629989245229785,0.0008836261431960465,0.001417067726279236,0.363,8.660028081584393,100000.0,/home/liuhk/bao21cm-master/bao21cm-master/array_config/nx_SKAM190_dec30.dat,periodic_box_mode_sum
ska_mid1_interferom,2.4899676190476194,2.499967619047619,2.4949676190476193,2.4899676190476194,2.499967619047619,2.4949675153778075,1.0,12.52872669513696,3.5395941427142406,0.9947838976570955,69837952.0,ok,0.0213808109887109,0.36299892804186706,0.0008821793782463887,0.001417067726279236,0.363,8.660028081584393,100000.0,/home/liuhk/bao21cm-master/bao21cm-master/array_config/nx_SKAM190_dec30.dat,periodic_box_mode_sum
ska_mid1_interferom,2.499967619047619,2.509967619047619,2.504967619047619,2.499967619047619,2.509967619047619,2.5049675037555765,1.0,12.748601157146762,3.5705183317197466,0.9948565400400649,69843051.7963145,ok,0.021277737471109656,0.36299893153563034,0.0008807405921845295,0.001417067726279236,0.363,8.660028081584393,100000.0,/home/liuhk/bao21cm-master/bao21cm-master/array_config/nx_SKAM190_dec30.dat,periodic_box_mode_sum
ska_mid1_interferom,2.509967619047619,2.519967619047619,2.514967619047619,2.509967619047619,2.519967619047619,2.514967492292447,1.0,12.971197330321706,3.6015548489953204,0.9949291882256979,69848151.99999999,ok,0.02117558537428257,0.3629989350045542,0.0008793097061890895,0.001417067726279236,0.363,8.660028081584393,100000.0,/home/liuhk/bao21cm-master/bao21cm-master/array_config/nx_SKAM190_dec30.dat,periodic_box_mode_sum
ska_mid1_interferom,2.519967619047619,2.5299676190476195,2.524967619047619,2.519967619047619,2.5299676190476195,2.524967480985998,1.0,13.196179095253733,3.632654552149672,0.9949873016736752,69852231.80487014,ok,0.02107434280466584,0.36299893844892006,0.0008778866425506052,0.001417067726279236,0.363,8.660028081584393,100000.0,/home/liuhk/bao21cm-master/bao21cm-master/array_config/nx_SKAM190_dec30.dat,periodic_box_mode_sum
ska_mid1_interferom,2.5299676190476195,2.5399676190476193,2.5349676190476194,2.5299676190476195,2.5399676190476193,2.5349674698338514,1.0,13.424224599301159,3.663908377580034,0.9950454206805798,69856312.0,ok,0.020973998068291227,0.3629989418690047,0.00087647132465163,0.001417067726279236,0.363,8.660028081584393,100000.0,/home/liuhk/bao21cm-master/bao21cm-master/array_config/nx_SKAM190_dec30.dat,periodic_box_mode_sum
ska_mid1_interferom,2.5399676190476193,2.549967619047619,2.544967619047619,2.5399676190476193,2.549967619047619,2.544967458833669,1.0,13.655957253397263,3.6953967653551443,0.9951035369080206,69860392.0,ok,0.020874539666665158,0.36299894526508103,0.0008750636769472842,0.001417067726279236,0.363,8.660028081584393,100000.0,/home/liuhk/bao21cm-master/bao21cm-master/array_config/nx_SKAM190_dec30.dat,periodic_box_mode_sum
ska_mid1_interferom,2.549967619047619,2.559967619047619,2.554967619047619,2.549967619047619,2.559967619047619,2.5549674479831586,1.0,13.89115410834557,3.72708386119035,0.9951035369080208,69860392.0,ok,0.020775956292838228,0.36299894863741744,0.0008736636249462124,0.001417067726279236,0.363,8.660028081584393,100000.0,/home/liuhk/bao21cm-master/bao21cm-master/array_config/nx_SKAM190_dec30.dat,periodic_box_mode_sum
ska_mid1_interferom,2.559967619047619,2.5699676190476186,2.5649676190476187,2.559967619047619,2.5699676190476186,2.564967437280067,1.0,14.130404007602479,3.7590429643198386,0.9951035369080206,69860392.0,ok,0.02067823682737967,0.36299895198627846,0.0008722710951919328,0.001417067726279236,0.363,8.660028081584393,100000.0,/home/liuhk/bao21cm-master/bao21cm-master/array_config/nx_SKAM190_dec30.dat,periodic_box_mode_sum
ska_mid1_interferom,2.5699676190476186,2.5799676190476193,2.574967619047619,2.5699676190476186,2.5799676190476193,2.574967426722183,1.0,14.374368348190586,3.7913544213368637,0.9951616531354617,69864472.0,ok,0.0205813703346127,0.3629989553119244,0.0008708860152445909,0.001417067726279236,0.363,8.660028081584393,100000.0,/home/liuhk/bao21cm-master/bao21cm-master/array_config/nx_SKAM190_dec30.dat,periodic_box_mode_sum
ska_mid1_interferom,2.5799676190476193,2.589967619047619,2.584967619047619,2.5799676190476193,2.589967619047619,2.5849674163073297,1.0,14.622017873800369,3.823874719940543,0.9951616531354616,69864472.0,ok,0.02048534605888965,0.36299895861461157,0.0008695083136630886,0.001417067726279236,0.363,8.660028081584393,100000.0,/home/liuhk/bao21cm-master/bao21cm-master/array_config/nx_SKAM190_dec30.dat,periodic_box_mode_sum
ska_mid1_interferom,2.589967619047619,2.599967619047619,2.594967619047619,2.589967619047619,2.599967619047619,2.594967406033375,1.0,14.87415243445899,3.8567022745422013,0.9952197693629026,69868552.0,ok,0.020390153420944423,0.3629989618945926,0.0008681379199875789,0.001417067726279236,0.363,8.660028081584393,100000.0,/home/liuhk/bao21cm-master/bao21cm-master/array_config/nx_SKAM190_dec30.dat,periodic_box_mode_sum
ska_mid1_interferom,2.599967619047619,2.6099676190476186,2.6049676190476188,2.599967619047619,2.6099676190476186,2.604967395898211,1.0,15.130234974108575,3.88976027206158,0.9952778810978882,69872631.68461102,ok,0.02029578201436738,0.36299896515211616,0.000866774764722355,0.001417067726279236,0.363,8.660028081584393,100000.0,/home/liuhk/bao21cm-master/bao21cm-master/array_config/nx_SKAM190_dec30.dat,periodic_box_mode_sum
ska_mid1_interferom,2.6099676190476186,2.6199676190476193,2.614967619047619,2.6099676190476186,2.6199676190476193,2.614967385899783,1.0,15.390125942503316,3.9230251009270023,0.9953360018177843,69876712.0,ok,0.020202221602152563,0.36299896838742723,0.0008654187793190342,0.001417067726279236,0.363,8.660028081584393,100000.0,/home/liuhk/bao21cm-master/bao21cm-master/array_config/nx_SKAM190_dec30.dat,periodic_box_mode_sum
ska_mid1_interferom,2.6199676190476193,2.629967619047619,2.624967619047619,2.6199676190476193,2.629967619047619,2.624967376036063,1.0,15.653791787378855,3.9564873040841233,0.9953941180452254,69880792.0,ok,0.020109462113254744,0.36299897160076716,0.0008640698961601829,0.001417067726279236,0.363,8.660028081584393,100000.0,/home/liuhk/bao21cm-master/bao21cm-master/array_config/nx_SKAM190_dec30.dat,periodic_box_mode_sum
ska_mid1_interferom,2.629967619047619,2.639967619047619,2.634967619047619,2.629967619047619,2.639967619047619,2.6349673663050592,1.0,15.921099179363349,3.9901252084819783,0.9954377013996364,69883851.73208907,ok,0.020017493639323675,0.36299897479237353,0.0008627280485431597,0.001417067726279236,0.363,8.660028081584393,100000.0,/home/liuhk/bao21cm-master/bao21cm-master/array_config/nx_SKAM190_dec30.dat,periodic_box_mode_sum
ska_mid1_interferom,2.639967619047619,2.6499676190476187,2.644967619047619,2.639967619047619,2.6499676190476187,2.6449673567048153,1.0,16.192273759680962,4.0239624451131455,0.9954812923863867,69886912.0,ok,0.019926306431478077,0.36299897796248065,0.0008613931706644229,0.001417067726279236,0.363,8.660028081584393,100000.0,/home/liuhk/bao21cm-master/bao21cm-master/array_config/nx_SKAM190_dec30.dat,periodic_box_mode_sum
ska_mid1_interferom,2.6499676190476187,2.6599676190476194,2.654967619047619,2.6499676190476187,2.6599676190476194,2.654967347233412,1.0,16.46779723185173,4.058053379620792,0.9955539363026437,69892011.90395762,ok,0.019835890897140843,0.36299898111131923,0.0008600651976040362,0.001417067726279236,0.363,8.660028081584393,100000.0,/home/liuhk/bao21cm-master/bao21cm-master/array_config/nx_SKAM190_dec30.dat,periodic_box_mode_sum
ska_mid1_interferom,2.6599676190476194,2.669967619047619,2.6649676190476193,2.6599676190476194,2.669967619047619,2.6649673378889505,1.0,16.747144146187633,4.092327472989867,0.9955975220111181,69895071.8013117,ok,0.019746237597007783,0.3629989842391164,0.0008587440653105808,0.001417067726279236,0.363,8.660028081584393,100000.0,/home/liuhk/bao21cm-master/bao21cm-master/array_config/nx_SKAM190_dec30.dat,periodic_box_mode_sum
ska_mid1_interferom,2.669967619047619,2.679967619047619,2.674967619047619,2.669967619047619,2.679967619047619,2.67496732866958,1.0,17.031202478215526,4.126887747227386,0.9956846991824301,69901192.00000001,ok,0.01965733724201433,0.3629989873460963,0.0008574297105863411,0.001417067726279236,0.363,8.660028081584393,100000.0,/home/liuhk/bao21cm-master/bao21cm-master/array_config/nx_SKAM190_dec30.dat,periodic_box_mode_sum
ska_mid1_interferom,2.679967619047619,2.6899676190476187,2.684967619047619,2.679967619047619,2.6899676190476187,2.684967319573474,1.0,17.318687286799474,4.161572693922272,0.9956846991824301,69901192.0,ok,0.019569180690377587,0.3629989904324796,0.0008561220710727614,0.001417067726279236,0.363,8.660028081584393,100000.0,/home/liuhk/bao21cm-master/bao21cm-master/array_config/nx_SKAM190_dec30.dat,periodic_box_mode_sum
ska_mid1_interferom,2.6899676190476187,2.6999676190476194,2.694967619047619,2.6899676190476187,2.6999676190476194,2.694967310598838,1.0,17.61034706229814,4.196468403586299,0.9956846991824301,69901192.0,ok,0.019481758944752698,0.36299899349848375,0.0008548210852362757,0.001417067726279236,0.363,8.660028081584393,100000.0,/home/liuhk/bao21cm-master/bao21cm-master/array_config/nx_SKAM190_dec30.dat,periodic_box_mode_sum
ska_mid1_interferom,2.6999676190476194,2.709967619047619,2.7049676190476193,2.6999676190476194,2.709967619047619,2.7049673017439084,1.0,17.906060019723572,4.231555271968402,0.9956846991824301,69901192.0,ok,0.019395063149431714,0.362998996544323,0.0008535266923543376,0.001417067726279236,0.363,8.660028081584393,100000.0,/home/liuhk/bao21cm-master/bao21cm-master/array_config/nx_SKAM190_dec30.dat,periodic_box_mode_sum
ska_mid1_interferom,2.709967619047619,2.719967619047619,2.714967619047619,2.709967619047619,2.719967619047619,2.7149672930069517,1.0,18.206314615287052,4.266885821683895,0.99568469918243,69901191.99999999,ok,0.019309084587590647,0.3629989995702087,0.0008522388325017763,0.001417067726279236,0.363,8.660028081584393,100000.0,/home/liuhk/bao21cm-master/bao21cm-master/array_config/nx_SKAM190_dec30.dat,periodic_box_mode_sum
ska_mid1_interferom,2.719967619047619,2.7299676190476188,2.724967619047619,2.719967619047619,2.7299676190476188,2.724967284386259,1.0,18.512970995454,4.302670216906474,0.995800931637312,69909352.0,ok,0.01922381467866447,0.36299900257634893,0.0008509574465374487,0.001417067726279236,0.363,8.660028081584393,100000.0,/home/liuhk/bao21cm-master/bao21cm-master/array_config/nx_SKAM190_dec30.dat,periodic_box_mode_sum
ska_mid1_interferom,2.7299676190476188,2.7399676190476194,2.734967619047619,2.7299676190476188,2.7399676190476194,2.7349672758801584,1.0,18.82396086217954,4.338658878291717,0.995800931637312,69909352.0,ok,0.019139244975694008,0.36299900556294895,0.0008496824760910917,0.001417067726279236,0.363,8.660028081584393,100000.0,/home/liuhk/bao21cm-master/bao21cm-master/array_config/nx_SKAM190_dec30.dat,periodic_box_mode_sum
ska_mid1_interferom,2.7399676190476194,2.749967619047619,2.7449676190476193,2.7399676190476194,2.749967619047619,2.7449672674870023,1.0,19.14031396313621,4.3749644527854405,0.9958299862122141,69911391.7515603,ok,0.01905536716276065,0.3629990085302109,0.0008484138635504897,0.001417067726279236,0.363,8.660028081584393,100000.0,/home/liuhk/bao21cm-master/bao21cm-master/array_config/nx_SKAM190_dec30.dat,periodic_box_mode_sum
ska_mid1_interferom,2.749967619047619,2.759967619047619,2.754967619047619,2.749967619047619,2.759967619047619,2.7549672592051686,1.0,19.461742237950595,4.411546467844422,0.9959171640921938,69917511.99999999,ok,0.01897217305250839,0.3629990114783343,0.0008471515520489044,0.001417067726279236,0.363,8.660028081584393,100000.0,/home/liuhk/bao21cm-master/bao21cm-master/array_config/nx_SKAM190_dec30.dat,periodic_box_mode_sum
ska_mid1_interferom,2.759967619047619,2.769967619047619,2.764967619047619,2.759967619047619,2.769967619047619,2.7649672510330667,1.0,19.786872921356622,4.448243801924151,0.9959462185014702,69919551.73993269,ok,0.018889654583703647,0.3629990144075156,0.0008458954854527013,0.001417067726279236,0.363,8.660028081584393,100000.0,/home/liuhk/bao21cm-master/bao21cm-master/array_config/nx_SKAM190_dec30.dat,periodic_box_mode_sum
ska_mid1_interferom,2.769967619047619,2.7799676190476195,2.774967619047619,2.769967619047619,2.7799676190476195,2.7749672429691317,1.0,20.11621095942797,4.4851099160921315,0.9959752803196347,69921592.0,ok,0.01880780381883561,0.36299901731794854,0.0008446456083492588,0.001417067726279236,0.363,8.660028081584393,100000.0,/home/liuhk/bao21cm-master/bao21cm-master/array_config/nx_SKAM190_dec30.dat,periodic_box_mode_sum
ska_mid1_interferom,2.7799676190476195,2.7899676190476193,2.7849676190476194,2.7799676190476195,2.7899676190476193,2.7849672350118175,1.0,20.44955214882311,4.522118104254146,0.9959752803196346,69921592.0,ok,0.01872661294182647,0.3629990202098242,0.0008434018660351333,0.001417067726279236,0.363,8.660028081584393,100000.0,/home/liuhk/bao21cm-master/bao21cm-master/array_config/nx_SKAM190_dec30.dat,periodic_box_mode_sum
ska_mid1_interferom,2.7899676190476193,2.799967619047619,2.794967619047619,2.7899676190476193,2.799967619047619,2.794967227159612,1.0,20.788087766383757,4.5593955483576725,0.9960043344886003,69923631.72306186,ok,0.018646074255721363,0.362999023083331,0.0008421642045044104,0.001417067726279236,0.363,8.660028081584393,100000.0,/home/liuhk/bao21cm-master/bao21cm-master/array_config/nx_SKAM190_dec30.dat,periodic_box_mode_sum
ska_mid1_interferom,2.799967619047619,2.809967619047619,2.804967619047619,2.799967619047619,2.809967619047619,2.804967219411028,1.0,21.13234400411013,4.59699293061346,0.9960333965470757,69925672.0,ok,0.0185661801804429,0.3629990259386545,0.0008409325704373029,0.001417067726279236,0.363,8.660028081584393,100000.0,/home/liuhk/bao21cm-master/bao21cm-master/array_config/nx_SKAM190_dec30.dat,periodic_box_mode_sum
ska_mid1_interferom,2.809967619047619,2.8199676190476186,2.8149676190476187,2.809967619047619,2.8199676190476186,2.8149672117645994,1.0,21.482978296485697,4.634973386815258,0.9960915045750738,69929751.42436513,ok,0.01848692325062999,0.362999028775978,0.0008397069111889916,0.001417067726279236,0.363,8.660028081584393,100000.0,/home/liuhk/bao21cm-master/bao21cm-master/array_config/nx_SKAM190_dec30.dat,periodic_box_mode_sum
ska_mid1_interferom,2.8199676190476186,2.8299676190476193,2.824967619047619,2.8199676190476186,2.8299676190476193,2.824967204218885,1.0,21.839332724995632,4.673257185838977,0.996193209909023,69936891.56027529,ok,0.018408296113505772,0.36299903159548197,0.0008384871747786701,0.001417067726279236,0.363,8.660028081584393,100000.0,/home/liuhk/bao21cm-master/bao21cm-master/array_config/nx_SKAM190_dec30.dat,periodic_box_mode_sum
ska_mid1_interferom,2.8299676190476193,2.839967619047619,2.834967619047619,2.8299676190476193,2.839967619047619,2.83496719677247,1.0,22.199713682561494,4.711657211911908,0.9962368033431188,69939951.99999999,ok,0.018330291526782474,0.3629990343973446,0.0008372733098787863,0.001417067726279236,0.363,8.660028081584393,100000.0,/home/liuhk/bao21cm-master/bao21cm-master/array_config/nx_SKAM190_dec30.dat,periodic_box_mode_sum
ska_mid1_interferom,2.839967619047619,2.849967619047619,2.844967619047619,2.839967619047619,2.849967619047619,2.844967189423955,1.0,22.564530711636518,4.750213754310065,0.9962368033431189,69939952.0,ok,0.018252902356646183,0.3629990371817414,0.0008360652658045073,0.001417067726279236,0.363,8.660028081584393,100000.0,/home/liuhk/bao21cm-master/bao21cm-master/array_config/nx_SKAM190_dec30.dat,periodic_box_mode_sum
ska_mid1_interferom,2.849967619047619,2.8599676190476186,2.8549676190476188,2.849967619047619,2.8599676190476186,2.8549671821719724,1.0,22.934717668414645,4.789020533304764,0.9962368033431189,69939952.0,ok,0.01817612157576171,0.3629990399488458,0.0008348629925033948,0.001417067726279236,0.363,8.660028081584393,100000.0,/home/liuhk/bao21cm-master/bao21cm-master/array_config/nx_SKAM190_dec30.dat,periodic_box_mode_sum
ska_mid1_interferom,2.8599676190476186,2.8699676190476193,2.864967619047619,2.8599676190476186,2.8699676190476193,2.864967175015173,1.0,23.311465523460747,4.828194851438863,0.9962949195705598,69944032.0,ok,0.01809994226128323,0.3629990426988285,0.0008336664405452766,0.001417067726279236,0.363,8.660028081584393,100000.0,/home/liuhk/bao21cm-master/bao21cm-master/array_config/nx_SKAM190_dec30.dat,periodic_box_mode_sum
ska_mid1_interferom,2.8699676190476193,2.879967619047619,2.874967619047619,2.8699676190476193,2.879967619047619,2.874967167952231,1.0,23.69374200801537,4.867621802072894,0.9963094463570512,69945051.84061071,ok,0.01802435759297012,0.36299904543185807,0.000832475561112296,0.001417067726279236,0.363,8.660028081584393,100000.0,/home/liuhk/bao21cm-master/bao21cm-master/array_config/nx_SKAM190_dec30.dat,periodic_box_mode_sum
ska_mid1_interferom,2.879967619047619,2.889967619047619,2.884967619047619,2.879967619047619,2.889967619047619,2.8849671609818386,1.0,24.082237292528003,4.907365616349367,0.9963239776842803,69946072.0,ok,0.017949360851318794,0.36299904814810074,0.0008312903059891628,0.001417067726279236,0.363,8.660028081584393,100000.0,/home/liuhk/bao21cm-master/bao21cm-master/array_config/nx_SKAM190_dec30.dat,periodic_box_mode_sum
ska_mid1_interferom,2.889967619047619,2.8999676190476187,2.894967619047619,2.889967619047619,2.8999676190476187,2.8949671541027153,1.0,24.478098759072466,4.94753461423692,0.9963820939117212,69950152.0,ok,0.01787494541573117,0.36299905084772055,0.0008301106275535946,0.001417067726279236,0.363,8.660028081584393,100000.0,/home/liuhk/bao21cm-master/bao21cm-master/array_config/nx_SKAM190_dec30.dat,periodic_box_mode_sum
ska_mid1_interferom,2.8999676190476187,2.9099676190476194,2.904967619047619,2.8999676190476187,2.9099676190476194,2.904967147313593,1.0,24.880343245982715,4.9880199724923635,0.9963820939117212,69950152.00000001,ok,0.017801104762722102,0.3629990535308793,0.0008289364787669403,0.001417067726279236,0.363,8.660028081584393,100000.0,/home/liuhk/bao21cm-master/bao21cm-master/array_config/nx_SKAM190_dec30.dat,periodic_box_mode_sum
ska_mid1_interferom,2.9099676190476194,2.919967619047619,2.9149676190476193,2.9099676190476194,2.919967619047619,2.9149671406132303,1.0,25.290642676161376,5.028980281941994,0.9964402101391622,69954232.0,ok,0.017727832464216664,0.36299905619773654,0.0008277678131649772,0.001417067726279236,0.363,8.660028081584393,100000.0,/home/liuhk/bao21cm-master/bao21cm-master/array_config/nx_SKAM190_dec30.dat,periodic_box_mode_sum
ska_mid1_interferom,2.919967619047619,2.929967619047619,2.924967619047619,2.919967619047619,2.929967619047619,2.924967134000404,1.0,25.706737070784893,5.070181167451997,0.9964402101391623,69954232.0,ok,0.017655122185763848,0.3629990588484498,0.0008266045848488781,0.001417067726279236,0.363,8.660028081584393,100000.0,/home/liuhk/bao21cm-master/bao21cm-master/array_config/nx_SKAM190_dec30.dat,periodic_box_mode_sum
ska_mid1_interferom,2.929967619047619,2.9399676190476187,2.934967619047619,2.929967619047619,2.9399676190476187,2.9349671274739113,1.0,26.12805924379225,5.111561331314753,0.9964402101391621,69954232.0,ok,0.017582967684895083,0.3629990614831744,0.0008254467484763526,0.001417067726279236,0.363,8.660028081584393,100000.0,/home/liuhk/bao21cm-master/bao21cm-master/array_config/nx_SKAM190_dec30.dat,periodic_box_mode_sum
ska_mid1_interferom,2.9399676190476187,2.9499676190476194,2.944967619047619,2.9399676190476187,2.9499676190476194,2.944967121032568,1.0,26.555076054754853,5.153161753210824,0.9964692632398503,69956271.64806436,ok,0.01751136280948279,0.36299906410206373,0.0008242942592529586,0.001417067726279236,0.363,8.660028081584393,100000.0,/home/liuhk/bao21cm-master/bao21cm-master/array_config/nx_SKAM190_dec30.dat,periodic_box_mode_sum
ska_mid1_interferom,2.9499676190476194,2.959967619047619,2.9549676190476193,2.9499676190476194,2.959967619047619,2.954967114675207,1.0,26.988601352080096,5.195055471511358,0.9964983263666031,69958312.0,ok,0.017440301496133997,0.362999066705269,0.0008231470729235733,0.001417067726279236,0.363,8.660028081584393,100000.0,/home/liuhk/bao21cm-master/bao21cm-master/array_config/nx_SKAM190_dec30.dat,periodic_box_mode_sum
ska_mid1_interferom,2.959967619047619,2.969967619047619,2.964967619047619,2.959967619047619,2.969967619047619,2.964967108400682,1.0,27.428990961272195,5.237269418434781,0.996498326366603,69958312.0,ok,0.017369777768601564,0.36299906929293957,0.0008220051457640285,0.001417067726279236,0.363,8.660028081584393,100000.0,/home/liuhk/bao21cm-master/bao21cm-master/array_config/nx_SKAM190_dec30.dat,periodic_box_mode_sum
ska_mid1_interferom,2.969967619047619,2.9799676190476188,2.974967619047619,2.969967619047619,2.9799676190476188,2.9749671022078625,1.0,27.876828401886993,5.2798511723236095,0.9965273792778012,69960351.6347614,ok,0.017299785736300782,0.3629990718652227,0.0008208684345728949,0.001417067726279236,0.363,8.660028081584393,100000.0,/home/liuhk/bao21cm-master/bao21cm-master/array_config/nx_SKAM190_dec30.dat,periodic_box_mode_sum
ska_mid1_interferom,2.9799676190476188,2.9899676190476194,2.984967619047619,2.9799676190476188,2.9899676190476194,2.9849670960956383,1.0,28.331717268841746,5.322754669233004,0.9965854954437163,69964431.63044201,ok,0.017230319592739084,0.36299907442226387,0.0008197368966634231,0.001417067726279236,0.363,8.660028081584393,100000.0,/home/liuhk/bao21cm-master/bao21cm-master/array_config/nx_SKAM190_dec30.dat,periodic_box_mode_sum
ska_mid1_interferom,2.9899676190476194,2.999967619047619,2.9949676190476193,2.9899676190476194,2.999967619047619,2.9949670900629175,1.0,28.79305058970083,5.365915633859783,0.9966145588214851,69966472.0,ok,0.017161373614058083,0.36299907696420647,0.0008186104898556311,0.001417067726279236,0.363,8.660028081584393,100000.0,/home/liuhk/bao21cm-master/bao21cm-master/array_config/nx_SKAM190_dec30.dat,periodic_box_mode_sum
ska_mid1_interferom,2.999967619047619,3.009967619047619,3.004967619047619,2.999967619047619,3.009967619047619,3.0049670841086216,1.0,29.2618617225417,5.409423418677974,0.996672675048926,69970552.0,ok,0.017092942157594018,0.3629990794911922,0.0008174891724685426,0.001417067726279236,0.363,8.660028081584393,100000.0,/home/liuhk/bao21cm-master/bao21cm-master/array_config/nx_SKAM190_dec30.dat,periodic_box_mode_sum
ska_mid1_interferom,3.009967619047619,3.019967619047619,3.014967619047619,3.009967619047619,3.019967619047619,3.014967078231692,1.0,29.739309256554563,5.45337595041407,0.996788907503808,69978712.0,ok,0.017025019660462094,0.3629990820033609,0.0008163729033125646,0.001417067726279236,0.363,8.660028081584393,100000.0,/home/liuhk/bao21cm-master/bao21cm-master/array_config/nx_SKAM190_dec30.dat,periodic_box_mode_sum
ska_mid1_interferom,3.019967619047619,3.0299676190476195,3.024967619047619,3.019967619047619,3.0299676190476195,3.024967072431087,1.0,30.223928113759452,5.49762931760222,0.9968179656175281,69980752.0,ok,0.01695760063816282,0.3629990845008505,0.0008152616416820085,0.001417067726279236,0.363,8.660028081584393,100000.0,/home/liuhk/bao21cm-master/bao21cm-master/array_config/nx_SKAM190_dec30.dat,periodic_box_mode_sum
ska_mid1_interferom,3.0299676190476195,3.0399676190476193,3.0349676190476194,3.0299676190476195,3.0399676190476193,3.0349670667057773,1.0,30.71625388467799,5.542224633184583,0.9968179656175281,69980752.0,ok,0.01689067968324192,0.36299908698379724,0.0008141553473477456,0.001417067726279236,0.363,8.660028081584393,100000.0,/home/liuhk/bao21cm-master/bao21cm-master/array_config/nx_SKAM190_dec30.dat,periodic_box_mode_sum
ska_mid1_interferom,3.0399676190476193,3.049967619047619,3.044967619047619,3.0399676190476193,3.049967619047619,3.044967061054753,1.0,31.217048673157674,5.587221910140824,0.9968179656175282,69980752.0,ok,0.016824251463961843,0.36299908945233555,0.000813053980549998,0.001417067726279236,0.363,8.660028081584393,100000.0,/home/liuhk/bao21cm-master/bao21cm-master/array_config/nx_SKAM190_dec30.dat,periodic_box_mode_sum
ska_mid1_interferom,3.049967619047619,3.059967619047619,3.054967619047619,3.049967619047619,3.0583028571428574,3.054134846868258,0.8335707784463858,31.68334309890446,5.628795883570878,0.9968179656175281,69980752.0,partial_band,0.016763779901956134,0.3629990917028937,0.0008120485664065848,0.001417067726279236,0.363,8.660028081584393,100000.0,/home/liuhk/bao21cm-master/bao21cm-master/array_config/nx_SKAM190_dec30.dat,periodic_box_mode_sum
ska_mid1_interferom,3.059967619047619,3.0699676190476186,3.0649676190476187,,,,0.0,,,,,out_of_band,,,,,0.363,8.660028081584393,100000.0,/home/liuhk/bao21cm-master/bao21cm-master/array_config/nx_SKAM190_dec30.dat,periodic_box_mode_sum
ska_mid1_interferom,3.0699676190476186,3.0799676190476193,3.074967619047619,,,,0.0,,,,,out_of_band,,,,,0.363,8.660028081584393,100000.0,/home/liuhk/bao21cm-master/bao21cm-master/array_config/nx_SKAM190_dec30.dat,periodic_box_mode_sum
ska_mid1_interferom,3.0799676190476193,3.089967619047619,3.084967619047619,,,,0.0,,,,,out_of_band,,,,,0.363,8.660028081584393,100000.0,/home/liuhk/bao21cm-master/bao21cm-master/array_config/nx_SKAM190_dec30.dat,periodic_box_mode_sum
ska_mid1_interferom,3.089967619047619,3.099967619047619,3.094967619047619,,,,0.0,,,,,out_of_band,,,,,0.363,8.660028081584393,100000.0,/home/liuhk/bao21cm-master/bao21cm-master/array_config/nx_SKAM190_dec30.dat,periodic_box_mode_sum
ska_mid1_interferom,3.099967619047619,3.1099676190476186,3.1049676190476188,,,,0.0,,,,,out_of_band,,,,,0.363,8.660028081584393,100000.0,/home/liuhk/bao21cm-master/bao21cm-master/array_config/nx_SKAM190_dec30.dat,periodic_box_mode_sum
ska_mid1_interferom,3.1099676190476186,3.1199676190476193,3.114967619047619,,,,0.0,,,,,out_of_band,,,,,0.363,8.660028081584393,100000.0,/home/liuhk/bao21cm-master/bao21cm-master/array_config/nx_SKAM190_dec30.dat,periodic_box_mode_sum
ska_mid1_interferom,3.1199676190476193,3.129967619047619,3.124967619047619,,,,0.0,,,,,out_of_band,,,,,0.363,8.660028081584393,100000.0,/home/liuhk/bao21cm-master/bao21cm-master/array_config/nx_SKAM190_dec30.dat,periodic_box_mode_sum
ska_mid1_interferom,3.129967619047619,3.139967619047619,3.134967619047619,,,,0.0,,,,,out_of_band,,,,,0.363,8.660028081584393,100000.0,/home/liuhk/bao21cm-master/bao21cm-master/array_config/nx_SKAM190_dec30.dat,periodic_box_mode_sum
ska_mid1_interferom,3.139967619047619,3.1499676190476187,3.144967619047619,,,,0.0,,,,,out_of_band,,,,,0.363,8.660028081584393,100000.0,/home/liuhk/bao21cm-master/bao21cm-master/array_config/nx_SKAM190_dec30.dat,periodic_box_mode_sum
ska_mid1_interferom,3.1499676190476187,3.1599676190476194,3.154967619047619,,,,0.0,,,,,out_of_band,,,,,0.363,8.660028081584393,100000.0,/home/liuhk/bao21cm-master/bao21cm-master/array_config/nx_SKAM190_dec30.dat,periodic_box_mode_sum
ska_mid1_interferom,3.1599676190476194,3.169967619047619,3.1649676190476193,,,,0.0,,,,,out_of_band,,,,,0.363,8.660028081584393,100000.0,/home/liuhk/bao21cm-master/bao21cm-master/array_config/nx_SKAM190_dec30.dat,periodic_box_mode_sum
ska_mid1_interferom,3.169967619047619,3.179967619047619,3.174967619047619,,,,0.0,,,,,out_of_band,,,,,0.363,8.660028081584393,100000.0,/home/liuhk/bao21cm-master/bao21cm-master/array_config/nx_SKAM190_dec30.dat,periodic_box_mode_sum
ska_mid1_interferom,3.179967619047619,3.1899676190476187,3.184967619047619,,,,0.0,,,,,out_of_band,,,,,0.363,8.660028081584393,100000.0,/home/liuhk/bao21cm-master/bao21cm-master/array_config/nx_SKAM190_dec30.dat,periodic_box_mode_sum
ska_mid1_interferom,3.1899676190476187,3.1999676190476194,3.194967619047619,,,,0.0,,,,,out_of_band,,,,,0.363,8.660028081584393,100000.0,/home/liuhk/bao21cm-master/bao21cm-master/array_config/nx_SKAM190_dec30.dat,periodic_box_mode_sum
ska_mid1_interferom,3.1999676190476194,3.209967619047619,3.2049676190476193,,,,0.0,,,,,out_of_band,,,,,0.363,8.660028081584393,100000.0,/home/liuhk/bao21cm-master/bao21cm-master/array_config/nx_SKAM190_dec30.dat,periodic_box_mode_sum
ska_mid1_interferom,3.209967619047619,3.219967619047619,3.214967619047619,,,,0.0,,,,,out_of_band,,,,,0.363,8.660028081584393,100000.0,/home/liuhk/bao21cm-master/bao21cm-master/array_config/nx_SKAM190_dec30.dat,periodic_box_mode_sum
ska_mid1_interferom,3.219967619047619,3.2299676190476188,3.224967619047619,,,,0.0,,,,,out_of_band,,,,,0.363,8.660028081584393,100000.0,/home/liuhk/bao21cm-master/bao21cm-master/array_config/nx_SKAM190_dec30.dat,periodic_box_mode_sum
ska_mid1_interferom,3.2299676190476188,3.2399676190476194,3.234967619047619,,,,0.0,,,,,out_of_band,,,,,0.363,8.660028081584393,100000.0,/home/liuhk/bao21cm-master/bao21cm-master/array_config/nx_SKAM190_dec30.dat,periodic_box_mode_sum
ska_mid1_interferom,3.2399676190476194,3.2500028571428574,3.2449852380952384,,,,0.0,,,,,out_of_band,,,,,0.363,8.660028081584393,100000.0,/home/liuhk/bao21cm-master/bao21cm-master/array_config/nx_SKAM190_dec30.dat,periodic_box_mode_sum
