telescope,z,increment_Mpc_inv,cutoff_min,cutoff_max,variance_mK2,rms_mK,variance_ratio,mode_count,mode_ratio,status
ska_mid1_interferom,0.3563869481730751,0.0,0.22533159252466312,0.22842938350462785,0.019794946260032822,0.14069451396565832,1.0,33137106.920270875,1.0,ok
ska_mid1_interferom,0.3563869481730751,0.01,0.23533159252466312,0.23842938350462786,0.01941691474097878,0.1393445899236091,0.9809026246351923,32689822.467186783,0.9865020065221664,ok
ska_mid1_interferom,0.3563869481730751,0.02,0.2453315925246631,0.24842938350462784,0.018706753783265036,0.1367726353598008,0.945026752663385,31817495.228272904,0.9601772208064812,ok
ska_mid1_interferom,0.3563869481730751,0.03,0.2553315925246631,0.25842938350462785,0.017774002723192416,0.1333191761270389,0.8979060862155098,30624075.962946326,0.9241626324419028,ok
ska_mid1_interferom,0.3650037837364613,0.0,0.2186145612545524,0.22269164087484958,0.022120927464400055,0.1487310574977535,1.0,34872993.48298894,1.0,ok
ska_mid1_interferom,0.3650037837364613,0.01,0.2286145612545524,0.2326916408748496,0.021733549190483793,0.14742302801965435,0.9824881540550375,34446395.16995346,0.9877670864921999,ok
ska_mid1_interferom,0.3650037837364613,0.02,0.23861456125455238,0.24269164087484957,0.021001353345076544,0.14491843687080172,0.9493884638822093,33609840.28326953,0.963778469424038,ok
ska_mid1_interferom,0.3650037837364613,0.03,0.2486145612545524,0.2526916408748496,0.020036196536627013,0.14154927246943735,0.9057575261648468,32462039.490046374,0.9308647250452237,ok
ska_mid1_interferom,0.3750025448430996,0.0,0.21186465790946077,0.21573430873730606,0.024963295601383745,0.15799777087473021,1.0,36755666.84965422,1.0,ok
ska_mid1_interferom,0.3750025448430996,0.01,0.22186465790946078,0.22573430873730607,0.02456622602698188,0.15673616693980327,0.9840938640177038,36352017.69935128,0.9890180430692761,ok
ska_mid1_interferom,0.3750025448430996,0.02,0.23186465790946076,0.23573430873730605,0.023808970889612938,0.15430155828640532,0.9537591217841116,35553970.58906661,0.9673058234665408,ok
ska_mid1_interferom,0.3750025448430996,0.03,0.24186465790946077,0.24573430873730606,0.022807184813259614,0.15102047812551653,0.9136287602985955,34455823.35779508,0.9374288731784831,ok
ska_mid1_interferom,0.3850013702336446,0.0,0.2054894791089082,0.2091315444689748,0.02801511157093364,0.16737715367078518,1.0,38553376.869990185,1.0,ok
ska_mid1_interferom,0.3850013702336446,0.01,0.2154894791089082,0.21913154446897481,0.02759963150391067,0.16613136821175786,0.9851694302208654,38162423.169335246,0.9898594174519831,ok
ska_mid1_interferom,0.3850013702336446,0.02,0.22548947910890818,0.2291315444689748,0.026814022626185915,0.16374987824785067,0.9571271047160889,37396331.063679725,0.9699884705245858,ok
ska_mid1_interferom,0.3850013702336446,0.03,0.2354894791089082,0.2391315444689748,0.025773265154882465,0.1605405405337931,0.9199772447675295,36341362.61361271,0.9426246301630896,ok
ska_mid1_interferom,0.3950002550884818,0.0,0.19942427894761444,0.20290311838302758,0.031207509678177505,0.17665647363789844,1.0,40197846.028579354,1.0,ok
ska_mid1_interferom,0.3950002550884818,0.01,0.20942427894761445,0.21290311838302758,0.030781247207227865,0.17544585263615628,0.9863410289592023,39825340.76320374,0.9907332033385378,ok
ska_mid1_interferom,0.3950002550884818,0.02,0.21942427894761443,0.22290311838302757,0.029970436688304312,0.17311971779177643,0.9603597658823049,39091408.70343643,0.9724752086378885,ok
ska_mid1_interferom,0.3950002550884818,0.03,0.22942427894761444,0.23290311838302757,0.028895611793686896,0.1699870930208729,0.9259185398536541,38080741.836488485,0.9473328946385416,ok
ska_mid1_interferom,0.4049991950622724,0.0,0.1937085451417958,0.19699280236130984,0.034566377287417495,0.18592035199896081,1.0,41737261.657579854,1.0,ok
ska_mid1_interferom,0.4049991950622724,0.01,0.20370854514179582,0.20699280236130985,0.03412734799164062,0.18473588712440422,0.9872989497242834,41379933.29293159,0.991438624613664,ok
ska_mid1_interferom,0.4049991950622724,0.02,0.2137085451417958,0.21699280236130983,0.03329198526335433,0.18246091434429,0.9631320339569672,40676062.24960029,0.9745742924706983,ok
ska_mid1_interferom,0.4049991950622724,0.03,0.2237085451417958,0.22699280236130984,0.03218077617820993,0.17939001136688165,0.9309849253402684,39703968.63356814,0.951283506793205,ok
ska_mid1_interferom,0.4149981862267459,0.0,0.1882407933537639,0.1913671134717353,0.038099169693173486,0.19519008605247729,1.0,43188548.28521317,1.0,ok
ska_mid1_interferom,0.4149981862267459,0.01,0.1982407933537639,0.2013671134717353,0.037645860682677126,0.19402541246619506,0.9881018664147533,42844177.01222606,0.9920263290464658,ok
ska_mid1_interferom,0.4149981862267459,0.02,0.2082407933537639,0.21136711347173529,0.03678496459624504,0.19179406819879766,0.9655056761732023,42167317.63776747,0.9763541334915545,ok
ska_mid1_interferom,0.4149981862267459,0.03,0.2182407933537639,0.2213671134717353,0.035639195521068506,0.18878346199036744,0.935432341651641,41232536.67428924,0.9547099476924621,ok
ska_mid1_interferom,0.4249972250217319,0.0,0.18309260833456284,0.1860950399825572,0.041737743175700955,0.20429817222799854,1.0,44501310.394770265,1.0,ok
ska_mid1_interferom,0.4249972250217319,0.01,0.19309260833456285,0.1960950399825572,0.04127712143334033,0.20316771749798324,0.9889639039556697,44173754.76210749,0.9926394160136627,ok
ska_mid1_interferom,0.4249972250217319,0.02,0.20309260833456283,0.20609503998255718,0.04039457138065993,0.20098400777340453,0.9678187728218377,43524507.5373372,0.978050020352932,ok
ska_mid1_interferom,0.4249972250217319,0.03,0.21309260833456284,0.2160950399825572,0.03921653412484763,0.19803164930093278,0.9395940254785713,42625661.80827725,0.9578518347020757,ok
ska_mid1_interferom,0.4349963082127737,0.0,0.17812828788983429,0.1809468423066792,0.045577890797296954,0.21348979085028152,1.0,45764222.66648588,1.0,ok
ska_mid1_interferom,0.4349963082127737,0.01,0.1881282878898343,0.19094684230667922,0.04510816929278723,0.2123868387937144,0.9896940929847157,45451030.75672713,0.9931564027200639,ok
ska_mid1_interferom,0.4349963082127737,0.02,0.19812828788983428,0.2009468423066792,0.044203716356088905,0.21024679868214144,0.9698499773208122,44827400.82600261,0.9795293837434865,ok
ska_mid1_interferom,0.4349963082127737,0.03,0.20812828788983428,0.2109468423066792,0.042992839001149113,0.20734714611286337,0.9432827682253969,43961823.646277994,0.9606155438639664,ok
ska_mid1_interferom,0.4449954328546551,0.0,0.17343890132872675,0.17610452024487014,0.049583081705930135,0.22267258858227282,1.0,46944220.61760731,1.0,ok
ska_mid1_interferom,0.4449954328546551,0.01,0.18343890132872676,0.18610452024487015,0.04910035618996916,0.22158600179155985,0.99026430993491,46641746.340056166,0.9935567302306496,ok
ska_mid1_interferom,0.4449954328546551,0.02,0.19343890132872674,0.19610452024487013,0.048172344787403495,0.2194819919433107,0.9715480185984907,46040611.502943404,0.9807514300423812,ok
ska_mid1_interferom,0.4449954328546551,0.03,0.20343890132872675,0.20610452024487014,0.046928506035899244,0.2166298826014067,0.9464620677315947,45205626.804064944,0.9629646889293487,ok
ska_mid1_interferom,0.4549945962595065,0.0,0.16894038715616375,0.17149447063934112,0.053763940255056736,0.23187052476556122,1.0,48051087.73916202,1.0,ok
ska_mid1_interferom,0.4549945962595065,0.01,0.17894038715616375,0.18149447063934113,0.05326944547638297,0.23080174495957126,0.9908024825500535,47759380.073485956,0.99392921826745,ok
ska_mid1_interferom,0.4549945962595065,0.02,0.18894038715616374,0.1914944706393411,0.052319112880493394,0.22873371609907753,0.9731264604545525,47179978.349767655,0.9818711827269541,ok
ska_mid1_interferom,0.4549945962595065,0.03,0.19894038715616374,0.20149447063934112,0.05104161985315727,0.2259239249242038,0.9493653108573377,46373137.5223982,0.9650798702857194,ok
ska_mid1_interferom,0.4649937959692968,0.0,0.16466058685526863,0.1670998667943483,0.05810272946396731,0.24104507765969274,1.0,49074977.58753033,1.0,ok
ska_mid1_interferom,0.4649937959692968,0.01,0.17466058685526864,0.1770998667943483,0.05759945260237682,0.23999885958557557,0.991338154571506,48794924.335921116,0.9942933595617093,ok
ska_mid1_interferom,0.4649937959692968,0.02,0.18466058685526862,0.18709986679434829,0.05662810871492771,0.23796661260548235,0.9746204565147996,48236482.935091406,0.9829140084487378,ok
ska_mid1_interferom,0.4649937959692968,0.03,0.19466058685526863,0.1970998667943483,0.05531982285595454,0.23520166422870936,0.9521036854260246,47457544.893305205,0.967041600959669,ok
ska_mid1_interferom,0.4749930297314835,0.0,0.1605732209326035,0.16291349175367809,0.06261106604660684,0.25022203349546746,1.0,50031927.10707627,1.0,ok
ska_mid1_interferom,0.4749930297314835,0.01,0.17057322093260352,0.1729134917536781,0.062099360566138614,0.2491974329043913,0.9918272357782997,49762851.89429347,0.9946219298687629,ok
ska_mid1_interferom,0.4749930297314835,0.02,0.1805732209326035,0.18291349175367808,0.06110839852353137,0.24720112969711802,0.9759999690476936,49224639.44848138,0.9838645499929042,ok
ska_mid1_interferom,0.4749930297314835,0.03,0.1905732209326035,0.19291349175367808,0.05976980720183536,0.24447864365182362,0.9546205004294851,48472035.354770064,0.968822073373912,ok
ska_mid1_interferom,0.4849922954780549,0.0,0.15666130747321705,0.15889493909329047,0.06729465497391912,0.2594121334361967,1.0,50934030.30885906,1.0,ok
ska_mid1_interferom,0.4849922954780549,0.01,0.16666130747321706,0.16889493909329048,0.06677533251088028,0.25840923456966525,0.9922828571862042,50675643.78239449,0.994927035522268,ok
ska_mid1_interferom,0.4849922954780549,0.02,0.17666130747321704,0.17889493909329046,0.0657634639573415,0.2564438807172858,0.9772464690223756,50155744.71101451,0.9847197326988439,ok
ska_mid1_interferom,0.4849922954780549,0.03,0.18666130747321705,0.18889493909329047,0.0643955215728948,0.25376272691806967,0.956918816180157,49428300.41140762,0.9704376447667534,ok
ska_mid1_interferom,0.4949915913066636,0.0,0.15292517986676105,0.1550572575049074,0.07216319455475481,0.26863208027850066,1.0,51792697.51104042,1.0,ok
ska_mid1_interferom,0.4949915913066636,0.01,0.16292517986676106,0.1650572575049074,0.0716312708982251,0.26764018924336663,0.9926288787544445,51541916.69118041,0.9951579888302486,ok
ska_mid1_interferom,0.4949915913066636,0.02,0.17292517986676104,0.1750572575049074,0.07059745349469151,0.26570181311893887,0.9783027751234701,51038624.63190571,0.9854405559978032,ok
ska_mid1_interferom,0.4949915913066636,0.03,0.18292517986676105,0.1850572575049074,0.0691982105844226,0.26305552756865347,0.9589127949694288,50333776.350675866,0.9718315277930144,ok
ska_mid1_interferom,0.5049909154645286,0.0,0.14933097082747024,0.15136114248477672,0.07718838282834126,0.2778279734446142,1.0,52595574.76314665,1.0,ok
ska_mid1_interferom,0.5049909154645286,0.01,0.15933097082747025,0.16136114248477673,0.07664648374599528,0.2768510136264545,0.9929795253833585,52353106.94121282,0.9953899577478574,ok
ska_mid1_interferom,0.5049909154645286,0.02,0.16933097082747023,0.1713611424847767,0.07559274930695457,0.2749413561233642,0.9793280612584513,51866362.25881575,0.9861354779824205,ok
ska_mid1_interferom,0.5049909154645286,0.03,0.17933097082747024,0.18136114248477672,0.07416451872358766,0.27233163371813357,0.9608248807145195,51183879.97350481,0.973159437918511,ok
ska_mid1_interferom,0.5149902663335991,0.0,0.1458822875172227,0.14783758980835768,0.08236712639632189,0.2869967358635319,1.0,53343212.58022775,1.0,ok
ska_mid1_interferom,0.5149902663335991,0.01,0.15588228751722272,0.1578375898083577,0.08181831650125584,0.28603901220158034,0.9933370275366247,53109869.97991474,0.9956256365331941,ok
ska_mid1_interferom,0.5149902663335991,0.02,0.1658822875172227,0.16783758980835767,0.08074560082907607,0.2841577041522472,0.9803134376760505,52639075.47805472,0.9867998744711145,ok
ska_mid1_interferom,0.5149902663335991,0.03,0.1758822875172227,0.17783758980835768,0.07928750263144468,0.2815803662037619,0.9626110087893667,51977199.28593069,0.9743919942533911,ok
ska_mid1_interferom,0.5249896424181375,0.0,0.14258968941066466,0.144457527105513,0.08773706033846643,0.2962044232256946,1.0,54056797.29798575,1.0,ok
ska_mid1_interferom,0.5249896424181375,0.01,0.15258968941066467,0.154457527105513,0.0871772610914134,0.2952579568638471,0.9936195805410681,53830334.265147164,0.9958106465022296,ok
ska_mid1_interferom,0.5249896424181375,0.02,0.16258968941066465,0.16445752710551298,0.08608482502362086,0.29340215579238826,0.9811683305951706,53374212.35205236,0.9873728193298121,ok
ska_mid1_interferom,0.5249896424181375,0.03,0.17258968941066466,0.174457527105513,0.08459778533990077,0.2908569843409313,0.9642195101311217,52732169.88263658,0.9754956364128045,ok
ska_mid1_interferom,0.5349890423328459,0.0,0.13939942347342596,0.14122414773912925,0.09326859041654909,0.3053990674781917,1.0,54722021.06376678,1.0,ok
ska_mid1_interferom,0.5349890423328459,0.01,0.14939942347342597,0.15122414773912926,0.09270044645917137,0.3044674801340389,0.9939085178103335,54503065.59829773,0.9959987686636446,ok
ska_mid1_interferom,0.5349890423328459,0.02,0.15939942347342595,0.16122414773912924,0.09158952212822949,0.3026376085819961,0.9819974947533712,54061253.09405598,0.9879250079425829,ok
ska_mid1_interferom,0.5349890423328459,0.03,0.16939942347342596,0.17122414773912925,0.0900754054141583,0.30012564937732045,0.9657635546100823,53438676.69381234,0.9765479354562038,ok
ska_mid1_interferom,0.5449884647932806,0.0,0.13636285972501458,0.1381259462198605,0.09895654080025465,0.31457358566836896,1.0,55343865.93135948,1.0,ok
ska_mid1_interferom,0.5449884647932806,0.01,0.1463628597250146,0.1481259462198605,0.09838138899414245,0.3136580765645011,0.994187834361822,55132447.984304786,0.996179920872949,ok
ska_mid1_interferom,0.5449884647932806,0.02,0.15636285972501457,0.15812594621986048,0.09725315057526744,0.31185437398771154,0.9827864817099303,54704536.7245937,0.9884480566001893,ok
ska_mid1_interferom,0.5449884647932806,0.03,0.16636285972501458,0.1681259462198605,0.09570927413079261,0.3093691551056644,0.9671849213482846,54099225.090446725,0.9775107716100566,ok
ska_mid1_interferom,0.5549879086062155,0.0,0.13342277744352135,0.1351276433423599,0.10478342194876802,0.3237026752264615,1.0,55939650.106223345,1.0,ok
ska_mid1_interferom,0.5549879086062155,0.01,0.14342277744352136,0.14512764334235992,0.10420127990006095,0.32280223032076616,0.9944443306213868,55735366.609163105,0.9963481448905682,ok
ska_mid1_interferom,0.5549879086062155,0.02,0.15342277744352134,0.1551276433423599,0.10305393893097997,0.32102015346544827,0.9834946885144327,55319978.666972116,0.9889225006221072,ok
ska_mid1_interferom,0.5549879086062155,0.03,0.16342277744352135,0.1651276433423599,0.10148223582233329,0.31856276590702387,0.9684951487073137,54731813.47215003,0.9784082197192909,ok
ska_mid1_interferom,0.5649873726621528,0.0,0.13058569351120292,0.13223603454818234,0.11068977482614532,0.332700728622805,1.0,56503295.606798165,1.0,ok
ska_mid1_interferom,0.5649873726621528,0.01,0.14058569351120292,0.14223603454818234,0.11009902364299551,0.3318117292125092,0.9946630013108466,56305183.70118795,0.9964937991052972,ok
ska_mid1_interferom,0.5649873726621528,0.02,0.1505856935112029,0.15223603454818233,0.10893392775508923,0.33005140168629676,0.9841372242936268,55902109.348200254,0.9893601558609693,ok
ska_mid1_interferom,0.5649873726621528,0.03,0.16058569351120291,0.16223603454818233,0.10733604486417127,0.3276218015703034,0.9697015377685826,55330786.002293825,0.979248828021223,ok
ska_mid1_interferom,0.5749868559275676,0.0,0.1279134219155489,0.12948153449530375,0.11662661177836685,0.3415063861458038,1.0,57027151.0377371,1.0,ok
ska_mid1_interferom,0.5749868559275676,0.01,0.13791342191554892,0.13948153449530376,0.11602880166572498,0.3406300069954568,0.9948741534755555,56835353.060168535,0.9966367252426542,ok
ska_mid1_interferom,0.5749868559275676,0.02,0.1479134219155489,0.14948153449530374,0.1148452912539854,0.3388883167859072,0.9847262944775709,56443657.34493004,0.9897681423288892,ok
ska_mid1_interferom,0.5749868559275676,0.03,0.1579134219155489,0.15948153449530375,0.11321905151426351,0.33648038800837043,0.9707823093533837,55887420.55840667,0.9800142483257454,ok
ska_mid1_interferom,0.58498635743881,0.0,0.12528834229376587,0.12677807322506948,0.12266720818929017,0.35023878738553527,1.0,57538042.01142094,1.0,ok
ska_mid1_interferom,0.58498635743881,0.01,0.13528834229376588,0.1367780732250695,0.12205852962755673,0.3493687588030114,0.995037968412926,57351076.29343283,0.9967505721179911,ok
ska_mid1_interferom,0.58498635743881,0.02,0.14528834229376586,0.14677807322506947,0.12085752912530559,0.3476456948177348,0.9852472466709112,56970531.19427748,0.9901367721718647,ok
ska_mid1_interferom,0.58498635743881,0.03,0.15528834229376587,0.15677807322506948,0.11920543450417592,0.3452614002522957,0.9717791434547666,56429615.730896756,0.9807357664290319,ok
ska_mid1_interferom,0.5949858762960337,0.0,0.1227298461557228,0.12419367820771951,0.1288265565733422,0.3589241654909045,1.0,58018912.80481235,1.0,ok
ska_mid1_interferom,0.5949858762960337,0.01,0.1327298461557228,0.13419367820771952,0.1282105590977476,0.3580650207682225,0.995218396796596,57837585.90625054,0.9968746932716261,ok
ska_mid1_interferom,0.5949858762960337,0.02,0.1427298461557228,0.1441936782077195,0.12699084464098195,0.35635774811414156,0.9857505161886777,57467258.44529647,0.9904918183942577,ok
ska_mid1_interferom,0.5949858762960337,0.03,0.1527298461557228,0.1541936782077195,0.12531146897816364,0.35399360019379394,0.9727145730765739,56940408.932287276,0.9814111671455584,ok
ska_mid1_interferom,0.6049854116579813,0.0,0.12030896650597063,0.12171118724562863,0.1351573199431752,0.3676374844098126,1.0,58473506.960918635,1.0,ok
ska_mid1_interferom,0.6049854116579813,0.01,0.13030896650597062,0.13171118724562864,0.134531638331094,0.3667855481491794,0.9953707160489401,58296875.73780106,0.9969792948585138,ok
ska_mid1_interferom,0.6049854116579813,0.02,0.14030896650597063,0.14171118724562862,0.13329421370750194,0.3650948009866779,0.9862152768606497,57936547.91093272,0.9908170541174348,ok
ska_mid1_interferom,0.6049854116579813,0.03,0.15030896650597064,0.15171118724562863,0.13158561615325992,0.3627473172240698,0.9735737302913601,57422464.293901026,0.9820253184451536,ok
ska_mid1_interferom,0.6149849627373841,0.0,0.11795758915489163,0.11931171690061358,0.14166523719626845,0.37638442740935557,1.0,58893349.01440543,1.0,ok
ska_mid1_interferom,0.6149849627373841,0.01,0.12795758915489164,0.12931171690061358,0.14103541746108844,0.3755468245919388,0.9955541687739002,58722656.82484491,0.9971016728982628,ok
ska_mid1_interferom,0.6149849627373841,0.02,0.13795758915489162,0.13931171690061359,0.13978293156960425,0.37387555626117663,0.9867130026821161,58372546.21073659,0.9911568485680539,ok
ska_mid1_interferom,0.6149849627373841,0.03,0.14795758915489163,0.14931171690061357,0.13804782960263973,0.37154788332412786,0.9744651005058,57871395.684785366,0.9826473897864071,ok
ska_mid1_interferom,0.6249845287963656,0.0,0.11567995241140845,0.11700037510135444,0.14840095447193602,0.3852284445260189,1.0,59296114.3260908,1.0,ok
ska_mid1_interferom,0.6249845287963656,0.01,0.12567995241140845,0.12700037510135445,0.14776593235481295,0.3844033459204185,0.9957209027436332,59130763.83900988,0.9972114448145524,ok
ska_mid1_interferom,0.6249845287963656,0.02,0.13567995241140846,0.13700037510135443,0.1464970457752094,0.3827493249833491,0.9871705090880215,58790004.2405945,0.991464700659591,ok
ska_mid1_interferom,0.6249845287963656,0.03,0.14567995241140846,0.14700037510135444,0.1447390832572744,0.3804459005657367,0.9753244766673376,58302238.10156372,0.9832387630146996,ok
ska_mid1_interferom,0.6349841091429956,0.0,0.11348934379354819,0.11474749116749121,0.15537718003445158,0.39417912176376313,1.0,59690934.48372498,1.0,ok
ska_mid1_interferom,0.6349841091429956,0.01,0.12348934379354819,0.1247474911674912,0.15473042720705998,0.39335788692621887,0.9958375301492266,59529042.50111681,0.9972878296510451,ok
ska_mid1_interferom,0.6349841091429956,0.02,0.13348934379354818,0.1347474911674912,0.15344346230654007,0.3917186009197675,0.987554686425106,59196791.93516813,0.9917216483067194,ok
ska_mid1_interferom,0.6349841091429956,0.03,0.1434893437935482,0.1447474911674912,0.15165711033211732,0.38943177879073676,0.9760578116972556,58720313.93908872,0.9837392302025209,ok
ska_mid1_interferom,0.6449837031272238,0.0,0.11137286910062895,0.11259225097520294,0.16247327106896545,0.4030797328928427,1.0,60042364.06019274,1.0,ok
ska_mid1_interferom,0.6449837031272238,0.01,0.12137286910062894,0.12259225097520293,0.16182747352283805,0.4022778561179301,0.99602520745795,59886827.06890459,0.9974095458477914,ok
ska_mid1_interferom,0.6449837031272238,0.02,0.13137286910062895,0.13259225097520294,0.16052654691836327,0.40065764303001045,0.9880181882361693,59563678.836310945,0.9920275420301254,ok
ska_mid1_interferom,0.6449837031272238,0.03,0.14137286910062896,0.14259225097520295,0.1587178933862639,0.3983941432630052,0.9768861815977874,59099501.668618456,0.9842967143893758,ok
ska_mid1_interferom,0.6549833101382365,0.0,0.10933483361194957,0.11054944869191963,0.16982684187865876,0.4121005239970689,1.0,60396015.05241671,1.0,ok
ska_mid1_interferom,0.6549833101382365,0.01,0.11933483361194956,0.12054944869191962,0.16916884135238877,0.41130139964798174,0.9961254621531493,60243436.72770147,0.9974737021211942,ok
ska_mid1_interferom,0.6549833101382365,0.02,0.12933483361194956,0.13054944869191962,0.16784764229823027,0.4096921311158298,0.9883457788030785,59927450.512264475,0.992241797083043,ok
ska_mid1_interferom,0.6549833101382365,0.03,0.13933483361194957,0.14054944869191963,0.16600984039618277,0.4074430517215661,0.9775241567219201,59473306.40638931,0.9847223588306845,ok
ska_mid1_interferom,0.6649829296010924,0.0,0.107332941624305,0.10848669224560852,0.17733002808326842,0.4211057207914284,1.0,60729372.59132156,1.0,ok
ska_mid1_interferom,0.6649829296010924,0.01,0.11733294162430499,0.11848669224560851,0.17666615413979742,0.42031673073980463,0.9962562801650306,60581077.24701105,0.9975580952349292,ok
ska_mid1_interferom,0.6649829296010924,0.02,0.127332941624305,0.12848669224560852,0.17533079708637422,0.41872520474217245,0.9887259308617747,60273418.35783482,0.9924920312193067,ok
ska_mid1_interferom,0.6649829296010924,0.03,0.13733294162430498,0.1384866922456085,0.1734683240706572,0.41649528697292265,0.9782230677209509,59830059.41463469,0.9851914627417807,ok
ska_mid1_interferom,0.6749825609743139,0.0,0.10547401771230963,0.10653484630745554,0.18493921815285447,0.4300456000854496,1.0,61038575.482499175,1.0,ok
ska_mid1_interferom,0.6749825609743139,0.01,0.11547401771230963,0.11653484630745553,0.1842693640385975,0.4292660760397885,0.9963779769323815,60894308.86147503,0.997636468087865,ok
ska_mid1_interferom,0.6749825609743139,0.02,0.12547401771230962,0.12653484630745554,0.18291807783782232,0.4276892304440484,0.9890713265946564,60594140.39368154,0.9927187834037008,ok
ska_mid1_interferom,0.6749825609743139,0.03,0.13547401771230963,0.13653484630745555,0.18102973055268878,0.4254758871577669,0.9788606892620556,60160718.90728435,0.985618003561264,ok
ska_mid1_interferom,0.6849822037474782,0.0,0.10356234984368126,0.1046425600342499,0.19271862779148546,0.4389972981596646,1.0,61345843.13783188,1.0,ok
ska_mid1_interferom,0.6849822037474782,0.01,0.11356234984368126,0.1146425600342499,0.19204055031306067,0.4382243150637133,0.9964815156365764,61204998.59500931,0.9977040898678967,ok
ska_mid1_interferom,0.6849822037474782,0.02,0.12356234984368127,0.12464256003424991,0.19067156093633836,0.43665954808791063,0.9893779502344633,60911689.063350536,0.9929228444459409,ok
ska_mid1_interferom,0.6849822037474782,0.03,0.13356234984368126,0.1346425600342499,0.1887582357842752,0.4344631581437892,0.979449874396702,60488092.644607455,0.9860177894809069,ok
ska_mid1_interferom,0.6949818574387783,0.0,0.10176282922573636,0.10282288730452721,0.20062255318275948,0.4479090903104775,1.0,61631825.2552858,1.0,ok
ska_mid1_interferom,0.6949818574387783,0.01,0.11176282922573635,0.1128228873045272,0.19993867394184084,0.4471450256257368,0.9965912145465736,61494734.853358574,0.9977756556558339,ok
ska_mid1_interferom,0.6949818574387783,0.02,0.12176282922573636,0.12282288730452721,0.19855261476547117,0.44559243122552156,0.9896824241120954,61208103.10020327,0.993124945540272,ok
ska_mid1_interferom,0.6949818574387783,0.03,0.13176282922573634,0.1328228873045272,0.1966144774521433,0.4434123108937587,0.9800218087795693,60793912.89097944,0.9864045505575142,ok
ska_mid1_interferom,0.7049815215933805,0.0,0.10005140423901149,0.10101019384458608,0.2087473675142224,0.456888791189084,1.0,61905531.01240374,1.0,ok
ska_mid1_interferom,0.7049815215933805,0.01,0.11005140423901148,0.11101019384458607,0.20805523840160878,0.4561307251234111,0.9966843696241272,61771546.3959579,0.9978356600088125,ok
ska_mid1_interferom,0.7049815215933805,0.02,0.12005140423901149,0.12101019384458608,0.20665461727395731,0.4545928038079324,0.9899747227225631,61491810.91061607,0.9933169121559626,ok
ska_mid1_interferom,0.7049815215933805,0.03,0.1300514042390115,0.13101019384458606,0.20469067853582135,0.4524275395417717,0.9805665143148468,61086456.21509546,0.986768956118894,ok
ska_mid1_interferom,0.714981195781088,0.0,0.09832040301641692,0.09928579625854123,0.2171502309155458,0.4659938099541085,1.0,62169109.67920488,1.0,ok
ska_mid1_interferom,0.714981195781088,0.01,0.10832040301641692,0.10928579625854122,0.2164517079538527,0.4652437081292478,0.9967832271752695,62038457.215949945,0.9978984343843895,ok
ska_mid1_interferom,0.714981195781088,0.02,0.11832040301641693,0.11928579625854123,0.21503531700867626,0.4637190065208415,0.9902605956348622,61765132.15775275,0.9935019574264989,ok
ska_mid1_interferom,0.714981195781088,0.03,0.12832040301641692,0.12928579625854122,0.2130486182780555,0.4615718993591957,0.9811116358467723,61368897.47698416,0.9871284596747508,ok
ska_mid1_interferom,0.7249808795950998,0.0,0.09674536301734947,0.09764408997585948,0.2258331605257338,0.47521906582726015,1.0,62416983.10643086,1.0,ok
ska_mid1_interferom,0.7249808795950998,0.01,0.10674536301734946,0.10764408997585947,0.22512413049698382,0.4744724760162425,0.9968603812340961,62288750.19893134,0.9979455446079336,ok
ska_mid1_interferom,0.7249808795950998,0.02,0.11674536301734947,0.11764408997585948,0.22368910536760198,0.4729578262039883,0.990506021555291,62020974.57763657,0.9936554362437058,ok
ska_mid1_interferom,0.7249808795950998,0.03,0.12674536301734945,0.12764408997585946,0.22167527148733296,0.4708240345259925,0.9815886691364485,61632558.90682782,0.9874325197956866,ok
ska_mid1_interferom,0.7349805726501474,0.0,0.09508091499224038,0.09600568482416816,0.23479963346719118,0.48456127937257965,1.0,62660486.74429096,1.0,ok
ska_mid1_interferom,0.7349805726501474,0.01,0.10508091499224037,0.10600568482416815,0.23408476855296068,0.4838230756722551,0.9969554257658992,62535468.59304189,0.9980048327463644,ok
ska_mid1_interferom,0.7349805726501474,0.02,0.11508091499224038,0.11600568482416816,0.2326351052820925,0.4823226153541761,0.9907813817545795,62273850.659816794,0.9938296667555109,ok
ska_mid1_interferom,0.7349805726501474,0.03,0.1250809149922404,0.12600568482416816,0.230594962425531,0.4802030429157348,0.9820925144576612,61893267.20355897,0.9877559275295305,ok
ska_mid1_interferom,0.7449802745811362,0.0,0.09356940152720444,0.09442393434626724,0.2439361626299379,0.4938989396930691,1.0,62884788.08712468,1.0,ok
ska_mid1_interferom,0.7449802745811362,0.01,0.10356940152720444,0.10442393434626723,0.24321477412538428,0.4931680992576307,0.997042716025471,62762683.962585464,0.9980582883674499,ok
ska_mid1_interferom,0.7449802745811362,0.02,0.11356940152720445,0.11442393434626724,0.24175190443377242,0.49168272741044344,0.9910457794669867,62507165.4162882,0.9939950076588745,ok
ska_mid1_interferom,0.7449802745811362,0.03,0.12356940152720444,0.12442393434626724,0.23968609293905552,0.48957746367562255,0.9825771232724936,62134139.14878021,0.9880631077693309,ok
ska_mid1_interferom,0.7549799850419799,0.0,0.09206578979935685,0.09289092422236356,0.25325407165517677,0.5032435510318803,1.0,63097342.63134281,1.0,ok
ska_mid1_interferom,0.7549799850419799,0.01,0.10206578979935685,0.10289092422236355,0.25253183117990285,0.5025254532657056,0.9971481584854545,62978986.065893605,0.9981242226611551,ok
ska_mid1_interferom,0.7549799850419799,0.02,0.11206578979935686,0.11289092422236356,0.25105258168165984,0.5010514760797137,0.9913071882354001,62728801.20156647,0.9941591608393144,ok
ska_mid1_interferom,0.7549799850419799,0.03,0.12206578979935685,0.12289092422236356,0.24896549091277545,0.49896441848369855,0.9830660936095806,62363864.98077676,0.9883754589341183,ok
ska_mid1_interferom,0.7649797037040454,0.0,0.09058155841209051,0.09140910673957835,0.26280541266599955,0.5126455038971858,1.0,63310992.33848299,1.0,ok
ska_mid1_interferom,0.7649797037040454,0.01,0.1005815584120905,0.10140910673957834,0.2620732279007292,0.51193088195647,0.9972139661894981,63194780.58965786,0.998164430148183,ok
ska_mid1_interferom,0.7649797037040454,0.02,0.11058155841209051,0.11140910673957835,0.2605776441693687,0.51046806380945,0.9915231255169689,62949758.031779975,0.9942942877159194,ok
ska_mid1_interferom,0.7649797037040454,0.03,0.1205815584120905,0.12140910673957835,0.2584656360041201,0.5083951573374004,0.9834867302851372,62592013.76796588,0.9886437008178107,ok
ska_mid1_interferom,0.7749794302554139,0.0,0.0892302691384411,0.09003678558378633,0.27252130747126135,0.5220357339026337,1.0,63512402.587872,1.0,ok
ska_mid1_interferom,0.7749794302554139,0.01,0.0992302691384411,0.10003678558378633,0.2717744214255541,0.5213198839729347,0.9972593480757975,63397511.91352525,0.9981910513590194,ok
ska_mid1_interferom,0.7749794302554139,0.02,0.10923026913844111,0.11003678558378634,0.2702577511331824,0.5198632042501011,0.9916940207021513,63156653.24887046,0.9943987422218937,ok
ska_mid1_interferom,0.7749794302554139,0.03,0.1192302691384411,0.12003678558378633,0.26811509597228994,0.5177983159226089,0.9838316807597289,62804808.56451251,0.9888589630603173,ok
ska_mid1_interferom,0.7849791643995323,0.0,0.08774384495373842,0.08855256108135384,0.2842550803598082,0.5331557749474427,1.0,64083182.04590819,1.0,ok
ska_mid1_interferom,0.7849791643995323,0.01,0.09774384495373842,0.09855256108135384,0.2834796780996741,0.5324280966474948,0.9972721604160862,63967531.981630966,0.9981953133320631,ok
ska_mid1_interferom,0.7849791643995323,0.02,0.10774384495373843,0.10855256108135385,0.2819154208374164,0.5309570800332324,0.9917691549455149,63726631.693099424,0.9944361322046502,ok
ska_mid1_interferom,0.7849791643995323,0.03,0.11774384495373842,0.11855256108135384,0.279713157036074,0.528879151636812,0.9840216635073504,63375883.48398365,0.9889628052268403,ok
ska_mid1_interferom,0.7949789058543857,0.0,0.08639465757316717,0.08719285774709017,0.29441599181582456,0.5426011351037008,1.0,64272629.322210126,1.0,ok
ska_mid1_interferom,0.7949789058543857,0.01,0.09639465757316716,0.09719285774709016,0.2936300168359952,0.5418763851986864,0.9973303930435917,64158947.18330565,0.9982312511546001,ok
ska_mid1_interferom,0.7949789058543857,0.02,0.10639465757316717,0.10719285774709017,0.2920493759270565,0.540415928639281,0.9919616598467635,63922833.59548353,0.9945576253777793,ok
ska_mid1_interferom,0.7949789058543857,0.03,0.11639465757316717,0.11719285774709017,0.28981707182546834,0.538346609374916,0.9843795170160691,63577972.1171376,0.9891920213565547,ok
ska_mid1_interferom,0.8049786543517098,0.0,0.08508308757801543,0.08589347691604837,0.30471866175873075,0.5520132804188055,1.0,64444300.5750078,1.0,ok
ska_mid1_interferom,0.8049786543517098,0.01,0.09508308757801542,0.09589347691604837,0.3039270774580646,0.5512958166520625,0.9974022454151728,64333194.394632734,0.9982759347314858,ok
ska_mid1_interferom,0.8049786543517098,0.02,0.10508308757801543,0.10589347691604838,0.3023325572975457,0.5498477582909161,0.9921694836561263,64102046.58435739,0.9946891503578031,ok
ska_mid1_interferom,0.8049786543517098,0.03,0.11508308757801543,0.11589347691604837,0.3000767825592455,0.5477926455870373,0.9847666724030163,63763826.12280357,0.9894408900999366,ok
ska_mid1_interferom,0.8149784096358794,0.0,0.08381090102806428,0.08456226244850776,0.31526266815930654,0.5614825626493726,1.0,64614418.427859664,1.0,ok
ska_mid1_interferom,0.8149784096358794,0.01,0.09381090102806428,0.09456226244850775,0.3144661607598118,0.5607728245553736,0.9974735118365101,64505905.16405329,0.9983206029482796,ok
ska_mid1_interferom,0.8149784096358794,0.02,0.10381090102806428,0.10456226244850776,0.31285723991684133,0.5593364282047445,0.9923700822031687,64279493.53000157,0.9948165609780729,ok
ska_mid1_interferom,0.8149784096358794,0.03,0.11381090102806428,0.11456226244850776,0.31057485926803974,0.5572924360405762,0.9851304662279329,63947284.3480578,0.9896751515213791,ok
ska_mid1_interferom,0.8249781714634683,0.0,0.08264068779888241,0.08333032997355465,0.32598594974707296,0.5709517928398797,1.0,64770746.35200445,1.0,ok
ska_mid1_interferom,0.8249781714634683,0.01,0.0926406877988824,0.09333032997355464,0.3251847530356369,0.5702497286589769,0.9975422354489274,64664727.82057871,0.9983631726142297,ok
ska_mid1_interferom,0.8249781714634683,0.02,0.10264068779888241,0.10333032997355465,0.3235568828797242,0.5688206069401179,0.992548553490623,64442212.79200986,0.9949277478105758,ok
ska_mid1_interferom,0.8249781714634683,0.03,0.11264068779888241,0.11333032997355465,0.3212477309135581,0.5667872007319485,0.98546495995551,64115714.84545837,0.9898869235968621,ok
ska_mid1_interferom,0.8349779396023108,0.0,0.0813920083540418,0.08211659880569384,0.3370387650042429,0.5805503983326882,1.0,64934087.31208863,1.0,ok
ska_mid1_interferom,0.8349779396023108,0.01,0.09139200835404179,0.09211659880569384,0.3362266545894612,0.5798505450454119,0.9975904539800593,64829720.3601934,0.9983927247426515,ok
ska_mid1_interferom,0.8349779396023108,0.02,0.1013920083540418,0.10211659880569385,0.3345830270327417,0.5784315232010974,0.992713781836133,64611475.38177821,0.9950317014735285,ok
ska_mid1_interferom,0.8349779396023108,0.03,0.1113920083540418,0.11211659880569384,0.3322450276909488,0.576406998301503,0.9857768962770982,64290341.144911975,0.9900861597687104,ok
ska_mid1_interferom,0.8449777138308954,0.0,0.08019902277198668,0.08088465679799264,0.34832641312861545,0.590191844342681,1.0,65084504.73264934,1.0,ok
ska_mid1_interferom,0.8449777138308954,0.01,0.09019902277198667,0.09088465679799264,0.3475091828777158,0.5894990948913457,0.9976538378368743,64982461.69780354,0.9984321454812484,ok
ska_mid1_interferom,0.8449777138308954,0.02,0.10019902277198668,0.10088465679799265,0.3458511327462417,0.5880910922180693,0.9928937907402968,64768518.41167261,0.9951449838594497,ok
ska_mid1_interferom,0.8449777138308954,0.03,0.11019902277198668,0.11088465679799264,0.3434924019597635,0.5860822484598587,0.9861221802692665,64453667.47523521,0.9903074124938731,ok
ska_mid1_interferom,0.8549774939379134,0.0,0.07906425215547187,0.07978481423512362,0.3599048206021781,0.5999206785919102,1.0,65227941.37330036,1.0,ok
ska_mid1_interferom,0.8549774939379134,0.01,0.08906425215547187,0.08978481423512362,0.35907478897310263,0.5992284947940165,0.9976937468420493,65127175.89098144,0.998455179173259,ok
ska_mid1_interferom,0.8549774939379134,0.02,0.09906425215547188,0.09978481423512363,0.35739921351332143,0.5978287493198378,0.9930381396818626,64916940.10536065,0.9952320851863184,ok
ska_mid1_interferom,0.8549774939379134,0.03,0.10906425215547187,0.10978481423512362,0.355013040327249,0.5958297074896896,0.9864081279413142,64607222.05748713,0.9904838432312183,ok
ska_mid1_interferom,0.8649772797213726,0.0,0.07795160631474522,0.07858020675177227,0.3718509409452415,0.6097958190617918,1.0,65374777.94155554,1.0,ok
ska_mid1_interferom,0.8649772797213726,0.01,0.08795160631474522,0.08858020675177226,0.37101197089301396,0.6091075199773961,0.9977438001095414,65275773.17854087,0.998485581655005,ok
ska_mid1_interferom,0.8649772797213726,0.02,0.09795160631474523,0.09858020675177227,0.36932012042780654,0.6077171385009695,0.9931939918963183,65069375.80224043,0.995328440892172,ok
ska_mid1_interferom,0.8649772797213726,0.03,0.10795160631474522,0.10858020675177227,0.36690427157038463,0.6057262348374756,0.9866971712851325,64764463.18895465,0.9906643697796342,ok
ska_mid1_interferom,0.8749770709883379,0.0,0.07686204608268377,0.07748652794633391,0.38394200794171973,0.6196305414855854,1.0,65492741.8729392,1.0,ok
ska_mid1_interferom,0.8749770709883379,0.01,0.08686204608268376,0.08748652794633391,0.38311225863417786,0.6189606276930527,0.9978388681353466,65397456.36136791,0.9985450981460487,ok
ska_mid1_interferom,0.8749770709883379,0.02,0.09686204608268377,0.09748652794633392,0.38140989465135733,0.6175839170925336,0.9934049589834234,65195372.211883925,0.995459502037154,ok
ska_mid1_interferom,0.8749770709883379,0.03,0.10686204608268376,0.10748652794633391,0.3789714050119171,0.6156065342505042,0.9870537663840183,64895889.63403913,0.9908867422277416,ok
ska_mid1_interferom,0.8849768675543649,0.0,0.07580981237773661,0.07640347698296476,0.3964673869380009,0.6296565626895354,1.0,65623729.72463162,1.0,ok
ska_mid1_interferom,0.8849768675543649,0.01,0.0858098123777366,0.08640347698296476,0.3956268184587359,0.6289887268137132,0.9978798546691144,65529808.1210566,0.9985687859564043,ok
ska_mid1_interferom,0.8849768675543649,0.02,0.09580981237773661,0.09640347698296477,0.39390726904058593,0.6276203223610481,0.9935426771992842,65331151.773362055,0.9955415830142956,ok
ska_mid1_interferom,0.8849768675543649,0.03,0.10580981237773661,0.10640347698296476,0.391447771166503,0.6256578706981181,0.9873391458241612,65037188.79688394,0.991062060474025,ok
ska_mid1_interferom,0.8949766692429124,0.0,0.07479648054047797,0.07543806324663621,0.409288085779003,0.6397562706054573,1.0,65747758.80842337,1.0,ok
ska_mid1_interferom,0.8949766692429124,0.01,0.08479648054047796,0.0854380632466362,0.40843500159494006,0.6390891969005109,0.9979156877180061,65654978.99652815,0.9985888520981291,ok
ska_mid1_interferom,0.8949766692429124,0.02,0.09479648054047797,0.09543806324663621,0.40669426966047467,0.6377258577637217,0.9936626151391837,65459176.38850349,0.995610764151509,ok
ska_mid1_interferom,0.8949766692429124,0.03,0.10479648054047797,0.10543806324663621,0.4042030269065612,0.6357696335203193,0.9875758443767955,65169260.8779375,0.9912012524689777,ok
ska_mid1_interferom,0.9049764758851316,0.0,0.07375561855747473,0.0743656836930483,0.4223540609942305,0.6498877295304402,1.0,65861731.38344796,1.0,ok
ska_mid1_interferom,0.9049764758851316,0.01,0.08375561855747472,0.0843656836930483,0.42150530849684825,0.6492344018125105,0.9979904242062115,65771849.138400316,0.9986352887608686,ok
ska_mid1_interferom,0.9049764758851316,0.02,0.09375561855747473,0.0943656836930483,0.4197537833844548,0.6478840817495478,0.9938433701722801,65580008.19422643,0.9957225055688055,ok
ska_mid1_interferom,0.9049764758851316,0.03,0.10375561855747473,0.1043656836930483,0.41724225836004236,0.645942921905676,0.9878968782207164,65295412.93137054,0.9914014035133649,ok
ska_mid1_interferom,0.9149762873192346,0.0,0.07278267322649322,0.07333239911273176,0.43576274577986734,0.6601232807437315,1.0,65980714.08332111,1.0,ok
ska_mid1_interferom,0.9149762873192346,0.01,0.08278267322649321,0.08333239911273176,0.4349041288496994,0.6594726141771919,0.9980296229118181,65892167.921020865,0.998657999333132,ok
ska_mid1_interferom,0.9149762873192346,0.02,0.09278267322649322,0.09333239911273176,0.4331374543504988,0.6581317910194726,0.9939754110354933,65703702.455364965,0.9958016273117879,ok
ska_mid1_interferom,0.9149762873192346,0.03,0.10278267322649322,0.10333239911273176,0.4305968393944706,0.6561987803969698,0.988145139906002,65423302.62321995,0.9915519031910256,ok
ska_mid1_interferom,0.9249761033902332,0.0,0.07185246063258185,0.07239538145248184,0.44936892434509074,0.6703498522003944,1.0,66086926.42619984,1.0,ok
ska_mid1_interferom,0.9249761033902332,0.01,0.08185246063258185,0.08239538145248183,0.4485030143789014,0.6697036765457551,0.9980730532992433,65999919.366699845,0.9986834452106476,ok
ska_mid1_interferom,0.9249761033902332,0.02,0.09185246063258186,0.09239538145248184,0.44671985333117165,0.6683710446534706,0.9941049083049527,65814534.08239359,0.9958782718680307,ok
ska_mid1_interferom,0.9249761033902332,0.03,0.10185246063258185,0.10239538145248184,0.4441483792082309,0.66644458074789,0.9883824963097565,65537952.57471859,0.9916931550433913,ok
ska_mid1_interferom,0.9349759239496664,0.0,0.0708675555744402,0.07150226622586986,0.463335298217605,0.6806873718658257,1.0,66200402.424812846,1.0,ok
ska_mid1_interferom,0.9349759239496664,0.01,0.0808675555744402,0.08150226622586985,0.4624536430984799,0.6800394423108707,0.9980971552944127,66114090.26370631,0.9986961988455498,ok
ska_mid1_interferom,0.9349759239496664,0.02,0.0908675555744402,0.09150226622586986,0.4606511893138541,0.6787128916661699,0.9942069837673143,65931457.01402506,0.9959374051979029,ok
ska_mid1_interferom,0.9349759239496664,0.03,0.1008675555744402,0.10150226622586986,0.45804988840933236,0.6767938300615132,0.9885926890772083,65658784.08655689,0.9918185038395937,ok
ska_mid1_interferom,0.9449757488550348,0.0,0.06996928850447211,0.0704839857534539,0.4774857750534274,0.6910034551675031,1.0,66298757.99787386,1.0,ok
ska_mid1_interferom,0.9449757488550348,0.01,0.0799692885044721,0.08048398575345389,0.47660914666984805,0.6903688482759401,0.9981640743465473,66215099.33840786,0.9987381564603566,ok
ska_mid1_interferom,0.9449757488550348,0.02,0.08996928850447211,0.0904839857534539,0.47479249634824805,0.6890518821890323,0.9943594577139435,66035657.49002124,0.9960315922077899,ok
ska_mid1_interferom,0.9449757488550348,0.03,0.0999692885044721,0.1004839857534539,0.4721741204472259,0.6871492708627623,0.9888757846124167,65768104.925843686,0.9919960329868142,ok
ska_mid1_interferom,0.9549755779696892,0.0,0.06910294116295136,0.06958076708702464,0.4919827013142191,0.701414785497297,1.0,66401175.34662963,1.0,ok
ska_mid1_interferom,0.9549755779696892,0.01,0.07910294116295136,0.07958076708702463,0.49109044028412174,0.7007784530678164,0.9981863975548044,66318162.23278083,0.9987498246316356,ok
ska_mid1_interferom,0.9549755779696892,0.02,0.08910294116295137,0.08958076708702464,0.4892582464413978,0.6994699753680624,0.9944622953905827,66141672.0524348,0.9960918870360328,ok
ska_mid1_interferom,0.9549755779696892,0.03,0.09910294116295136,0.09958076708702464,0.48660837036978966,0.6975732007250491,0.9890761790402931,65877621.76180673,0.992115296422242,ok
ska_mid1_interferom,0.964975411162517,0.0,0.06818142986250729,0.06869490673278608,0.506667590312105,0.711805865606701,1.0,66490515.881815836,1.0,ok
ska_mid1_interferom,0.964975411162517,0.01,0.07818142986250728,0.07869490673278608,0.5057812631189122,0.711183002552024,0.998250673202431,66410080.97232002,0.9987902799605468,ok
ska_mid1_interferom,0.964975411162517,0.02,0.0881814298625073,0.08869490673278609,0.5039368927468656,0.7098851264443181,0.9946104751567842,66236787.304487385,0.9961839884386001,ok
ska_mid1_interferom,0.964975411162517,0.03,0.09818142986250729,0.09869490673278608,0.5012684228882047,0.7080031235017291,0.9893437679316051,65977415.08346228,0.9922830979494043,ok
ska_mid1_interferom,0.9749752483075328,0.0,0.06733681581770001,0.06782708482247567,0.5217237170593776,0.7223044490098186,1.0,66588890.37534058,1.0,ok
ska_mid1_interferom,0.9749752483075328,0.01,0.07733681581770001,0.07782708482247566,0.5208225764588519,0.7216803838672989,0.9982727628224286,66509124.61648006,0.9988021161125992,ok
ska_mid1_interferom,0.9749752483075328,0.02,0.08733681581770002,0.08782708482247567,0.5189588630625266,0.7203879948073306,0.9947005399477817,66338282.762476824,0.9962364951352821,ok
ska_mid1_interferom,0.9749752483075328,0.03,0.09733681581770001,0.09782708482247567,0.5162571068113839,0.7185103386948472,0.9895220208143777,66082089.56390117,0.9923891086248362,ok
ska_mid1_interferom,0.984975089283782,0.0,0.06655694220396563,0.06699299144557605,0.5369478190371026,0.7327672338724642,1.0,66674242.14915303,1.0,ok
ska_mid1_interferom,0.984975089283782,0.01,0.07655694220396562,0.07699299144557605,0.5360398412865752,0.7321474177285441,0.9983090018837293,66595813.86967434,0.998823709472344,ok
ska_mid1_interferom,0.984975089283782,0.02,0.08655694220396563,0.08699299144557605,0.5341616746749545,0.7308636498519778,0.9948111450249588,66427763.12215294,0.9963032346667142,ok
ska_mid1_interferom,0.984975089283782,0.03,0.09655694220396563,0.09699299144557605,0.5314306661323563,0.7289929122648288,0.9897249738072499,66175021.27517402,0.9925125377074068,ok
ska_mid1_interferom,0.9949749339750112,0.0,0.06566086947361534,0.06614838146272924,0.5524612814653388,0.7432773920047204,1.0,66759573.05842497,1.0,ok
ska_mid1_interferom,0.9949749339750112,0.01,0.07566086947361533,0.07614838146272923,0.5515536392586744,0.7426665734087367,0.9983570935428144,66683061.909837276,0.9988539299297086,ok
ska_mid1_interferom,0.9949749339750112,0.02,0.08566086947361534,0.08614838146272924,0.5496609720981387,0.7413912409100466,0.9949312115416078,66517767.69374876,0.996377967179859,ok
ska_mid1_interferom,0.9949749339750112,0.03,0.09566086947361534,0.09614838146272923,0.5469049300571199,0.739530209022674,0.989942550555794,66268814.4202953,0.9926488649395618,ok
ska_mid1_interferom,1.0049747822694182,0.0,0.06490727088646465,0.06533896295682266,0.5683091282804318,0.7538628046802891,1.0,66846965.41989267,1.0,ok
ska_mid1_interferom,1.0049747822694182,0.01,0.07490727088646465,0.07533896295682266,0.5673836960410732,0.7532487610617579,0.9983716041265099,66770814.15439086,0.9988608119303026,ok
ska_mid1_interferom,1.0049747822694182,0.02,0.08490727088646466,0.08533896295682267,0.5654708218166808,0.7519779397141121,0.995005699675564,66607691.573759,0.9964205728019111,ok
ska_mid1_interferom,1.0049747822694182,0.03,0.09490727088646465,0.09533896295682266,0.5626873411819103,0.7501248837239772,0.9901078711940953,66362202.58123133,0.9927481698590752,ok
ska_mid1_interferom,1.0149746340595482,0.0,0.06409784399653445,0.06455050698708008,0.5843999430364057,0.7644605568872771,1.0,66925544.338775694,1.0,ok
ska_mid1_interferom,1.0149746340595482,0.01,0.07409784399653445,0.07455050698708007,0.5834735829938196,0.7638544252629683,0.9984148526131384,66851112.94143341,0.9988878477108005,ok
ska_mid1_interferom,1.0149746340595482,0.02,0.08409784399653446,0.08455050698708008,0.5815503108054059,0.7625944602509291,0.9951238321205271,66690946.885490544,0.9964946500532349,ok
ska_mid1_interferom,1.0149746340595482,0.03,0.09409784399653445,0.09455050698708008,0.5787345316007826,0.7607460362044501,0.9903055920810208,66448441.16975768,0.9928711350242752,ok
ska_mid1_interferom,1.0249744892419546,0.0,0.06334150077036921,0.0637837909361526,0.6008320615175308,0.7751335765644078,1.0,67003151.978887394,1.0,ok
ska_mid1_interferom,1.0249744892419546,0.01,0.0733415007703692,0.0737837909361526,0.5998980225742446,0.7745308402989803,0.9984454242655976,66929853.225957684,0.998906040226991,ok
ska_mid1_interferom,1.0249744892419546,0.02,0.08334150077036921,0.08378379093615261,0.5979585246375065,0.7732777797386309,0.995217404223126,66772071.624902055,0.9965512017396114,ok
ska_mid1_interferom,1.0249744892419546,0.03,0.0933415007703692,0.0937837909361526,0.5951162147290965,0.771437758169184,0.9904867813245557,66532965.82393439,0.9929826263232936,ok
ska_mid1_interferom,1.0349743477170723,0.0,0.06257601644944567,0.06315099958474399,0.6175677173076998,0.7858547685849465,1.0,67071704.38863619,1.0,ok
ska_mid1_interferom,1.0349743477170723,0.01,0.07257601644944567,0.07315099958474398,0.6166294297758367,0.785257556331575,0.998480672636268,66999750.24401626,0.9989272056633152,ok
ska_mid1_interferom,1.0349743477170723,0.02,0.08257601644944568,0.08315099958474399,0.6146696986365082,0.7840087363266485,0.9953073669656414,66843929.30213012,0.9966040062857765,ok
ska_mid1_interferom,1.0349743477170723,0.03,0.09257601644944567,0.09315099958474399,0.6118042745834915,0.7821791831693627,0.9906675129501035,66608371.46518627,0.9930919763009867,ok
ska_mid1_interferom,1.0449742093891068,0.0,0.06188222971277152,0.06227041269178256,0.634850497998618,0.7967750611048379,1.0,67151319.12082414,1.0,ok
ska_mid1_interferom,1.0449742093891068,0.01,0.07188222971277151,0.07227041269178255,0.6339049239015011,0.7961814641785508,0.9985105562646672,67080499.6413393,0.9989453747087617,ok
ska_mid1_interferom,1.0449742093891068,0.02,0.08188222971277152,0.08227041269178256,0.6319295669999363,0.7949399769793543,0.9953990254274194,66927057.98822348,0.9966603614711252,ok
ska_mid1_interferom,1.0449742093891068,0.03,0.09188222971277152,0.09227041269178256,0.6290343611255692,0.7931168647340499,0.9908385724018736,66694535.513241604,0.9931976971776137,ok
ska_mid1_interferom,1.0549740741657054,0.0,0.061147744945217915,0.061540561050953346,0.6524511095020318,0.8077444580447654,1.0,67218856.57213405,1.0,ok
ska_mid1_interferom,1.0549740741657054,0.01,0.07114774494521792,0.07154056105095334,0.6515047220463152,0.8071584243792015,0.9985494890851838,67149581.67230435,0.9989694127011018,ok
ska_mid1_interferom,1.0549740741657054,0.02,0.08114774494521791,0.08154056105095335,0.6495146966475118,0.8059247462682305,0.9954994131947126,66998487.26442072,0.9967216147528953,ok
ska_mid1_interferom,1.0549740741657054,0.03,0.0911477449452179,0.09154056105095335,0.6465908413082135,0.8041087248054293,0.9910180730655958,66768960.76709235,0.993307000029688,ok
ska_mid1_interferom,1.0649739419579114,0.0,0.06043756473773863,0.060867966418229925,0.670490843789288,0.818835052858198,1.0,67291418.49411526,1.0,ok
ska_mid1_interferom,1.0649739419579114,0.01,0.07043756473773863,0.07086796641822993,0.6695277182471946,0.8182467343333517,0.9985635515368856,67222509.01736432,0.9989759544635403,ok
ska_mid1_interferom,1.0649739419579114,0.02,0.08043756473773864,0.08086796641822992,0.6675165918548278,0.8170168859055655,0.9955640677840563,67073219.1638783,0.9967573973751788,ok
ska_mid1_interferom,1.0649739419579114,0.03,0.09043756473773863,0.09086796641822992,0.6645621175587995,0.8152067943526964,0.9911576328216769,66846489.450572774,0.9933880269802694,ok
ska_mid1_interferom,1.0749738126800437,0.0,0.05975255570143421,0.06013778990362739,0.6887809633716035,0.8299282880897624,1.0,67355934.2778211,1.0,ok
ska_mid1_interferom,1.0749738126800437,0.01,0.06975255570143421,0.07013778990362739,0.6878162418117477,0.82934687665159,0.9985993783057919,67288455.58230771,0.9989981774250943,ok
ska_mid1_interferom,1.0749738126800437,0.02,0.0797525557014342,0.0801377899036274,0.6857899933185245,0.8281243827581244,0.9956575889693029,67141378.19128096,0.9968145926733767,ok
ska_mid1_interferom,1.0749738126800437,0.03,0.0897525557014342,0.09013778990362739,0.6828089529168444,0.8263225477480597,0.9913295942072412,66917695.83047138,0.9934936920993164,ok
ska_mid1_interferom,1.084973686249406,0.0,0.05907660006481847,0.0594999722583134,0.7074003070924346,0.8410709286929579,1.0,67420449.89686838,1.0,ok
ska_mid1_interferom,1.084973686249406,0.01,0.06907660006481847,0.06949997225831339,0.7064249031183032,0.8404908703360812,0.9986211428460633,67353735.38490056,0.9990104706795954,ok
ska_mid1_interferom,1.084973686249406,0.02,0.07907660006481847,0.0794999722583134,0.7043821715808175,0.8392747890773423,0.9957334828931269,67208713.06629284,0.9968594568725152,ok
ska_mid1_interferom,1.084973686249406,0.03,0.08907660006481846,0.0894999722583134,0.7013663342857663,0.8374761693838019,0.9914702146066784,66987392.03395021,0.993576758037352,ok
ska_mid1_interferom,1.094973562586271,0.0,0.05839282008589773,0.05880404220939845,0.7263093477739229,0.8522378469499714,1.0,67474885.35672124,1.0,ok
ska_mid1_interferom,1.094973562586271,0.01,0.06839282008589773,0.06880404220939845,0.7253415430704666,0.8516698556779303,0.9986675034454362,67410130.51794207,0.9990403119851656,ok
ska_mid1_interferom,1.094973562586271,0.02,0.07839282008589774,0.07880404220939845,0.7232902923264473,0.8504647507842094,0.9958432925905074,67267667.67092729,0.9969289657226026,ok
ska_mid1_interferom,1.094973562586271,0.03,0.08839282008589773,0.08880404220939844,0.7202557859477767,0.8486788473549796,0.9916653119711322,67049841.63923778,0.9937007122689224,ok
ska_mid1_interferom,1.104973441613772,0.0,0.05782261466360345,0.05811705552185371,0.7459290809149359,0.8636718595131695,1.0,67547444.3313205,1.0,ok
ska_mid1_interferom,1.104973441613772,0.01,0.06782261466360345,0.06811705552185371,0.744932812002663,0.8630949032422003,0.9986643919137046,67482265.6625379,0.9990350683223056,ok
ska_mid1_interferom,1.104973441613772,0.02,0.07782261466360345,0.0781170555218537,0.7428546641011583,0.8618901693958217,0.9958784060141392,67341078.63876401,0.9969448778617847,ok
ska_mid1_interferom,1.104973441613772,0.03,0.08782261466360344,0.0881170555218537,0.7397858783974681,0.8601080620465478,0.9917643611508848,67125596.37338063,0.9937547902497881,ok
ska_mid1_interferom,1.1149733232576469,0.0,0.057141400138970545,0.057561563151313354,0.7657784268358852,0.8750876680858239,1.0,67593831.83608575,1.0,ok
ska_mid1_interferom,1.1149733232576469,0.01,0.06714140013897055,0.06756156315131336,0.7647920873294464,0.8745239203872278,0.9987119779405197,67530668.57115638,0.9990655469114025,ok
ska_mid1_interferom,1.1149733232576469,0.02,0.07714140013897054,0.07756156315131335,0.7626990710149707,0.8733264401213161,0.9959787900611956,67391481.29041904,0.997006375579396,ok
ska_mid1_interferom,1.1149733232576469,0.03,0.08714140013897054,0.08756156315131336,0.7596019056798227,0.8715514360494294,0.9919343233765631,67178622.9739679,0.9938572965781148,ok
ska_mid1_interferom,1.1249732074462362,0.0,0.05648752618968228,0.056859566607459715,0.7863293602486613,0.8867521413837472,1.0,67653369.38662907,1.0,ok
ska_mid1_interferom,1.1249732074462362,0.01,0.06648752618968228,0.06685956660745972,0.7853348840324681,0.886191223175037,0.9987352930381759,67591062.38554214,0.999079025898461,ok
ska_mid1_interferom,1.1249732074462362,0.02,0.07648752618968228,0.07685956660745971,0.7832352617165302,0.8850057975609709,0.9960651367117304,67454431.48512089,0.9970594531608429,ok
ska_mid1_interferom,1.1249732074462362,0.03,0.08648752618968228,0.08685956660745972,0.7801149687849207,0.8832411724919308,0.9920969611744176,67244605.36679436,0.9939579650867248,ok
ska_mid1_interferom,1.1349730941103835,0.0,0.05591584770816276,0.05627382734219963,0.8072788007945311,0.8984869508203951,1.0,67703968.79065177,1.0,ok
ska_mid1_interferom,1.1349730941103835,0.01,0.06591584770816276,0.06627382734219962,0.8062811983087577,0.8979316222902263,0.9987642404522558,67642781.60240401,0.9990962540403362,ok
ska_mid1_interferom,1.1349730941103835,0.02,0.07591584770816276,0.07627382734219963,0.8041574260344654,0.8967482512023457,0.9961334612565156,67507466.11069746,0.9970976194828118,ok
ska_mid1_interferom,1.1349730941103835,0.03,0.08591584770816277,0.08627382734219963,0.8010073995426914,0.8949901672882733,0.9922314307700545,67300075.84041251,0.9940344272654364,ok
ska_mid1_interferom,1.1449729831832212,0.0,0.05528380587470687,0.05569995559811609,0.8288188053783723,0.910394862341815,1.0,67760651.49027684,1.0,ok
ska_mid1_interferom,1.1449729831832212,0.01,0.06528380587470686,0.06569995559811609,0.8278101222912823,0.9098407125927496,0.9987829872095753,67700103.78015465,0.999106447343841,ok
ska_mid1_interferom,1.1449729831832212,0.02,0.07528380587470687,0.07569995559811608,0.8256691080463139,0.9086633634335182,0.996199775739137,67566556.69438465,0.9971355825007078,ok
ska_mid1_interferom,1.1449729831832212,0.03,0.08528380587470687,0.08569995559811608,0.8224822109217906,0.9069080498715351,0.9923546685771821,67361169.96538734,0.9941045206015054,ok
ska_mid1_interferom,1.154972874600165,0.0,0.05469954846143324,0.05504719919996898,0.8508631987128823,0.9224224621684374,1.0,67820338.42423728,1.0,ok
ska_mid1_interferom,1.154972874600165,0.01,0.06469954846143323,0.06504719919996897,0.8498370900411762,0.9218660911657268,0.9987940380154433,67760051.93895718,0.9991110854548825,ok
ska_mid1_interferom,1.154972874600165,0.02,0.07469954846143324,0.07504719919996898,0.8476802697223547,0.9206955358436114,0.9962591765687568,67628344.95119789,0.9971690870688611,ok
ska_mid1_interferom,1.154972874600165,0.03,0.08469954846143324,0.08504719919996898,0.8444646733850776,0.9189475901187606,0.992479959954216,67425489.72312245,0.9941780193038122,ok
ska_mid1_interferom,1.164972768298837,0.0,0.054127535439164,0.05446040350248495,0.873078717424139,0.9343868135970985,1.0,67861839.07736972,1.0,ok
ska_mid1_interferom,1.164972768298837,0.01,0.064127535439164,0.06446040350248494,0.8720617706432745,0.9338424763541625,0.9988352175347204,67803319.66244069,0.9991376683018816,ok
ska_mid1_interferom,1.164972768298837,0.02,0.074127535439164,0.07446040350248495,0.8698925407676397,0.9326802993350077,0.9963506421667229,67673564.42588693,0.9972256181965812,ok
ska_mid1_interferom,1.164972768298837,0.03,0.084127535439164,0.08446040350248495,0.8666537639860461,0.9309424063743397,0.9926410376179498,67473461.32489842,0.9942769344634397,ok
ska_mid1_interferom,1.174972664218868,0.0,0.05358689900930031,0.053885851951015355,0.8958597254267455,0.9464986663628986,1.0,67916472.3806968,1.0,ok
ska_mid1_interferom,1.174972664218868,0.01,0.06358689900930031,0.06388585195101536,0.894826420965372,0.9459526526023234,0.9988465778379743,67858249.65302137,0.9991427303916923,ok
ska_mid1_interferom,1.174972664218868,0.02,0.07358689900930031,0.07388585195101535,0.8926313704428457,0.9447917074375948,0.9963963610682889,67729655.08613421,0.9972493080395075,ok
ska_mid1_interferom,1.174972664218868,0.03,0.0835868990093003,0.08388585195101536,0.8893574698320406,0.9430575114127667,0.9927418820043421,67531560.12077177,0.9943325640093987,ok
ska_mid1_interferom,1.1849725623019067,0.0,0.053078597947097954,0.0533615851914334,0.9188378754974642,0.95856031395915,1.0,67955948.79530686,1.0,ok
ska_mid1_interferom,1.1849725623019067,0.01,0.06307859794709796,0.0633615851914334,0.9178016498818913,0.9580196500499827,0.9988722432507346,67898733.12408641,0.9991580476435875,ok
ska_mid1_interferom,1.1849725623019067,0.02,0.07307859794709795,0.0733615851914334,0.9155950433754653,0.9568673070888488,0.9964707243699078,67772045.83644211,0.9972937916087569,ok
ska_mid1_interferom,1.1849725623019067,0.03,0.08307859794709796,0.0833615851914334,0.9122893310377864,0.9551383831873717,0.9928730142342768,67576082.1583721,0.994410104727123,ok
ska_mid1_interferom,1.1949724624915468,0.0,0.05245065194047848,0.05292705274718001,0.9423870265348606,0.9707662059089514,1.0,68003531.05289626,1.0,ok
ska_mid1_interferom,1.1949724624915468,0.01,0.06245065194047848,0.06292705274718001,0.9413400981197515,0.9702268281797569,0.9988890674578165,67946903.15356536,0.9991672800154031,ok
ska_mid1_interferom,1.1949724624915468,0.02,0.07245065194047848,0.07292705274718,0.9391109388946337,0.9690773647622948,0.9965236282461644,67821504.01260827,0.9973232707556554,ok
ska_mid1_interferom,1.1949724624915468,0.03,0.08245065194047849,0.08292705274718001,0.9357728529783691,0.9673535305039048,0.9929814679423042,67627653.18708101,0.9944726713452148,ok
ska_mid1_interferom,1.204972364733159,0.0,0.05198920028621835,0.05227808489714843,0.9664290147735601,0.9830712155147053,1.0,68052089.6278548,1.0,ok
ska_mid1_interferom,1.204972364733159,0.01,0.06198920028621835,0.06227808489714843,0.965370899816186,0.982532900118966,0.998905129149478,67996025.78567436,0.9991761628116489,ok
ska_mid1_interferom,1.204972364733159,0.02,0.07198920028621834,0.07227808489714843,0.9631258123099811,0.9813897351765919,0.9965820537120845,67872278.27886046,0.997357739490769,ok
ska_mid1_interferom,1.204972364733159,0.03,0.08198920028621834,0.08227808489714843,0.9597478959830177,0.9796672373734959,0.9930867982144473,67680111.29153594,0.9945339174983012,ok
ska_mid1_interferom,1.2149722689738969,0.0,0.05152361598160433,0.051737528875752434,0.9906722073804766,0.995325176703813,1.0,68083456.30111094,1.0,ok
ska_mid1_interferom,1.2149722689738969,0.01,0.06152361598160433,0.061737528875752436,0.9896253672425899,0.9947991592490365,0.9989433032136283,68029068.55239289,0.999201160580369,ok
ska_mid1_interferom,1.2149722689738969,0.02,0.07152361598160432,0.07173752887575244,0.9873667842310454,0.9936633153292143,0.9966634542436884,67907008.63615353,0.9974083621110974,ok
ska_mid1_interferom,1.2149722689738969,0.03,0.08152361598160432,0.08173752887575243,0.9839656668503254,0.9919504356823103,0.9932303132356115,67717385.0356274,0.9946231979783087,ok
ska_mid1_interferom,1.2249721751626317,0.0,0.05089621217450511,0.051210874907250285,1.0156495401955983,1.0077943938103637,1.0,68135072.76391137,1.0,ok
ska_mid1_interferom,1.2249721751626317,0.01,0.06089621217450511,0.06121087490725029,1.0145880464725963,1.007267614128736,0.9989548622029627,68081057.07956828,0.9992072264378399,ok
ska_mid1_interferom,1.2249721751626317,0.02,0.0708962121745051,0.07121087490725028,1.0123130957159518,1.006137712103046,0.9967149648105942,67960589.66669014,0.9974391588627811,ok
ska_mid1_interferom,1.2249721751626317,0.03,0.0808962121745051,0.08121087490725029,1.0088792619421953,1.0044298193214871,0.9933340409408357,67773030.39901416,0.9946864023151236,ok
ska_mid1_interferom,1.2349720832498203,0.0,0.05048024082702198,0.05071835649194957,1.0407757302574172,1.0201841648729004,1.0,68170481.39001405,1.0,ok
ska_mid1_interferom,1.2349720832498203,0.01,0.06048024082702198,0.06071835649194957,1.0397075602661323,1.0196605122618667,0.9989736789970874,68117174.03952096,0.9992180288387856,ok
ska_mid1_interferom,1.2349720832498203,0.02,0.07048024082702198,0.07071835649194957,1.0374136020137672,1.0185350273867695,0.9967695939231611,67998043.38183522,0.9974704886240676,ok
ska_mid1_interferom,1.2349720832498203,0.03,0.08048024082702199,0.08071835649194957,1.033945956192377,1.0168313312405244,0.993437804258415,67812383.56122285,0.9947470250834454,ok
ska_mid1_interferom,1.244971993187495,0.0,0.04994032968003772,0.05016099499511887,1.066416315138091,1.0326743509635992,1.0,68211980.86772406,1.0,ok
ska_mid1_interferom,1.244971993187495,0.01,0.05994032968003772,0.06016099499511887,1.0653476183910602,1.0321567799472424,0.9989978615932068,68159712.67983347,0.9992337388941696,ok
ska_mid1_interferom,1.244971993187495,0.02,0.06994032968003772,0.07016099499511887,1.0630367837509538,1.03103675189149,0.9968309455330308,68042069.1465294,0.9975090633781162,ok
ska_mid1_interferom,1.244971993187495,0.03,0.07994032968003772,0.08016099499511886,1.0595437086433603,1.0293413955745492,0.9935554188386168,67858773.4495787,0.9948219152463803,ok
ska_mid1_interferom,1.2549719049292063,0.0,0.04945546062842974,0.049698486468508385,1.0924986498400497,1.0452266021490506,1.0,68252463.5323571,1.0,ok
ska_mid1_interferom,1.2549719049292063,0.01,0.05945546062842974,0.05969848646850839,1.0914185487319843,1.0447097916320993,0.9990113478783488,68200671.44921541,0.999241169029494,ok
ska_mid1_interferom,1.2549719049292063,0.02,0.06945546062842974,0.06969848646850839,1.089087159607213,1.0435933880622341,0.996877350618844,68084287.67488569,0.9975359738129939,ok
ska_mid1_interferom,1.2549719049292063,0.03,0.07945546062842973,0.07969848646850838,1.085555837047282,1.0419001089582829,0.993645014761543,67902640.66070853,0.9948745751648551,ok
ska_mid1_interferom,1.2649718184299303,0.0,0.04894528130932142,0.049211234638848654,1.1190140112288005,1.057834585948484,1.0,68289899.77732168,1.0,ok
ska_mid1_interferom,1.2649718184299303,0.01,0.058945281309321425,0.059211234638848656,1.1179307128899731,1.0573224261737633,0.9990319170913349,68238960.27192263,0.999254069700422,ok
ska_mid1_interferom,1.2649718184299303,0.02,0.06894528130932143,0.06921123463884865,1.1155833777236261,1.0562118053324467,0.996934235433382,68124037.01091465,0.9975711962245095,ok
ska_mid1_interferom,1.2649718184299303,0.03,0.07894528130932142,0.07921123463884866,1.112025192911275,1.0545260513193948,0.9937544854243148,67944613.52297212,0.9949438166482092,ok
ska_mid1_interferom,1.2749717336460331,0.0,0.04845045531125498,0.0487191099272054,1.1460066611934443,1.070517006494266,1.0,68326331.53954212,1.0,ok
ska_mid1_interferom,1.2749717336460331,0.01,0.05845045531125498,0.0587191099272054,1.144917457119063,1.0700081575011766,0.9990495656689753,68276100.08687219,0.9992648302413124,ok
ska_mid1_interferom,1.2749717336460331,0.02,0.06845045531125497,0.0687191099272054,1.142554782860353,1.0689035423556015,0.9969879072696693,68162640.79954153,0.9976042802780088,ok
ska_mid1_interferom,1.2749717336460331,0.03,0.07845045531125497,0.0787191099272054,1.1389681298745793,1.0672244983482058,0.9938582108139449,67985325.69465424,0.9950091591747388,ok
ska_mid1_interferom,1.284971650535233,0.0,0.04811774438618377,0.048284386423988225,1.1735079876196726,1.0832857368301645,1.0,68362768.95968226,1.0,ok
ska_mid1_interferom,1.284971650535233,0.01,0.05811774438618377,0.05828438642398823,1.172398619554404,1.0827735772332108,0.9990546565707501,68312584.49044204,0.9992659093538208,ok
ska_mid1_interferom,1.284971650535233,0.02,0.06811774438618377,0.06828438642398822,1.1700070557787485,1.0816686441691599,0.9970166953460409,68199892.29492527,0.9976174653654968,ok
ska_mid1_interferom,1.284971650535233,0.03,0.07811774438618377,0.07828438642398822,1.1663663259750514,1.0799844100611136,0.9939142624336906,68023396.79768266,0.9950357165579448,ok
ska_mid1_interferom,1.2949715690565256,0.0,0.04752989647022155,0.047824723644178536,1.2015298425899688,1.0961431670133097,1.0,68399200.61691722,1.0,ok
ska_mid1_interferom,1.2949715690565256,0.01,0.05752989647022155,0.05782472364417854,1.2004220272390387,1.0956377262759067,0.9990779959750795,68350048.83584894,0.9992813983113112,ok
ska_mid1_interferom,1.2949715690565256,0.02,0.06752989647022155,0.06782472364417853,1.1980203793081206,1.0945411729615842,0.9970791709390394,68239049.0876204,0.9976585760088955,ok
ska_mid1_interferom,1.2949715690565256,0.03,0.07752989647022154,0.07782472364417853,1.1943506900989878,1.0928635276643592,0.9940249902778062,68064618.08375973,0.9951083853299486,ok
ska_mid1_interferom,1.304971489170141,0.0,0.04712682379063538,0.04738179494155897,1.2299668845015257,1.1090387209207466,1.0,68429562.99432592,1.0,ok
ska_mid1_interferom,1.304971489170141,0.01,0.057126823790635384,0.05738179494155897,1.2288528515283543,1.1085363555284753,0.9990942577501809,68381058.64039439,0.9992911783765804,ok
ska_mid1_interferom,1.304971489170141,0.02,0.06712682379063538,0.06738179494155896,1.2264316304169283,1.107443736908078,0.9971257323029228,68271227.43405905,0.9976861526898835,ok
ska_mid1_interferom,1.304971489170141,0.03,0.07712682379063537,0.07738179494155897,1.2227265502343765,1.1057696641861616,0.9941133908901266,68098499.39115825,0.9951619798712565,ok
ska_mid1_interferom,1.3149714108375186,0.0,0.04676323496721478,0.046934686449638045,1.2590243530373173,1.1220625441735934,1.0,68465060.01077706,1.0,ok
ska_mid1_interferom,1.3149714108375186,0.01,0.05676323496721478,0.05693468644963805,1.2578897184974585,1.1215568280285482,0.9990987985759595,68416587.98976082,0.999292018132919,ok
ska_mid1_interferom,1.3149714108375186,0.02,0.06676323496721479,0.06693468644963804,1.25544127023635,1.1204647563561962,0.997154079829891,68307583.97399865,0.997699906539867,ok
ska_mid1_interferom,1.3149714108375186,0.03,0.07676323496721478,0.07693468644963805,1.2516977713057864,1.1187929975226814,0.9941807466123622,68136420.0317933,0.9951998876663216,ok
ska_mid1_interferom,1.32497133402124,0.0,0.04628846901659172,0.046504872575984915,1.2884644038860096,1.135105459367547,1.0,68492493.07495087,1.0,ok
ska_mid1_interferom,1.32497133402124,0.01,0.05628846901659172,0.05650487257598492,1.2873385387049008,1.1346094212128246,0.9991261961310587,68445285.02347466,0.9993107558309412,ok
ska_mid1_interferom,1.32497133402124,0.02,0.06628846901659172,0.06650487257598492,1.284878598737259,1.1335248558091962,0.9972169932378918,68337797.41469368,0.9977414216753957,ok
ska_mid1_interferom,1.32497133402124,0.03,0.07628846901659173,0.07650487257598491,1.2811065150147036,1.1318597594290132,0.9942894123818131,68168613.53823653,0.9952713133633503,ok
ska_mid1_interferom,1.334971258684994,0.0,0.045808782817283,0.046114614997558784,1.3185375207063328,1.1482758905012038,1.0,68522967.68588173,1.0,ok
ska_mid1_interferom,1.334971258684994,0.01,0.055808782817283,0.056114614997558786,1.3174063603724653,1.1477832375376742,0.9991421098633116,68476412.38689062,0.9993205884017673,ok
ska_mid1_interferom,1.334971258684994,0.02,0.065808782817283,0.06611461499755879,1.3149336591487328,1.1467055677673903,0.9972667736025673,68370353.04755369,0.9977727958452172,ok
ska_mid1_interferom,1.334971258684994,0.03,0.075808782817283,0.07611461499755878,1.3111237047521103,1.145043101700591,0.9943772430910794,68202730.0763725,0.9953265653791115,ok
ska_mid1_interferom,1.3449711847935426,0.0,0.045368303521112166,0.04565509847339032,1.349408290246289,1.161640344618888,1.0,68560565.8047139,1.0,ok
ska_mid1_interferom,1.3449711847935426,0.01,0.05536830352111217,0.05565509847339032,1.348260578227689,1.1611462346438923,0.999149470158961,68514225.93811664,0.9993241032063641,ok
ska_mid1_interferom,1.3449711847935426,0.02,0.06536830352111217,0.06565509847339032,1.3457651616069943,1.1600711881634653,0.9973002028625231,68409186.61007121,0.9977920369695624,ok
ska_mid1_interferom,1.3449711847935426,0.03,0.07536830352111216,0.07565509847339032,1.3419106392612428,1.1584086667757811,0.9944437491312005,68242847.29684833,0.9953658709764654,ok
ska_mid1_interferom,1.3549711123126835,0.0,0.045035116856413565,0.045213121964731914,1.3808730681072001,1.175105556155361,1.0,68592057.83571324,1.0,ok
ska_mid1_interferom,1.3549711123126835,0.01,0.05503511685641357,0.055213121964731916,1.37970979929905,1.1746104883317916,0.9991575845492122,68545953.97124472,0.9993278541871576,ok
ska_mid1_interferom,1.3549711123126835,0.02,0.06503511685641357,0.06521312196473192,1.3771867938360915,1.1735360215332513,0.9973304756561286,68441681.77762833,0.9978076753660741,ok
ska_mid1_interferom,1.3549711123126835,0.03,0.07503511685641356,0.07521312196473191,1.3733040794626563,1.171880573890811,0.9945186934126257,68277294.36331794,0.9954110799073969,ok
ska_mid1_interferom,1.3649710412091978,0.0,0.04476678209320477,0.04483401634700003,1.4128188505363608,1.1886205662600495,1.0,68610338.40887818,1.0,ok
ska_mid1_interferom,1.3649710412091978,0.01,0.05476678209320477,0.05483401634700003,1.411657071021303,1.188131756591542,0.9991776868530479,68565090.61752117,0.9993405105935004,ok
ska_mid1_interferom,1.3649710412091978,0.02,0.06476678209320477,0.06483401634700003,1.4091194602955688,1.1870633766971201,0.9973815537360734,68462050.97790453,0.9978387013617402,ok
ska_mid1_interferom,1.3649710412091978,0.03,0.07476678209320477,0.07483401634700003,1.4051921232725686,1.185407998653868,0.9946017656397373,68298886.77400342,0.9954605728218583,ok
ska_mid1_interferom,1.3749709714508327,0.0,0.04415706731178147,0.04440648020195571,1.445831568693612,1.2024273652464885,1.0,68642859.79887444,1.0,ok
ska_mid1_interferom,1.3749709714508327,0.01,0.05415706731178147,0.05440648020195571,1.4446761910273522,1.2019468336941332,0.9992008905523457,68598707.8824885,0.999356787923532,ok
ska_mid1_interferom,1.3749709714508327,0.02,0.06415706731178147,0.0644064802019557,1.442132743144183,1.2008883141842055,0.9974417313679413,68497352.20300911,0.9978802224107262,ok
ska_mid1_interferom,1.3749709714508327,0.03,0.07415706731178147,0.0744064802019557,1.4381704443455705,1.1992374428550714,0.9947012331768604,68335829.20173272,0.9955271298713178,ok
ska_mid1_interferom,1.384970903006268,0.0,0.04376881558350125,0.04402042830246006,1.479678162389209,1.216420224424606,1.0,68676386.40218374,1.0,ok
ska_mid1_interferom,1.384970903006268,0.01,0.05376881558350125,0.05402042830246006,1.478504851277201,1.215937848443415,0.9992070497883719,68632374.652455,0.999359142901448,ok
ska_mid1_interferom,1.384970903006268,0.02,0.06376881558350125,0.06402042830246006,1.4759257835924937,1.2148768594357593,0.9974640574605383,68531454.76166427,0.9978896437609469,ok
ska_mid1_interferom,1.384970903006268,0.03,0.07376881558350125,0.07402042830246006,1.471927041166422,1.2132300034067827,0.9947616168030273,68371511.25310603,0.9955606990255385,ok
ska_mid1_interferom,1.3949708358450654,0.0,0.04340022952161367,0.043676960675155654,1.5140687535684445,1.2304750113547387,1.0,68697716.5286425,1.0,ok
ska_mid1_interferom,1.3949708358450654,0.01,0.05340022952161367,0.053676960675155656,1.5128911560185947,1.2299964048803536,0.9992222298049053,68654309.34879035,0.9993681423190528,ok
ska_mid1_interferom,1.3949708358450654,0.02,0.06340022952161367,0.06367696067515566,1.5102982484800147,1.2289419223380798,0.9975096870075792,68554625.77223626,0.9979170958856167,ok
ska_mid1_interferom,1.3949708358450654,0.03,0.07340022952161367,0.07367696067515565,1.5062576074597347,1.2272968701417497,0.9948409567991545,68396002.58346947,0.9956080935376179,ok
ska_mid1_interferom,1.4049707699376537,0.0,0.04305181422908695,0.04328440270841721,1.5493093389006094,1.2447125527207514,1.0,68722109.30757198,1.0,ok
ska_mid1_interferom,1.4049707699376537,0.01,0.053051814229086953,0.053284402708417215,1.5481286601464206,1.244238184652127,0.9992379322033735,68679365.04561189,0.9993780129511336,ok
ska_mid1_interferom,1.4049707699376537,0.02,0.06305181422908696,0.06328440270841722,1.5455108890264562,1.2431857821848094,0.9975482947279924,68580497.18095794,0.9979393512795098,ok
ska_mid1_interferom,1.4049707699376537,0.03,0.07305181422908695,0.07328440270841721,1.5414358908255128,1.241545766705969,0.994918091644188,68423497.68741408,0.995654795477516,ok
ska_mid1_interferom,1.4149707052553049,0.0,0.04265350316704545,0.04286483478200885,1.585360010801618,1.259110801638052,1.0,68748518.51719521,1.0,ok
ska_mid1_interferom,1.4149707052553049,0.01,0.05265350316704545,0.05286483478200885,1.584177751980259,1.2586412324329197,0.9992542647642783,68706482.82081783,0.999388558513201,ok
ska_mid1_interferom,1.4149707052553049,0.02,0.06265350316704545,0.06286483478200885,1.581546476088545,1.2575955137040467,0.99759453077718,68608874.96621457,0.9979687773061507,ok
ska_mid1_interferom,1.4149707052553049,0.03,0.07265350316704544,0.07286483478200885,1.5774357634096252,1.2559600962648556,0.99500161014659,68453431.39812842,0.9957077312292485,ok
ska_mid1_interferom,1.4249706417700834,0.0,0.042298937555312464,0.042488407428793104,1.6222734683759041,1.27368499574106,1.0,68781028.25542161,1.0,ok
ska_mid1_interferom,1.4249706417700834,0.01,0.052298937555312466,0.052488407428793106,1.62106079348656,1.2732088569777387,0.9992524842987427,68738688.5360449,0.9993844273566327,ok
ska_mid1_interferom,1.4249706417700834,0.02,0.06229893755531246,0.06248840742879311,1.6184080597742478,1.2721666792422477,0.997617289145753,68642028.92556676,0.9979791036368537,ok
ska_mid1_interferom,1.4249706417700834,0.03,0.07229893755531247,0.0724884074287931,1.6142416927030445,1.2705281156680652,0.9950490618077479,68487401.39047995,0.9957309904723834,ok
ska_mid1_interferom,1.4349705794548349,0.0,0.04198922559510969,0.04215627631400869,1.65947176169835,1.2882048601438942,1.0,68798301.20961693,1.0,ok
ska_mid1_interferom,1.4349705794548349,0.01,0.05198922559510969,0.05215627631400869,1.6582632327368585,1.2877356998766705,0.9992717387608604,68756825.36139315,0.9993971384831523,ok
ska_mid1_interferom,1.4349705794548349,0.02,0.06198922559510969,0.06215627631400869,1.6555919246900204,1.2866980705239361,0.9976620048030471,68661145.47625086,0.9980064081386518,ok
ska_mid1_interferom,1.4349705794548349,0.03,0.07198922559510969,0.07215627631400869,1.6513931710882135,1.285065434555071,0.9951318300216999,68508173.79210952,0.9957829275955021,ok
ska_mid1_interferom,1.4449705182831671,0.0,0.04170129608041779,0.041869495594916165,1.697303575544221,1.3028060391110494,1.0,68817606.12236309,1.0,ok
ska_mid1_interferom,1.4449705182831671,0.01,0.05170129608041779,0.051869495594916167,1.6960811919753578,1.302336819711152,0.9992798085230739,68776362.0781728,0.9994006759822922,ok
ska_mid1_interferom,1.4449705182831671,0.02,0.061701296080417786,0.06186949559491617,1.6933847201143475,1.30130116426381,0.9976911287489529,68681414.33929722,0.9980209747077846,ok
ska_mid1_interferom,1.4449705182831671,0.03,0.07170129608041778,0.07186949559491616,1.6891346384512311,1.2996671260177473,0.9951871090059003,68529422.75709628,0.9958123599249529,ok
ska_mid1_interferom,1.4549704582294014,0.0,0.041216944039671646,0.041411364665950356,1.735909890623337,1.317539331717781,1.0,68846061.98960868,1.0,ok
ska_mid1_interferom,1.4549704582294014,0.01,0.05121694403967165,0.05141136466595036,1.7346911131283909,1.317076730159785,0.9992979027877371,68805689.50571613,0.9994135832504314,ok
ska_mid1_interferom,1.4549704582294014,0.02,0.06121694403967165,0.06141136466595036,1.7319797387189988,1.316047012351382,0.997735970095241,68711921.35622087,0.998051585965686,ok
ska_mid1_interferom,1.4549704582294014,0.03,0.07121694403967165,0.07141136466595036,1.727704881776463,1.3144218811996637,0.99527336707326,68561817.74962944,0.9958713072067631,ok
ska_mid1_interferom,1.464970399268568,0.0,0.040899039398722005,0.04111938900574734,1.7750407374900306,1.3323065478672806,1.0,68874499.91402534,1.0,ok
ska_mid1_interferom,1.464970399268568,0.01,0.05089903939872201,0.05111938900574734,1.7737908111327878,1.331837381639661,0.9992958322979053,68833816.3108212,0.9994093081872839,ok
ska_mid1_interferom,1.464970399268568,0.02,0.060899039398722,0.06111938900574734,1.7710518598981282,1.3308087240088744,0.9977527965935347,68740720.65753606,0.9980576373453707,ok
ska_mid1_interferom,1.464970399268568,0.03,0.070899039398722,0.07111938900574734,1.7667188748988802,1.329179775236924,0.995311734308184,68591369.14293684,0.9958891785574934,ok
ska_mid1_interferom,1.4749703413763782,0.0,0.04055389365481624,0.04082532523955723,1.8143740924566325,1.346987042423435,1.0,68890759.66504818,1.0,ok
ska_mid1_interferom,1.4749703413763782,0.01,0.05055389365481624,0.05082532523955723,1.8131299208806873,1.3465251282024733,0.9993142695428038,68850939.97813824,0.9994219879835329,ok
ska_mid1_interferom,1.4749703413763782,0.02,0.06055389365481624,0.060825325239557235,1.8103679465716418,1.345499144024864,0.9977919956520287,68758648.10261983,0.9980823035909214,ok
ska_mid1_interferom,1.4749703413763782,0.03,0.07055389365481624,0.07082532523955723,1.8059943412162025,1.3438728887868088,0.9953814644536265,68610624.60809052,0.9959336337947252,ok
ska_mid1_interferom,1.4849702845292008,0.0,0.04030555149303285,0.04055389365481624,1.8541853804480422,1.3616847581022717,1.0,68904981.62874103,1.0,ok
ska_mid1_interferom,1.4849702845292008,0.01,0.050305551493032855,0.05055389365481624,1.8529390478599508,1.3612270375877606,0.9993278274107683,68865745.8614252,0.9994305815575538,ok
ska_mid1_interferom,1.4849702845292008,0.02,0.06030555149303285,0.06055389365481624,1.8501470218874756,1.3602010961205242,0.9978220308480747,68773986.23076516,0.9980988980059284,ok
ska_mid1_interferom,1.4849702845292008,0.03,0.07030555149303286,0.07055389365481624,1.8457271062800347,1.3585753958761488,0.995438280197224,68627114.79954872,0.9959673912883475,ok
ska_mid1_interferom,1.4949702287040365,0.0,0.03993014233689369,0.04010577057769399,1.8949460877714759,1.376570407851148,1.0,68933431.34780547,1.0,ok
ska_mid1_interferom,1.4949702287040365,0.01,0.04993014233689369,0.05010577057769399,1.8936880472437567,1.3761133845885507,0.9993361074830374,68894535.28994873,0.9994357446438363,ok
ska_mid1_interferom,1.4949702287040365,0.02,0.059930142336893685,0.06010577057769399,1.8908890592143146,1.3750960181799359,0.9978590269225377,68804151.35503757,0.9981245675684471,ok
ska_mid1_interferom,1.4949702287040365,0.03,0.06993014233689368,0.07010577057769399,1.8864213705512034,1.3734705568563177,0.9955013404997195,68658375.39843011,0.9960098323266753,ok
ska_mid1_interferom,1.5049701738785053,0.0,0.03955117005768168,0.039728473662068775,1.9361814539028144,1.3914673743580244,1.0,68956794.69753906,1.0,ok
ska_mid1_interferom,1.5049701738785053,0.01,0.049551170057681684,0.04972847366206878,1.934921215439346,1.3910144555105624,0.9993491113857494,68918502.97012503,0.9994446997198465,ok
ska_mid1_interferom,1.5049701738785053,0.02,0.05955117005768168,0.05972847366206878,1.9321012847700243,1.390000462147414,0.9978926721333037,68829011.08694759,0.9981469032725208,ok
ska_mid1_interferom,1.5049701738785053,0.03,0.06955117005768169,0.06972847366206877,1.927596053774995,1.388378930182605,0.9955658080958716,68684627.89408526,0.9960530821560429,ok
ska_mid1_interferom,1.514970120030826,0.0,0.03921976543403144,0.03939856047226197,1.9780201680271485,1.4064210493401854,1.0,68978133.28136712,1.0,ok
ska_mid1_interferom,1.514970120030826,0.01,0.04921976543403144,0.049398560472261974,1.9767470068305073,1.4059683520017465,0.9993563456949425,68940105.3125563,0.9994486953038334,ok
ska_mid1_interferom,1.514970120030826,0.02,0.05921976543403144,0.05939856047226197,1.9739038212605076,1.404956875231588,0.9979189561192662,68851385.39572743,0.9981624917983402,ok
ska_mid1_interferom,1.514970120030826,0.03,0.06921976543403144,0.06939856047226198,1.969358699538887,1.4033384123364139,0.9956211424796035,68708333.78732485,0.9960886228546988,ok
ska_mid1_interferom,1.5249700671397874,0.0,0.0389371430686814,0.03911722992412678,2.0204037572375793,1.4214090745586154,1.0,68994389.16967624,1.0,ok
ska_mid1_interferom,1.5249700671397874,0.01,0.0489371430686814,0.04911722992412678,2.0191317515239104,1.4209615587776858,0.9993704200414832,68957021.22395106,0.999458391527559,ok
ska_mid1_interferom,1.5249700671397874,0.02,0.058937143068681405,0.05911722992412678,2.016270446327362,1.4199543817768803,0.9979542153911511,68869209.45122686,0.9981856536458127,ok
ska_mid1_interferom,1.5249700671397874,0.03,0.0689371430686814,0.06911722992412678,2.0116689087120294,1.41833314447348,0.995676681705694,68726977.62762001,0.9961241552353106,ok
ska_mid1_interferom,1.53497001518474,0.0,0.03870437161204408,0.0389371430686814,2.063398379864374,1.436453403304254,1.0,69006581.05996192,1.0,ok
ska_mid1_interferom,1.53497001518474,0.01,0.048704371612044085,0.0489371430686814,2.06211208290119,1.4360055998850387,0.9993766124003312,68969389.1529271,0.9994610382594886,ok
ska_mid1_interferom,1.53497001518474,0.02,0.05870437161204409,0.058937143068681405,2.059221749290975,1.4349988673483247,0.9979758486707383,68882101.36541894,0.9981961185059319,ok
ska_mid1_interferom,1.53497001518474,0.03,0.06870437161204408,0.0689371430686814,2.054559784735594,1.4333735677539174,0.9957164863484284,68740593.79372281,0.9961454797186955,ok
ska_mid1_interferom,1.5449699641455792,0.0,0.038287061611325154,0.03852235474756402,2.1075630947977935,1.4517448449358425,1.0,69031981.7775453,1.0,ok
ska_mid1_interferom,1.5449699641455792,0.01,0.048287061611325156,0.04852235474756402,2.106270787259905,1.451299688989116,0.9993868237961282,68995269.86203134,0.999468189749611,ok
ska_mid1_interferom,1.5449699641455792,0.02,0.05828706161132516,0.05852235474756402,2.103367872891547,1.4502992356377862,0.9980094442170667,68909102.10899055,0.9982199602939007,ok
ska_mid1_interferom,1.5449699641455792,0.03,0.06828706161132515,0.06852235474756402,2.0986781473716767,1.4486815203389862,0.9957842555470591,68769238.42743792,0.9961938895082851,ok
ska_mid1_interferom,1.5549699140027184,0.0,0.038050313512002096,0.03815571624442526,2.1526435651439737,1.4671890011665074,1.0,69058394.42314708,1.0,ok
ska_mid1_interferom,1.5549699140027184,0.01,0.0480503135120021,0.04815571624442526,2.151324867272565,1.4667395362751239,0.9993874053778521,69021578.49946669,0.999466887060032,ok
ska_mid1_interferom,1.5549699140027184,0.02,0.0580503135120021,0.058155716244425254,2.148388302501496,1.465738142541667,0.998023238630222,68935870.44540697,0.9982257916830595,ok
ska_mid1_interferom,1.5549699140027184,0.03,0.0680503135120021,0.06815571624442526,2.14363942668591,1.464117285836729,0.995817171684221,68796762.75386533,0.9962114429177338,ok
ska_mid1_interferom,1.564969864737082,0.0,0.03775893891533718,0.038050313512002096,2.198102653357834,1.4825999640354217,1.0,69065507.1615061,1.0,ok
ska_mid1_interferom,1.564969864737082,0.01,0.04775893891533718,0.0480503135120021,2.1967842617510045,1.4821552758570893,0.9994002138140293,69029259.52868891,0.9994751702505792,ok
ska_mid1_interferom,1.564969864737082,0.02,0.05775893891533718,0.0580503135120021,2.1938189033811373,1.4811545845660867,0.9980511601811894,68944059.97677638,0.9982415652947321,ok
ska_mid1_interferom,1.564969864737082,0.03,0.06775893891533719,0.0680503135120021,2.1890169556095946,1.4795326814942598,0.9958665725941598,68805892.40619354,0.9962410359963698,ok
ska_mid1_interferom,1.5749698163300851,0.0,0.03743848950908434,0.03767908206405217,2.2447645503641867,1.4982538337558782,1.0,69081766.1867164,1.0,ok
ska_mid1_interferom,1.5749698163300851,0.01,0.047438489509084344,0.04767908206405217,2.2434552362142,1.497816823317925,0.9994167253978712,69046362.36026108,0.9994875083772523,ok
ska_mid1_interferom,1.5749698163300851,0.02,0.05743848950908434,0.05767908206405217,2.240477924307272,1.4968226094989585,0.9980903894547786,68962238.38766289,0.998269763417304,ok
ska_mid1_interferom,1.5749698163300851,0.03,0.06743848950908435,0.06767908206405217,2.2356415018471907,1.4952061736921738,0.9959358550474633,68825486.70430586,0.9962902007786273,ok
ska_mid1_interferom,1.5849697687636233,0.0,0.0371152734791416,0.03730415649786906,2.2924884210007868,1.5140965692454318,1.0,69102086.05278723,1.0,ok
ska_mid1_interferom,1.5849697687636233,0.01,0.0471152734791416,0.047304156497869065,2.291173236959078,1.5136621938064905,0.9994263072259555,69067122.0676809,0.999494024173458,ok
ska_mid1_interferom,1.5849697687636233,0.02,0.057115273479141596,0.05730415649786906,2.2881827505080903,1.512674039741573,0.998121835446036,68984022.23151127,0.9982914579281185,ok
ska_mid1_interferom,1.5849697687636233,0.03,0.06711527347914159,0.06730415649786906,2.283310307520244,1.5110626418253625,0.9959964406378393,68848638.38640542,0.996332271847941,ok
ska_mid1_interferom,1.5949697220200476,0.0,0.03687100211499156,0.0371152734791416,2.3410741298899223,1.5300569041345888,1.0,69119358.66132188,1.0,ok
ska_mid1_interferom,1.5949697220200476,0.01,0.04687100211499156,0.0471152734791416,2.339734795378501,1.5296191667792676,0.9994278974363429,69084326.59721467,0.9994931656660927,ok
ska_mid1_interferom,1.5949697220200476,0.02,0.05687100211499156,0.057115273479141596,2.336710422139032,1.528630243760417,0.9981360232488257,69001626.72834304,0.9982966865541141,ok
ska_mid1_interferom,1.5949697220200476,0.03,0.06687100211499156,0.06711527347914159,2.33176668828604,1.5270123405807958,0.9960242858245929,68866682.89735296,0.9963443560695202,ok
ska_mid1_interferom,1.6049696760821632,0.0,0.03659767735191797,0.03678921790608119,2.3906396111337616,1.5461693345600156,1.0,69138657.44795781,1.0,ok
ska_mid1_interferom,1.6049696760821632,0.01,0.04659767735191797,0.04678921790608119,2.3892857782999517,1.5457314703078124,0.999433694301933,69103825.72158764,0.9994962047621999,ok
ska_mid1_interferom,1.6049696760821632,0.02,0.056597677351917966,0.056789217906081185,2.3862241515797735,1.5447408040120432,0.9981530216710941,69021469.98666653,0.998305037071634,ok
ska_mid1_interferom,1.6049696760821632,0.03,0.06659767735191796,0.0667892179060812,2.3812502335202916,1.5431300118655886,0.996072441212075,68888038.50542308,0.9963751256997813,ok
ska_mid1_interferom,1.614969630933209,0.0,0.036322295882095165,0.03646024660984589,2.4408168753060746,1.5623113887141944,1.0,69148818.83235446,1.0,ok
ska_mid1_interferom,1.614969630933209,0.01,0.04632229588209517,0.04646024660984589,2.4394805857913786,1.5618836658955682,0.9994525236496784,69114978.92156248,0.9995106219981281,ok
ska_mid1_interferom,1.614969630933209,0.02,0.05632229588209517,0.05646024660984589,2.436417092866092,1.5609026532318062,0.998197413954117,69033895.01913375,0.998338022034775,ok
ska_mid1_interferom,1.614969630933209,0.03,0.06632229588209516,0.0664602466098459,2.431389026216188,1.5592911935287097,0.9961374205556882,68901315.072101,0.9964207087780702,ok
ska_mid1_interferom,1.624969586556843,0.0,0.0361004782602609,0.03615606024584668,2.4922718229866385,1.578693074345561,1.0,69170152.69247022,1.0,ok
ska_mid1_interferom,1.624969586556843,0.01,0.0461004782602609,0.04615606024584668,2.490905615993101,1.5782603131274324,0.9994518226379094,69136128.6815652,0.9995081113806948,ok
ska_mid1_interferom,1.624969586556843,0.02,0.056100478260260905,0.056156060245846684,2.4878098814084337,1.577279265510212,0.9982096890326924,69055508.7769843,0.9983425811419613,ok
ska_mid1_interferom,1.624969586556843,0.03,0.0661004782602609,0.06615606024584668,2.4827258522228886,1.5756667960653636,0.9961697714207151,68923780.91329736,0.9964381778905674,ok
ska_mid1_interferom,1.6349695429371338,0.0,0.03579323456004062,0.035877289238356244,2.5443689863439385,1.5951078290648373,1.0,69181329.35423632,1.0,ok
ska_mid1_interferom,1.6349695429371338,0.01,0.04579323456004062,0.045877289238356246,2.543014749933464,1.5946832757426987,0.9994677515652239,69148129.41821599,0.9995201026587631,ok
ska_mid1_interferom,1.6349695429371338,0.02,0.05579323456004062,0.05587728923835625,2.5398947691883453,1.5937047308671533,0.9982415218941879,69068173.3942236,0.9983643569577376,ok
ska_mid1_interferom,1.6349695429371338,0.03,0.06579323456004062,0.06587728923835624,2.534776867552382,1.5920982593899102,0.9962300598525453,68937809.47153237,0.9964799768235585,ok
ska_mid1_interferom,1.644969500058546,0.0,0.03548333059227391,0.035708982027600554,2.597575689435897,1.6116996275472353,1.0,69195557.29621536,1.0,ok
ska_mid1_interferom,1.644969500058546,0.01,0.04548333059227391,0.045708982027600556,2.5962095890890247,1.6112757644453741,0.9994740864135633,69162597.19195916,0.9995236673343767,ok
ska_mid1_interferom,1.644969500058546,0.02,0.05548333059227391,0.05570898202760055,2.5930679665967613,1.610300582685345,0.9982646423519176,69083357.32749222,0.9983785090675283,ok
ska_mid1_interferom,1.644969500058546,0.03,0.0654833305922739,0.06570898202760056,2.5878791886904207,1.608688654989032,0.9962670959753316,68953445.80185796,0.9965010543477387,ok
ska_mid1_interferom,1.6549694579059304,0.0,0.03522774505205863,0.035455023184024846,2.6519828684431426,1.6284909789259328,1.0,69215873.2943824,1.0,ok
ska_mid1_interferom,1.6549694579059304,0.01,0.045227745052058635,0.04545502318402485,2.650588352648634,1.6280627606602376,0.9994741610848612,69182773.60269,0.9995217904489679,ok
ska_mid1_interferom,1.6549694579059304,0.02,0.05522774505205863,0.05545502318402484,2.647406975601847,1.6270854235724217,0.9982745390644315,69103813.98488954,0.9983810171834969,ok
ska_mid1_interferom,1.6549694579059304,0.03,0.06522774505205864,0.06545502318402485,2.6421707753459227,1.6254755535983685,0.99630009182413,68974954.3288691,0.9965193104695994,ok
ska_mid1_interferom,1.6649694164645097,0.0,0.035027666991491256,0.035113554330050284,2.7070228540815107,1.645303271157482,1.0,69228067.79563463,1.0,ok
ska_mid1_interferom,1.6649694164645097,0.01,0.04502766699149126,0.045113554330050286,2.705633801565952,1.6448810904031792,0.999486870783723,69195615.69850224,0.9995312291940867,ok
ska_mid1_interferom,1.6649694164645097,0.02,0.05502766699149125,0.05511355433005029,2.7024491421588364,1.6439127538159792,0.9983104272962534,69117827.60635102,0.9984075795729408,ok
ska_mid1_interferom,1.6649694164645097,0.03,0.06502766699149126,0.06511355433005028,2.6971497550357535,1.6423001415806289,0.9963527832685746,68989603.65616249,0.9965553835739558,ok
ska_mid1_interferom,1.674969375719872,0.0,0.03476873202173249,0.034884051515878936,2.762915393441199,1.6622019713143164,1.0,69240257.23653117,1.0,ok
ska_mid1_interferom,1.674969375719872,0.01,0.04476873202173249,0.04488405151587894,2.761512412230563,1.6617798928349576,0.9994922098541394,69207981.31685701,0.999533856155908,ok
ska_mid1_interferom,1.674969375719872,0.02,0.05476873202173249,0.05488405151587894,2.7583043552663127,1.6608143650830796,0.998331096860283,69130841.48481105,0.9984197668222644,ok
ska_mid1_interferom,1.674969375719872,0.03,0.06476873202173249,0.06488405151587893,2.7529598015629877,1.6592045689314467,0.996396707658206,69003701.55540043,0.9965835528264628,ok
ska_mid1_interferom,1.6849693356579545,0.0,0.034507854148458535,0.0346240425383105,2.8196129051664074,1.6791703026097167,1.0,69250434.42617714,1.0,ok
ska_mid1_interferom,1.6849693356579545,0.01,0.04450785414845854,0.0446240425383105,2.8182157238560492,1.6787542178222663,0.9995044776154208,69218786.44996321,0.9995429923801031,ok
ska_mid1_interferom,1.6849693356579545,0.02,0.05450785414845853,0.054624042538310505,2.8149859519369906,1.6777919870880866,0.9983590111887561,69142338.5403502,0.9984390583723749,ok
ska_mid1_interferom,1.6849693356579545,0.03,0.06450785414845853,0.0646240425383105,2.8095958693975014,1.676184915036972,0.9964473719954424,69016254.47612786,0.996618361285532,ok
ska_mid1_interferom,1.6949692962650378,0.0,0.034274295768175735,0.03433283431769235,2.8773771475006944,1.6962833334972947,1.0,69264715.55575156,1.0,ok
ska_mid1_interferom,1.6949692962650378,0.01,0.04427429576817574,0.04433283431769235,2.875978708089437,1.695871076494153,0.9995139881428222,69233543.38145001,0.9995499559328088,ok
ska_mid1_interferom,1.6949692962650378,0.02,0.05427429576817573,0.054332834317692355,2.872713786859191,1.6949081942274016,0.9983793015644287,69157479.43257847,0.9984517929177552,ok
ska_mid1_interferom,1.6949692962650378,0.03,0.06427429576817573,0.06433283431769235,2.8672659877064297,1.6933003241322637,0.9964859803647752,69032175.35356176,0.9966427321570009,ok
ska_mid1_interferom,1.7049692575277342,0.0,0.034039134872635816,0.034098077141669084,2.936421381655845,1.7135989558983296,1.0,69288173.73681366,1.0,ok
ska_mid1_interferom,1.7049692575277342,0.01,0.04403913487263582,0.044098077141669086,2.9349759554403736,1.7131771523810295,0.9995077592662617,69256481.68459573,0.9995426051733113,ok
ska_mid1_interferom,1.7049692575277342,0.02,0.05403913487263581,0.05409807714166909,2.931669896211564,1.7122119892733971,0.9983818788836084,69180689.6119447,0.9984487377993648,ok
ska_mid1_interferom,1.7049692575277342,0.03,0.06403913487263582,0.06409807714166908,2.9261519736244317,1.7105998870643104,0.9965027471548984,69055897.79357228,0.9966476827037805,ok
ska_mid1_interferom,1.7149692194329798,0.0,0.03371311039533444,0.034039134872635816,2.9959029674019737,1.7308676920556272,1.0,69297355.39286527,1.0,ok
ska_mid1_interferom,1.7149692194329798,0.01,0.043713110395334445,0.04403913487263582,2.9944492704088232,1.7304477080827445,0.9995147716701883,69265955.60575095,0.9995468833271297,ok
ska_mid1_interferom,1.7149692194329798,0.02,0.05371311039533444,0.05403913487263581,2.9911154127305624,1.7294841464235984,0.9984019660437924,69190691.96943063,0.9984607865216509,ok
ska_mid1_interferom,1.7149692194329798,0.03,0.06371311039533445,0.06403913487263582,2.985541921963306,1.7278720791665412,0.996541595121269,69066736.25549573,0.9966720355190742,ok
ska_mid1_interferom,1.7249691819680215,0.0,0.03347400730419215,0.033623645990662886,3.0564302040984916,1.7482649124484801,1.0,69309593.10447949,1.0,ok
ska_mid1_interferom,1.7249691819680215,0.01,0.04347400730419215,0.04362364599066289,3.0549863219757647,1.7478519164894275,0.9995275919859741,69278893.1802771,0.9995570609662053,ok
ska_mid1_interferom,1.7249691819680215,0.02,0.05347400730419215,0.05362364599066288,3.051652417686065,1.7468979414052972,0.9984368082719443,69204813.39251041,0.9984882365156706,ok
ska_mid1_interferom,1.7249691819680215,0.03,0.06347400730419214,0.06362364599066289,3.0460432151995427,1.7452917278207511,0.9966015946037241,69082077.40550429,0.996717399586631,ok
ska_mid1_interferom,1.7349691451204126,0.0,0.03323318398038641,0.03338390214127945,3.1177543132752,1.7657163739613448,1.0,69317753.07844013,1.0,ok
ska_mid1_interferom,1.7349691451204126,0.01,0.04323318398038641,0.043383902141279455,3.1163217354596027,1.7653106625916024,0.9995405097157599,69287749.20320085,0.9995671545324712,ok
ska_mid1_interferom,1.7349691451204126,0.02,0.053233183980386414,0.05338390214127946,3.112967415292598,1.764360341679839,0.9984646327126484,69214361.35756582,0.9985084380799633,ok
ska_mid1_interferom,1.7349691451204126,0.03,0.06323318398038641,0.06338390214127945,3.1073178733405733,1.7627585975795361,0.9966525778217388,69092761.48444113,0.9967541995519619,ok
ska_mid1_interferom,1.7449691088780015,0.0,0.03308177916572658,0.033202958249730546,3.180255973251137,1.7833272199041703,1.0,69329995.15848538,1.0,ok
ska_mid1_interferom,1.7449691088780015,0.01,0.04308177916572658,0.04320295824973055,3.178800100131745,1.7829189830532808,0.9995422151136144,69299967.09036118,0.9995668820103685,ok
ska_mid1_interferom,1.7449691088780015,0.02,0.05308177916572658,0.05320295824973055,3.175406215085211,1.7819669511764833,0.9984750415668686,69226847.05733128,0.9985122153705865,ok
ska_mid1_interferom,1.7449691088780015,0.03,0.06308177916572658,0.06320295824973055,3.169674584521309,1.7803579933601301,0.9966727870904647,69105531.19977278,0.9967623831762934,ok
ska_mid1_interferom,1.7549690732289245,0.0,0.03289917365413192,0.03289917365413192,3.2439332846812583,1.8010922476878464,1.0,69344272.0,1.0,ok
ska_mid1_interferom,1.7549690732289245,0.01,0.04289917365413192,0.04289917365413192,3.242460648747776,1.8006833838150937,0.9995460338409434,69314368.0,0.9995687603440411,ok
ska_mid1_interferom,1.7549690732289245,0.02,0.05289917365413192,0.05289917365413192,3.2390506592490427,1.7997362749161452,0.9984948440662227,69242040.0,0.9985257325940345,ok
ska_mid1_interferom,1.7549690732289245,0.03,0.06289917365413192,0.06289917365413192,3.233252892362996,1.7981248266911272,0.9967075795397218,69121320.0,0.9967848534050513,ok
ska_mid1_interferom,1.764969038161596,0.0,0.03262334897978697,0.03274622455215894,3.308718085063995,1.8189882036626832,1.0,69357534.50713706,1.0,ok
ska_mid1_interferom,1.764969038161596,0.01,0.04262334897978697,0.04274622455215894,3.3072314921385555,1.8185795259318618,0.9995507042645458,69327810.5248345,0.9995714383085589,ok
ska_mid1_interferom,1.764969038161596,0.02,0.052623348979786974,0.05274622455215894,3.3037690379616187,1.817627309973532,0.9985042403205288,69255502.50713706,0.9985288981114301,ok
ska_mid1_interferom,1.764969038161596,0.03,0.06262334897978697,0.06274622455215895,3.297930478346112,1.8160205060367882,0.9967396416253838,69135906.5798932,0.9968045587430584,ok
ska_mid1_interferom,1.774969003664704,0.0,0.032345172285662784,0.03262334897978697,3.3746602975090485,1.837024849453335,1.0,69370795.9139067,1.0,ok
ska_mid1_interferom,1.774969003664704,0.01,0.042345172285662785,0.04262334897978697,3.373157950532925,1.8366158962975696,0.9995548153462344,69341215.96570839,0.9995735965285015,ok
ska_mid1_interferom,1.774969003664704,0.02,0.05234517228566278,0.052623348979786974,3.369655444675803,1.835662127047296,0.9985169313673025,69269196.12111351,0.9985354097289113,ok
ska_mid1_interferom,1.774969003664704,0.03,0.06234517228566278,0.06262334897978697,3.3637481240578326,1.8340523776756847,0.9967664379554675,69150160.31872743,0.996819474358445,ok
ska_mid1_interferom,1.784968969727199,0.0,0.03209588015092141,0.032345172285662784,3.441683574719395,1.8551775049087338,1.0,69382013.43174076,1.0,ok
ska_mid1_interferom,1.784968969727199,0.01,0.04209588015092141,0.042345172285662785,3.4401769426820286,1.8547713990360182,0.9995622398152947,69352797.55152038,0.9995789127646298,ok
ska_mid1_interferom,1.784968969727199,0.02,0.05209588015092141,0.05234517228566278,3.4366662744489247,1.8538247690784921,0.9985421959452274,69281709.83599696,0.9985543285531417,ok
ska_mid1_interferom,1.784968969727199,0.03,0.062095880150921406,0.06234517228566278,3.430715465588907,1.852219065226602,0.9968131558603897,69163714.12983133,0.9968536614734567,ok
ska_mid1_interferom,1.7949689363382888,0.0,0.032001894941389386,0.032001894941389386,3.5096640730041044,1.8734097450915814,1.0,69389152.0,1.0,ok
ska_mid1_interferom,1.7949689363382888,0.01,0.04200189494138939,0.04200189494138939,3.5081602912552734,1.8730083532262405,0.9995715311444198,69360416.0,0.9995858718665419,ok
ska_mid1_interferom,1.7949689363382888,0.02,0.05200189494138939,0.05200189494138939,3.504645893033919,1.8720699487556332,0.9985701822551096,69290328.0,0.9985758004363564,ok
ska_mid1_interferom,1.7949689363382888,0.03,0.062001894941389385,0.062001894941389385,3.4986020641660023,1.8704550420060895,0.9968481288784332,69172408.0,0.9968763993541815,ok
ska_mid1_interferom,1.8049689034874308,0.0,0.031718268416985884,0.031876150270637685,3.5788619569398668,1.8917880317149347,1.0,69401393.81536745,1.0,ok
ska_mid1_interferom,1.8049689034874308,0.01,0.041718268416985886,0.04187615027063769,3.5773425464962214,1.8913864085628356,0.9995754487147237,69372797.85986175,0.9995879628068887,ok
ska_mid1_interferom,1.8049689034874308,0.02,0.05171826841698589,0.05187615027063769,3.573777166939055,1.8904436428889,0.9985792159457416,69302777.87232015,0.9985790495316326,ok
ska_mid1_interferom,1.8049689034874308,0.03,0.06171826841698588,0.061876150270637684,3.567705161384085,1.8888369864506795,0.9968825856682884,69186202.02538055,0.9968993160200877,ok
ska_mid1_interferom,1.8149688711643264,0.0,0.031495904254139596,0.031718268416985884,3.6488007091935883,1.910183422918749,1.0,69409553.76968348,1.0,ok
ska_mid1_interferom,1.8149688711643264,0.01,0.0414959042541396,0.041718268416985886,3.6472748645990256,1.9097839837528814,0.9995818229834482,69381253.85469767,0.9995922763733691,ok
ska_mid1_interferom,1.8149688711643264,0.02,0.05149590425413959,0.05171826841698589,3.643688091021301,1.9088447006032998,0.9985988223036119,69311874.12015021,0.9985927059860175,ok
ska_mid1_interferom,1.8149688711643264,0.03,0.061495904254139595,0.06171826841698588,3.6375385266879183,1.9072332124540823,0.9969134563920431,69195690.14097002,0.9969188156802865,ok
ska_mid1_interferom,1.824968839358912,0.0,0.031239835743150614,0.031400123279429044,3.720008028927464,1.928732233599953,1.0,69423834.58709678,1.0,ok
ska_mid1_interferom,1.824968839358912,0.01,0.04123983574315061,0.041400123279429046,3.718480722804295,1.928336257711371,0.9995894347239865,69395954.53636938,0.9995984080842953,ok
ska_mid1_interferom,1.824968839358912,0.02,0.051239835743150615,0.05140012327942904,3.7148655093711795,1.9273986378980295,0.9986176052534578,69327102.59216951,0.9986066457506619,ok
ska_mid1_interferom,1.824968839358912,0.03,0.06123983574315062,0.06140012327942904,3.708680641253884,1.925793509505597,0.996955009885598,69212082.6953152,0.996949867534097,ok
ska_mid1_interferom,1.834968808061354,0.0,0.03111101112943104,0.031207679444620176,3.79245540944498,1.9474227608418724,1.0,69438114.52074501,1.0,ok
ska_mid1_interferom,1.834968808061354,0.01,0.04111101112943104,0.04120767944462018,3.790898306822955,1.9470229343340963,0.9995894209808909,69410122.448253,0.9995968774111279,ok
ska_mid1_interferom,1.834968808061354,0.02,0.05111101112943104,0.05120767944462018,3.7872393414989958,1.9460830767207744,0.9986246198352144,69341494.49603182,0.9986085448117356,ok
ska_mid1_interferom,1.834968808061354,0.03,0.06111101112943104,0.061207679444620175,3.780962332659615,1.944469679028093,0.9969694892768569,69226630.4696711,0.9969543520509802,ok
ska_mid1_interferom,1.8449687772620431,0.0,0.030981650855500475,0.030981650855500475,3.866111535541304,1.966243000125189,1.0,69448312.0,1.0,ok
ska_mid1_interferom,1.8449687772620431,0.01,0.04098165085550048,0.04098165085550048,3.864528032133551,1.9658402865272526,0.9995904144530763,69420256.0,0.9995960160989946,ok
ska_mid1_interferom,1.8449687772620431,0.02,0.05098165085550048,0.05098165085550048,3.8608281551353727,1.9648990190682505,0.9986334123169078,69351904.0,0.9986118021126273,ok
ska_mid1_interferom,1.8449687772620431,0.03,0.060981650855500474,0.060981650855500474,3.854497832537668,1.963287506336672,0.9969960248438591,69237896.0,0.9969701783392518,ok
ska_mid1_interferom,1.854968746951588,0.0,0.030688596599785622,0.030981650855500475,3.9408766707439087,1.9851641420154427,1.0,69450352.79706348,1.0,ok
ska_mid1_interferom,1.854968746951588,0.01,0.040688596599785624,0.04098165085550048,3.939301346126503,1.984767327957235,0.9996002603610764,69422821.0017994,0.9996035758760718,ok
ska_mid1_interferom,1.854968746951588,0.02,0.050688596599785626,0.05098165085550048,3.9355788424326006,1.9838293380310215,0.998655672644963,69355057.23154123,0.9986278605984809,ok
ska_mid1_interferom,1.854968746951588,0.03,0.06068859659978562,0.060981650855500474,3.929174363585763,1.9822145099826514,0.9970305320019222,69241525.41752271,0.9969931415589641,ok
ska_mid1_interferom,1.8649687171208085,0.0,0.03045871623490291,0.030557448150997892,4.0176707686446065,2.004412823907442,1.0,69462592.77598277,1.0,ok
ska_mid1_interferom,1.8649687171208085,0.01,0.04045871623490291,0.04055744815099789,4.016107755084818,2.0040228928544748,0.9996109652458367,69435700.81402114,0.999612856922166,ok
ska_mid1_interferom,1.8649687171208085,0.02,0.05045871623490291,0.05055744815099789,4.012385086402583,2.0030938785794796,0.998684391393323,69368968.82771495,0.9986521673820936,ok
ska_mid1_interferom,1.8649687171208085,0.03,0.06045871623490291,0.060557448150997895,4.005942240431227,2.001485008795026,0.9970807642316256,69256500.94487314,0.9970330530020053,ok
ska_mid1_interferom,1.87496868776073,0.0,0.030326573675819184,0.03035966323686334,4.0958424039134,2.023818767556374,1.0,69470752.75523469,1.0,ok
ska_mid1_interferom,1.87496868776073,0.01,0.04032657367581918,0.04035966323686334,4.094262315427932,2.0234283568804536,0.9996142213665355,69443956.76560065,0.9996142838738419,ok
ska_mid1_interferom,1.87496868776073,0.02,0.050326573675819185,0.05035966323686334,4.09050165328154,2.022498863604511,0.9986960556327173,69377544.73746446,0.9986583128284412,ok
ska_mid1_interferom,1.87496868776073,0.03,0.06032657367581919,0.06035966323686334,4.083987443166636,2.0208877858917935,0.9971056111105651,69265620.76263894,0.9970472179376192,ok
ska_mid1_interferom,1.88496865886258,0.0,0.0300605459595795,0.030160581330779722,4.1754998430704955,2.043403984304253,1.0,69481973.83703259,1.0,ok
ska_mid1_interferom,1.88496865886258,0.01,0.0400605459595795,0.040160581330779724,4.1739188570477985,2.043017096611724,0.9996213660442783,69455565.80533478,0.9996199297423567,ok
ska_mid1_interferom,1.88496865886258,0.02,0.0500605459595795,0.05016058133077972,4.1701445438026035,2.0420931770618607,0.9987174471394653,69389913.82694691,0.9986750518875357,ok
ska_mid1_interferom,1.88496865886258,0.03,0.0600605459595795,0.06016058133077972,4.1635702963534555,2.0404828586276964,0.997142965593248,69278693.80245316,0.9970743485921081,ok
ska_mid1_interferom,1.8949686304177824,0.0,0.02992664531190462,0.0300605459595795,4.25609220248157,2.063029859813369,1.0,69491153.42942351,1.0,ok
ska_mid1_interferom,1.8949686304177824,0.01,0.03992664531190462,0.0400605459595795,4.254487647943071,2.062640940140351,0.9996229981724636,69464737.45745143,0.9996198656855091,ok
ska_mid1_interferom,1.8949686304177824,0.02,0.04992664531190462,0.0500605459595795,4.250653053298841,2.061711195414828,0.9987220321073971,69399029.41681096,0.9986743058926758,ok
ska_mid1_interferom,1.8949686304177824,0.03,0.059926645311904614,0.0600605459595795,4.243993495368092,2.06009550637054,0.9971573202510924,69288137.55554911,0.9970785364200268,ok
ska_mid1_interferom,1.9049686024179489,0.0,0.029792142854469093,0.029792142854469093,4.337929743938711,2.082769728975988,1.0,69505432.0,1.0,ok
ska_mid1_interferom,1.9049686024179489,0.01,0.039792142854469095,0.039792142854469095,4.336293030350161,2.0823767743494837,0.999622697073221,69478896.0,0.9996182168898684,ok
ska_mid1_interferom,1.9049686024179489,0.02,0.04979214285446909,0.04979214285446909,4.3324107593176215,2.0814443925595567,0.9987277376659222,69413376.0,0.9986755567536074,ok
ska_mid1_interferom,1.9049686024179489,0.03,0.05979214285446909,0.05979214285446909,4.325702150258741,2.079832240893179,0.9971812375022775,69303392.0,0.9970931768325676,ok
ska_mid1_interferom,1.914968574854878,0.0,0.02952129957055069,0.029623155995889144,4.420619031557373,2.1025268206511356,1.0,69511552.67544675,1.0,ok
ska_mid1_interferom,1.914968574854878,0.01,0.03952129957055069,0.03962315599588914,4.4189851486858,2.1021382325351015,0.9996303950057878,69485436.70855689,0.9996242931443095,ok
ska_mid1_interferom,1.914968574854878,0.02,0.049521299570550695,0.049623155995889144,4.415083488485659,2.101210005802766,0.9987477900646499,69420552.75491107,0.9986908662368604,ok
ska_mid1_interferom,1.914968574854878,0.03,0.05952129957055069,0.059623155995889146,4.408312326699607,2.09959813457233,0.9972160675303816,69311244.8860272,0.9971183525369546,ok
ska_mid1_interferom,1.924968547720549,0.0,0.02952129957055069,0.02952129957055069,4.504518035762688,2.1223849876407175,1.0,69513592.0,1.0,ok
ska_mid1_interferom,1.924968547720549,0.01,0.03952129957055069,0.03952129957055069,4.502868742005123,2.1219964048049476,0.9996338578856894,69487576.0,0.9996257422577156,ok
ska_mid1_interferom,1.924968547720549,0.02,0.049521299570550695,0.049521299570550695,4.4989181930384525,2.121065343886994,0.998756838649601,69422832.0,0.998694356062049,ok
ska_mid1_interferom,1.924968547720549,0.03,0.05952129957055069,0.05952129957055069,4.492063955454007,2.119448974487003,0.9972352024767569,69313920.0,0.9971275833365078,ok
ska_mid1_interferom,1.934968521007117,0.0,0.02911031015025175,0.029213599570515725,4.590778392818778,2.1426101821887196,1.0,69531952.63739379,1.0,ok
ska_mid1_interferom,1.934968521007117,0.01,0.03911031015025175,0.03921359957051573,4.589121617480181,2.142223521829639,0.9996391079688821,69506240.6348942,0.9996302131390777,ok
ska_mid1_interferom,1.934968521007117,0.02,0.049110310150251746,0.04921359957051573,4.585168538768717,2.141300665195973,0.9987780168045498,69442440.7548742,0.9987126511032074,ok
ska_mid1_interferom,1.934968521007117,0.03,0.05911031015025175,0.059213599570515724,4.578256453910572,2.1396860643352733,0.9972723712981237,69334240.8473588,0.997156533326972,ok
ska_mid1_interferom,1.944968494706908,0.0,0.028937341832648327,0.02911031015025175,4.677813656537039,2.162825387435851,1.0,69536032.61880803,1.0,ok
ska_mid1_interferom,1.944968494706908,0.01,0.038937341832648326,0.03911031015025175,4.676147717957022,2.1624402229788973,0.9996438638427401,69510528.68432888,0.9996332270692094,ok
ska_mid1_interferom,1.944968494706908,0.02,0.04893734183264833,0.049110310150251746,4.6721767102307314,2.1615218505096663,0.9987949613387377,69447368.76198323,0.9987249221233134,ok
ska_mid1_interferom,1.944968494706908,0.03,0.05893734183264833,0.05911031015025175,4.6652057842974495,2.1599087444374705,0.9973047510727643,69339912.89787833,0.9971795957643311,ok
ska_mid1_interferom,1.9549684688124136,0.0,0.028937341832648327,0.028937341832648327,4.7662320899646815,2.183170192624634,1.0,69538072.0,1.0,ok
ska_mid1_interferom,1.9549684688124136,0.01,0.038937341832648326,0.038937341832648326,4.764558180140276,2.1827867921856856,0.9996487980877117,69512784.0,0.9996363430956211,ok
ska_mid1_interferom,1.9549684688124136,0.02,0.04893734183264833,0.04893734183264833,4.7605450771836555,2.181867337209954,0.9988068116126783,69449880.0,0.9987317451079173,ok
ska_mid1_interferom,1.9549684688124136,0.03,0.05893734183264833,0.05893734183264833,4.753494123198818,2.1802509312459466,0.9973274556241851,69342872.0,0.9971929046292799,ok
ska_mid1_interferom,1.964968443316292,0.0,0.028693434540910286,0.028693434540910286,4.856784891231413,2.2038114463881464,1.0,69550312.0,1.0,ok
ska_mid1_interferom,1.964968443316292,0.01,0.03869343454091029,0.03869343454091029,4.8551129879979795,2.2034320928946234,0.999655759258259,69525440.0,0.9996423883763454,ok
ska_mid1_interferom,1.964968443316292,0.02,0.04869343454091028,0.04869343454091028,4.8510576574059705,2.202511670208803,0.9988207767167571,69462824.0,0.9987420904740154,ok
ska_mid1_interferom,1.964968443316292,0.03,0.058693434540910285,0.058693434540910285,4.843921899680387,2.2008911603440064,0.9973515418452545,69356152.0,0.9972083518475086,ok
ska_mid1_interferom,1.9749684182113565,0.0,0.028412119565893106,0.028517937882132926,4.949000469583032,2.2246349070314957,1.0,69560512.5647504,1.0,ok
ska_mid1_interferom,1.9749684182113565,0.01,0.038412119565893105,0.038517937882132924,4.947313901842119,2.224255808544089,0.9996592104302113,69535788.5725019,0.9996445685729315,ok
ska_mid1_interferom,1.9749684182113565,0.02,0.04841211956589311,0.048517937882132926,4.9432298124319365,2.223337539023694,0.9988339752266013,69473652.6411578,0.9987513041467062,ok
ska_mid1_interferom,1.9749684182113565,0.03,0.05841211956589311,0.05851793788213293,4.936064793494809,2.2217256341625107,0.9973862043118148,69368148.68766668,0.9972345822365145,ok
ska_mid1_interferom,1.9849683934905769,0.0,0.028270412350426675,0.02837675910469241,5.043035761132787,2.2456704480249963,1.0,69570712.5472808,1.0,ok
ska_mid1_interferom,1.9849683934905769,0.01,0.03827041235042668,0.03837675910469241,5.041322639185381,2.2452889879000835,0.9996602994647373,69545960.5580118,0.9996442182584779,ok
ska_mid1_interferom,1.9849683934905769,0.02,0.04827041235042667,0.04837675910469241,5.037195080790244,2.244369639963579,0.9988418324558479,69484088.62025158,0.9987548794046007,ok
ska_mid1_interferom,1.9849683934905769,0.03,0.058270412350426674,0.05837675910469241,5.029934170901644,2.242751473280453,0.9974020429654459,69378796.67068726,0.997241427181544,ok
ska_mid1_interferom,1.9949683691470697,0.0,0.02809227313263998,0.02816366403081407,5.138672225769485,2.2668639627841554,1.0,69577852.26503891,1.0,ok
ska_mid1_interferom,1.9949683691470697,0.01,0.03809227313263998,0.03816366403081407,5.1369582812418875,2.26648588816297,0.9996664615970247,69553440.29310185,0.999649141628516,ok
ska_mid1_interferom,1.9949683691470697,0.02,0.04809227313263998,0.04816366403081407,5.132809480903317,2.265570453749633,0.9988590934372567,69492152.35130647,0.9987682874515013,ok
ska_mid1_interferom,1.9949683691470697,0.03,0.05809227313263998,0.05816366403081407,5.125504791872604,2.263957771662847,0.9974375805036079,69387808.3346766,0.9972686145924943,ok
ska_mid1_interferom,2.004968345174105,0.0,0.02787700349954551,0.027984845308421116,5.236027003285089,2.2882366580590148,1.0,69587033.02627337,1.0,ok
ska_mid1_interferom,2.004968345174105,0.01,0.03787700349954551,0.03798484530842112,5.234291624665364,2.2878574310182365,0.999668569581739,69562669.00313193,0.9996498769658386,ok
ska_mid1_interferom,2.004968345174105,0.02,0.04787700349954551,0.04798484530842112,5.230098872257683,2.286940942013519,0.9988678188589007,69501641.02023648,0.9987728747393979,ok
ska_mid1_interferom,2.004968345174105,0.03,0.05787700349954551,0.057984845308421115,5.2227104980753545,2.2853250311663227,0.9974567539087595,69397689.070544,0.9972790339306767,ok
ska_mid1_interferom,2.014968321565091,0.0,0.02787700349954551,0.02787700349954551,5.334630277954628,2.309681856437078,1.0,69591112.0,1.0,ok
ska_mid1_interferom,2.014968321565091,0.01,0.03787700349954551,0.03787700349954551,5.332865283872749,2.309299738854346,0.9996691440662397,69566656.0,0.9996485758123824,ok
ska_mid1_interferom,2.014968321565091,0.02,0.04787700349954551,0.04787700349954551,5.328615311366239,2.308379369030628,0.9988724679546686,69505696.0,0.998772601880539,ok
ska_mid1_interferom,2.014968321565091,0.03,0.05787700349954551,0.05787700349954551,5.321126519141833,2.3067567100025594,0.9974686607863718,69401944.0,0.9972817218382716,ok
ska_mid1_interferom,2.0249682983135755,0.0,0.027550945458294403,0.02787700349954551,5.434599922056895,2.3312228383526308,1.0,69595192.9600429,1.0,ok
ska_mid1_interferom,2.0249682983135755,0.01,0.037550945458294405,0.03787700349954551,5.432839471642482,2.330845226874252,0.9996760662349278,69571129.0522823,0.999654230317683,ok
ska_mid1_interferom,2.0249682983135755,0.02,0.0475509454582944,0.04787700349954551,5.428565753220342,2.329928272119196,0.998889675611251,69510709.1793468,0.9987860687340202,ok
ska_mid1_interferom,2.0249682983135755,0.03,0.0575509454582944,0.05787700349954551,5.421004219774815,2.3283050100394527,0.9974983066873239,69407505.30829374,0.9973031520746425,ok
ska_mid1_interferom,2.034968275413245,0.0,0.027404785565343585,0.027550945458294403,5.535967034449247,2.35286358177631,1.0,69601312.46383831,1.0,ok
ska_mid1_interferom,2.034968275413245,0.01,0.03740478556534359,0.037550945458294405,5.534230452713139,2.352494517042099,0.9996863092346284,69577912.52568343,0.9996638003318251,ok
ska_mid1_interferom,2.034968275413245,0.02,0.04740478556534358,0.0475509454582944,5.529942988455437,2.3515830813423193,0.9989118349230904,69518172.55751546,0.9988054836413315,ok
ska_mid1_interferom,2.034968275413245,0.03,0.057404785565343584,0.0575509454582944,5.522317262474708,2.3499611193538303,0.9975343473164491,69415616.58025263,0.9973320060066087,ok
ska_mid1_interferom,2.0449682528579167,0.0,0.027257841956380466,0.027404785565343585,5.63879093169769,2.3746138489652777,1.0,69609473.34369695,1.0,ok
ska_mid1_interferom,2.0449682528579167,0.01,0.03725784195638047,0.03740478556534359,5.637036300098182,2.3742443640236743,0.9996888283994279,69586165.30417645,0.9996651599502065,ok
ska_mid1_interferom,2.0449682528579167,0.02,0.04725784195638047,0.04740478556534358,5.632701064876274,2.3733312168503313,0.9989200048565052,69526637.31998467,0.99880998921938,ok
ska_mid1_interferom,2.0449682528579167,0.03,0.057257841956380465,0.057404785565343584,5.625010840234337,2.371710530447242,0.9975561974844838,69424753.44557202,0.9973463396682679,ok
ska_mid1_interferom,2.0549682306415398,0.0,0.027110101887591023,0.027257841956380466,5.743401271020642,2.3965394365669517,1.0,69619672.86439839,1.0,ok
ska_mid1_interferom,2.0549682306415398,0.01,0.03711010188759102,0.03725784195638047,5.741615967981642,2.396166932411355,0.9996891557885729,69596296.88812697,0.9996642331785018,ok
ska_mid1_interferom,2.0549682306415398,0.02,0.04711010188759102,0.04725784195638047,5.737236044189031,2.3952528142534413,0.9989265547467981,69537028.92795709,0.9988129226547463,ok
ska_mid1_interferom,2.0549682306415398,0.03,0.057110101887591025,0.057257841956380465,5.729471510809919,2.393631448408447,0.99757464966256,69435696.92371985,0.9973574144619025,ok
ska_mid1_interferom,2.064968208758185,0.0,0.02692428679930548,0.026998766296499173,5.84999224456697,2.418675721250571,1.0,69630892.6251021,1.0,ok
ska_mid1_interferom,2.064968208758185,0.01,0.036924286799305484,0.036998766296499175,5.848188006162548,2.418302711854442,0.999691582769858,69607616.60957667,0.9996657228616793,ok
ska_mid1_interferom,2.064968208758185,0.02,0.04692428679930548,0.04699876629649917,5.843785977162442,2.4173923920543894,0.9989390981825161,69548912.63572475,0.9988226491678236,ok
ska_mid1_interferom,2.064968208758185,0.03,0.05692428679930548,0.05699876629649917,5.835925375256865,2.4157660017594553,0.9975954037677283,69447820.61366232,0.9973708219938316,ok
ska_mid1_interferom,2.0749681872020505,0.0,0.02677470627080354,0.02692428679930548,5.9581700182007,2.4409362994967116,1.0,69635992.4015015,1.0,ok
ska_mid1_interferom,2.0749681872020505,0.01,0.036774706270803544,0.036924286799305484,5.9563556678768945,2.4405646207131855,0.9996954853053434,69612900.45267327,0.9996683906119254,ok
ska_mid1_interferom,2.0749681872020505,0.02,0.046774706270803545,0.04692428679930548,5.95190110240825,2.439651840408432,0.9989478454335309,69554352.45818408,0.9988276185848445,ok
ska_mid1_interferom,2.0749681872020505,0.03,0.05677470627080354,0.05692428679930548,5.943943366411533,2.4380203785882375,0.9976122447419749,69453532.53297357,0.9973798051519691,ok
ska_mid1_interferom,2.084968165967454,0.0,0.026661970164735014,0.02677470627080354,6.068280669455519,2.463388046868686,1.0,69640072.38649553,1.0,ok
ska_mid1_interferom,2.084968165967454,0.01,0.03666197016473501,0.036774706270803544,6.066459808693649,2.463018434501384,0.9996999379460091,69617208.38043284,0.9996716831950462,ok
ska_mid1_interferom,2.084968165967454,0.02,0.046661970164735014,0.046774706270803545,6.061965499374207,2.462105907424416,0.9989593147671795,69558980.43575475,0.9988355561968585,ok
ska_mid1_interferom,2.084968165967454,0.03,0.05666197016473501,0.05677470627080354,6.053936150800084,2.4604747815818158,0.9976361477926297,69458756.4766778,0.9973963853912811,ok
ska_mid1_interferom,2.09496814504883,0.0,0.026510909627958285,0.026510909627958285,6.180535052220326,2.4860681913858125,1.0,69646192.0,1.0,ok
ska_mid1_interferom,2.09496814504883,0.01,0.036510909627958284,0.036510909627958284,6.178718261792942,2.4857027702026127,0.9997060464163647,69623696.0,0.9996769959799094,ok
ska_mid1_interferom,2.09496814504883,0.02,0.046510909627958286,0.046510909627958286,6.174182834496392,2.484790299903876,0.9989722220373701,69565776.0,0.9988453640078412,ok
ska_mid1_interferom,2.09496814504883,0.03,0.05651090962795828,0.05651090962795828,6.166101794315439,2.4831636664375223,0.9976647235582456,69466376.0,0.9974181502988706,ok
ska_mid1_interferom,2.104968124440728,0.0,0.026397046927245187,0.026397046927245187,6.294578499551266,2.5088998584142943,1.0,69650272.0,1.0,ok
ska_mid1_interferom,2.104968124440728,0.01,0.036397046927245186,0.036397046927245186,6.292745973905501,2.5085346268101425,0.9997088723818608,69627880.0,0.9996785080753167,ok
ska_mid1_interferom,2.104968124440728,0.02,0.04639704692724519,0.04639704692724519,6.28819181921184,2.5076267304389304,0.9989853680687466,69570544.0,0.9988553095672046,ok
ska_mid1_interferom,2.104968124440728,0.03,0.05639704692724519,0.05639704692724519,6.28004223001458,2.5060012430193606,0.9976906683207267,69471768.0,0.9974371385082316,ok
ska_mid1_interferom,2.114968104137808,0.0,0.026167835234004577,0.026397046927245187,6.410436603948201,2.5318840028619403,1.0,69654352.68560389,1.0,ok
ska_mid1_interferom,2.114968104137808,0.01,0.036167835234004575,0.036397046927245186,6.4085912484981336,2.5315195532521835,0.9997121326418031,69632100.70912951,0.9996805371722451,ok
ska_mid1_interferom,2.114968104137808,0.02,0.04616783523400458,0.04639704692724519,6.403997634414207,2.530612106667912,0.9989955489880318,69575092.76424669,0.998862096648648,ok
ska_mid1_interferom,2.114968104137808,0.03,0.05616783523400458,0.05639704692724519,6.395745778053939,2.5289811739224035,0.9977082955808013,69476556.80457634,0.9974474548370285,ok
ska_mid1_interferom,2.124968084134835,0.0,0.026052473164968903,0.026090983863248374,6.5285875914188845,2.555110093796133,1.0,69666592.32866633,1.0,ok
ska_mid1_interferom,2.124968084134835,0.01,0.0360524731649689,0.036090983863248376,6.526726337130973,2.5547458458975862,0.9997149070512038,69644484.31255522,0.9996826597172027,ok
ska_mid1_interferom,2.124968084134835,0.02,0.0460524731649689,0.04609098386324838,6.5220852860745495,2.553837364844236,0.999004025717158,69587720.30804412,0.9988678645246474,ok
ska_mid1_interferom,2.124968084134835,0.03,0.056052473164968905,0.05609098386324837,6.513758616827285,2.552206617189777,0.9977286090775453,69489728.34928852,0.997461279883715,ok
ska_mid1_interferom,2.13496806442669,0.0,0.025897857715416847,0.026052473164968903,6.6479839529509555,2.5783684672581137,1.0,69670672.31473902,1.0,ok
ska_mid1_interferom,2.13496806442669,0.01,0.03589785771541685,0.0360524731649689,6.6461032150931345,2.578003726741514,0.9997170965105916,69648624.33942443,0.9996835400810403,ok
ska_mid1_interferom,2.13496806442669,0.02,0.04589785771541685,0.0460524731649689,6.641401294376447,2.577091634842744,0.9990098263441827,69591940.35608709,0.9988699411669769,ok
ska_mid1_interferom,2.13496806442669,0.03,0.055897857715416846,0.056052473164968905,6.633000274461519,2.5754611770441267,0.9977461319709136,69494524.40545791,0.9974717064809515,ok
ska_mid1_interferom,2.144968045008352,0.0,0.025703280521047603,0.025897857715416847,6.769138807119144,2.601756869332556,1.0,69674752.30101654,1.0,ok
ska_mid1_interferom,2.144968045008352,0.01,0.035703280521047605,0.03589785771541685,6.767263215289047,2.6013963971853746,0.9997229201699743,69653060.32993773,0.9996886681278019,ok
ska_mid1_interferom,2.144968045008352,0.02,0.04570328052104761,0.04589785771541685,6.762544824980802,2.6004893433699747,0.9990258757685089,69596972.4019456,0.9988836716816029,ok
ska_mid1_interferom,2.144968045008352,0.03,0.0557032805210476,0.055897857715416846,6.7540639847017365,2.598858207887021,0.9977730073430385,69500044.4267352,0.9974925224918413,ok
ska_mid1_interferom,2.1549680258749038,0.0,0.025546551739524772,0.025703280521047603,6.892471136443918,2.6253516214869044,1.0,69683933.00623381,1.0,ok
ska_mid1_interferom,2.1549680258749038,0.01,0.03554655173952477,0.035703280521047605,6.890565562584834,2.6249886785631733,0.99972352820616,69662208.97410196,0.9996882490526201,ok
ska_mid1_interferom,2.1549680258749038,0.02,0.04554655173952477,0.04570328052104761,6.885823950015741,2.6240853549409824,0.9990355873392012,69606640.97861171,0.9988908199596714,ok
ska_mid1_interferom,2.1549680258749038,0.03,0.055546551739524774,0.0557032805210476,6.877259720362723,2.622452996788069,0.997793038841938,69510169.01919928,0.9975063981101786,ok
ska_mid1_interferom,2.1649680070215216,0.0,0.025546551739524772,0.025546551739524772,7.017549657420361,2.6490658084351852,1.0,69691072.0,1.0,ok
ska_mid1_interferom,2.1649680070215216,0.01,0.03554655173952477,0.03554655173952477,7.015597964945071,2.648697409094718,0.9997218840520458,69669120.0,0.999685009867548,ok
ska_mid1_interferom,2.1649680070215216,0.02,0.04554655173952477,0.04554655173952477,7.0107902476951836,2.647789690986651,0.9990367849099536,69613584.0,0.9988881215659877,ok
ska_mid1_interferom,2.1649680070215216,0.03,0.055546551739524774,0.055546551739524774,7.002123925206579,2.646152664758135,0.9978018349756214,69517400.0,0.9975079734747085,ok
ska_mid1_interferom,2.1749679884434827,0.0,0.02526993745924554,0.025388855468822684,7.144531833016401,2.6729257066024865,1.0,69697192.26104346,1.0,ok
ska_mid1_interferom,2.1749679884434827,0.01,0.03526993745924554,0.035388855468822686,7.142607328265196,2.6725656826849358,0.9997306324898279,69675848.27128047,0.9996937611247947,ok
ska_mid1_interferom,2.1749679884434827,0.02,0.04526993745924554,0.04538885546882268,7.13776823537223,2.671660202078893,0.9990533182856131,69620728.29277816,0.9989029117847544,ok
ska_mid1_interferom,2.1749679884434827,0.03,0.055269937459245536,0.05538885546882268,7.129028920409132,2.670024142289566,0.9978301009821767,69525104.31529956,0.9975309199673443,ok
ska_mid1_interferom,2.18496797013616,0.0,0.025110504085556144,0.02526993745924554,7.273532455277333,2.6969487305615085,1.0,69703312.49621221,1.0,ok
ska_mid1_interferom,2.18496797013616,0.01,0.035110504085556146,0.03526993745924554,7.271593301308201,2.6965891977289016,0.9997333958456837,69682096.50204998,0.9996956243053243,ok
ska_mid1_interferom,2.18496797013616,0.02,0.04511050408555614,0.04526993745924554,7.26670938626631,2.695683472937116,0.999061931866947,69627252.51518503,0.9989088039247587,ok
ska_mid1_interferom,2.18496797013616,0.03,0.05511050408555614,0.055269937459245536,7.257888688399842,2.6940468979585046,0.9978492201727731,69532124.55410363,0.9975440486832259,ok
ska_mid1_interferom,2.194967952095018,0.0,0.025110504085556144,0.025110504085556144,7.404461458155993,2.72111401050305,1.0,69707392.0,1.0,ok
ska_mid1_interferom,2.194967952095018,0.01,0.035110504085556146,0.035110504085556146,7.402501302887667,2.7207538115176217,0.9997352737563153,69686224.0,0.9996963306273171,ok
ska_mid1_interferom,2.194967952095018,0.02,0.04511050408555614,0.04511050408555614,7.397556671206415,2.7198449719067472,0.9990674828968186,69631488.0,0.9989111054391477,ok
ska_mid1_interferom,2.194967952095018,0.03,0.05511050408555614,0.05511050408555614,7.388635566255713,2.7182044746956975,0.9978626545644522,69536680.0,0.9975510201271051,ok
ska_mid1_interferom,2.2049679343156097,0.0,0.025110504085556144,0.025110504085556144,7.537147157217238,2.745386522371165,1.0,69707392.0,1.0,ok
ska_mid1_interferom,2.2049679343156097,0.01,0.035110504085556146,0.035110504085556146,7.5351632409426905,2.7450251803840873,0.9997367815390671,69686224.0,0.9996963306273171,ok
ska_mid1_interferom,2.2049679343156097,0.02,0.04511050408555614,0.04511050408555614,7.530147367204803,2.7441113984685104,0.9990712945008997,69631488.0,0.9989111054391477,ok
ska_mid1_interferom,2.2049679343156097,0.03,0.05511050408555614,0.05511050408555614,7.521091594888466,2.7424608647870374,0.9978698090943603,69536680.0,0.9975510201271051,ok
ska_mid1_interferom,2.214967916793577,0.0,0.024788561231016096,0.024788561231016096,7.672982394703264,2.7700148726501927,1.0,69719632.0,1.0,ok
ska_mid1_interferom,2.214967916793577,0.01,0.0347885612310161,0.0347885612310161,7.670985556575605,2.7696544110368,0.9997397572384582,69698648.0,0.9996990230814758,ok
ska_mid1_interferom,2.214967916793577,0.02,0.0447885612310161,0.0447885612310161,7.665973491343166,2.7687494453892296,0.9990865477073249,69644704.0,0.9989252955322541,ok
ska_mid1_interferom,2.214967916793577,0.03,0.054788561231016095,0.054788561231016095,7.656858027538684,2.7671028220033103,0.9978985528266413,69550584.0,0.9975753170928957,ok
ska_mid1_interferom,2.224967899524644,0.0,0.024788561231016096,0.024788561231016096,7.810027957895965,2.794642724552812,1.0,69719632.0,1.0,ok
ska_mid1_interferom,2.224967899524644,0.01,0.0347885612310161,0.0347885612310161,7.8080069937445735,2.7942811228909257,0.9997412347097492,69698648.0,0.9996990230814758,ok
ska_mid1_interferom,2.224967899524644,0.02,0.0447885612310161,0.0447885612310161,7.802923164457914,2.793371290118432,0.9990902985909457,69644704.0,0.9989252955322541,ok
ska_mid1_interferom,2.224967899524644,0.03,0.054788561231016095,0.054788561231016095,7.7936708922615745,2.791714686758225,0.9979056328962493,69550584.0,0.9975753170928957,ok
ska_mid1_interferom,2.2349678825046237,0.0,0.02450339162887046,0.024788561231016096,7.949395473078528,2.8194672321342074,1.0,69721672.18617892,1.0,ok
ska_mid1_interferom,2.2349678825046237,0.01,0.03450339162887046,0.0347885612310161,7.947398565275814,2.819113081321112,0.9997487975268715,69701204.23327124,0.9997064334192527,ok
ska_mid1_interferom,2.2349678825046237,0.02,0.04450339162887046,0.0447885612310161,7.9422663722888664,2.818202684742328,0.9991031895678351,69647496.25480959,0.9989361137069223,ok
ska_mid1_interferom,2.2349678825046237,0.03,0.054503391628870454,0.054788561231016095,7.9329561929237915,2.8165504066009173,0.9979320087658979,69554128.32344025,0.997596961497262,ok
ska_mid1_interferom,2.244967865729412,0.0,0.024421302983994822,0.024421302983994822,8.091096129150541,2.8444852133822986,1.0,69727792.0,1.0,ok
ska_mid1_interferom,2.244967865729412,0.01,0.034421302983994824,0.034421302983994824,8.089096319287702,2.8441336676196673,0.999752838202523,69707576.0,0.9997100725633188,ok
ska_mid1_interferom,2.244967865729412,0.02,0.044421302983994826,0.044421302983994826,8.08397562913448,2.8432333054349375,0.9991199585442562,69654720.0,0.9989520390951143,ok
ska_mid1_interferom,2.244967865729412,0.03,0.05442130298399482,0.05442130298399482,8.074629312795572,2.8415892230925235,0.9979648225540614,69562280.0,0.9976263123318174,ok
ska_mid1_interferom,2.2549678491949803,0.0,0.024173364552558696,0.024256292290303263,8.235212989219038,2.8697060806324814,1.0,69740032.32527956,1.0,ok
ska_mid1_interferom,2.2549678491949803,0.01,0.0341733645525587,0.03425629229030326,8.233192906448789,2.869354092204165,0.999754701818533,69719920.31379911,0.999711614537449,ok
ska_mid1_interferom,2.2549678491949803,0.02,0.0441733645525587,0.04425629229030326,8.228013946015917,2.868451489221304,0.9991258218563933,69667208.31571251,0.9989557789530784,ok
ska_mid1_interferom,2.2549678491949803,0.03,0.054173364552558695,0.054256292290303265,8.218589120059546,2.866808176362616,0.997981367430174,69575288.30040523,0.9976377409160647,ok
ska_mid1_interferom,2.2649678328973843,0.0,0.024090151346747007,0.024131793817493946,8.3812824531737,2.895044464800791,1.0,69751252.07556131,1.0,ok
ska_mid1_interferom,2.2649678328973843,0.01,0.034090151346747005,0.03413179381749395,8.37920646477412,2.894685900883569,0.9997523065937487,69730876.07793188,0.9997078762456141,ok
ska_mid1_interferom,2.2649678328973843,0.02,0.04409015134674701,0.04413179381749395,8.373947274640813,2.89377733674186,0.9991248143021227,69678108.07674658,0.9989513593428331,ok
ska_mid1_interferom,2.2649678328973843,0.03,0.05409015134674701,0.054131793817493945,8.364381907617215,2.892124116910824,0.9979835370480701,69586148.0939331,0.9976329603166212,ok
ska_mid1_interferom,2.2749678168327447,0.0,0.024090151346747007,0.024090151346747007,8.52884050686669,2.9204178651122326,1.0,69752272.0,1.0,ok
ska_mid1_interferom,2.2749678168327447,0.01,0.034090151346747005,0.034090151346747005,8.526742430658004,2.920058634797939,0.9997540021756771,69731928.0,0.9997083392495086,ok
ska_mid1_interferom,2.2749678168327447,0.02,0.04409015134674701,0.04409015134674701,8.521406973275397,2.9191449044669566,0.9991284238947478,69679144.0,0.9989516040423744,ok
ska_mid1_interferom,2.2749678168327447,0.03,0.05409015134674701,0.05409015134674701,8.511725356599676,2.917486136488,0.9979932617741845,69587416.0,0.9976365501040597,ok
ska_mid1_interferom,2.2849678009972707,0.0,0.023796613736478168,0.024090151346747007,8.67889540244636,2.9459965041470024,1.0,69754312.12857959,1.0,ok
ska_mid1_interferom,2.2849678009972707,0.01,0.033796613736478166,0.034090151346747005,8.676808415191442,2.9456422754963714,0.9997595330790218,69734332.15152222,0.9997135664241009,ok
ska_mid1_interferom,2.2849678009972707,0.02,0.04379661373647817,0.04409015134674701,8.671434875125456,2.9447300173573563,0.9991403828511632,69681892.17320426,0.9989617852550559,ok
ska_mid1_interferom,2.2849678009972707,0.03,0.05379661373647816,0.05409015134674701,8.66168836597723,2.9430746449890175,0.9980173702215286,69590840.215812,0.9976564615465455,ok
ska_mid1_interferom,2.294967785387237,0.0,0.023796613736478168,0.023796613736478168,8.83157774101555,2.9717970558259106,1.0,69756352.0,1.0,ok
ska_mid1_interferom,2.294967785387237,0.01,0.033796613736478166,0.033796613736478166,8.829502195849745,2.971447828222758,0.9997649859145591,69736736.0,0.9997187926341102,ok
ska_mid1_interferom,2.294967785387237,0.02,0.04379661373647817,0.04379661373647817,8.82409038352608,2.9705370530471558,0.9991522061279382,69684640.0,0.998971964588974,ok
ska_mid1_interferom,2.294967785387237,0.03,0.05379661373647816,0.05379661373647816,8.814278821657801,2.968885114257169,0.9980412424750099,69594264.0,0.9976763693147256,ok
ska_mid1_interferom,2.304967769998993,0.0,0.023627240667494217,0.023627240667494217,8.987143405244094,2.9978564684194096,1.0,69760432.0,1.0,ok
ska_mid1_interferom,2.304967769998993,0.01,0.033627240667494215,0.033627240667494215,8.985059246316977,2.9975088400731993,0.9997680955078673,69740992.0,0.9997213320009257,ok
ska_mid1_interferom,2.304967769998993,0.02,0.04362724066749422,0.04362724066749422,8.97966128855542,2.9966082974849115,0.9991674644154105,69689728.0,0.9989864741663297,ok
ska_mid1_interferom,2.304967769998993,0.03,0.05362724066749422,0.05362724066749422,8.969725947153325,2.994950074233847,0.9980619583659246,69599480.0,0.9976927895171291,ok
ska_mid1_interferom,2.314967754828956,0.0,0.02349940975295137,0.02349940975295137,9.145523123796401,3.024156597102141,1.0,69764512.0,1.0,ok
ska_mid1_interferom,2.314967754828956,0.01,0.03349940975295137,0.03349940975295137,9.143427493587053,3.0238100954899685,0.999770857261965,69745216.0,0.9997234123847953,ok
ska_mid1_interferom,2.314967754828956,0.02,0.04349940975295137,0.04349940975295137,9.137966576253461,3.0229069744624066,0.9991737435419874,69694072.0,0.9989903175987241,ok
ska_mid1_interferom,2.314967754828956,0.03,0.053499409752951366,0.053499409752951366,9.127957698181582,3.021251015420861,0.9980793416213541,69604424.0,0.9977053089685484,ok
ska_mid1_interferom,2.324967739873609,0.0,0.023413801418295608,0.023413801418295608,9.306583561322398,3.0506693628320978,1.0,69768592.0,1.0,ok
ska_mid1_interferom,2.324967739873609,0.01,0.033413801418295606,0.033413801418295606,9.304473462504637,3.05032350128714,0.9997732681597004,69749416.0,0.9997251485310181,ok
ska_mid1_interferom,2.324967739873609,0.02,0.04341380141829561,0.04341380141829561,9.29896546573027,3.0494205131024925,0.9991814294104886,69698536.0,0.9989958805532437,ok
ska_mid1_interferom,2.324967739873609,0.03,0.0534138014182956,0.0534138014182956,9.2888511049422,3.047761654877592,0.9980946330881406,69609208.0,0.9977155336601891,ok
ska_mid1_interferom,2.334967725129508,0.0,0.023284798775870818,0.023284798775870818,9.47042688941978,3.077405870115247,1.0,69772672.0,1.0,ok
ska_mid1_interferom,2.334967725129508,0.01,0.033284798775870816,0.033284798775870816,9.46830250005076,3.0770606916423926,0.9997756817729733,69753616.0,0.9997268844741964,ok
ska_mid1_interferom,2.334967725129508,0.02,0.04328479877587082,0.04328479877587082,9.462746032520062,3.0761576735466702,0.9991889640256556,69702992.0,0.9990013281990978,ok
ska_mid1_interferom,2.334967725129508,0.03,0.05328479877587082,0.05328479877587082,9.452538245343732,3.0744980477053048,0.9981111047807113,69614096.0,0.9977272477109662,ok
ska_mid1_interferom,2.344967710593271,0.0,0.023111675193921925,0.023284798775870818,9.6371917223302,3.104382663643482,1.0,69776752.12938637,1.0,ok
ska_mid1_interferom,2.344967710593271,0.01,0.03311167519392193,0.033284798775870816,9.635048732106736,3.1040374888371978,0.9997776333308281,69757776.13192335,0.9997280469943939,ok
ska_mid1_interferom,2.344967710593271,0.02,0.04311167519392192,0.04328479877587082,9.62943989773719,3.1031338833084834,0.9991956344943258,69707372.13890007,0.9990056861580825,ok
ska_mid1_interferom,2.344967710593271,0.03,0.053111675193921924,0.05328479877587082,9.619108204921323,3.101468717385575,0.9981235698188948,69618660.14473513,0.9977343172356591,ok
ska_mid1_interferom,2.35496769626158,0.0,0.023111675193921925,0.023111675193921925,9.807139846586008,3.1316353310348903,1.0,69780832.0,1.0,ok
ska_mid1_interferom,2.35496769626158,0.01,0.03311167519392193,0.03311167519392193,9.804978101294942,3.131290165617831,0.9997795743381983,69761936.0,0.9997292093049277,ok
ska_mid1_interferom,2.35496769626158,0.02,0.04311167519392192,0.04311167519392192,9.79931647032554,3.130385993823372,0.9992022774852964,69711752.0,0.999010043331097,ok
ska_mid1_interferom,2.35496769626158,0.03,0.053111675193921924,0.053111675193921924,9.788859673341015,3.12871533913538,0.998136034202535,69623224.0,0.9977413854853436,ok
ska_mid1_interferom,2.36496768213118,0.0,0.022893429746655154,0.022893429746655154,9.981245437721185,3.1593109118478964,1.0,69793072.0,1.0,ok
ska_mid1_interferom,2.36496768213118,0.01,0.032893429746655156,0.032893429746655156,9.97904459537411,3.1589625821421357,0.999779502231379,69774120.0,0.999728454423098,ok
ska_mid1_interferom,2.36496768213118,0.02,0.04289342974665515,0.04289342974665515,9.973319366308754,3.158056263955529,0.9992059035656535,69724064.0,0.9990112485663334,ok
ska_mid1_interferom,2.36496768213118,0.03,0.05289342974665515,0.05289342974665515,9.962798160464093,3.1563900520157664,0.9981518060674697,69636184.0,0.9977520978013406,ok
ska_mid1_interferom,2.3749676681988765,0.0,0.022717323825697126,0.022893429746655154,10.157752421282208,3.187122906522779,1.0,69796132.05210108,1.0,ok
ska_mid1_interferom,2.3749676681988765,0.01,0.03271732382569713,0.032893429746655156,10.155529277796742,3.1867741177869418,0.9997811382485747,69777228.05291834,0.9997291540572962,ok
ska_mid1_interferom,2.3749676681988765,0.02,0.04271732382569712,0.04289342974665515,10.149763114791018,3.1858692871477037,0.9992134769425517,69727492.05836682,0.999016564504133,ok
ska_mid1_interferom,2.3749676681988765,0.03,0.052717323825697125,0.05289342974665515,10.139118433842356,3.184198240349108,0.9981655403019264,69639816.06184024,0.9977603917915658,ok
ska_mid1_interferom,2.384967654461532,0.0,0.022717323825697126,0.022717323825697126,10.337346901732204,3.215174474539788,1.0,69799192.0,1.0,ok
ska_mid1_interferom,2.384967654461532,0.01,0.03271732382569713,0.03271732382569713,10.335101265285788,3.214825230908484,0.9997827647202167,69780336.0,0.9997298536063283,ok
ska_mid1_interferom,2.384967654461532,0.02,0.04271732382569712,0.04271732382569712,10.329293999221015,3.213921903099236,0.9992209894291311,69730920.0,0.9990218797948263,ok
ska_mid1_interferom,2.384967654461532,0.03,0.052717323825697125,0.052717323825697125,10.318524490391063,3.2122460195929987,0.9981791835448622,69643448.0,0.9977686847721675,ok
ska_mid1_interferom,2.3949676409160734,0.0,0.022717323825697126,0.022717323825697126,10.519764778124651,3.2434186868371855,1.0,69799192.0,1.0,ok
ska_mid1_interferom,2.3949676409160734,0.01,0.03271732382569713,0.03271732382569713,10.517492768166305,3.2430684186687,0.9997840246425403,69780336.0,0.9997298536063283,ok
ska_mid1_interferom,2.3949676409160734,0.02,0.04271732382569712,0.04271732382569712,10.511604725887228,3.242160502795509,0.9992243122912413,69730920.0,0.9990218797948263,ok
ska_mid1_interferom,2.3949676409160734,0.03,0.052717323825697125,0.052717323825697125,10.500680186191584,3.2404753025122077,0.9981858347277163,69643448.0,0.9977686847721675,ok
ska_mid1_interferom,2.404967627559482,0.0,0.022450574962713386,0.022450574962713386,10.706162831906024,3.272027327499883,1.0,69807352.0,1.0,ok
ska_mid1_interferom,2.404967627559482,0.01,0.032450574962713384,0.032450574962713384,10.703906606595572,3.2716825345066063,0.9997892592009036,69788896.0,0.9997356152400682,ok
ska_mid1_interferom,2.404967627559482,0.02,0.042450574962713386,0.042450574962713386,10.698009006979735,3.2707811004375906,0.9992383989432713,69740048.0,0.9990358608646264,ok
ska_mid1_interferom,2.404967627559482,0.03,0.05245057496271338,0.05245057496271338,10.687061803007392,3.2691071874454334,0.9982158847013135,69653528.0,0.9977964498639055,ok
ska_mid1_interferom,2.414967614388795,0.0,0.022450574962713386,0.022450574962713386,10.895013940487878,3.3007596005295325,1.0,69807352.0,1.0,ok
ska_mid1_interferom,2.414967614388795,0.01,0.032450574962713384,0.032450574962713384,10.892731285115122,3.300413805133399,0.9997904862366194,69788896.0,0.9997356152400682,ok
ska_mid1_interferom,2.414967614388795,0.02,0.042450574962713386,0.042450574962713386,10.886751552685496,3.299507774302933,0.9992416358668732,69740048.0,0.9990358608646264,ok
ska_mid1_interferom,2.414967614388795,0.03,0.05245057496271338,0.05245057496271338,10.875647032786478,3.297824590966972,0.9982224063404427,69653528.0,0.9977964498639055,ok
ska_mid1_interferom,2.424967601401105,0.0,0.022180618352770055,0.022225838824487643,11.087621892149123,3.3298080863841273,1.0,69813471.98752962,1.0,ok
ska_mid1_interferom,2.424967601401105,0.01,0.03218061835277006,0.032225838824487645,11.085357189120124,3.3294680039189632,0.9997957449260961,69795411.98760298,0.9997413106752538,ok
ska_mid1_interferom,2.424967601401105,0.02,0.04218061835277005,0.042225838824487646,11.079361336609562,3.3285674601259867,0.9992549749964499,69747071.98875222,0.9990488941906619,ok
ska_mid1_interferom,2.424967601401105,0.03,0.052180618352770054,0.05222583882448764,11.068204905633735,3.326891177305584,0.9982487690593835,69661299.98740736,0.9978203060843408,ok
ska_mid1_interferom,2.434967588593552,0.0,0.022044400370358302,0.022180618352770055,11.283286620907163,3.3590603776811103,1.0,69818571.96771823,1.0,ok
ska_mid1_interferom,2.434967588593552,0.01,0.0320444003703583,0.03218061835277006,11.280992005936096,3.35871880423713,0.9997966359405588,69800507.96763383,0.9997412722779155,ok
ska_mid1_interferom,2.434967588593552,0.02,0.0420444003703583,0.04218061835277005,11.274936630008764,3.3578172419011674,0.9992599682008496,69752347.96375158,0.9990514844102331,ok
ska_mid1_interferom,2.434967588593552,0.03,0.052044400370358304,0.052180618352770054,11.263679003015362,3.3561404921450118,0.9982622423279163,69666971.96189484,0.9978286578835573,ok
ska_mid1_interferom,2.444967575963338,0.0,0.022044400370358302,0.022044400370358302,11.481767266166113,3.3884756552417654,1.0,69821632.0,1.0,ok
ska_mid1_interferom,2.444967575963338,0.01,0.0320444003703583,0.0320444003703583,11.479445051644486,3.3881329743155724,0.9997977476404291,69803576.0,0.9997413981959058,ok
ska_mid1_interferom,2.444967575963338,0.02,0.0420444003703583,0.0420444003703583,11.47335397248915,3.387233970733222,0.9992672474992805,69755784.0,0.9990569111876388,ok
ska_mid1_interferom,2.444967575963338,0.03,0.052044400370358304,0.052044400370358304,11.461964639575491,3.385552338921301,0.9982752980328233,69670584.0,0.997836658988435,ok
ska_mid1_interferom,2.454967563507713,0.0,0.022044400370358302,0.022044400370358302,11.68332125681377,3.41808736822419,1.0,69821632.0,1.0,ok
ska_mid1_interferom,2.454967563507713,0.01,0.0320444003703583,0.0320444003703583,11.680971995235502,3.4177436994654093,0.9997989217683373,69803576.0,0.9997413981959058,ok
ska_mid1_interferom,2.454967563507713,0.02,0.0420444003703583,0.0420444003703583,11.674797222612877,3.416840239550699,0.9992704100132553,69755784.0,0.9990569111876388,ok
ska_mid1_interferom,2.454967563507713,0.03,0.052044400370358304,0.052044400370358304,11.663246523572035,3.415149560937564,0.9982817614272117,69670584.0,0.997836658988435,ok
ska_mid1_interferom,2.4649675512239746,0.0,0.021723236892843983,0.022044400370358302,11.888835405143464,3.44801905521757,1.0,69823671.95207062,1.0,ok
ska_mid1_interferom,2.4649675512239746,0.01,0.03172323689284398,0.0320444003703583,11.88650363061899,3.447680906148217,0.9998038685501974,69805975.94361249,0.9997465614745915,ok
ska_mid1_interferom,2.4649675512239746,0.02,0.04172323689284398,0.0420444003703583,11.880293412332088,3.4467801514358425,0.9992815113911259,69758531.9354363,0.999067078330125,ok
ska_mid1_interferom,2.4649675512239746,0.03,0.051723236892843985,0.052044400370358304,11.868639586812813,3.445089198672919,0.9983012786667134,69673723.92622633,0.9978524757914877,ok
ska_mid1_interferom,2.474967539109472,0.0,0.0216306000661307,0.02167696796514115,12.098956352618488,3.478355409186716,1.0,69831831.94350958,1.0,ok
ska_mid1_interferom,2.474967539109472,0.01,0.0316306000661307,0.03167696796514115,12.096623323545462,3.4780200292041825,0.9998071710480614,69814379.94627872,0.999750085358709,ok
ska_mid1_interferom,2.474967539109472,0.02,0.0416306000661307,0.04167696796514115,12.090400931365597,3.4771253833253692,0.9992928794018634,69767455.9479402,0.999078128214917,ok
ska_mid1_interferom,2.474967539109472,0.03,0.0516306000661307,0.05167696796514115,12.078652055300026,3.475435520233403,0.9983218141526671,69683071.94439569,0.9978697394157692,ok
ska_mid1_interferom,2.4849675271616034,0.0,0.0216306000661307,0.0216306000661307,12.312054161162685,3.508853681925578,1.0,69833872.0,1.0,ok
ska_mid1_interferom,2.4849675271616034,0.01,0.0316306000661307,0.0316306000661307,12.309679539305595,3.5085152898776992,0.9998071303272381,69816320.0,0.9997486606499494,ok
ska_mid1_interferom,2.4849675271616034,0.02,0.0416306000661307,0.0416306000661307,12.303363353296524,3.5076150520398506,0.9992941220244486,69769336.0,0.9990758639303289,ok
ska_mid1_interferom,2.4849675271616034,0.03,0.0516306000661307,0.0516306000661307,12.291467313802219,3.5059188972082937,0.9983279112412122,69685080.0,0.9978693434040146,ok
ska_mid1_interferom,2.4949675153778075,0.0,0.021490896128321564,0.021490896128321564,12.52872669513696,3.5395941427142406,1.0,69837952.0,1.0,ok
ska_mid1_interferom,2.4949675153778075,0.01,0.031490896128321566,0.031490896128321566,12.526356916271821,3.5392593739752702,0.9998108523776754,69820664.0,0.999752455513014,ok
ska_mid1_interferom,2.4949675153778075,0.02,0.04149089612832156,0.04149089612832156,12.519951139458168,3.5383542981813125,0.9992995652397623,69773640.0,0.99907912534434,ok
ska_mid1_interferom,2.4949675153778075,0.03,0.05149089612832156,0.05149089612832156,12.508052213555569,3.53667247756356,0.9983498337792446,69690488.0,0.9978884833278043,ok
ska_mid1_interferom,2.5049675037555765,0.0,0.02130319911738277,0.021490896128321564,12.748601157146762,3.5705183317197466,1.0,69843051.79631448,1.0,ok
ska_mid1_interferom,2.5049675037555765,0.01,0.03130319911738277,0.031490896128321566,12.746201967013047,3.5701823436644027,0.9998118075776203,69825775.79583523,0.9997526453951406,ok
ska_mid1_interferom,2.5049675037555765,0.02,0.04130319911738277,0.04149089612832156,12.739739032899799,3.569277102285531,0.9993048551650707,69778959.78752805,0.999082342378547,ok
ska_mid1_interferom,2.5049675037555765,0.03,0.051303199117382764,0.05149089612832156,12.727668734949821,3.567585841286769,0.9983580612540219,69695743.7900841,0.9978908709965885,ok
ska_mid1_interferom,2.514967492292447,0.0,0.02130319911738277,0.02130319911738277,12.971197330321706,3.6015548489953204,1.0,69848152.0,1.0,ok
ska_mid1_interferom,2.514967492292447,0.01,0.03130319911738277,0.03130319911738277,12.968768453339592,3.601217634820144,0.999812748436381,69830888.0,0.9997528352647039,ok
ska_mid1_interferom,2.514967492292447,0.02,0.04130319911738277,0.04130319911738277,12.962247996503873,3.600312208198599,0.999310061084576,69784280.0,0.9990855591999055,ok
ska_mid1_interferom,2.514967492292447,0.03,0.051303199117382764,0.051303199117382764,12.95000447671342,3.598611465095033,0.9983661605734157,69701000.0,0.9978932585073976,ok
ska_mid1_interferom,2.524967480985998,0.0,0.021113833590123067,0.02130319911738277,13.196179095253731,3.6326545521496714,1.0,69852231.80487013,1.0,ok
ska_mid1_interferom,2.524967480985998,0.01,0.03111383359012307,0.03130319911738277,13.193720457346696,3.6323161284979997,0.9998136856214752,69834975.80448753,0.9997529642226636,ok
ska_mid1_interferom,2.524967480985998,0.02,0.041113833590123064,0.04130319911738277,13.187160338977694,3.631412994824149,0.9993165630588265,69788699.78860933,0.9990904797939989,ok
ska_mid1_interferom,2.524967480985998,0.03,0.051113833590123066,0.051303199117382764,13.17476459374131,3.629705854988984,0.9983772195453059,69705507.78440064,0.9978995084812844,ok
ska_mid1_interferom,2.534967469833852,0.0,0.021113833590123067,0.021113833590123067,13.424224599301159,3.663908377580034,1.0,69856312.0,1.0,ok
ska_mid1_interferom,2.534967469833852,0.01,0.03111383359012307,0.03111383359012307,13.42173588442918,3.6635687361409204,0.9998146101584067,69839064.0,0.9997530931778935,ok
ska_mid1_interferom,2.534967469833852,0.02,0.041113833590123064,0.041113833590123064,13.415135973739062,3.662667876526489,0.9993229683029462,69793120.0,0.9990954002839428,ok
ska_mid1_interferom,2.534967469833852,0.03,0.051113833590123066,0.051113833590123066,13.40258609315207,3.660954259909849,0.9983881001104365,69710016.0,0.9979057583228843,ok
ska_mid1_interferom,2.544967458833669,0.0,0.02097068730511288,0.02097068730511288,13.655957253397265,3.6953967653551443,1.0,69860392.0,1.0,ok
ska_mid1_interferom,2.544967458833669,0.01,0.030970687305112883,0.030970687305112883,13.65345852335458,3.695058663046445,0.9998170227105783,69843296.0,0.9997552833657161,ok
ska_mid1_interferom,2.544967458833669,0.02,0.040970687305112885,0.040970687305112885,13.646802986807613,3.6941579536895297,0.9993296503189203,69797568.0,0.9991007207632044,ok
ska_mid1_interferom,2.544967458833669,0.03,0.05097068730511288,0.05097068730511288,13.63421165055015,3.692453337626645,0.9984076105070038,69715280.0,0.997922828718167,ok
ska_mid1_interferom,2.5549674479831586,0.0,0.02097068730511288,0.02097068730511288,13.891154108345567,3.72708386119035,1.0,69860392.0,1.0,ok
ska_mid1_interferom,2.5549674479831586,0.01,0.030970687305112883,0.030970687305112883,13.88862669677578,3.7267447855703484,0.999818056041271,69843296.0,0.9997552833657161,ok
ska_mid1_interferom,2.5549674479831586,0.02,0.040970687305112885,0.040970687305112885,13.881880965149202,3.725839632237169,0.9993324425656761,69797568.0,0.9991007207632044,ok
ska_mid1_interferom,2.5549674479831586,0.03,0.05097068730511288,0.05097068730511288,13.869114707433486,3.724126032699952,0.9984134218985562,69715280.0,0.997922828718167,ok
ska_mid1_interferom,2.564967437280067,0.0,0.02097068730511288,0.02097068730511288,14.130404007602479,3.7590429643198386,1.0,69860392.0,1.0,ok
ska_mid1_interferom,2.564967437280067,0.01,0.030970687305112883,0.030970687305112883,14.12784760612804,3.7587029153855775,0.9998190850400976,69843296.0,0.9997552833657161,ok
ska_mid1_interferom,2.564967437280067,0.02,0.040970687305112885,0.040970687305112885,14.121010656073105,3.757793322692602,0.999335238290121,69797568.0,0.9991007207632044,ok
ska_mid1_interferom,2.564967437280067,0.03,0.05097068730511288,0.05097068730511288,14.108067562744305,3.75607076114712,0.9984192635365445,69715280.0,0.997922828718167,ok
ska_mid1_interferom,2.574967426722183,0.0,0.02068142259138982,0.02068142259138982,14.374368348190606,3.7913544213368664,1.0,69864472.0,1.0,ok
ska_mid1_interferom,2.574967426722183,0.01,0.03068142259138982,0.03068142259138982,14.37187771020066,3.791025944279551,0.9998267306131571,69848040.0,0.9997648017722084,ok
ska_mid1_interferom,2.574967426722183,0.02,0.04068142259138982,0.04068142259138982,14.365028570994212,3.790122500789943,0.9993502478181889,69802792.0,0.9991171478401784,ok
ska_mid1_interferom,2.574967426722183,0.03,0.050681422591389816,0.050681422591389816,14.352102247002565,3.78841685232797,0.9984509857651697,69721640.0,0.9979555846353494,ok
ska_mid1_interferom,2.5849674163073297,0.0,0.02068142259138982,0.02068142259138982,14.62201787380037,3.8238747199405436,1.0,69864472.0,1.0,ok
ska_mid1_interferom,2.5849674163073297,0.01,0.03068142259138982,0.03068142259138982,14.619498743060763,3.8235453107110895,0.9998277166146732,69848040.0,0.9997648017722084,ok
ska_mid1_interferom,2.5849674163073297,0.02,0.04068142259138982,0.04068142259138982,14.61255711810537,3.822637455750332,0.9993529787901605,69802792.0,0.9991171478401784,ok
ska_mid1_interferom,2.5849674163073297,0.03,0.050681422591389816,0.050681422591389816,14.599452115441826,3.820922940264803,0.9984567274808919,69721640.0,0.9979555846353494,ok
ska_mid1_interferom,2.594967406033375,0.0,0.020486310469193823,0.020486310469193823,14.874152434458992,3.8567022745422017,1.0,69868552.0,1.0,ok
ska_mid1_interferom,2.594967406033375,0.01,0.030486310469193825,0.030486310469193825,14.871633991080856,3.8563757585433573,0.9998306832346089,69852336.0,0.9997679070263257,ok
ska_mid1_interferom,2.594967406033375,0.02,0.04048631046919382,0.04048631046919382,14.864729706722862,3.8554804767658806,0.9993665032157194,69807896.0,0.9991318554877164,ok
ska_mid1_interferom,2.594967406033375,0.03,0.05048631046919382,0.05048631046919382,14.851501329889778,3.853764565965308,0.9984771498968413,69727024.0,0.9979743676382473,ok
ska_mid1_interferom,2.604967395898211,0.0,0.020338748088749563,0.020486310469193823,15.130234974108575,3.88976027206158,1.0,69872631.68461102,1.0,ok
ska_mid1_interferom,2.604967395898211,0.01,0.030338748088749562,0.030486310469193825,15.127685104093977,3.8894324912632148,0.9998314718826931,69856419.68430181,0.9997679778202374,ok
ska_mid1_interferom,2.604967395898211,0.02,0.040338748088749564,0.04048631046919382,15.120666158680772,3.8885300768646207,0.9993675699389879,69811839.69512397,0.9991299599282097,ok
ska_mid1_interferom,2.604967395898211,0.03,0.050338748088749566,0.05048631046919382,15.107345920402533,3.8868169393994534,0.998487197737166,69731487.65492734,0.9979799811989225,ok
ska_mid1_interferom,2.614967385899783,0.0,0.020338748088749563,0.020338748088749563,15.390125942503321,3.9230251009270027,1.0,69876712.0,1.0,ok
ska_mid1_interferom,2.614967385899783,0.01,0.030338748088749562,0.030338748088749562,15.387544328192291,3.922696053506095,0.9998322551536827,69860503.99999999,0.9997680486168266,ok
ska_mid1_interferom,2.614967385899783,0.02,0.040338748088749564,0.040338748088749564,15.380409302532325,3.921786493746482,0.9993686445447362,69815784.0,0.999128064297015,ok
ska_mid1_interferom,2.614967385899783,0.03,0.050338748088749566,0.050338748088749566,15.366996954798484,3.9200761414542047,0.9984971540979427,69735952.0,0.9979855949718985,ok
ska_mid1_interferom,2.624967376036063,0.0,0.020190107255659326,0.020190107255659326,15.653791787378855,3.9564873040841233,1.0,69880792.0,1.0,ok
ska_mid1_interferom,2.624967376036063,0.01,0.030190107255659328,0.030190107255659328,15.651216651976572,3.956161858667637,0.9998354944643917,69864832.0,0.9997716110601609,ok
ska_mid1_interferom,2.624967376036063,0.02,0.04019010725565933,0.04019010725565933,15.644083549653047,3.9552602379177335,0.999379815583491,69820688.0,0.99913990671428,ok
ska_mid1_interferom,2.624967376036063,0.03,0.050190107255659325,0.050190107255659325,15.630485227757186,3.9535408468557884,0.9985111236984472,69740776.0,0.9979963592856819,ok
ska_mid1_interferom,2.6349673663050592,0.0,0.020090402412926,0.020190107255659326,15.921099179363347,3.990125208481978,1.0,69883851.73208907,1.0,ok
ska_mid1_interferom,2.6349673663050592,0.01,0.030090402412926,0.030190107255659328,15.91848389158087,3.9897974750080825,0.999835734470779,69867839.73664181,0.9997708770330999,ok
ska_mid1_interferom,2.6349673663050592,0.02,0.040090402412925996,0.04019010725565933,15.911284452872888,3.9888951418748637,0.9993835396425907,69823863.72193298,0.9991416041235668,ok
ska_mid1_interferom,2.6349673663050592,0.03,0.050090402412926,0.050190107255659325,15.897542550770378,3.9871722499498787,0.9985204144307133,69744171.70267141,0.9980012545680346,ok
ska_mid1_interferom,2.6449673567048158,0.0,0.020090402412926,0.020090402412926,16.192273759680965,4.0239624451131455,1.0,69886912.0,1.0,ok
ska_mid1_interferom,2.6449673567048158,0.01,0.030090402412926,0.030090402412926,16.18961783573596,4.023632418069021,0.9998359758496908,69870848.0,0.9997701429417857,ok
ska_mid1_interferom,2.6449673567048158,0.02,0.040090402412925996,0.040090402412925996,16.182351352907837,4.022729341244305,0.9993872134994508,69827040.0,0.9991433016814364,ok
ska_mid1_interferom,2.6449673567048158,0.03,0.050090402412926,0.050090402412926,16.168464307657842,4.021002898240418,0.9985295794539734,69747568.0,0.9980061502788963,ok
ska_mid1_interferom,2.654967347233412,0.0,0.019889493340702627,0.019939910388231844,16.467797231851748,4.058053379620794,1.0,69892011.9039576,1.0,ok
ska_mid1_interferom,2.654967347233412,0.01,0.02988949334070263,0.029939910388231843,16.46514003307309,4.057725968208437,0.9998386427315539,69876151.89303514,0.9997730783462886,ok
ska_mid1_interferom,2.654967347233412,0.02,0.03988949334070263,0.039939910388231845,16.45780712985456,4.05682229458656,0.9993933552947893,69832495.89077532,0.9991484575767533,ok
ska_mid1_interferom,2.654967347233412,0.03,0.049889493340702626,0.04993991038823184,16.443841690559665,4.0551007004215895,0.9985453099188185,69753599.89604823,0.9980196305108576,ok
ska_mid1_interferom,2.6649673378889505,0.0,0.01978827388804111,0.019889493340702627,16.747144146187637,4.092327472989868,1.0,69895071.8013117,1.0,ok
ska_mid1_interferom,2.6649673378889505,0.01,0.02978827388804111,0.02988949334070263,16.74446542938427,4.092000174655944,0.9998400493373686,69879279.80598673,0.9997740613906247,ok
ska_mid1_interferom,2.6649673378889505,0.02,0.03978827388804111,0.03988949334070263,16.737068801695315,4.091096283601171,0.9993983843212686,69835807.79040332,0.9991521002928955,ok
ska_mid1_interferom,2.6649673378889505,0.03,0.04978827388804111,0.049889493340702626,16.72293035939262,4.089367965761044,0.9985541542734898,69756975.77871579,0.9980242380608969,ok
ska_mid1_interferom,2.67496732866958,0.0,0.019737469506683664,0.019737469506683664,17.031202478215526,4.126887747227386,1.0,69901192.0,1.0,ok
ska_mid1_interferom,2.67496732866958,0.01,0.029737469506683663,0.029737469506683663,17.028470695415784,4.126556760231923,0.9998396012963127,69885296.0,0.9997725932913991,ok
ska_mid1_interferom,2.67496732866958,0.02,0.039737469506683665,0.039737469506683665,17.020982562262887,4.125649350376603,0.9993999298660379,69841856.0,0.9991511446614529,ok
ska_mid1_interferom,2.67496732866958,0.03,0.04973746950668366,0.04973746950668366,17.006730044819488,4.123921682672877,0.9985630824701109,69763416.0,0.9980289892624434,ok
ska_mid1_interferom,2.684967319573474,0.0,0.019737469506683664,0.019737469506683664,17.318687286799477,4.161572693922272,1.0,69901192.0,1.0,ok
ska_mid1_interferom,2.684967319573474,0.01,0.029737469506683663,0.029737469506683663,17.315924737230674,4.1612407689571,0.9998404873577855,69885296.0,0.9997725932913991,ok
ska_mid1_interferom,2.684967319573474,0.02,0.039737469506683665,0.039737469506683665,17.30833702288095,4.160328956090004,0.9994023644086225,69841856.0,0.9991511446614529,ok
ska_mid1_interferom,2.684967319573474,0.03,0.04973746950668366,0.04973746950668366,17.293891436723793,4.158592482646478,0.9985682604192188,69763416.0,0.9980289892624434,ok
ska_mid1_interferom,2.694967310598838,0.0,0.019737469506683664,0.019737469506683664,17.610347062298136,4.196468403586298,1.0,69901192.0,1.0,ok
ska_mid1_interferom,2.694967310598838,0.01,0.029737469506683663,0.029737469506683663,17.607553382620303,4.196135529581987,0.9998413614639194,69885296.0,0.9997725932913991,ok
ska_mid1_interferom,2.694967310598838,0.02,0.039737469506683665,0.039737469506683665,17.59986468209341,4.195219265079408,0.9994047601578979,69841856.0,0.9991511446614529,ok
ska_mid1_interferom,2.694967310598838,0.03,0.04973746950668366,0.04973746950668366,17.58522391688578,4.193473967593668,0.9985733872635514,69763416.0,0.9980289892624434,ok
ska_mid1_interferom,2.7049673017439084,0.0,0.019737469506683664,0.019737469506683664,17.906060019723576,4.231555271968402,1.0,69901192.0,1.0,ok
ska_mid1_interferom,2.7049673017439084,0.01,0.029737469506683663,0.029737469506683663,17.90323488424414,4.231221441173239,0.9998422246168992,69885296.0,0.9997725932913991,ok
ska_mid1_interferom,2.7049673017439084,0.02,0.039737469506683665,0.039737469506683665,17.89544372147509,4.230300665611735,0.9994071114339619,69841856.0,0.9991511446614529,ok
ska_mid1_interferom,2.7049673017439084,0.03,0.04973746950668366,0.04973746950668366,17.880605219296996,4.228546466493776,0.9985784253823263,69763416.0,0.9980289892624434,ok
ska_mid1_interferom,2.714967293006952,0.0,0.019737469506683664,0.019737469506683664,18.20631461528705,4.266885821683895,1.0,69901192.0,1.0,ok
ska_mid1_interferom,2.714967293006952,0.01,0.029737469506683663,0.029737469506683663,18.203457667129307,4.266551027132959,0.9998430792712247,69885296.0,0.9997725932913991,ok
ska_mid1_interferom,2.714967293006952,0.02,0.039737469506683665,0.039737469506683665,18.195562809345994,4.2656257230734616,0.9994094463284718,69841856.0,0.9991511446614529,ok
ska_mid1_interferom,2.714967293006952,0.03,0.04973746950668366,0.04973746950668366,18.18052438552622,4.263862613350273,0.9985834458919448,69763416.0,0.9980289892624434,ok
ska_mid1_interferom,2.724967284386259,0.0,0.019326227127930837,0.019326227127930837,18.512970995454005,4.302670216906474,1.0,69909352.0,1.0,ok
ska_mid1_interferom,2.724967284386259,0.01,0.029326227127930836,0.029326227127930836,18.510180837655824,4.3023459690796395,0.99984928633017,69894056.0,0.9997812023776161,ok
ska_mid1_interferom,2.724967284386259,0.02,0.03932622712793084,0.03932622712793084,18.502387257261752,4.301440137589009,0.9994283068776562,69851656.0,0.9991747026921377,ok
ska_mid1_interferom,2.724967284386259,0.03,0.04932622712793083,0.04932622712793083,18.487383876701898,4.29969578885552,0.9986178815513518,69774296.0,0.9980681268508969,ok
ska_mid1_interferom,2.7349672758801584,0.0,0.019326227127930837,0.019326227127930837,18.82396086217954,4.338658878291717,1.0,69909352.0,1.0,ok
ska_mid1_interferom,2.7349672758801584,0.01,0.029326227127930836,0.029326227127930836,18.82113939948131,4.338333712323351,0.9998501132296818,69894056.0,0.9997812023776161,ok
ska_mid1_interferom,2.7349672758801584,0.02,0.03932622712793084,0.03932622712793084,18.81324256619103,4.337423493987073,0.9994306035766338,69851656.0,0.9991747026921377,ok
ska_mid1_interferom,2.7349672758801584,0.03,0.04932622712793083,0.04932622712793083,18.798037857291536,4.335670404596218,0.9986228719302064,69774296.0,0.9980681268508969,ok
ska_mid1_interferom,2.7449672674870023,0.0,0.019117288804559106,0.019326227127930837,19.14031396313621,4.3749644527854405,1.0,69911391.7515603,1.0,ok
ska_mid1_interferom,2.7449672674870023,0.01,0.029117288804559105,0.029326227127930836,19.137488023851247,4.374641473749734,0.9998523566912013,69896255.73207483,0.9997834970938747,ok
ska_mid1_interferom,2.7449672674870023,0.02,0.03911728880455911,0.03932622712793084,19.12952619945799,4.3737313817217895,0.9994363852286333,69854047.70869228,0.9991797611028572,ok
ska_mid1_interferom,2.7449672674870023,0.03,0.04911728880455911,0.04932622712793083,19.114257464256276,4.371985528825121,0.9986386587529275,69777347.62831472,0.9980826569191766,ok
ska_mid1_interferom,2.7549672592051686,0.0,0.019064696438602396,0.019064696438602396,19.461742237950595,4.411546467844422,1.0,69917512.0,1.0,ok
ska_mid1_interferom,2.7549672592051686,0.01,0.0290646964386024,0.0290646964386024,19.45889958221347,4.411224272490968,0.9998539362148378,69902488.0,0.9997851182118723,ok
ska_mid1_interferom,2.7549672592051686,0.02,0.0390646964386024,0.0390646964386024,19.450923973214113,4.410320166746867,0.9994441266046887,69860728.0,0.9991878429541372,ok
ska_mid1_interferom,2.7549672592051686,0.03,0.049064696438602395,0.049064696438602395,19.435499275590548,4.408571114952162,0.9986515615077425,69784208.0,0.9980934104176934,ok
ska_mid1_interferom,2.7649672510330667,0.0,0.01895907403894859,0.019064696438602396,19.78687292135662,4.44824380192415,1.0,69919551.73993269,1.0,ok
ska_mid1_interferom,2.7649672510330667,0.01,0.02895907403894859,0.0290646964386024,19.784003267092068,4.4479212298659325,0.9998549718151041,69904563.73534326,0.9997856392923518,ok
ska_mid1_interferom,2.7649672510330667,0.02,0.03895907403894859,0.0390646964386024,19.775929895756704,4.447013592935905,0.9994469552797247,69862831.7317737,0.9991887818679108,ok
ska_mid1_interferom,2.7649672510330667,0.03,0.048959074038948586,0.049064696438602395,19.760341085373312,4.445260519404156,0.998659119301531,69786495.70831665,0.9980970125193174,ok
ska_mid1_interferom,2.774967242969132,0.0,0.01895907403894859,0.01895907403894859,20.11621095942797,4.4851099160921315,1.0,69921592.0,1.0,ok
ska_mid1_interferom,2.774967242969132,0.01,0.02895907403894859,0.02895907403894859,20.113314072416642,4.484786959535162,0.9998559924124294,69906640.0,0.9997861604752936,ok
ska_mid1_interferom,2.774967242969132,0.02,0.03895907403894859,0.03895907403894859,20.105141734076987,4.483875749179162,0.9994497360674279,69864936.0,0.9991897209663075,ok
ska_mid1_interferom,2.774967242969132,0.03,0.048959074038948586,0.048959074038948586,20.08938717351573,4.482118603240629,0.9986665587288609,69788784.0,0.9981006153292391,ok
ska_mid1_interferom,2.784967235011817,0.0,0.01895907403894859,0.01895907403894859,20.4495521488231,4.522118104254145,1.0,69921592.0,1.0,ok
ska_mid1_interferom,2.784967235011817,0.01,0.02895907403894859,0.02895907403894859,20.446622977171053,4.521794221011285,0.9998567610854884,69906640.0,0.9997861604752936,ok
ska_mid1_interferom,2.784967235011817,0.02,0.03895907403894859,0.03895907403894859,20.438343116094323,4.520878577897699,0.9994518690361921,69864936.0,0.9991897209663075,ok
ska_mid1_interferom,2.784967235011817,0.03,0.048959074038948586,0.048959074038948586,20.42237913911003,4.519112649526456,0.9986712173687075,69788784.0,0.9981006153292391,ok
ska_mid1_interferom,2.794967227159612,0.0,0.01869240711385303,0.01895907403894859,20.788087766383754,4.559395548357672,1.0,69923631.72306186,1.0,ok
ska_mid1_interferom,2.794967227159612,0.01,0.028692407113853027,0.02895907403894859,20.78517420073343,4.559076024890727,0.9998598444607765,69908939.68776582,0.9997898845507021,ok
ska_mid1_interferom,2.794967227159612,0.02,0.03869240711385303,0.03895907403894859,20.776867444079752,4.558164920675837,0.9994602523122812,69867607.63726534,0.999198781807867,ok
ska_mid1_interferom,2.794967227159612,0.03,0.04869240711385303,0.048959074038948586,20.760802812102085,4.556402397956318,0.9986874716622185,69791927.57318947,0.9981164572458991,ok
ska_mid1_interferom,2.804967219411028,0.0,0.01869240711385303,0.01869240711385303,21.13234400411013,4.59699293061346,1.0,69925672.0,1.0,ok
ska_mid1_interferom,2.804967219411028,0.01,0.028692407113853027,0.028692407113853027,21.129446513167917,4.596677769124993,0.9998628883316659,69911240.0,0.9997936094200138,ok
ska_mid1_interferom,2.804967219411028,0.02,0.03869240711385303,0.03869240711385303,21.12111310883119,4.595771220244888,0.9994685447446455,69870280.0,0.9992078445810288,ok
ska_mid1_interferom,2.804967219411028,0.03,0.04869240711385303,0.04869240711385303,21.104947457942757,4.594012130800566,0.998703572771575,69795072.0,0.9981323025397596,ok
ska_mid1_interferom,2.8149672117645994,0.0,0.018530565045012437,0.01869240711385303,21.4829782964857,4.634973386815258,1.0,69929751.42436513,1.0,ok
ska_mid1_interferom,2.8149672117645994,0.01,0.02853056504501244,0.028692407113853027,21.480027413255858,4.634655047924911,0.9998626408690118,69915235.43621644,0.9997924204240253,ok
ska_mid1_interferom,2.8149672117645994,0.02,0.03853056504501244,0.03869240711385303,21.47160394707626,4.63374621090498,0.9994705413163639,69874355.42492948,0.9992078336000442,ok
ska_mid1_interferom,2.8149672117645994,0.03,0.048530565045012436,0.04869240711385303,21.4552730652485,4.631983707360002,0.998710363579256,69799343.39727643,0.9981351567189575,ok
ska_mid1_interferom,2.824967204218885,0.0,0.018476302658989287,0.018530565045012437,21.83933272499564,4.6732571858389775,1.0,69936891.56027529,1.0,ok
ska_mid1_interferom,2.824967204218885,0.01,0.02847630265898929,0.02853056504501244,21.83631565327812,4.672934372883716,0.9998618514697537,69922247.56659812,0.9997906113161386,ok
ska_mid1_interferom,2.824967204218885,0.02,0.038476302658989284,0.03853056504501244,21.827785095471164,4.672021521297945,0.9994712462294574,69881367.57809418,0.9992060845007209,ok
ska_mid1_interferom,2.824967204218885,0.03,0.048476302658989286,0.048530565045012436,21.81127241801327,4.670253999303815,0.9987151481533018,69806471.58959025,0.9981351763314698,ok
ska_mid1_interferom,2.83496719677247,0.0,0.018476302658989287,0.018476302658989287,22.199713682561487,4.711657211911907,1.0,69939952.0,1.0,ok
ska_mid1_interferom,2.83496719677247,0.01,0.02847630265898929,0.02847630265898929,22.196650927450484,4.711332181819754,0.9998620362787197,69925264.0,0.9997899912770887,ok
ska_mid1_interferom,2.83496719677247,0.02,0.038476302658989284,0.038476302658989284,22.187992728079255,4.710413222646104,0.9994720222679521,69884304.0,0.9992043460367259,ok
ska_mid1_interferom,2.83496719677247,0.03,0.048476302658989286,0.048476302658989286,22.171248621176886,4.708635537093191,0.9987177734906121,69809328.0,0.9981323407256556,ok
ska_mid1_interferom,2.844967189423955,0.0,0.018476302658989287,0.018476302658989287,22.564530711636515,4.750213754310064,1.0,69939952.0,1.0,ok
ska_mid1_interferom,2.844967189423955,0.01,0.02847630265898929,0.02847630265898929,22.561433943829282,4.749887782235416,0.9998627594853707,69925264.0,0.9997899912770887,ok
ska_mid1_interferom,2.844967189423955,0.02,0.038476302658989284,0.038476302658989284,22.552662539450502,4.748964364937949,0.9994740341672653,69884304.0,0.9992043460367259,ok
ska_mid1_interferom,2.844967189423955,0.03,0.048476302658989286,0.048476302658989286,22.535700525315523,4.7471781644799815,0.9987223228043416,69809328.0,0.9981323407256556,ok
ska_mid1_interferom,2.8549671821719724,0.0,0.018476302658989287,0.018476302658989287,22.934717668414642,4.789020533304764,1.0,69939952.0,1.0,ok
ska_mid1_interferom,2.8549671821719724,0.01,0.02847630265898929,0.02847630265898929,22.93158652190777,4.788693613284083,0.9998634756899064,69925264.0,0.9997899912770887,ok
ska_mid1_interferom,2.8549671821719724,0.02,0.038476302658989284,0.038476302658989284,22.922700616101295,4.787765722766863,0.9994760322543714,69884304.0,0.9992043460367259,ok
ska_mid1_interferom,2.8549671821719724,0.03,0.048476302658989286,0.048476302658989286,22.90551943446403,4.785971106731008,0.9987268980428382,69809328.0,0.9981323407256556,ok
ska_mid1_interferom,2.864967175015173,0.0,0.01820256452377696,0.01820256452377696,23.311465523460747,4.828194851438863,1.0,69944032.0,1.0,ok
ska_mid1_interferom,2.864967175015173,0.01,0.02820256452377696,0.02820256452377696,23.308371262763714,4.827874404203543,0.9998672644285741,69929704.0,0.9997951504997595,ok
ska_mid1_interferom,2.864967175015173,0.02,0.03820256452377696,0.03820256452377696,23.299572343798012,4.826963055980231,0.9994898141581546,69889608.0,0.9992218921551449,ok
ska_mid1_interferom,2.864967175015173,0.03,0.048202564523776956,0.048202564523776956,23.282429014077337,4.825186940842535,0.9987544108132461,69815672.0,0.9981648184079522,ok
ska_mid1_interferom,2.874967167952231,0.0,0.01809190961066684,0.01820256452377696,23.693742008015363,4.867621802072893,1.0,69945051.84061068,1.0,ok
ska_mid1_interferom,2.874967167952231,0.01,0.02809190961066684,0.02820256452377696,23.690647154125895,4.86730388964218,0.9998693809577052,69930883.81560844,0.999797440639053,ok
ska_mid1_interferom,2.874967167952231,0.02,0.038091909610666844,0.03820256452377696,23.68175825432983,4.866390680404711,0.9994942228339668,69890883.8006071,0.9992255629443664,ok
ska_mid1_interferom,2.874967167952231,0.03,0.04809190961066684,0.048202564523776956,23.66447100429538,4.864614168081101,0.9987646103468975,69817255.75247777,0.9981729073784357,ok
ska_mid1_interferom,2.8849671609818386,0.0,0.01809190961066684,0.01809190961066684,24.082237292527992,4.907365616349366,1.0,69946072.0,1.0,ok
ska_mid1_interferom,2.8849671609818386,0.01,0.02809190961066684,0.02809190961066684,24.07914205809908,4.90705024002191,0.9998714723058612,69932064.0,0.9997997314273773,ok
ska_mid1_interferom,2.8849671609818386,0.02,0.038091909610666844,0.038091909610666844,24.07016251311684,4.906135191076255,0.9994986022575695,69892160.0,0.9992292347738984,ok
ska_mid1_interferom,2.8849671609818386,0.03,0.04809190961066684,0.04809190961066684,24.05273140637405,4.904358409249272,0.9987747863375179,69818840.0,0.9981809986413533,ok
ska_mid1_interferom,2.8949671541027158,0.0,0.017980573724962583,0.017980573724962583,24.478098759072463,4.947534614236919,1.0,69950152.0,1.0,ok
ska_mid1_interferom,2.8949671541027158,0.01,0.027980573724962585,0.027980573724962585,24.47496300128958,4.947217703041739,0.9998718953700716,69936136.0,0.9997996287413357,ok
ska_mid1_interferom,2.8949671541027158,0.02,0.03798057372496258,0.03798057372496258,24.465878069641168,4.946299431862285,0.9995007500561388,69896264.0,0.9992296228319847,ok
ska_mid1_interferom,2.8949671541027158,0.03,0.04798057372496258,0.04798057372496258,24.448228017050155,4.944514942544936,0.9987796951750088,69822936.0,0.9981813334730137,ok
ska_mid1_interferom,2.904967147313593,0.0,0.017980573724962583,0.017980573724962583,24.880343245982733,4.988019972492365,1.0,69950152.0,1.0,ok
ska_mid1_interferom,2.904967147313593,0.01,0.027980573724962585,0.027980573724962585,24.877172864658835,4.987702162785869,0.9998725748558791,69936136.0,0.9997996287413357,ok
ska_mid1_interferom,2.904967147313593,0.02,0.03798057372496258,0.03798057372496258,24.867970523257036,4.986779574360294,0.9995027109311406,69896264.0,0.9992296228319847,ok
ska_mid1_interferom,2.904967147313593,0.03,0.04798057372496258,0.04798057372496258,24.850097583646257,4.984987220008318,0.9987843551016379,69822936.0,0.9981813334730137,ok
ska_mid1_interferom,2.9149671406132303,0.0,0.017812265118626214,0.017812265118626214,25.29064267616137,5.028980281941993,1.0,69954232.0,1.0,ok
ska_mid1_interferom,2.9149671406132303,0.01,0.027812265118626216,0.027812265118626216,25.287487691025376,5.0286665917542575,0.999875250891154,69940464.0,0.9998031856028382,ok
ska_mid1_interferom,2.9149671406132303,0.02,0.03781226511862622,0.03781226511862622,25.278273578231012,5.027750349632628,0.9995109219607924,69901008.0,0.99923915968372,ok
ska_mid1_interferom,2.9149671406132303,0.03,0.04781226511862621,0.04781226511862621,25.260336715090663,5.025966246911201,0.9988016927264853,69828288.0,0.9981996228619878,ok
ska_mid1_interferom,2.924967134000404,0.0,0.017812265118626214,0.017812265118626214,25.706737070784897,5.070181167451997,1.0,69954232.0,1.0,ok
ska_mid1_interferom,2.924967134000404,0.01,0.027812265118626216,0.027812265118626216,25.703547265828284,5.069866592507961,0.9998759156034533,69940464.0,0.9998031856028382,ok
ska_mid1_interferom,2.924967134000404,0.02,0.03781226511862622,0.03781226511862622,25.694214047499994,5.068946048982963,0.9995128505321224,69901008.0,0.99923915968372,ok
ska_mid1_interferom,2.924967134000404,0.03,0.04781226511862621,0.04781226511862621,25.676052689645687,5.067154298977453,0.9988063681106351,69828288.0,0.9981996228619878,ok
ska_mid1_interferom,2.9349671274739118,0.0,0.017812265118626214,0.017812265118626214,26.12805924379225,5.111561331314753,1.0,69954232.0,1.0,ok
ska_mid1_interferom,2.9349671274739118,0.01,0.027812265118626216,0.027812265118626216,26.12483418487242,5.111245854473489,0.9998765672226269,69940464.0,0.9998031856028382,ok
ska_mid1_interferom,2.9349671274739118,0.02,0.03781226511862622,0.03781226511862622,26.11538020649407,5.110320949460422,0.9995147348228249,69901008.0,0.99923915968372,ok
ska_mid1_interferom,2.9349671274739118,0.03,0.04781226511862621,0.04781226511862621,26.096992964748424,5.108521602650655,0.9988109993645545,69828288.0,0.9981996228619878,ok
ska_mid1_interferom,2.944967121032568,0.0,0.01758534801739162,0.017812265118626214,26.555076054754856,5.153161753210824,1.0,69956271.64806436,1.0,ok
ska_mid1_interferom,2.944967121032568,0.01,0.02758534801739162,0.027812265118626216,26.551833503009064,5.152847125910982,0.9998778933361325,69942591.63288282,0.999804449052826,ok
ska_mid1_interferom,2.944967121032568,0.02,0.03758534801739162,0.03781226511862622,26.54234242512466,5.151926088864694,0.9995204822760085,69903459.57698716,0.999245070244125,ok
ska_mid1_interferom,2.944967121032568,0.03,0.047585348017391615,0.04781226511862621,26.523828619577976,5.150128990576642,0.9988232970934653,69831119.51143053,0.9982109947587909,ok
ska_mid1_interferom,2.954967114675207,0.0,0.01758534801739162,0.01758534801739162,26.988601352080103,5.195055471511359,1.0,69958312.0,1.0,ok
ska_mid1_interferom,2.954967114675207,0.01,0.02758534801739162,0.02758534801739162,26.985341245143168,5.1947416918594875,0.9998792043020531,69944720.0,0.9998057128651131,ok
ska_mid1_interferom,2.954967114675207,0.02,0.03758534801739162,0.03758534801739162,26.97581317048622,5.193824522496522,0.9995261636041433,69905912.0,0.9992509824994062,ok
ska_mid1_interferom,2.954967114675207,0.03,0.047585348017391615,0.047585348017391615,26.957173075305633,5.192029764485719,0.9988354981288406,69833952.0,0.9982223699165297,ok
ska_mid1_interferom,2.964967108400682,0.0,0.01758534801739162,0.01758534801739162,27.42899096127219,5.237269418434781,1.0,69958312.0,1.0,ok
ska_mid1_interferom,2.964967108400682,0.01,0.02758534801739162,0.02758534801739162,27.425694865018073,5.236954732000084,0.9998798316620989,69944720.0,0.9998057128651131,ok
ska_mid1_interferom,2.964967108400682,0.02,0.03758534801739162,0.03758534801739162,27.416043891041465,5.23603322096427,0.9995279786176237,69905912.0,0.9992509824994062,ok
ska_mid1_interferom,2.964967108400682,0.03,0.047585348017391615,0.047585348017391615,27.397176024542794,5.234231177980468,0.9988400981729763,69833952.0,0.9982223699165297,ok
ska_mid1_interferom,2.9749671022078625,0.0,0.01735546430175034,0.01758534801739162,27.876828401886996,5.2798511723236095,1.0,69960351.63476136,1.0,ok
ska_mid1_interferom,2.9749671022078625,0.01,0.027355464301750343,0.02758534801739162,27.87354958425211,5.279540660346514,0.9998823819701576,69946991.59322444,0.9998090340996758,ok
ska_mid1_interferom,2.9749671022078625,0.02,0.03735546430175034,0.03758534801739162,27.863829329729647,5.278620021343613,0.9995336961590484,69908371.55956519,0.9992570066618941,ok
ska_mid1_interferom,2.9749671022078625,0.03,0.04735546430175034,0.047585348017391615,27.844859240404773,5.276822835798524,0.9988531994737228,69836875.4764913,0.9982350552079171,ok
ska_mid1_interferom,2.9849670960956383,0.0,0.017297516012088798,0.01735546430175034,28.331717268841746,5.322754669233004,1.0,69964431.630442,1.0,ok
ska_mid1_interferom,2.9849670960956383,0.01,0.027297516012088796,0.027355464301750343,28.328430452751654,5.322445908861043,0.9998839881091957,69951207.64783296,0.99981098992301,ok
ska_mid1_interferom,2.9849670960956383,0.02,0.0372975160120888,0.03735546430175034,28.318664416392487,5.321528391016296,0.9995392848119512,69912863.63189125,0.9992629397917054,ok
ska_mid1_interferom,2.9849670960956383,0.03,0.0472975160120888,0.04735546430175034,28.29955863173585,5.319732947407778,0.9988649245366689,69841703.6550792,0.9982458518921292,ok
ska_mid1_interferom,2.994967090062917,0.0,0.017297516012088798,0.017297516012088798,28.79305058970083,5.365915633859783,1.0,69966472.0,1.0,ok
ska_mid1_interferom,2.994967090062917,0.01,0.027297516012088796,0.027297516012088796,28.789701702716005,5.3656035730117075,0.999883691136707,69953152.0,0.9998096231006188,ok
ska_mid1_interferom,2.994967090062917,0.02,0.0372975160120888,0.0372975160120888,28.779834284851894,5.3646839874173295,0.9995409897673829,69914896.0,0.9992628469247384,ok
ska_mid1_interferom,2.994967090062917,0.03,0.0472975160120888,0.0472975160120888,28.760465225184586,5.362878445870705,0.9988682906517763,69843608.0,0.9982439589064888,ok
ska_mid1_interferom,3.0049670841086216,0.0,0.017181033097772205,0.017181033097772205,29.261861722541695,5.4094234186779735,1.0,69970552.0,1.0,ok
ska_mid1_interferom,3.0049670841086216,0.01,0.027181033097772207,0.027181033097772207,29.258524961707394,5.40911498876733,0.9998859689494147,69957448.0,0.9998127212144904,ok
ska_mid1_interferom,3.0049670841086216,0.02,0.03718103309777221,0.03718103309777221,29.248608444198645,5.4081982622864935,0.9995470801390316,69919448.0,0.999269635603275,ok
ska_mid1_interferom,3.0049670841086216,0.03,0.047181033097772204,0.047181033097772204,29.229098200393366,5.4063941958012425,0.9988803336418239,69848488.0,0.9982554946829632,ok
ska_mid1_interferom,3.014967078231692,0.0,0.017122494484329138,0.017122494484329138,29.73930925655456,5.4533759504140695,1.0,69978712.0,1.0,ok
ska_mid1_interferom,3.014967078231692,0.01,0.027122494484329136,0.027122494484329136,29.73581288166411,5.453055371226677,0.9998824325454136,69965160.0,0.9998063411055637,ok
ska_mid1_interferom,3.014967078231692,0.02,0.03712249448432914,0.03712249448432914,29.725697390184887,5.452127785570042,0.9995422937953183,69926896.0,0.9992595462460069,ok
ska_mid1_interferom,3.014967078231692,0.03,0.04712249448432913,0.04712249448432913,29.706096295680723,5.450329925397243,0.99888319662749,69856448.0,0.9982528400922841,ok
ska_mid1_interferom,3.024967072431087,0.0,0.01706375505054557,0.01706375505054557,30.223928113759445,5.497629317602219,1.0,69980752.0,1.0,ok
ska_mid1_interferom,3.024967072431087,0.01,0.02706375505054557,0.02706375505054557,30.220442853356744,5.497312329980601,0.9998846853926603,69967400.0,0.9998092046795953,ok
ska_mid1_interferom,3.024967072431087,0.02,0.03706375505054557,0.03706375505054557,30.210223379110708,5.49638275405841,0.9995465601096868,69929208.0,0.9992634546139201,ok
ska_mid1_interferom,3.024967072431087,0.03,0.047063755050545567,0.047063755050545567,30.190308902475362,5.49457085698923,0.9988876624124586,69858464.0,0.9982525480720756,ok
ska_mid1_interferom,3.0349670667057773,0.0,0.01706375505054557,0.01706375505054557,30.716253884677997,5.542224633184584,1.0,69980752.0,1.0,ok
ska_mid1_interferom,3.0349670667057773,0.01,0.02706375505054557,0.02706375505054557,30.712730499972135,5.541906756701355,0.9998852924995643,69967400.0,0.9998092046795953,ok
ska_mid1_interferom,3.0349670667057773,0.02,0.03706375505054557,0.03706375505054557,30.70238108484077,5.5409729366638105,0.9995483563884674,69929208.0,0.9992634546139201,ok
ska_mid1_interferom,3.0349670667057773,0.03,0.047063755050545567,0.047063755050545567,30.682232785843844,5.539154519043844,0.998892407291531,69858464.0,0.9982525480720756,ok
ska_mid1_interferom,3.044967061054753,0.0,0.01706375505054557,0.01706375505054557,31.217048673157677,5.587221910140824,1.0,69980752.0,1.0,ok
ska_mid1_interferom,3.044967061054753,0.01,0.02706375505054557,0.02706375505054557,31.213486719473416,5.586903142123856,0.9998858971672321,69967400.0,0.9998092046795953,ok
ska_mid1_interferom,3.044967061054753,0.02,0.03706375505054557,0.03706375505054557,31.203005564117454,5.585965052174732,0.9995501461657297,69929208.0,0.9992634546139201,ok
ska_mid1_interferom,3.044967061054753,0.03,0.047063755050545567,0.047063755050545567,31.1826233842621,5.584140344248352,0.9988972279456649,69858464.0,0.9982525480720756,ok
ska_mid1_interferom,3.054134846868258,0.0,0.01706375505054557,0.01706375505054557,31.68334309890446,5.628795883570878,1.0,69980752.0,1.0,ok
ska_mid1_interferom,3.054134846868258,0.01,0.02706375505054557,0.02706375505054557,31.679745339225413,5.628476289301165,0.9998864463365557,69967400.0,0.9998092046795953,ok
ska_mid1_interferom,3.054134846868258,0.02,0.03706375505054557,0.03706375505054557,31.66914211282417,5.627534283576082,0.9995517838494518,69929208.0,0.9992634546139201,ok
ska_mid1_interferom,3.054134846868258,0.03,0.047063755050545567,0.047063755050545567,31.648544788813364,5.625703937180961,0.9989016843966728,69858464.0,0.9982525480720756,ok
chime_icyl,0.7791135653955662,0.0,0.11579273052371178,0.11654466733399664,0.004241872177111795,0.06512965666354917,1.0,59328415.29481672,1.0,ok
chime_icyl,0.7791135653955662,0.01,0.1257927305237118,0.12654466733399664,0.00421361489897051,0.06491236322127326,0.993338489006398,59163001.69942572,0.9972118993138613,ok
chime_icyl,0.7791135653955662,0.02,0.13579273052371177,0.13654466733399664,0.004192384506424228,0.06474862551764499,0.9883335308983162,58822665.866636455,0.991475426645612,ok
chime_icyl,0.7791135653955662,0.03,0.14579273052371178,0.14654466733399663,0.004165655341127836,0.06454188826744874,0.9820322648109936,58335725.7224707,0.9832678899745912,ok
chime_icyl,0.787718973798076,0.0,0.11410695342769663,0.11513184742125615,0.004466482753335902,0.06683174959056438,1.0,59600761.46968241,1.0,ok
chime_icyl,0.787718973798076,0.01,0.12410695342769662,0.12513184742125616,0.004430299503838777,0.06656049506906313,0.9918989389424819,59438023.9975536,0.9972695403864665,ok
chime_icyl,0.787718973798076,0.02,0.13410695342769663,0.13513184742125614,0.0044061059498494756,0.06637850517938375,0.9864822486012438,59103980.24890675,0.9916648511105287,ok
chime_icyl,0.787718973798076,0.03,0.14410695342769664,0.14513184742125615,0.004375236354857341,0.06614556942726656,0.9795708606709805,58625138.28089873,0.9836306925494575,ok
chime_icyl,0.7977187172086173,0.0,0.112422690955993,0.11337427442969135,0.004503241349300961,0.06710619456727494,1.0,59902653.867227435,1.0,ok
chime_icyl,0.7977187172086173,0.01,0.122422690955993,0.12337427442969134,0.004496924544114807,0.06705911231230852,0.9985972758961421,59743129.71645264,0.9973369435162527,ok
chime_icyl,0.7977187172086173,0.02,0.132422690955993,0.13337427442969135,0.004485869210342058,0.06697663182291312,0.9961423033740796,59415327.4619263,0.9918646942357298,ok
chime_icyl,0.7977187172086173,0.03,0.142422690955993,0.14337427442969136,0.004465924791393846,0.06682757508240027,0.9917134004125921,58945040.88099654,0.9840138470600415,ok
chime_icyl,0.8077184675903505,0.0,0.11069466970519026,0.11166098048026186,0.004726585669870784,0.06875016850794465,1.0,60191133.572025895,1.0,ok
chime_icyl,0.8077184675903505,0.01,0.12069466970519026,0.12166098048026186,0.004719455931171604,0.06869829642117484,0.9984915668101336,60035321.76643626,0.9974113827678093,ok
chime_icyl,0.8077184675903505,0.02,0.13069466970519025,0.13166098048026187,0.004707809532216318,0.06861347923124375,0.9960275473743864,59714557.19783722,0.9920822827897335,ok
chime_icyl,0.8077184675903505,0.03,0.14069466970519026,0.14166098048026188,0.00468711782426892,0.06846252861433705,0.9916498190536461,59254387.911820196,0.9844371487191752,ok
chime_icyl,0.8177182246910436,0.0,0.10904057616706317,0.11003054118042965,0.004945233331715818,0.070322353001843,1.0,60471622.16726442,1.0,ok
chime_icyl,0.8177182246910436,0.01,0.11904057616706316,0.12003054118042965,0.004939206773059495,0.07027949041547964,0.9987813398778026,60318717.3622865,0.9974714618279136,ok
chime_icyl,0.8177182246910436,0.02,0.12904057616706316,0.13003054118042964,0.0049278623791750124,0.07019873488300919,0.9964873340901027,60004095.97523918,0.9922686679260553,ok
chime_icyl,0.8177182246910436,0.03,0.13904057616706317,0.14003054118042965,0.00490703489699836,0.07005023124157664,0.9922757062902421,59551748.10396978,0.9847883349193071,ok
chime_icyl,0.8277179882704861,0.0,0.10745448064160781,0.10841262724824298,0.005183282807328552,0.07199501932306535,1.0,60731114.52101247,1.0,ok
chime_icyl,0.8277179882704861,0.01,0.11745448064160781,0.11841262724824297,0.005177975497438042,0.07195815101458654,0.9989760717121191,60582078.0670581,0.9975459621459309,ok
chime_icyl,0.8277179882704861,0.02,0.1274544806416078,0.12841262724824298,0.005166754473293398,0.07188013963045285,0.9968112228003874,60274122.10379267,0.9924751518093466,ok
chime_icyl,0.8277179882704861,0.03,0.1374544806416078,0.138412627248243,0.0051457357345485785,0.07173378377409474,0.9927561211348749,59830700.276874386,0.9851737572866944,ok
chime_icyl,0.8377177580994417,0.0,0.10587307406462144,0.10676079533393272,0.005444037519144817,0.07378372123405554,1.0,60983876.491497084,1.0,ok
chime_icyl,0.8377177580994417,0.01,0.11587307406462144,0.11676079533393272,0.0054374274280603475,0.07373891393328456,0.9987858108873746,60839205.11691482,0.9976277110786417,ok
chime_icyl,0.8377177580994417,0.02,0.12587307406462145,0.12676079533393272,0.0054254063108120434,0.07365735747915508,0.9965776855381224,60538064.35771584,0.9926896720997491,ok
chime_icyl,0.8377177580994417,0.03,0.13587307406462146,0.1367607953339327,0.005403476480470771,0.07350834293106308,0.992549456440848,60103734.151189074,0.9855676222807724,ok
chime_icyl,0.8477175339592583,0.0,0.10442164291410935,0.10524530616514882,0.005705905037813094,0.07553744129776367,1.0,61234380.50890398,1.0,ok
chime_icyl,0.8477175339592583,0.01,0.11442164291410935,0.11524530616514882,0.005700499480839988,0.07550165217291598,0.9990526381113455,61091285.38901907,0.997663157221553,ok
chime_icyl,0.8477175339592583,0.02,0.12442164291410936,0.1252453061651488,0.005688823454617067,0.07542428955328029,0.9970063323727215,60795030.2135203,0.992825104267695,ok
chime_icyl,0.8477175339592583,0.03,0.13442164291410935,0.13524530616514882,0.005666810417658531,0.07527822007498935,0.9931483927798513,60367661.6379689,0.9858458783491889,ok
chime_icyl,0.8577173156412453,0.0,0.10286193891524187,0.10371735438295186,0.006012026802401268,0.07753726073573446,1.0,61472532.98561907,1.0,ok
chime_icyl,0.8577173156412453,0.01,0.11286193891524186,0.11371735438295186,0.006004041174277783,0.07748574820105814,0.9986717244639869,61333732.04583315,0.9977420657154572,ok
chime_icyl,0.8577173156412453,0.02,0.12286193891524187,0.12371735438295187,0.005990858342803821,0.0774006352868232,0.9964789811667186,61043257.48621374,0.9930167917514355,ok
chime_icyl,0.8577173156412453,0.03,0.13286193891524187,0.13371735438295185,0.005967427206744872,0.07724912431053747,0.992581603987763,60624183.41622858,0.9861995345207435,ok
chime_icyl,0.8677171029459303,0.0,0.10143671298389914,0.1022451435429998,0.006318584089530104,0.07948952188515229,1.0,61702864.02372536,1.0,ok
chime_icyl,0.8677171029459303,0.01,0.11143671298389914,0.11224514354299979,0.0063112068223210305,0.07944310430944293,0.998832449310709,61566320.34307494,0.9977870771023218,ok
chime_icyl,0.8677171029459303,0.02,0.12143671298389914,0.1222451435429998,0.006298133400336412,0.07936077998820583,0.9967634063416867,61281952.50792562,0.9931784120160468,ok
chime_icyl,0.8677171029459303,0.03,0.13143671298389914,0.1322451435429998,0.006274417750794221,0.07921122237911886,0.9930100892684064,60869163.25418535,0.9864884591221009,ok
chime_icyl,0.8777168956827925,0.0,0.10005140423901149,0.10081119799756182,0.006662758038893638,0.08162571922435745,1.0,61924941.75921722,1.0,ok
chime_icyl,0.8777168956827925,0.01,0.11005140423901148,0.11081119799756181,0.006653672830709421,0.08157004861289112,0.9986364193129659,61790379.23036873,0.9978270059684238,ok
chime_icyl,0.8777168956827925,0.02,0.12005140423901149,0.12081119799756182,0.006639575328323344,0.08148358931909752,0.9965205534352343,61510979.878166005,0.993315102617927,ok
chime_icyl,0.8777168956827925,0.03,0.1300514042390115,0.1308111979975618,0.006614900392792207,0.08133203792351576,0.9928171418169377,61106088.64313464,0.9867766833069214,ok
chime_icyl,0.8877166936695574,0.0,0.09862628492210641,0.09948784326494269,0.0070125173818251455,0.08374077490580766,1.0,62133680.62835154,1.0,ok
chime_icyl,0.8877166936695574,0.01,0.10862628492210641,0.10948784326494268,0.007005038408294022,0.0836961074859161,0.9989334823539251,62001964.475566454,0.9978801166862633,ok
chime_icyl,0.8877166936695574,0.02,0.11862628492210642,0.11948784326494269,0.0069915451330764995,0.08361545989275249,0.9970093124042728,61727979.04895352,0.993470504639429,ok
chime_icyl,0.8877166936695574,0.03,0.12862628492210643,0.12948784326494267,0.006966871170964083,0.08346778522857835,0.993490752553517,61329722.33573143,0.9870608294166745,ok
chime_icyl,0.8977164967318261,0.0,0.09728353136211476,0.09807501061294847,0.007429716764856091,0.08619580479847086,1.0,62337504.19946016,1.0,ok
chime_icyl,0.8977164967318261,0.01,0.10728353136211476,0.10807501061294847,0.007418344788277384,0.08612981358552556,0.9984693929878324,62209131.41574939,0.9979406813705596,ok
chime_icyl,0.8977164967318261,0.02,0.11728353136211477,0.11807501061294848,0.007402553539743986,0.08603809353852505,0.9963439756895455,61939943.87866235,0.9936224536753068,ok
chime_icyl,0.8977164967318261,0.03,0.12728353136211476,0.12807501061294846,0.0073761549818495975,0.08588454448764106,0.9927908714824971,61549523.321006015,0.9873594413415581,ok
chime_icyl,0.9077163047027712,0.0,0.09600568482416816,0.09674536301734947,0.007821289112935035,0.08843805240356119,1.0,62532571.56911569,1.0,ok
chime_icyl,0.9077163047027712,0.01,0.10600568482416815,0.10674536301734946,0.007815106583445404,0.0884030914812678,0.9992095255142267,62406509.49674003,0.9979840574405879,ok
chime_icyl,0.9077163047027712,0.02,0.11600568482416816,0.11674536301734947,0.0078016326838630645,0.08832685143184413,0.9974868044400171,62142046.04739748,0.9937548462838031,ok
chime_icyl,0.9077163047027712,0.03,0.12600568482416816,0.12674536301734945,0.0077766040423154995,0.08818505566316494,0.9942867384168635,61757931.00066002,0.9876122067425377,ok
chime_icyl,0.9177161174224676,0.0,0.09476358988311794,0.09549186118437145,0.008275812748219216,0.09097149415184526,1.0,62718383.43180601,1.0,ok
chime_icyl,0.9177161174224676,0.01,0.10476358988311793,0.10549186118437144,0.008270529116751166,0.09094244947630983,0.9993615573927543,62594444.82886216,0.9980238871577644,ok
chime_icyl,0.9177161174224676,0.02,0.11476358988311794,0.11549186118437145,0.008257249669498128,0.09086940997661495,0.997756947953531,62334776.48270132,0.9938836601309758,ok
chime_icyl,0.9177161174224676,0.03,0.12476358988311793,0.12549186118437144,0.008232036478977689,0.09073057080707521,0.9947103359424189,61956261.16343644,0.9878485026770782,ok
chime_icyl,0.9277159347377504,0.0,0.09346203556926515,0.09423234009878277,0.008791479373070185,0.09376288910368635,1.0,62907307.88234186,1.0,ok
chime_icyl,0.9277159347377504,0.01,0.10346203556926514,0.10423234009878277,0.008784828286821419,0.09372741480922975,0.9992434622244419,62785638.03284471,0.9980658868803491,ok
chime_icyl,0.9277159347377504,0.02,0.11346203556926515,0.11423234009878278,0.00877068128673562,0.09365191555294329,0.997634290492875,62530190.298787855,0.9940051864203227,ok
chime_icyl,0.9277159347377504,0.03,0.12346203556926515,0.12423234009878277,0.008744573192349194,0.09351242266324403,0.9946645861600184,62158122.64654361,0.9880906485904708,ok
chime_icyl,0.9377157565018328,0.0,0.09225100014294706,0.09293414941047416,0.0093560329889264,0.09672658884157137,1.0,63079495.97619359,1.0,ok
chime_icyl,0.9377157565018328,0.01,0.10225100014294705,0.10293414941047416,0.009348354910989672,0.0966868911021017,0.999179344713105,62960976.1592423,0.9981211039321554,ok
chime_icyl,0.9377157565018328,0.02,0.11225100014294706,0.11293414941047417,0.009333523010260138,0.09661015997430156,0.9975940680528913,62710935.579965115,0.9941572076548048,ok
chime_icyl,0.9377157565018328,0.03,0.12225100014294706,0.12293414941047416,0.009306602829288028,0.09647073561079561,0.9947167608646874,62345095.45830971,0.9883575398547724,ok
chime_icyl,0.9477155825738428,0.0,0.0911010347283909,0.0918146164275576,0.009960893933882142,0.09980427813416688,1.0,63246756.24420187,1.0,ok
chime_icyl,0.9477155825738428,0.01,0.1011010347283909,0.1018146164275576,0.009955679006195393,0.09977814894151621,0.9994764598718384,63129599.06648667,0.9981476176064612,ok
chime_icyl,0.9477155825738428,0.02,0.1111010347283909,0.1118146164275576,0.009941665475022426,0.09970790076529756,0.9980696050989651,62882927.75909512,0.9942474759701198,ok
chime_icyl,0.9477155825738428,0.03,0.1211010347283909,0.1218146164275576,0.009915073903120223,0.0995744641116397,0.9954000081653253,62522472.45170357,0.988548285548404,ok
chime_icyl,0.9577154128186958,0.0,0.0899028686248129,0.09058155841209051,0.010653208024358348,0.10321437896125882,1.0,63415443.03570114,1.0,ok
chime_icyl,0.9577154128186958,0.01,0.0999028686248129,0.1005815584120905,0.010647222031888955,0.10318537702547273,0.9994381042352964,63300602.62103483,0.9981890780988212,ok
chime_icyl,0.9577154128186958,0.02,0.10990286862481291,0.11058155841209051,0.010632620779287349,0.1031146002236703,0.9980675074565402,63058515.10544303,0.9943715928932773,ok
chime_icyl,0.9577154128186958,0.03,0.1199028686248129,0.1205815584120905,0.010605287788035416,0.1029819779769034,0.9955018022539912,62704267.633708514,0.9887854540164254,ok
chime_icyl,0.9677152471066875,0.0,0.08876772843744109,0.0894101237308865,0.011412734073622588,0.10683039864019317,1.0,63577488.619200975,1.0,ok
chime_icyl,0.9677152471066875,0.01,0.09876772843744108,0.0994101237308865,0.011404837273242725,0.10679343272525106,0.9993080711134666,63464629.53165098,0.9982248577287165,ok
chime_icyl,0.9677152471066875,0.02,0.10876772843744109,0.1094101237308865,0.01138906211184142,0.10671954887386574,0.9979258290232242,63226387.98989864,0.9944775951845902,ok
chime_icyl,0.9677152471066875,0.03,0.11876772843744109,0.1194101237308865,0.011360529559438257,0.10658578497828994,0.9954257661794655,62877672.477005705,0.9889927054780846,ok
chime_icyl,0.977715085313232,0.0,0.08764079871154717,0.08828002113437793,0.01208775433606404,0.10994432380102231,1.0,63726676.61270529,1.0,ok
chime_icyl,0.977715085313232,0.01,0.09764079871154717,0.09828002113437792,0.012079746417444193,0.10990789970445342,0.9993375180867172,63616473.02261551,0.9982706835512616,ok
chime_icyl,0.977715085313232,0.02,0.10764079871154718,0.10828002113437793,0.012063700024387555,0.10983487617504539,0.9980100264277609,63382811.90249753,0.9946040696222467,ok
chime_icyl,0.977715085313232,0.03,0.11764079871154717,0.11828002113437792,0.01203450035563328,0.10970187033789934,0.9955943859421533,63039155.612710506,0.9892114097809752,ok
chime_icyl,0.9877149273187228,0.0,0.08656880541683443,0.08722739641263454,0.01271892149568757,0.11277819601185138,1.0,63870906.765003555,1.0,ok
chime_icyl,0.9877149273187228,0.01,0.09656880541683442,0.09722739641263453,0.012712631386219789,0.11275030548171383,0.9995054526069751,63762621.15265353,0.9983046175820169,ok
chime_icyl,0.9877149273187228,0.02,0.10656880541683443,0.10722739641263454,0.012697154477889938,0.11268165102575457,0.9982886113571019,63532655.99313367,0.9947041495259432,ok
chime_icyl,0.9877149273187228,0.03,0.11656880541683443,0.11722739641263454,0.01266785062949417,0.11255154654421311,0.9959846543426881,63193960.799308404,0.9894013409237198,ok
chime_icyl,0.9977147730081144,0.0,0.0854951146249797,0.0861036284581739,0.013391690222928524,0.11572247069142848,1.0,64021060.63316001,1.0,ok
chime_icyl,0.9977147730081144,0.01,0.0954951146249797,0.0961036284581739,0.013383132500010398,0.11568548958279253,0.9993609676765466,63914155.74719268,0.99833016065479,ok
chime_icyl,0.9977147730081144,0.02,0.10549511462497971,0.10610362845817391,0.013366365882890599,0.11561300049255101,0.9981089511767106,63687475.74806963,0.9947894508183515,ok
chime_icyl,0.9977147730081144,0.03,0.1154951146249797,0.1161036284581739,0.0133357055949576,0.11548032557521476,0.9958194501934439,63354655.47684662,0.9895908447982159,ok
chime_icyl,1.007714622270811,0.0,0.0845266347821071,0.08507128605391705,0.014067664205412216,0.11860718445950993,1.0,64155708.52969665,1.0,ok
chime_icyl,1.007714622270811,0.01,0.0945266347821071,0.09507128605391704,0.01406094431321949,0.11857885272349152,0.9995223164205086,64050448.24040604,0.9983592997146639,ok
chime_icyl,1.007714622270811,0.02,0.10452663478210711,0.10507128605391705,0.014044712142974765,0.11851038833357506,0.9983684524948626,63827747.8129507,0.9948880508958272,ok
chime_icyl,1.007714622270811,0.03,0.1145266347821071,0.11507128605391705,0.0140138932276153,0.11838029070590805,0.9961776896994577,63498523.69143152,0.9897564090035584,ok
chime_icyl,1.0177144750005145,0.0,0.08345073218917927,0.08408598570972346,0.014800696334577498,0.12165811248978631,1.0,64283711.065898746,1.0,ok
chime_icyl,1.0177144750005145,0.01,0.09345073218917926,0.09408598570972346,0.014794586580227372,0.12163299955286547,0.9995871981823009,64181064.1483613,0.9984032204140764,ok
chime_icyl,1.0177144750005145,0.02,0.10345073218917927,0.10408598570972347,0.014778342041673357,0.12156620435661121,0.9984896458653829,63962099.43440834,0.9949969964994597,ok
chime_icyl,1.0177144750005145,0.03,0.11345073218917927,0.11408598570972346,0.014747175662009858,0.12143794984274832,0.9963839084758056,63638622.507828794,0.9899649763933408,ok
chime_icyl,1.027714331094828,0.0,0.08249476534048694,0.08301646697516753,0.015602267073868874,0.12490903519709402,1.0,64415623.81261243,1.0,ok
chime_icyl,1.027714331094828,0.01,0.09249476534048694,0.09301646697516752,0.015594767785842841,0.12487901259155935,0.9995193462597116,64314617.0052582,0.9984319517319578,ok
chime_icyl,1.027714331094828,0.02,0.10249476534048695,0.10301646697516753,0.015577602029995136,0.12481026412116568,0.998419137183272,64099054.52919447,0.9950855201784761,ok
chime_icyl,1.027714331094828,0.03,0.11249476534048694,0.11301646697516753,0.015545219029878904,0.12468046771599353,0.996343605469649,63779885.34043093,0.9901306789478452,ok
chime_icyl,1.0377141904552367,0.0,0.08151527361981331,0.08205544098175921,0.016463073559192767,0.12830850930157658,1.0,64540600.37481527,1.0,ok
chime_icyl,1.0377141904552367,0.01,0.0915152736198133,0.0920554409817592,0.01645670376456281,0.1282836847169694,0.9996130859400552,64441178.840786025,0.9984595505239824,ok
chime_icyl,1.0377141904552367,0.02,0.10151527361981331,0.10205544098175921,0.016439822471107524,0.12821787110659544,0.9985876824274857,64228817.70539114,0.9951692009740617,ok
chime_icyl,1.0377141904552367,0.03,0.11151527361981331,0.11205544098175921,0.016407324499612137,0.12809107892282015,0.9966136906708104,63914861.54340576,0.9903047255870634,ok
chime_icyl,1.0477140529869249,0.0,0.08053633614080614,0.08110778730963247,0.017400525386948387,0.1319110510417849,1.0,64666598.81513812,1.0,ok
chime_icyl,1.0477140529869249,0.01,0.09053633614080614,0.09110778730963247,0.017393762407284637,0.13188541392923114,0.9996113347434427,64568412.676555544,0.9984816560576619,ok
chime_icyl,1.0477140529869249,0.02,0.10053633614080615,0.10110778730963248,0.01737641304093079,0.1318196231254315,0.998614274828984,64359018.32005094,0.995243595600776,ok
chime_icyl,1.0477140529869249,0.03,0.11053633614080614,0.11110778730963247,0.017343130184180162,0.13169331867706943,0.9967015247245767,64049158.00656547,0.9904519362408757,ok
chime_icyl,1.0577139185984754,0.0,0.07960843830500076,0.08013640152188845,0.01844776535200506,0.13582255097002507,1.0,64774709.75903979,1.0,ok
chime_icyl,1.0577139185984754,0.01,0.08960843830500076,0.09013640152188844,0.01844124276000656,0.13579853740010076,0.9996464291542071,64679351.82241784,0.9985278523519955,ok
chime_icyl,1.0577139185984754,0.02,0.09960843830500077,0.10013640152188845,0.01842375369382286,0.13573412869953844,0.9986983974631058,64473978.63288106,0.9953572755898492,ok
chime_icyl,1.0577139185984754,0.03,0.10960843830500076,0.11013640152188844,0.018389893539934227,0.13560934163963126,0.9968629364605106,64168397.33661783,0.9906396736523031,ok
chime_icyl,1.067713787201837,0.0,0.07875888538014836,0.07921649411703592,0.019607208119730442,0.1400257409183413,1.0,64893823.72325362,1.0,ok
chime_icyl,1.067713787201837,0.01,0.08875888538014835,0.08921649411703592,0.019600605719715617,0.1400021632679853,0.9996632666938349,64798942.03188126,0.9985378933474933,ok
chime_icyl,1.067713787201837,0.02,0.09875888538014836,0.09921649411703592,0.0195826800075577,0.13993812921272636,0.9987490257652715,64595480.26210268,0.9954025908162961,ok
chime_icyl,1.067713787201837,0.03,0.10875888538014836,0.10921649411703592,0.01954817021006211,0.13981477107252335,0.996988969091988,64294083.10215026,0.9907581247845555,ok
chime_icyl,1.0777136587121707,0.0,0.0778742861373628,0.07829860223817732,0.020916704709199006,0.1446260858531372,1.0,65003403.99701491,1.0,ok
chime_icyl,1.0777136587121707,0.01,0.0878742861373628,0.08829860223817732,0.02090846630296733,0.1445976013043347,0.9996061326893402,64910111.561793044,0.9985648069257088,ok
chime_icyl,1.0777136587121707,0.02,0.0978742861373628,0.09829860223817732,0.02088951656388672,0.14453206067819943,0.9987001707156897,64709911.73246829,0.9954849708399871,ok
chime_icyl,1.0777136587121707,0.03,0.1078742861373628,0.10829860223817732,0.020853712281193808,0.14440814478828334,0.9969884152938538,64412512.91012743,0.9909098439381019,ok
chime_icyl,1.0877135330476069,0.0,0.07690122476813481,0.07740874322408817,0.022610671373432006,0.15036845205505045,1.0,65106978.28338208,1.0,ok
chime_icyl,1.0877135330476069,0.01,0.0869012247681348,0.08740874322408816,0.02256606278049516,0.15022004786477455,0.9980271000272348,65016471.77975692,0.9986098801386354,ok
chime_icyl,1.0877135330476069,0.02,0.09690122476813481,0.09740874322408817,0.0225295148033983,0.1500983504353006,0.9964106961401833,64819297.76935029,0.9955814181272606,ok
chime_icyl,1.0877135330476069,0.03,0.10690122476813481,0.10740874322408817,0.022478705204279838,0.14992900054452388,0.9941635448601835,64526716.628345795,0.9910875658748797,ok
chime_icyl,1.097713410129206,0.0,0.07610062702400419,0.07657412322265031,0.023950208737660298,0.15475854980472095,1.0,65215539.056766436,1.0,ok
chime_icyl,1.097713410129206,0.01,0.08610062702400419,0.0865741232226503,0.023943599510430884,0.15473719498049227,0.9997240430218455,65124920.03129495,0.9986104688118486,ok
chime_icyl,1.097713410129206,0.02,0.0961006270240042,0.09657412322265031,0.02392487448978342,0.15467667726513723,0.9989422118130836,64930641.47261444,0.9956314463044764,ok
chime_icyl,1.097713410129206,0.03,0.10610062702400419,0.10657412322265031,0.02388840570525525,0.1545587451594223,0.9974195200934568,64640619.667350926,0.9911843189869968,ok
chime_icyl,1.1077132898808333,0.0,0.07521146196165068,0.07574356241980777,0.025774156286412175,0.16054331591944954,1.0,65310175.91543098,1.0,ok
chime_icyl,1.1077132898808333,0.01,0.08521146196165068,0.08574356241980777,0.02576569510137506,0.16051696203633764,0.9996717182536223,65221748.26040683,0.9986460355712615,ok
chime_icyl,1.1077132898808333,0.02,0.09521146196165069,0.09574356241980778,0.0257458078421036,0.16045500254620795,0.9989001213466095,65030697.006517395,0.9957207448150887,ok
chime_icyl,1.1077132898808333,0.03,0.10521146196165068,0.10574356241980777,0.02570817062091632,0.1603376768601701,0.9974398515799083,64745515.09241789,0.9913541677832217,ok
chime_icyl,1.1177131722289528,0.0,0.07440617685351866,0.07487697901816869,0.02780599341046874,0.16675129208035763,1.0,65409747.05527769,1.0,ok
chime_icyl,1.1177131722289528,0.01,0.08440617685351866,0.08487697901816868,0.027798264699139978,0.16672811610265373,0.9997220487247238,65322564.973037414,0.9986671392848133,ok
chime_icyl,1.1177131722289528,0.02,0.09440617685351867,0.09487697901816869,0.027778436998046517,0.1666686443157396,0.9990089757982951,65134118.5764103,0.9957861252905557,ok
chime_icyl,1.1177131722289528,0.03,0.10440617685351866,0.10487697901816868,0.027740394666009506,0.16655447957353026,0.9976408415448111,64852333.728138365,0.9914781305197793,ok
chime_icyl,1.127713057102594,0.0,0.07357843581216238,0.07408161183030781,0.030093772377314573,0.17347556709033862,1.0,65502395.27210978,1.0,ok
chime_icyl,1.127713057102594,0.01,0.08357843581216237,0.08408161183030781,0.030085633669887153,0.17345210771243788,0.9997295550944768,65416799.01800491,0.9986932347473816,ok
chime_icyl,1.127713057102594,0.02,0.09357843581216238,0.09408161183030782,0.030065401015755715,0.17339377444347798,0.9990572347925298,65231216.819839366,0.9958600223527112,ok
chime_icyl,1.127713057102594,0.03,0.10357843581216238,0.10408161183030781,0.030026378184279612,0.1732812112846618,0.9977605269226478,64952742.151964836,0.991608656174151,ok
chime_icyl,1.1377129444332434,0.0,0.07282404661110971,0.07326390895198447,0.03271075625266803,0.18086115186149854,1.0,65589032.84003725,1.0,ok
chime_icyl,1.1377129444332434,0.01,0.0828240466111097,0.08326390895198446,0.0327039647655173,0.1808423754696816,0.9997923775562303,65505009.27759087,0.9987189388407159,ok
chime_icyl,1.1377129444332434,0.02,0.09282404661110971,0.09326390895198447,0.032683929950500346,0.1807869739513894,0.9991798935505962,65321770.544987574,0.9959251984138645,ok
chime_icyl,1.1377129444332434,0.03,0.1028240466111097,0.10326390895198446,0.032644696205776855,0.18067843315065818,0.9979804793756246,65047112.544154994,0.9917376385591182,ok
chime_icyl,1.1477128341546703,0.0,0.07200600661963007,0.0724508356019018,0.03582902671372984,0.1892855692168049,1.0,65684839.43416142,1.0,ok
chime_icyl,1.1477128341546703,0.01,0.08200600661963006,0.08245083560190179,0.0358116697650927,0.18923971508405074,0.9995155618159595,65601923.205033556,0.9987376656494537,ok
chime_icyl,1.1477128341546703,0.02,0.09200600661963007,0.0924508356019018,0.035786175141973464,0.18917234243401826,0.998803998442415,65421351.75937517,0.9959886074616906,ok
chime_icyl,1.1477128341546703,0.03,0.10200600661963007,0.1024508356019018,0.03574194803291167,0.18905540995409698,0.9975696051831405,65150433.68109276,0.991864092876343,ok
chime_icyl,1.1577127262028974,0.0,0.07126315106308809,0.07171258808290287,0.03934500695536687,0.19835575856366477,1.0,65766827.449834965,1.0,ok
chime_icyl,1.1577127262028974,0.01,0.08126315106308808,0.08171258808290287,0.03933696299455812,0.19833548092703462,0.9997955531989643,65685216.38400641,0.9987590846480955,ok
chime_icyl,1.1577127262028974,0.02,0.09126315106308809,0.09171258808290288,0.03931576646013407,0.19828203766386424,0.9992568181455408,65507137.96268375,0.9960513605837336,ok
chime_icyl,1.1577127262028974,0.03,0.10126315106308809,0.10171258808290287,0.03927455861066163,0.19817809821133522,0.998209471794346,65239239.53411945,0.9919779022924902,ok
chime_icyl,1.1677126205161104,0.0,0.07052670763984151,0.07092420430896507,0.043777642841466624,0.20923107522895978,1.0,65853817.70217745,1.0,ok
chime_icyl,1.1677126205161104,0.01,0.0805267076398415,0.08092420430896506,0.043758317426941806,0.2091848881419062,0.9995585551603406,65773122.92255103,0.9987746377895453,ok
chime_icyl,1.1677126205161104,0.02,0.09052670763984151,0.09092420430896507,0.043731276443796235,0.2091202439836857,0.9989408658241766,65597544.19259098,0.996108448704592,ok
chime_icyl,1.1677126205161104,0.03,0.1005267076398415,0.10092420430896507,0.04368507202756451,0.20900974146571377,0.9978854317433823,65333206.143769674,0.9920944361834536,ok
chime_icyl,1.177712517034503,0.0,0.06976810303175787,0.07019850873683747,0.04854373757537056,0.22032643412757028,1.0,65934825.71084158,1.0,ok
chime_icyl,1.177712517034503,0.01,0.07976810303175787,0.08019850873683747,0.0485342622193142,0.22030493008399563,0.9998048078592703,65855626.41992589,0.9987988245959272,ok
chime_icyl,1.177712517034503,0.02,0.08976810303175788,0.09019850873683748,0.04851185787936636,0.22025407573837621,0.9993432789151289,65682199.831142694,0.99616855164209,ok
chime_icyl,1.177712517034503,0.03,0.09976810303175787,0.10019850873683747,0.048468488645963884,0.22015560098703799,0.9984498735951297,65421112.693166755,0.9922087756790664,ok
chime_icyl,1.1877124157002574,0.0,0.06907387578157603,0.06949413401700608,0.05431626884934346,0.2330585094978157,1.0,66018821.46266745,1.0,ok
chime_icyl,1.1877124157002574,0.01,0.07907387578157603,0.07949413401700607,0.05430860753578522,0.23304207245856962,0.9998589499293574,65939838.089315705,0.998803623397058,ok
chime_icyl,1.1877124157002574,0.02,0.08907387578157604,0.08949413401700608,0.05428673826280633,0.23299514643615718,0.9994563215190824,65768327.165515974,0.9962057138918615,ok
chime_icyl,1.1877124157002574,0.03,0.09907387578157603,0.09949413401700608,0.05424335591983456,0.23290203073359958,0.9986576226413649,65510120.922855645,0.9922946134368748,ok
chime_icyl,1.1977123164574688,0.0,0.06844598479846369,0.068797142219806,0.06088605226981375,0.24675099243936943,1.0,66082820.70633581,1.0,ok
chime_icyl,1.1977123164574688,0.01,0.07844598479846368,0.078797142219806,0.060879110297941116,0.24673692528266036,0.9998859842014084,66005604.8398134,0.9988315288951488,ok
chime_icyl,1.1977123164574688,0.02,0.08844598479846369,0.088797142219806,0.060857196832404266,0.2466925147474164,0.9995260747522008,65836469.747460976,0.9962720877189915,ok
chime_icyl,1.1977123164574688,0.03,0.09844598479846368,0.098797142219806,0.060813254535186476,0.24660343577328048,0.9988043610660668,65581253.94767735,0.9924100280027791,ok
chime_icyl,1.2077122192520025,0.0,0.06766405652313363,0.06807826974527163,0.06860997301295829,0.2619350549524792,1.0,66168810.15674958,1.0,ok
chime_icyl,1.2077122192520025,0.01,0.07766405652313363,0.07807826974527163,0.06860199694504437,0.26191982923223733,0.9998837476890945,66092251.5953708,0.9988429811387357,ok
chime_icyl,1.2077122192520025,0.02,0.08766405652313364,0.08807826974527164,0.06857930411301691,0.26187650546205343,0.9995529964727491,65925113.014374465,0.9963170390732762,ok
chime_icyl,1.2077122192520025,0.03,0.09766405652313363,0.09807826974527163,0.06853433495312394,0.26179063190481805,0.9988975646467597,65672947.133071184,0.992506091276181,ok
chime_icyl,1.2177121240314817,0.0,0.06703793810708689,0.0673815331325241,0.07751403240570547,0.27841341994542124,1.0,66230812.83260687,1.0,ok
chime_icyl,1.2177121240314817,0.01,0.07703793810708688,0.07738153313252409,0.07750629275283734,0.2783995200298257,0.9999001515902615,66156013.24267061,0.9988706224982425,ok
chime_icyl,1.2177121240314817,0.02,0.08703793810708689,0.0873815331325241,0.07748338331753796,0.278358372098879,0.9996045994871342,65991562.08201983,0.9963876217072599,ok
chime_icyl,1.2177121240314817,0.03,0.09703793810708689,0.0973815331325241,0.07743768629512654,0.2782762769176103,0.9990150672309327,65742563.11999367,0.992628057972847,ok
chime_icyl,1.2277120307452316,0.0,0.0663151359833351,0.06667751647346293,0.09335458588747089,0.30553982700700555,1.0,66311807.54244281,1.0,ok
chime_icyl,1.2277120307452316,0.01,0.0763151359833351,0.07667751647346292,0.0927076880755495,0.30447937216755666,0.9930705298966119,66237592.546920374,0.9988808177868634,ok
chime_icyl,1.2277120307452316,0.02,0.08631513598333511,0.08667751647346293,0.09235569555047282,0.30390079886448607,0.9893000399765886,66074893.720903516,0.9964272754684351,ok
chime_icyl,1.2277120307452316,0.03,0.0963151359833351,0.09667751647346293,0.09205899555704025,0.3034122534721369,0.986121835171629,65828559.528963126,0.9927124892023131,ok
chime_icyl,1.2377119393441385,0.0,0.06570672737896582,0.06605724702478577,0.10121930231849294,0.31814981112440244,1.0,66368808.60534272,1.0,ok
chime_icyl,1.2377119393441385,0.01,0.07570672737896582,0.07605724702478577,0.10121200416996567,0.31813834124475737,0.9999278976602279,66296253.02978489,0.9989067820097648,ok
chime_icyl,1.2377119393441385,0.02,0.08570672737896583,0.08605724702478577,0.10118875220552441,0.31810179535099203,0.9996981789809971,66135854.06320928,0.9964899996394588,ok
chime_icyl,1.2377119393441385,0.03,0.09570672737896582,0.09605724702478577,0.10114143715977122,0.3180274157360828,0.9992307281621374,65892735.601043195,0.9928268562551655,ok
chime_icyl,1.2477118497806523,0.0,0.0650772057196557,0.06538504663220507,0.11724387401674574,0.3424089280622597,1.0,66443844.67757401,1.0,ok
chime_icyl,1.2477118497806523,0.01,0.07507720571965569,0.07538504663220506,0.11723448162868359,0.3423952126252404,0.9999198901593715,66371324.54497489,0.9989085500251975,ok
chime_icyl,1.2477118497806523,0.02,0.0850772057196557,0.08538504663220507,0.11720996355344171,0.34235940698838946,0.9997107698496964,66212673.7202853,0.9965208070301997,ok
chime_icyl,1.2477118497806523,0.03,0.0950772057196557,0.09538504663220507,0.11716088202119462,0.34228771818631565,0.9992921421588367,65971917.97945631,0.9928973601631909,ok
chime_icyl,1.2577117620087337,0.0,0.0643947757421396,0.06475239767391074,0.13793841077324465,0.37140060685632253,1.0,66499015.71693994,1.0,ok
chime_icyl,1.2577117620087337,0.01,0.0743947757421396,0.07475239767391073,0.13793078169818954,0.3713903360323065,0.9999446921636088,66428692.24253945,0.9989424884918624,ok
chime_icyl,1.2577117620087337,0.02,0.0843947757421396,0.08475239767391074,0.13790680450574003,0.37135805431650465,0.9997708668142004,66272533.42366196,0.9965942008188208,ok
chime_icyl,1.2577117620087337,0.03,0.0943947757421396,0.09475239767391073,0.13785754736065486,0.3712917281069629,0.9994137716091082,66034842.42171048,0.9930198471326964,ok
chime_icyl,1.267711675983733,0.0,0.06375230054127537,0.06409784399653447,0.1673521703820504,0.40908699610480215,1.0,66572311.595402636,1.0,ok
chime_icyl,1.267711675983733,0.01,0.07375230054127536,0.07409784399653446,0.16733357567569435,0.40906426839274823,0.9998888887648507,66502247.86157763,0.9989475544389863,ok
chime_icyl,1.267711675983733,0.02,0.08375230054127537,0.08409784399653447,0.16730415569510998,0.40902830671618556,0.9997130919376138,66347936.30134499,0.9966296003746828,ok
chime_icyl,1.267711675983733,0.03,0.09375230054127537,0.09409784399653447,0.16724977404573316,0.40896182468016884,0.9993881385817496,66112433.22717105,0.993092047471229,ok
chime_icyl,1.2777115916623916,0.0,0.06319867871542033,0.06351562492955704,0.21948434952618312,0.46849156825516414,1.0,66615782.145817906,1.0,ok
chime_icyl,1.2777115916623916,0.01,0.07319867871542032,0.07351562492955703,0.21947630560587572,0.4684829832617997,0.9999633508251282,66546690.0834526,0.9989628274240769,ok
chime_icyl,1.2777115916623916,0.02,0.08319867871542033,0.08351562492955704,0.21945149732625632,0.4684565052662374,0.9998503209910059,66393962.718444854,0.9966701670350804,ok
chime_icyl,1.2777115916623916,0.03,0.09319867871542033,0.09351562492955703,0.21940029791635035,0.46840185515895466,0.9996170496437936,66161311.58588964,0.9931777343853224,ok
chime_icyl,1.2877115090027935,0.0,0.06255996925942686,0.06295992199218475,0.27203872657089073,0.521573318499797,1.0,66500065.0355191,1.0,ok
chime_icyl,1.2877115090027935,0.01,0.07255996925942686,0.07295992199218475,0.27203052263452343,0.5215654538353968,0.9999698427629378,66432073.61324297,0.9989775735972617,ok
chime_icyl,1.2877115090027935,0.02,0.08255996925942687,0.08295992199218476,0.27200533985043185,0.5215413117389953,0.9998772721778265,66281406.74091554,0.9967119085599875,ok
chime_icyl,1.2877115090027935,0.03,0.09255996925942686,0.09295992199218475,0.27195305037381284,0.5214911795743173,0.9996850588217425,66050923.92413846,0.9932460049303599,ok
chime_icyl,1.2977114279642672,0.0,0.06196330171100095,0.06228653448174635,0.3117447711285477,0.5583410885189695,1.0,66252402.4253615,1.0,ok
chime_icyl,1.2977114279642672,0.01,0.07196330171100095,0.07228653448174635,0.3117350840736929,0.5583324135975744,0.9999689263277143,66185283.03494915,0.9989869138634186,ok
chime_icyl,1.2977114279642672,0.02,0.08196330171100095,0.08228653448174635,0.3117088460148921,0.5583089162953536,0.9998847611348042,66036155.8513612,0.9967360191316245,ok
chime_icyl,1.2977114279642672,0.03,0.09196330171100095,0.09228653448174634,0.3116552182418406,0.5582608872577772,0.9997127365235898,65808581.28824639,0.9933010559486487,ok
chime_icyl,1.3077113485073788,0.0,0.061377193199571245,0.06180105136257725,0.34410854372593586,0.5866076574047904,1.0,65900102.95093995,1.0,ok
chime_icyl,1.3077113485073788,0.01,0.07137719319957124,0.07180105136257725,0.34409998034538614,0.586600358289514,0.9999751143041756,65833887.30289474,0.9989952117662926,ok
chime_icyl,1.3077113485073788,0.02,0.08137719319957125,0.08180105136257725,0.3440739155633899,0.5865781410548725,0.9998993684894568,65686660.428083524,0.9967611200392914,ok
chime_icyl,1.3077113485073788,0.03,0.09137719319957124,0.09180105136257724,0.3440197718460529,0.5865319870612795,0.9997420236099873,65461305.2439787,0.9933414716015251,ok
chime_icyl,1.3177112705938931,0.0,0.06091743246980582,0.06114774494521792,0.3734235691594148,0.6110839297178537,1.0,65497106.47876561,1.0,ok
chime_icyl,1.3177112705938931,0.01,0.07091743246980582,0.07114774494521792,0.37341543378826536,0.6110772731727677,0.9999782140929996,65431405.616692066,0.9989968890901334,ok
chime_icyl,1.3177112705938931,0.02,0.08091743246980582,0.08114774494521793,0.37338922249921,0.611055826008729,0.9999080222486167,65285581.59579331,0.9967704698063131,ok
chime_icyl,1.3177112705938931,0.03,0.09091743246980583,0.09114774494521792,0.37333436353005744,0.6110109356877809,0.999761114089402,65062189.89882522,0.9933597588760446,ok
chime_icyl,1.3277111941866913,0.0,0.060271207238778,0.06060346558437867,0.4022653069713876,0.6342438860339039,1.0,65044345.02865769,1.0,ok
chime_icyl,1.3277111941866913,0.01,0.070271207238778,0.07060346558437867,0.40225687655986003,0.6342372399661345,0.9999790426582121,64979817.66339078,0.9990079481123458,ok
chime_icyl,1.3277111941866913,0.02,0.080271207238778,0.08060346558437867,0.402230258497538,0.6342162553085012,0.9999128722431634,64836247.03011445,0.9968006750094639,ok
chime_icyl,1.3277111941866913,0.03,0.09027120723877799,0.09060346558437868,0.4021744103665388,0.634172224530954,0.999774038170149,64615807.67508517,0.993411612440963,ok
chime_icyl,1.33771111924976,0.0,0.05973575003222221,0.06000407591960675,0.4310486583785484,0.6565429600403528,1.0,64559266.46080064,1.0,ok
chime_icyl,1.33771111924976,0.01,0.06973575003222221,0.07000407591960675,0.43103959928808006,0.6565360609197944,0.999978983601289,64496058.60122007,0.9990209328103357,ok
chime_icyl,1.33771111924976,0.02,0.0797357500322222,0.08000407591960675,0.4310122469134138,0.6565152297650175,0.9999155281789495,64353963.353467,0.996819928128237,ok
chime_icyl,1.33771111924976,0.03,0.0897357500322222,0.09000407591960674,0.43095530015511097,0.6564718578546311,0.9997834160445166,64136056.01042932,0.9934446211431431,ok
chime_icyl,1.3477110457481558,0.0,0.05919544950251282,0.05955057465350482,0.45677939143510893,0.6758545638191022,1.0,64045862.387467206,1.0,ok
chime_icyl,1.3477110457481558,0.01,0.06919544950251282,0.06955057465350482,0.45677118068608746,0.6758484894457392,0.9999820246946876,63982559.006521925,0.9990115929650177,ok
chime_icyl,1.3477110457481558,0.02,0.07919544950251282,0.07955057465350482,0.45674379051894887,0.675828225600965,0.9999220610280858,63841532.07267174,0.9968096250533829,ok
chime_icyl,1.3477110457481558,0.03,0.08919544950251282,0.08955057465350483,0.456686001469246,0.6757854700045318,0.9997955468928458,63625269.34026,0.9934329395915901,ok
chime_icyl,1.357710973647943,0.0,0.05865017179597136,0.059008578625951165,0.4786492186468193,0.6918447937556654,1.0,63489394.55156234,1.0,ok
chime_icyl,1.357710973647943,0.01,0.06865017179597135,0.06900857862595117,0.4786410908346052,0.6918389197165805,0.9999830192719481,63427315.591219544,0.9990222152726251,ok
chime_icyl,1.357710973647943,0.02,0.07865017179597136,0.07900857862595116,0.4786134100401396,0.6918189141965834,0.9999251882061335,63288444.67900902,0.9968349064600054,ok
chime_icyl,1.357710973647943,0.03,0.08865017179597136,0.08900857862595116,0.47855476718613243,0.6917765298028926,0.9998026708140172,63074621.8534366,0.9934670553868822,ok
chime_icyl,1.3677109029161711,0.0,0.058168860959733545,0.05842719914103145,0.5013723940807098,0.7080765453541797,1.0,62929505.439140886,1.0,ok
chime_icyl,1.3677109029161711,0.01,0.06816886095973354,0.06842719914103144,0.5013636005820893,0.7080703359003887,0.9999824611432055,62867748.77429501,0.9990186373718509,ok
chime_icyl,1.3677109029161711,0.02,0.07816886095973355,0.07842719914103145,0.5013351983208655,0.7080502795147146,0.9999258121103527,62730188.679990634,0.9968326978297484,ok
chime_icyl,1.3677109029161711,0.03,0.08816886095973354,0.08842719914103145,0.5012752002993881,0.7080079097717681,0.999806144529557,62518328.920466796,0.9934660773860405,ok
chime_icyl,1.37771083352085,0.0,0.057613868080916265,0.057874683665296654,0.524275463966871,0.7240686873266037,1.0,62348936.290236056,1.0,ok
chime_icyl,1.37771083352085,0.01,0.06761386808091627,0.06787468366529666,0.5242653750154374,0.7240617204461491,0.9999807563921507,62288064.94614285,0.9990236987555033,ok
chime_icyl,1.37771083352085,0.02,0.07761386808091626,0.07787468366529665,0.5242360657827501,0.7240414807058709,0.9999248521305522,62152429.717526205,0.9968482770612941,ok
chime_icyl,1.37771083352085,0.03,0.08761386808091626,0.08787468366529666,0.5241746999911633,0.7239991022032853,0.9998078033731633,61942746.01776524,0.993485209265159,ok
chime_icyl,1.3877107654309009,0.0,0.057071072235226956,0.05738686908182057,0.5447582397577623,0.7380773941516989,1.0,61748254.134113245,1.0,ok
chime_icyl,1.3877107654309009,0.01,0.06707107223522696,0.06738686908182057,0.5447484119575948,0.7380707364186679,0.9999819593363621,61688606.45989263,0.9990340184502858,ok
chime_icyl,1.3877107654309009,0.02,0.07707107223522695,0.07738686908182058,0.5447185131944744,0.7380504814675446,0.9999270748739743,61553982.59563404,0.9968538132583108,ok
chime_icyl,1.3877107654309009,0.03,0.08707107223522695,0.08738686908182057,0.5446563476523303,0.7380083655706962,0.999812959037614,61346883.06167957,0.9934998798255588,ok
chime_icyl,1.3977106986161278,0.0,0.056647271280246166,0.056912516704242966,0.5669277464754551,0.7529460448634119,1.0,61141281.80832942,1.0,ok
chime_icyl,1.3977106986161278,0.01,0.06664727128024617,0.06691251670424296,0.5669193969977777,0.7529405003038273,0.9999852724130557,61082170.08312163,0.9990331945379702,ok
chime_icyl,1.3977106986161278,0.02,0.07664727128024616,0.07691251670424297,0.5668897732714477,0.7529208280234037,0.9999330193234616,60949034.05652884,0.996855680055854,ok
chime_icyl,1.3977106986161278,0.03,0.08664727128024616,0.08691251670424296,0.5668270791059498,0.7528791929027855,0.9998224335109172,60743458.71248445,0.9934933798559851,ok
chime_icyl,1.4077106330471918,0.0,0.056130909454709506,0.05648752618968227,0.5885026656446085,0.7671392739552633,1.0,60532128.690264985,1.0,ok
chime_icyl,1.4077106330471918,0.01,0.06613090945470951,0.06648752618968228,0.5884939804189857,0.7671336131463578,0.9999852418244983,60473261.29370256,0.9990275016287029,ok
chime_icyl,1.4077106330471918,0.02,0.0761309094547095,0.07648752618968227,0.588463697836316,0.7671138754033302,0.9999337848227929,60341469.91884652,0.9968502880116105,ok
chime_icyl,1.4077106330471918,0.03,0.0861309094547095,0.08648752618968228,0.5883997902366417,0.7670722197007539,0.9998251912625508,60137670.570038155,0.993483491680175,ok
chime_icyl,1.4177105686955866,0.0,0.05562780536627933,0.05589788854672051,0.6053459422399767,0.7780398076191068,1.0,59903524.1733567,1.0,ok
chime_icyl,1.4177105686955866,0.01,0.06562780536627932,0.0658978885467205,0.6053365791174192,0.7780337904727656,0.9999845326087049,59846108.37745795,0.9990415289135145,ok
chime_icyl,1.4177105686955866,0.02,0.07562780536627933,0.07589788854672051,0.6053057137477134,0.7780139547255649,0.999933544623898,59716216.789912544,0.9968731825709937,ok
chime_icyl,1.4177105686955866,0.03,0.08562780536627933,0.08589788854672051,0.6052406834289297,0.7779721610886405,0.9998261179208412,59514621.483006366,0.9935078495678339,ok
chime_icyl,1.427710505533592,0.0,0.05519292334428357,0.05541079099397796,0.6244747284251093,0.7902371342990085,1.0,59282984.81020721,1.0,ok
chime_icyl,1.427710505533592,0.01,0.06519292334428357,0.06541079099397795,0.6244647288214,0.7902308073097378,0.9999839871763354,59225660.44788793,0.9990330385269431,ok
chime_icyl,1.427710505533592,0.02,0.07519292334428357,0.07541079099397796,0.6244330558774919,0.7902107667435897,0.9999332678398011,59096920.43539415,0.9968614202640312,ok
chime_icyl,1.427710505533592,0.03,0.08519292334428358,0.08541079099397796,0.6243664956607937,0.790168650137927,0.9998266819145931,58896832.74357378,0.9934862917602801,ok
chime_icyl,1.4377104435342651,0.0,0.054754587430710044,0.055101890916588805,0.6464861748576356,0.8040436398962656,1.0,58651990.51554398,1.0,ok
chime_icyl,1.4377104435342651,0.01,0.06475458743071004,0.0651018909165888,0.646477566836148,0.8040382869218032,0.999986684910177,58595067.36798826,0.9990294762879252,ok
chime_icyl,1.4377104435342651,0.02,0.07475458743071005,0.07510189091658881,0.6464460217622356,0.804018670033374,0.9999378902489156,58467291.8655873,0.9968509397834038,ok
chime_icyl,1.4377104435342651,0.03,0.08475458743071004,0.0851018909165888,0.6463785683690536,0.8039767212855442,0.9998335517559896,58268816.6690874,0.993466993309374,ok
chime_icyl,1.4477103826714126,0.0,0.05418315545942799,0.05451568391276093,0.6651991404067382,0.8155974131927701,1.0,58021394.04319038,1.0,ok
chime_icyl,1.4477103826714126,0.01,0.06418315545942799,0.06451568391276093,0.6651888476078704,0.8155911031931813,0.9999845267405766,57966082.28285118,0.9990467005963692,ok
chime_icyl,1.4477103826714126,0.02,0.074183155459428,0.07451568391276094,0.6651562908423188,0.8155711439490234,0.9999355838547939,57840318.85404275,0.9968791651401405,ok
chime_icyl,1.4477103826714126,0.03,0.08418315545942799,0.08451568391276093,0.665087517080712,0.8155289799147005,0.9998321956249704,57644563.50512127,0.9935053174043249,ok
chime_icyl,1.457710322919552,0.0,0.05384857359861096,0.053997532592998346,0.686240732538147,0.8283964826930079,1.0,57401274.9342546,1.0,ok
chime_icyl,1.457710322919552,0.01,0.06384857359861096,0.06399753259299834,0.6862302681919495,0.8283901666436834,0.9999847512021638,57345850.59003802,0.9990344405367291,ok
chime_icyl,1.457710322919552,0.02,0.07384857359861097,0.07399753259299835,0.6861971062325745,0.8283701504958846,0.9999364271115019,57220770.848200455,0.9968553993572288,ok
chime_icyl,1.457710322919552,0.03,0.08384857359861096,0.08399753259299834,0.6861269211364056,0.8283277860463245,0.9998341523661523,57026314.957723916,0.9934677413182869,ok
chime_icyl,1.4677102642539004,0.0,0.05332394032947003,0.05354941254160708,0.7059648642635006,0.8402171530405105,1.0,56769241.746035054,1.0,ok
chime_icyl,1.4677102642539004,0.01,0.06332394032947003,0.06354941254160708,0.7059549812937659,0.8402112718202285,0.9999860007625946,56715229.83413109,0.999048570841485,ok
chime_icyl,1.4677102642539004,0.02,0.07332394032947002,0.07354941254160709,0.7059218108374634,0.8401915322338493,0.9999390147750737,56592001.72305348,0.996877886377724,ok
chime_icyl,1.4677102642539004,0.03,0.08332394032947002,0.08354941254160708,0.7058511557912803,0.8401494841939025,0.9998389318251144,56399898.48910599,0.9934939547267274,ok
chime_icyl,1.4777102066503565,0.0,0.05298393299223229,0.05313531596642913,0.7210759517528592,0.8491619113884343,1.0,56129013.728083886,1.0,ok
chime_icyl,1.4777102066503565,0.01,0.06298393299223229,0.06313531596642913,0.7210667379515234,0.8491564861387584,0.999987222148633,56075337.8293459,0.9990437049366657,ok
chime_icyl,1.4777102066503565,0.02,0.07298393299223228,0.07313531596642912,0.7210332537784362,0.8491367697717701,0.9999407857461905,55953077.96061146,0.9968655111539151,ok
chime_icyl,1.4777102066503565,0.03,0.08298393299223228,0.08313531596642912,0.7209613956314473,0.8490944562482123,0.9998411316850417,55762325.98311413,0.9934670552604724,ok
chime_icyl,1.4877101500854588,0.0,0.05250804825742246,0.05266079926596921,0.7374452970854868,0.858746352007091,1.0,55503574.40929798,1.0,ok
chime_icyl,1.4877101500854588,0.01,0.06250804825742245,0.06266079926596921,0.7374336798565203,0.858739587917385,0.9999842466566505,55450310.47539517,0.999040351284225,ok
chime_icyl,1.4877101500854588,0.02,0.07250804825742246,0.07266079926596922,0.7373986847339535,0.8587192118113776,0.9999367921231345,55328970.28811979,0.9968541824011079,ok
chime_icyl,1.4877101500854588,0.03,0.08250804825742246,0.08266079926596921,0.7373250360619426,0.8586763278802686,0.9998369221093151,55139898.62594988,0.9934477051754135,ok
chime_icyl,1.4977100945363833,0.0,0.05204710548362044,0.05222043582440568,0.7610767288834572,0.8723971165034059,1.0,54891379.653823994,1.0,ok
chime_icyl,1.4977100945363833,0.01,0.06204710548362044,0.06222043582440568,0.761038646836431,0.8723752901340288,0.9999499629333272,54838747.34464582,0.9990411552868573,ok
chime_icyl,1.4977100945363833,0.02,0.07204710548362044,0.07222043582440568,0.7609888441247776,0.8723467453511692,0.9998845257575953,54719051.56754171,0.9968605619430759,ok
chime_icyl,1.4977100945363833,0.03,0.08204710548362043,0.08222043582440568,0.7609033536542108,0.8722977436943253,0.9997721974373059,54531711.80122289,0.993447644149785,ok
chime_icyl,1.5077100399809134,0.0,0.051582043839328615,0.051795715430833694,0.775892500176579,0.8808476032643666,1.0,54259666.57809609,1.0,ok
chime_icyl,1.5077100399809134,0.01,0.061582043839328617,0.061795715430833696,0.775834426283205,0.8808146378683798,0.9999251521398123,54208370.71887612,0.9990546226607173,ok
chime_icyl,1.5077100399809134,0.02,0.07158204383932862,0.0717957154308337,0.7757733841694812,0.8807799862448517,0.9998464787234435,54089986.782227136,0.9968728190464508,ok
chime_icyl,1.5077100399809134,0.03,0.08158204383932861,0.0817957154308337,0.7756788427063885,0.8807263154387909,0.9997246300613271,53904727.07434571,0.9934585019382765,ok
chime_icyl,1.5177099863974273,0.0,0.05117164788126637,0.051406561042095206,0.7904591994924391,0.8890777241009017,1.0,53638263.39588779,1.0,ok
chime_icyl,1.5177099863974273,0.01,0.061171647881266375,0.06140656104209521,0.7904473924692828,0.8890710840361882,0.9999850630833774,53586787.1512748,0.9990403073971083,ok
chime_icyl,1.5177099863974273,0.02,0.07117164788126637,0.07140656104209521,0.7904110751864583,0.8890506595163508,0.999939118545256,53469311.5130264,0.9968501612064804,ok
chime_icyl,1.5177099863974273,0.03,0.08117164788126638,0.0814065610420952,0.7903337163993658,0.8890071520518639,0.9998412529158318,53285343.67150806,0.9934203737772989,ok
chime_icyl,1.52770993376487,0.0,0.05077771093764537,0.051093103479049544,0.8107226064788886,0.9004013585501127,1.0,53029288.82168432,1.0,ok
chime_icyl,1.52770993376487,0.01,0.06077771093764537,0.061093103479049546,0.8107127069451406,0.9003958612438979,0.9999877892466932,52978217.17240597,0.9990369161945565,ok
chime_icyl,1.52770993376487,0.02,0.07077771093764537,0.07109310347904954,0.8106767369964909,0.9003758865032375,0.9999434214834628,52861657.58382944,0.9968388933440432,ok
chime_icyl,1.52770993376487,0.03,0.08077771093764537,0.08109310347904955,0.8105986894774506,0.900332543828918,0.9998471524039817,52679134.12002888,0.9933969564850688,ok
chime_icyl,1.5377098820627415,0.0,0.050340819891695254,0.05065893250377367,0.8246203277822406,0.9080860795003085,1.0,52411999.30093213,1.0,ok
chime_icyl,1.5377098820627415,0.01,0.060340819891695256,0.060658932503773674,0.8246086440120788,0.9080796462932527,0.9999858313338051,52361963.640902475,0.9990453396035825,ok
chime_icyl,1.5377098820627415,0.02,0.07034081989169526,0.07065893250377367,0.8245715202706043,0.908059205267258,0.9999408121410643,52246872.39675887,0.9968494446619912,ok
chime_icyl,1.5377098820627415,0.03,0.08034081989169525,0.08065893250377368,0.824491822021557,0.9080153203672044,0.9998441637243782,52066328.55519165,0.9934047403199455,ok
chime_icyl,1.5477098312710826,0.0,0.05000060771004131,0.05016099499511888,0.8447394327993403,0.9190970747420211,1.0,51810364.46555713,1.0,ok
chime_icyl,1.5477098312710826,0.01,0.060000607710041315,0.06016099499511888,0.8447205852242994,0.9190868213745094,0.9999776882973506,51760768.740132965,0.9990427450967435,ok
chime_icyl,1.5477098312710826,0.02,0.07000060771004131,0.07016099499511888,0.8446794753470621,0.919064456579114,0.9999290225483147,51646749.105157316,0.99684203417429,ok
chime_icyl,1.5477098312710826,0.03,0.0800006077100413,0.08016099499511888,0.8445949690750563,0.9190184813566353,0.9998289842776662,51467485.20852704,0.9933820334875655,ok
chime_icyl,1.557709781370447,0.0,0.04957712246203219,0.04983970429132326,0.8596944036446929,0.9271970683973785,1.0,51213286.89937419,1.0,ok
chime_icyl,1.557709781370447,0.01,0.059577122462032193,0.059839704291323265,0.8596836414628305,0.9271912647684029,0.9999874813866221,51164190.918341145,0.9990413429013156,ok
chime_icyl,1.557709781370447,0.02,0.0695771224620322,0.06983970429132326,0.8596460728024158,0.9271710051562311,0.9999437813692026,51051351.00685361,0.9968380101664095,ok
chime_icyl,1.557709781370447,0.03,0.07957712246203219,0.07983970429132325,0.8595641476987368,0.9271268239559983,0.9998484857579579,50873307.36406465,0.9933614974571434,ok
chime_icyl,1.5677097323418954,0.0,0.0491908277399248,0.049435154546428814,0.8835726795969667,0.939985467758394,1.0,50622942.66040743,1.0,ok
chime_icyl,1.5677097323418954,0.01,0.0591908277399248,0.059435154546428816,0.8835620627662635,0.9399798204037486,0.9999879842021506,50574414.80269572,0.9990413860759291,ok
chime_icyl,1.5677097323418954,0.02,0.0691908277399248,0.06943515454642882,0.8835242018579434,0.9399596809746381,0.9999451344070016,50462622.86456019,0.9968330605171906,ok
chime_icyl,1.5677097323418954,0.03,0.07919082773992481,0.07943515454642881,0.8834410907034627,0.939915469977733,0.99985107179461,50286471.5326965,0.9933533866261377,ok
chime_icyl,1.5777096841669769,0.0,0.04878089702867005,0.04900678325774092,0.8826217974637606,0.9394795354150939,1.0,50014205.7951844,1.0,ok
chime_icyl,1.5777096841669769,0.01,0.05878089702867005,0.05900678325774092,0.8826081971810595,0.9394722971865959,0.9999845910414402,49966609.79215793,0.9990483503182799,ok
chime_icyl,1.5777096841669769,0.02,0.06878089702867005,0.06900678325774091,0.8825682967339435,0.9394510613831588,0.9999393843093715,49855874.06454028,0.9968342648228282,ok
chime_icyl,1.5777096841669769,0.03,0.07878089702867005,0.07900678325774091,0.882482779144846,0.9394055456217224,0.9998424938979367,49681414.21283734,0.9933460588435634,ok
chime_icyl,1.5877096368277113,0.0,0.04845045531125498,0.04878089702867005,0.9089750380979105,0.953401824047925,1.0,49431688.94898216,1.0,ok
chime_icyl,1.5877096368277113,0.01,0.05845045531125498,0.05878089702867005,0.9089644390011389,0.9533962654642292,0.9999883395073271,49384309.111830294,0.9990415088345299,ok
chime_icyl,1.5877096368277113,0.02,0.06845045531125497,0.06878089702867005,0.9089252955249711,0.9533757368031616,0.9999452761947749,49274433.48193972,0.9968187316600746,ok
chime_icyl,1.5877096368277113,0.03,0.07845045531125497,0.07878089702867005,0.9088394557199324,0.9533307168658379,0.9998508403726226,49101110.17774542,0.9933124119716418,ok
chime_icyl,1.5977095903065777,0.0,0.04803420657251113,0.04826358763498789,0.9232930457340693,0.9608813900446138,1.0,48872326.73289623,1.0,ok
chime_icyl,1.5977095903065777,0.01,0.058034206572511134,0.058263587634987894,0.923272909013466,0.9608709117324065,0.9999781903257082,48824850.78213526,0.9990285719151364,ok
chime_icyl,1.5977095903065777,0.02,0.06803420657251114,0.0682635876349879,0.923229027527926,0.9608480772358999,0.9999306631773746,48716323.042812504,0.9968079340495422,ok
chime_icyl,1.5977095903065777,0.03,0.07803420657251113,0.07826358763498789,0.9231378882704127,0.9608006495992873,0.9998319520932454,48544103.48017098,0.9932840673921849,ok
chime_icyl,1.6077095445864995,0.0,0.047698592285274795,0.04788766474223437,0.9360957977552811,0.9675204379005546,1.0,48284671.74529433,1.0,ok
chime_icyl,1.6077095445864995,0.01,0.0576985922852748,0.05788766474223437,0.9360836894558462,0.9675141804934159,0.9999870651065159,48238499.929443374,0.9990437583153817,ok
chime_icyl,1.6077095445864995,0.02,0.06769859228527479,0.06788766474223437,0.9360429145457937,0.9674931082678542,0.9999435066265502,48130780.1220916,0.9968128265629613,ok
chime_icyl,1.6077095445864995,0.03,0.07769859228527479,0.07788766474223437,0.9359539330880025,0.9674471215978693,0.999848450695304,47960256.32323901,0.9932811923467837,ok
chime_icyl,1.6177094996508332,0.0,0.047381794941558975,0.047593227472956336,0.9548625773129193,0.9771707001915885,1.0,47724783.54441379,1.0,ok
chime_icyl,1.6177094996508332,0.01,0.057381794941558976,0.05759322747295634,0.9548518288347265,0.9771652003805327,0.9999887434292136,47678963.907388255,0.9990399194376043,ok
chime_icyl,1.6177094996508332,0.02,0.06738179494155898,0.06759322747295633,0.9548109966501047,0.9771443069731843,0.9999459810615263,47571984.13736445,0.9967983216328861,ok
chime_icyl,1.6177094996508332,0.03,0.07738179494155897,0.07759322747295633,0.9547211666705739,0.9770983403274074,0.9998519047183277,47402988.57792124,0.9932572776114725,ok
chime_icyl,1.6277094554833498,0.0,0.04699881950590274,0.047190695729308584,0.9731036521563154,0.986460162478098,1.0,47168963.253025495,1.0,ok
chime_icyl,1.6277094554833498,0.01,0.05699881950590274,0.057190695729308585,0.973090891294236,0.9864536944500922,0.9999868864308019,47123427.323475026,0.9990346209369453,ok
chime_icyl,1.6277094554833498,0.02,0.06699881950590274,0.06719069572930858,0.9730487025279174,0.9864323101601638,0.9999435315772618,47017447.553790785,0.9967878094241346,ok
chime_icyl,1.6277094554833498,0.03,0.07699881950590273,0.07719069572930859,0.9729563750424739,0.9863855103571189,0.9998486521826168,46849692.082162246,0.9932313294835292,ok
chime_icyl,1.637709412068227,0.0,0.04669877837563155,0.046827602836591216,0.9884868914070093,0.9942267806728047,1.0,46622448.657960534,1.0,ok
chime_icyl,1.637709412068227,0.01,0.05669877837563155,0.05682760283659122,0.9884750693051753,0.9942208352801581,0.9999880402037328,46577268.9308528,0.9990309447828623,ok
chime_icyl,1.637709412068227,0.02,0.06669877837563155,0.06682760283659121,0.9884327714011765,0.9941995631668606,0.9999452496474124,46472049.02888206,0.9967740941669138,ok
chime_icyl,1.637709412068227,0.03,0.07669877837563155,0.07682760283659121,0.9883399164276477,0.9941528637124413,0.9998513131730534,46305281.42629798,0.9931971133908171,ok
chime_icyl,1.6477093693900382,0.0,0.046353496165041946,0.0465048725759849,0.9912434678337738,0.9956121071149013,1.0,46055329.64677437,1.0,ok
chime_icyl,1.6477093693900382,0.01,0.05635349616504195,0.0565048725759849,0.9912320528587748,0.99560637445668,0.9999884841864088,46010717.64418406,0.9990313389800385,ok
chime_icyl,1.6477093693900382,0.02,0.06635349616504195,0.0665048725759849,0.991189483835587,0.9955849957866918,0.9999455391133071,45906793.90062404,0.9967748413204391,ok
chime_icyl,1.6477093693900382,0.03,0.07635349616504195,0.0765048725759849,0.9910950026541093,0.9955375445728349,0.9998502232958075,45741769.9524301,0.9931916740852982,ok
chime_icyl,1.6577093274337358,0.0,0.04598379313114459,0.04617988695520659,1.020046231632946,1.009973381645747,1.0,45530018.17481306,1.0,ok
chime_icyl,1.6577093274337358,0.01,0.05598379313114459,0.05617988695520659,1.020034969741166,1.0099678062894708,0.9999889594300427,45486038.45081921,0.9990340499354735,ok
chime_icyl,1.6577093274337358,0.02,0.0659837931311446,0.06617988695520659,1.019992047788163,1.0099465568970285,0.9999468809911721,45382978.73188969,0.9967704945260769,ok
chime_icyl,1.6577093274337358,0.03,0.07598379313114459,0.07617988695520658,1.0198958521113644,1.009898931631955,0.9998525757785107,45218938.934463,0.9931676012261698,ok
chime_icyl,1.6677092861846443,0.0,0.04563310131553744,0.04578685949331031,1.0226838538403253,1.0112783265947736,1.0,44988371.48907457,1.0,ok
chime_icyl,1.6677092861846443,0.01,0.05563310131553744,0.05578685949331031,1.0226691158626595,1.011271039762664,0.9999855889211408,44944919.49154958,0.9990341504685151,ok
chime_icyl,1.6677092861846443,0.02,0.06563310131553744,0.06578685949331031,1.0226237862195966,1.0112486273017118,0.9999412647217386,44842731.682125345,0.9967627232965168,ok
chime_icyl,1.6677092861846443,0.03,0.07563310131553744,0.07578685949331031,1.02252557335579,1.0112000659393718,0.9998452302889687,44680651.84052599,0.9931600180588153,ok
chime_icyl,1.677709245628447,0.0,0.04527969346870968,0.04545674084387493,1.0372676304623463,1.0184633672657777,1.0,44463150.829713956,1.0,ok
chime_icyl,1.677709245628447,0.01,0.05527969346870968,0.05545674084387493,1.0372519288393085,1.0184556587497113,0.9999848625151536,44419702.93614177,0.9990228336777439,ok
chime_icyl,1.677709245628447,0.02,0.06527969346870968,0.06545674084387493,1.0372057910868175,1.0184330076577535,0.9999403824300377,44318519.047407195,0.9967471540003839,ok
chime_icyl,1.677709245628447,0.03,0.07527969346870968,0.07545674084387494,1.0371046596408724,1.0183833559327609,0.999842884500887,44157055.22156179,0.993115746355348,ok
chime_icyl,1.6877092057511782,0.0,0.04510195110073856,0.045124207184550895,1.0536301734074844,1.0264648914636507,1.0,43944342.046199396,1.0,ok
chime_icyl,1.6877092057511782,0.01,0.05510195110073856,0.0551242071845509,1.0536152522381226,1.0264576232062006,0.9999858383237891,43901125.97529265,0.9990165725803493,ok
chime_icyl,1.6877092057511782,0.02,0.06510195110073856,0.06512420718455089,1.0535687673384686,1.026434979596111,0.9999417195230683,43800345.90674947,0.9967232154870236,ok
chime_icyl,1.6877092057511782,0.03,0.07510195110073856,0.0751242071845509,1.053466100910216,1.026384967207829,0.9998442788547542,43640030.022563815,0.9930750579149494,ok
chime_icyl,1.6977091665392092,0.0,0.04483401634700003,0.04483401634700003,1.0612278764891223,1.0301591510485757,1.0,43419360.711315155,1.0,ok
chime_icyl,1.6977091665392092,0.01,0.05483401634700003,0.05483401634700003,1.0612160995530555,1.0301534349566843,0.9999889025379678,43376752.71131515,0.9990186866111802,ok
chime_icyl,1.6977091665392092,0.02,0.06483401634700003,0.06483401634700003,1.0611705179559365,1.0301313110258985,0.9999459507854472,43276960.71131515,0.9967203570557662,ok
chime_icyl,1.6977091665392092,0.03,0.07483401634700003,0.07483401634700003,1.061068165257946,1.0300816303856437,0.9998495033585956,43118160.71131515,0.9930630024241348,ok
chime_icyl,1.7077091279792431,0.0,0.04436123670554011,0.04447425914784046,1.0708973482617092,1.034841702030658,1.0,42908974.2098904,1.0,ok
chime_icyl,1.7077091279792431,0.01,0.05436123670554011,0.05447425914784046,1.0708810984749582,1.0348338506615244,0.9999848260089751,42867286.133193396,0.9990284531973874,ok
chime_icyl,1.7077091279792431,0.02,0.06436123670554011,0.06447425914784045,1.0708327246629068,1.0348104776541966,0.9999396547214284,42768582.31816852,0.9967281461673926,ok
chime_icyl,1.7077091279792431,0.03,0.07436123670554011,0.07447425914784045,1.0707261765059612,1.0347589944068916,0.9998401604448588,42611262.34974964,0.9930617809998324,ok
chime_icyl,1.7177090900583,0.0,0.04402042830246005,0.04417979939427138,1.0994120193359775,1.0485285019187498,1.0,42428076.795386955,1.0,ok
chime_icyl,1.7177090900583,0.01,0.05402042830246005,0.05417979939427138,1.0993991074228395,1.0485223447417988,0.9999882556194485,42386424.62133025,0.999018287483131,ok
chime_icyl,1.7177090900583,0.02,0.06402042830246005,0.06417979939427138,1.0993523208770297,1.0485000337992507,0.9999456996486323,42288668.6147205,0.9967142469987795,ok
chime_icyl,1.7177090900583,0.03,0.07402042830246006,0.07417979939427138,1.0992460572843954,1.04844935847393,0.9998490447178462,42132280.60370425,0.9930282913102754,ok
chime_icyl,1.7277090527637138,0.0,0.04374586993810593,0.04386047812491322,1.1115188451484297,1.054285940885313,1.0,41934881.71288246,1.0,ok
chime_icyl,1.7277090527637138,0.01,0.053745869938105935,0.05386047812491322,1.1115059564248901,1.054279828330643,0.9999884044039417,41893657.60530384,0.9990169494727356,ok
chime_icyl,1.7277090527637138,0.02,0.06374586993810594,0.06386047812491322,1.111458483869907,1.054257313880206,0.9999456947772086,41796489.78173278,0.9966998373311934,ok
chime_icyl,1.7277090527637138,0.03,0.07374586993810593,0.07386047812491323,1.1113512256637046,1.0542064435696192,0.9998491978022175,41640917.71503404,0.9929899886242408,ok
chime_icyl,1.737709016083118,0.0,0.043446473785687965,0.04356186966964093,1.117869240939946,1.057293356141022,1.0,41433371.89608161,1.0,ok
chime_icyl,1.737709016083118,0.01,0.05344647378568797,0.05356186966964093,1.1178567827896262,1.057287464594954,0.9999888554494001,41392823.919189826,0.9990213691274396,ok
chime_icyl,1.737709016083118,0.02,0.06344647378568796,0.06356186966964093,1.1178086410846981,1.0572646977387914,0.9999457898535639,41296824.07464506,0.9967043999754829,ok
chime_icyl,1.737709016083118,0.03,0.07344647378568797,0.07356186966964093,1.117698740014517,1.057212722215599,0.9998474768611707,41142644.16497715,0.9929832471314758,ok
chime_icyl,1.747708980004442,0.0,0.043121722498508805,0.0432612001322614,1.130007004141119,1.0630178757392177,1.0,40954255.47712456,1.0,ok
chime_icyl,1.747708980004442,0.01,0.05312172249850881,0.053261200132261405,1.1299939445219034,1.0630117330123423,0.9999884428864886,40914067.372536086,0.9990187074793505,ok
chime_icyl,1.747708980004442,0.02,0.06312172249850881,0.0632612001322614,1.1299451967020635,1.0629888036579047,0.9999453034903067,40818935.415601924,0.9966958241592692,ok
chime_icyl,1.747708980004442,0.03,0.0731217224985088,0.0732612001322614,1.1298340870434367,1.0629365395184402,0.9998469769682412,40665675.41765268,0.9929536001543706,ok
chime_icyl,1.757708944515897,0.0,0.04281796234067183,0.04293504749865199,1.1516904941106452,1.0731684369709376,1.0,40483939.95713319,1.0,ok
chime_icyl,1.757708944515897,0.01,0.052817962340671834,0.052935047498651994,1.1516739693052886,1.0731607378698163,0.9999856516959712,40444248.059213765,0.9990195643516552,ok
chime_icyl,1.757708944515897,0.02,0.06281796234067183,0.06293504749865199,1.1516228792956649,1.0731369340842132,0.9999412908109201,40349964.15729118,0.9966906432530068,ok
chime_icyl,1.757708944515897,0.03,0.07281796234067184,0.07293504749865198,1.151509396355751,1.07308405838301,0.9998427548409748,40198108.46553449,0.9929396325579637,ok
chime_icyl,1.7677089096059757,0.0,0.04255924116637546,0.042700556135756365,1.1682798472250475,1.0808699492654275,1.0,40021873.479617804,1.0,ok
chime_icyl,1.7677089096059757,0.01,0.05255924116637546,0.05270055613575637,1.1682668968289782,1.0808639585206725,0.9999889149880484,39982181.399536304,0.9990082403288363,ok
chime_icyl,1.7677089096059757,0.02,0.06255924116637546,0.06270055613575637,1.1682166930172677,1.0808407343439956,0.9999459425685294,39888137.41711517,0.9966584257338491,ok
chime_icyl,1.7677089096059757,0.03,0.07255924116637547,0.07270055613575636,1.1681014010470236,1.080787398634451,0.9998472573344069,39736685.348752916,0.9928741933830227,ok
chime_icyl,1.777708875263437,0.0,0.04218008669507345,0.04237008804723929,1.163605739467947,1.078705585165826,1.0,39551430.16460857,1.0,ok
chime_icyl,1.777708875263437,0.01,0.05218008669507345,0.05237008804723929,1.163589928140666,1.0786982562981484,0.9999864117830081,39512206.27894582,0.9990082814831347,ok
chime_icyl,1.777708875263437,0.02,0.06218008669507345,0.062370088047239286,1.1635375853795447,1.0786739940220793,0.9999414285388163,39419130.418056145,0.9966549946234105,ok
chime_icyl,1.777708875263437,0.03,0.07218008669507345,0.0723700880472393,1.163420460195261,1.0786197013754482,0.9998407714345144,39269654.56097771,0.9928757164416524,ok
chime_icyl,1.7877088414773032,0.0,0.04194137461022576,0.04206090000106514,1.1876393541362789,1.089788674072308,1.0,39105121.581610866,1.0,ok
chime_icyl,1.7877088414773032,0.01,0.051941374610225764,0.05206090000106514,1.1876239621164206,1.0897816121207131,0.999987039819955,39066329.618786976,0.9990080081264309,ok
chime_icyl,1.7877088414773032,0.02,0.061941374610225766,0.062060900001065136,1.1875714873878547,1.0897575360546283,0.9999428557598838,38973925.66525711,0.9966450451744548,ok
chime_icyl,1.7877088414773032,0.03,0.07194137461022576,0.07206090000106513,1.1874533771258085,1.0897033436333985,0.9998434061570773,38825265.767491415,0.9928434997053928,ok
chime_icyl,1.7977088082368506,0.0,0.041773464515278774,0.041773464515278774,1.2015291623615618,1.0961428567306188,1.0,38652154.54427984,1.0,ok
chime_icyl,1.7977088082368506,0.01,0.051773464515278776,0.051773464515278776,1.201508278345639,1.09613333055137,0.9999826188022921,38613434.54427984,0.9989982447173639,ok
chime_icyl,1.7977088082368506,0.02,0.06177346451527878,0.06177346451527878,1.201452283478269,1.0961077882572814,0.9999360157991158,38521786.54427984,0.9966271479161491,ok
chime_icyl,1.7977088082368506,0.03,0.07177346451527877,0.07177346451527877,1.2013284617307893,1.096051304333328,0.9998329623307869,38373474.54427984,0.9927900526300353,ok
chime_icyl,1.8077087755316052,0.0,0.04136284518277964,0.04158073700744561,1.2108215059674343,1.1003733484447151,1.0,38200891.57131226,1.0,ok
chime_icyl,1.8077087755316052,0.01,0.05136284518277964,0.051580737007445615,1.2108080093153544,1.1003672156672764,0.9999888533099112,38163287.5235917,0.9990156238199214,ok
chime_icyl,1.8077087755316052,0.02,0.06136284518277964,0.06158073700744561,1.2107550083571668,1.100343132098877,0.9999450805837691,38072523.560707696,0.9966396593031098,ok
chime_icyl,1.8077087755316052,0.03,0.07136284518277963,0.0715807370074456,1.2106327217662063,1.1002875632152742,0.9998440858538623,37925631.767496824,0.9927944141486438,ok
chime_icyl,1.8177087433513328,0.0,0.04119257694085867,0.041216944039671646,1.2298555743683734,1.1089885366262238,1.0,37780967.654148325,1.0,ok
chime_icyl,1.8177087433513328,0.01,0.05119257694085867,0.05121694403967165,1.229839328691913,1.108981212055422,0.9999867905819194,37742531.56972925,0.9989826601380113,ok
chime_icyl,1.8177087433513328,0.02,0.06119257694085867,0.06121694403967165,1.2297844299833542,1.108956459913262,0.9999421522441319,37652143.64381129,0.9965902405804874,ok
chime_icyl,1.8177087433513328,0.03,0.07119257694085868,0.07121694403967165,1.2296604503261008,1.1089005592595311,0.9998413439379882,37506287.592126146,0.9927296710731013,ok
chime_icyl,1.827708711686033,0.0,0.04089903939872201,0.04097262093838765,1.23224945452356,1.1100673198160371,1.0,37336489.06102447,1.0,ok
chime_icyl,1.827708711686033,0.01,0.050899039398722014,0.05097262093838765,1.2322356428237302,1.1100610986894957,0.9999887914741783,37298765.0727772,0.9989896214347949,ok
chime_icyl,1.827708711686033,0.02,0.060899039398722016,0.06097262093838765,1.232181844428308,1.1100368662473818,0.9999451327854081,37209169.14497253,0.9965899333532984,ok
chime_icyl,1.827708711686033,0.03,0.07089903939872201,0.07097262093838765,1.2320563557921216,1.1099803402728003,0.9998432957460605,37064141.22388372,0.9927055852333727,ok
chime_icyl,1.8377086805259355,0.0,0.040628100292638976,0.04067749617749913,1.26518468747927,1.1248042885227945,1.0,36927970.568727896,1.0,ok
chime_icyl,1.8377086805259355,0.01,0.05062810029263898,0.05067749617749913,1.2651685180638337,1.1247971008425626,0.9999872197193055,36890766.57363525,0.9989925253264756,ok
chime_icyl,1.8377086805259355,0.02,0.06062810029263897,0.060677496177499124,1.2651126612488643,1.1247722708392416,0.9999430705800358,36801894.55400583,0.9965858937607357,ok
chime_icyl,1.8377086805259355,0.03,0.07062810029263897,0.07067749617749913,1.2649835324375123,1.1247148671719034,0.9998410073693205,36657710.60307938,0.9926814292395103,ok
chime_icyl,1.8477086498614896,0.0,0.04038021451131865,0.04040507152476,1.2640139312937644,1.1242837414522031,1.0,36492272.71419637,1.0,ok
chime_icyl,1.8477086498614896,0.01,0.050380214511318654,0.05040507152476,1.2639982448751437,1.124276765247394,0.9999875899954642,36455808.711009786,0.9990007746716089,ok
chime_icyl,1.8477086498614896,0.02,0.060380214511318656,0.060405071524760004,1.2639414815876657,1.1242515206072285,0.9999426828262687,36367660.709416494,0.9965852495470527,ok
chime_icyl,1.8477086498614896,0.03,0.07038021451131865,0.07040507152476,1.2638117471767774,1.1241938210009772,0.9998400459741926,36225040.63771822,0.9926770229256182,ok
chime_icyl,1.8577086196833648,0.0,0.040005505994390025,0.040180804825852,1.2968062382132495,1.1387740066462921,1.0,36101981.93194055,1.0,ok
chime_icyl,1.8577086196833648,0.01,0.05000550599439003,0.050180804825852,1.2967902343623587,1.138766979834926,0.9999876590269084,36065413.88849914,0.9989870904176301,ok
chime_icyl,1.8577086196833648,0.02,0.06000550599439003,0.060180804825852,1.296733357982005,1.1387420067697533,0.9999438002154085,35978077.90091097,0.9965679437970149,ok
chime_icyl,1.8577086196833648,0.03,0.07000550599439002,0.070180804825852,1.296601887310664,1.1386842790302605,0.9998424198646152,35836282.08243399,0.9926402974216914,ok
chime_icyl,1.8677085899824355,0.0,0.039778986681405254,0.03987982077646369,1.2963183599728234,1.1385597744399822,1.0,35687799.558717296,1.0,ok
chime_icyl,1.8677085899824355,0.01,0.049778986681405256,0.04987982077646369,1.2963022093454661,1.138552681848963,0.9999875411566664,35651631.558717296,0.9989865444088114,ok
chime_icyl,1.8677085899824355,0.02,0.05977898668140526,0.059879820776463685,1.2962445975151318,1.1385273811003105,0.9999430985011327,35564747.608557984,0.9965519883074647,ok
chime_icyl,1.8677085899824355,0.03,0.06977898668140525,0.06987982077646368,1.296110478317528,1.1384684792814985,0.9998396368810978,35423707.650847055,0.9925999386026665,ok
chime_icyl,1.8777085607497843,0.0,0.03947493901336733,0.03962725445642485,1.3029551017121324,1.1414705873180142,1.0,35281731.62200411,1.0,ok
chime_icyl,1.8777085607497843,0.01,0.04947493901336733,0.04962725445642485,1.3029380036850258,1.1414630978200853,0.999986877500933,35246023.638172105,0.9989879186142403,ok
chime_icyl,1.8777085607497843,0.02,0.059474939013367326,0.05962725445642485,1.3028791918108342,1.141437335910664,0.9999417402017933,35160011.73958954,0.9965500592851103,ok
chime_icyl,1.8777085607497843,0.03,0.06947493901336732,0.06962725445642484,1.302742997207889,1.1413776750961484,0.9998372127297674,35019879.88804116,0.9925782629727947,ok
chime_icyl,1.887708531976692,0.0,0.039296491491264636,0.03939856047226197,1.302509828503561,1.141275526988799,1.0,34874383.46380998,1.0,ok
chime_icyl,1.887708531976692,0.01,0.04929649149126464,0.049398560472261974,1.302495076565278,1.14126906405338,0.9999886742211382,34838735.446650594,0.9989778165627966,ok
chime_icyl,1.887708531976692,0.02,0.05929649149126463,0.05939856047226197,1.3024361727006628,1.1412432574612053,0.9999434508659464,34753167.446650594,0.9965242104628121,ok
chime_icyl,1.887708531976692,0.03,0.06929649149126463,0.06939856047226198,1.3022993248286416,1.1411833002759204,0.999838386114014,34613939.59107543,0.9925319433100567,ok
chime_icyl,1.8977085036546368,0.0,0.039014424937112054,0.039194156704279094,1.33229337651937,1.1542501360274426,1.0,34495754.55944918,1.0,ok
chime_icyl,1.8977085036546368,0.01,0.049014424937112056,0.049194156704279096,1.3322785175727845,1.154243699386219,0.9999888470911531,34460526.555277064,0.9989787727614016,ok
chime_icyl,1.8977085036546368,0.02,0.05901442493711205,0.05919415670427909,1.3322191952184372,1.154218001600407,0.9999443205961688,34375790.588653974,0.996522355509329,ok
chime_icyl,1.8977085036546368,0.03,0.06901442493711205,0.06919415670427909,1.3320799344046241,1.154157673112571,0.9998397934580269,34237282.723552324,0.9925071406844743,ok
chime_icyl,1.9077084757752785,0.0,0.03878211733139116,0.039014424937112054,1.3363769201860332,1.1560176989069126,1.0,34103095.8098249,1.0,ok
chime_icyl,1.9077084757752785,0.01,0.048782117331391164,0.049014424937112056,1.3363620324514178,1.1560112596559853,0.9999888596290534,34068155.91123044,0.9989754625565578,ok
chime_icyl,1.9077084757752785,0.02,0.05878211733139116,0.05901442493711205,1.3363019962458735,1.1559852924003287,0.9999439350238485,33983848.023452565,0.9965033149178797,ok
chime_icyl,1.9077084757752785,0.03,0.06878211733139117,0.06901442493711205,1.3361596955149737,1.155923741219538,0.9998374525421846,33846112.15325166,0.9924645065067905,ok
chime_icyl,1.917708448330468,0.0,0.038470191751737395,0.038652454255861675,1.3609289553143884,1.1665885972845733,1.0,33736639.088422865,1.0,ok
chime_icyl,1.917708448330468,0.01,0.0484701917517374,0.04865245425586168,1.3609000657765247,1.1665762151597832,0.9999787721925153,33702399.154125124,0.9989850816434915,ok
chime_icyl,1.917708448330468,0.02,0.0584701917517374,0.05865245425586167,1.3608312038753112,1.1665467002547782,0.9999281730036711,33618803.257934704,0.9965071852540107,ok
chime_icyl,1.917708448330468,0.03,0.0684701917517374,0.06865245425586167,1.3606816462204194,1.1664825957640428,0.9998182792033314,33482339.378826868,0.9924622097379208,ok
chime_icyl,1.9277084213122324,0.0,0.03823457760911821,0.03839181436963949,1.3763529456553274,1.1731806960802447,1.0,33370406.784833312,1.0,ok
chime_icyl,1.9277084213122324,0.01,0.048234577609118215,0.04839181436963949,1.3763329865515046,1.1731721896428948,0.9999854985569757,33335938.729939185,0.9989671071402764,ok
chime_icyl,1.9277084213122324,0.02,0.05823457760911821,0.058391814369639486,1.3762683717152249,1.1731446508062102,0.9999385521421889,33253114.72483275,0.99648514743147,ok
chime_icyl,1.9277084213122324,0.03,0.06823457760911822,0.06839181436963948,1.3761211861475964,1.1730819179186065,0.9998316133165823,33117230.723556146,0.99241315627617,ok
chime_icyl,1.9377083947127756,0.0,0.03812939287720479,0.03812939287720479,1.376419208654906,1.1732089364878304,1.0,32994040.227677055,1.0,ok
chime_icyl,1.9377083947127756,0.01,0.048129392877204795,0.048129392877204795,1.3763986172935718,1.1732001607967721,0.9999850399055719,32959776.227677055,0.9989615094191691,ok
chime_icyl,1.9377083947127756,0.02,0.0581293928772048,0.0581293928772048,1.3763330349919167,1.1731722102879512,0.9999373928651624,32877072.227677055,0.9964548749048963,ok
chime_icyl,1.9377083947127756,0.03,0.06812939287720479,0.06812939287720479,1.3761821274844848,1.1731078925164917,0.9998277551134636,32741680.227677055,0.9923513459322175,ok
chime_icyl,1.9477083685244665,0.0,0.03775893891533718,0.03791814807789718,1.38992574873559,1.178951122284376,1.0,32625449.793083645,1.0,ok
chime_icyl,1.9477083685244665,0.01,0.04775893891533718,0.04791814807789718,1.389907580585057,1.178943417041317,0.9999869286898602,32591937.829187535,0.9989728275285505,ok
chime_icyl,1.9477083685244665,0.02,0.05775893891533718,0.05791814807789718,1.3898433908845096,1.1789161933252548,0.9999407465822147,32510221.89297106,0.9964681590340246,ok
chime_icyl,1.9477083685244665,0.03,0.06775893891533719,0.06791814807789717,1.3896912507984414,1.1788516661558575,0.9998312874357771,32376149.967585754,0.9923587313867244,ok
chime_icyl,1.9577083427398456,0.0,0.03754560986966741,0.03775893891533718,1.409278345133059,1.1871302982962986,1.0,32264592.694862224,1.0,ok
chime_icyl,1.9577083427398456,0.01,0.04754560986966741,0.04775893891533718,1.4092626432770432,1.1871236849111566,0.9999888582294122,32231500.782442316,0.9989743582777297,ok
chime_icyl,1.9577083427398456,0.02,0.057545609869667405,0.05775893891533718,1.4091983598350377,1.18709660930989,0.9999432437897754,32150344.88403523,0.9964590344620967,ok
chime_icyl,1.9577083427398456,0.03,0.0675456098696674,0.06775893891533719,1.4090456298474403,1.1870322783511156,0.9998348691822149,32017225.089556515,0.9923331558019296,ok
chime_icyl,1.967708317351612,0.0,0.03730415649786907,0.03751885845204255,1.405776584561,1.1856544962850686,1.0,31906894.74042566,1.0,ok
chime_icyl,1.967708317351612,0.01,0.04730415649786907,0.04751885845204255,1.4057586023436994,1.185646913015717,0.99998720833915,31873846.772137217,0.9989642373989289,ok
chime_icyl,1.967708317351612,0.02,0.057304156497869074,0.05751885845204255,1.405692006451262,1.1856188284820977,0.9999398353119073,31793178.854813777,0.9964360090025367,ok
chime_icyl,1.967708317351612,0.03,0.06730415649786907,0.06751885845204256,1.405536272347097,1.1855531503678345,0.9998290537653407,31660659.008841343,0.9922826795403459,ok
chime_icyl,1.9777082923526244,0.0,0.037061130090024874,0.037196340791186146,1.4327245272068243,1.1969647142697333,1.0,31575093.06592464,1.0,ok
chime_icyl,1.9777082923526244,0.01,0.047061130090024876,0.04719634079118615,1.4326495981157674,1.1969334142364676,0.9999477016763278,31542149.11203711,0.9989566474493441,ok
chime_icyl,1.9777082923526244,0.02,0.05706113009002488,0.05719634079118614,1.4325530433715474,1.1968930793398163,0.9998803092764725,31462321.148268342,0.9964284533565476,ok
chime_icyl,1.9777082923526244,0.03,0.06706113009002487,0.06719634079118614,1.432367805092785,1.196815693869689,0.9997510183519126,31331073.216339134,0.9922717615091102,ok
chime_icyl,1.9877082677358904,0.0,0.03687100211499155,0.0369797663692885,1.448096557683787,1.203368836925648,1.0,31235751.238850266,1.0,ok
chime_icyl,1.9877082677358904,0.01,0.04687100211499155,0.0469797663692885,1.4480786070641987,1.203361378416392,0.9999876039898768,31202895.17927713,0.9989481264810346,ok
chime_icyl,1.9877082677358904,0.02,0.05687100211499155,0.056979766369288504,1.4480112232221112,1.2033333799168504,0.9999410712902927,31123371.161192425,0.9964021970594367,ok
chime_icyl,1.9877082677358904,0.03,0.06687100211499156,0.0669797663692885,1.4478495459242602,1.2032661991115101,0.9998294231429415,30992215.17714952,0.9922032910353749,ok
chime_icyl,1.997708243494572,0.0,0.036679888636385966,0.03687100211499155,1.4468139416664143,1.2028357916467294,1.0,30883541.785116073,1.0,ok
chime_icyl,1.997708243494572,0.01,0.04667988863638597,0.04687100211499155,1.446797766120385,1.2028290677067897,0.9999888198851535,30850837.881956406,0.9989410572340693,ok
chime_icyl,1.997708243494572,0.02,0.05667988863638597,0.05687100211499155,1.4467304838811623,1.2028010990521925,0.9999423161590799,30771706.00043128,0.9963787901833626,ok
chime_icyl,1.997708243494572,0.03,0.06667988863638596,0.06687100211499156,1.4465684570639605,1.202733743213335,0.9998303274558088,30640930.082848586,0.9921443044338778,ok
chime_icyl,2.0077082196219744,0.0,0.03640512904755392,0.036542767077403504,1.4609373591266814,1.2086924170882687,1.0,30548574.046506274,1.0,ok
chime_icyl,2.0077082196219744,0.01,0.04640512904755392,0.046542767077403506,1.4609191632364302,1.2086848899677824,0.9999875450578783,30516834.08738891,0.9989610003049882,ok
chime_icyl,2.0077082196219744,0.02,0.05640512904755392,0.05654276707740351,1.460849858033208,1.2086562199538826,0.9999401061976225,30438614.136248644,0.9964004895910942,ok
chime_icyl,2.0077082196219744,0.03,0.06640512904755391,0.0665427670774035,1.460686118605231,1.208588481909881,0.9998280278617827,30309478.196076892,0.9921732565956961,ok
chime_icyl,2.017708196111547,0.0,0.03618381922133368,0.03632229588209517,1.4911671312647647,1.2211335435834874,1.0,30235309.5170604,1.0,ok
chime_icyl,2.017708196111547,0.01,0.04618381922133368,0.046322295882095174,1.4911484598427984,1.2211258984407785,0.9999874786524093,30203629.45532853,0.9989522163907735,ok
chime_icyl,2.017708196111547,0.02,0.05618381922133368,0.05632229588209517,1.4910775394576983,1.2210968591629816,0.9999399183329701,30125905.49873375,0.9963815810033326,ok
chime_icyl,2.017708196111547,0.03,0.06618381922133368,0.06632229588209518,1.4909082798131252,1.221027550800196,0.9998264101681077,29997241.53731617,0.9921261603222583,ok
chime_icyl,2.0277081729568733,0.0,0.035961147449925165,0.03618381922133368,1.4956215914396411,1.2229560872899898,1.0,29906111.682271786,1.0,ok
chime_icyl,2.0277081729568733,0.01,0.04596114744992517,0.04618381922133368,1.495597677865311,1.222946310295473,0.9999840109460395,29874483.754072465,0.9989424259316844,ok
chime_icyl,2.0277081729568733,0.02,0.05596114744992517,0.05618381922133368,1.49552344191536,1.222915958647756,0.9999343754296923,29797283.834265437,0.9963610164650438,ok
chime_icyl,2.0277081729568733,0.03,0.06596114744992516,0.06618381922133368,1.495349144900672,1.222844693696085,0.999817837252064,29669323.961082228,0.9920822966320317,ok
chime_icyl,2.037708150151678,0.0,0.03579323456004061,0.035877289238356244,1.4880434272986989,1.2198538548935682,1.0,29571349.537435126,1.0,ok
chime_icyl,2.037708150151678,0.01,0.04579323456004061,0.045877289238356246,1.4880246757060522,1.2198461688696867,0.9999873984909965,29540421.559056163,0.9989541235397522,ok
chime_icyl,2.037708150151678,0.02,0.05579323456004061,0.05587728923835625,1.487953180345592,1.2198168634453257,0.9999393519359374,29463481.54914652,0.996352280502043,ok
chime_icyl,2.037708150151678,0.03,0.0657932345600406,0.06587728923835624,1.4877825542308192,1.2197469222059218,0.9998246871945443,29336765.57887545,0.9920671879292249,ok
chime_icyl,2.047708127689816,0.0,0.03553987776853384,0.03579323456004061,1.5099055830985746,1.2287821544515425,1.0,29263668.529711906,1.0,ok
chime_icyl,2.047708127689816,0.01,0.04553987776853384,0.04579323456004061,1.509879097024671,1.2287713770367013,0.999982458456873,29232564.470568735,0.998937110051271,ok
chime_icyl,2.047708127689816,0.02,0.055539877768533835,0.05579323456004061,1.5098020021622878,1.2287400059256994,0.9999313990639903,29155872.53406067,0.9963163881677449,ok
chime_icyl,2.047708127689816,0.03,0.06553987776853384,0.0657932345600406,1.5096246170911896,1.228667822111082,0.9998139181611552,29029388.55580448,0.991994169368425,ok
chime_icyl,2.0577081055652675,0.0,0.03553987776853384,0.03553987776853384,1.5154439963180786,1.2310337104718452,1.0,28951132.52458535,1.0,ok
chime_icyl,2.0577081055652675,0.01,0.04553987776853384,0.04553987776853384,1.515426330995763,1.2310265354555778,0.9999883431374841,28919756.52458535,0.998916242742029,ok
chime_icyl,2.0577081055652675,0.02,0.055539877768533835,0.055539877768533835,1.5153521413285476,1.2309964018341188,0.9999393874074171,28843356.524585355,0.996277313161809,ok
chime_icyl,2.0577081055652675,0.03,0.06553987776853384,0.06553987776853384,1.5151722435707398,1.2309233296882223,0.9998206778026776,28716972.524585355,0.9919118880824042,ok
chime_icyl,2.067708083772139,0.0,0.03517069603478324,0.03531314577144648,1.5459978267967944,1.2433816094814956,1.0,28650565.097662102,1.0,ok
chime_icyl,2.067708083772139,0.01,0.04517069603478324,0.04531314577144648,1.5459801763646683,1.2433745117078234,0.9999885831455775,28620017.11950236,0.998933773974244,ok
chime_icyl,2.067708083772139,0.02,0.05517069603478324,0.055313145771446484,1.5459057346364196,1.243344575987051,0.9999404318953244,28544837.128400244,0.9963097422720474,ok
chime_icyl,2.067708083772139,0.03,0.06517069603478323,0.06531314577144648,1.545723378578782,1.2432712409521833,0.9998224782640341,28419797.16884516,0.9919454318604078,ok
chime_icyl,2.0777080623046618,0.0,0.034970291577066985,0.03511355433005028,1.5470904141072623,1.2438208930980628,1.0,28345886.719962616,1.0,ok
chime_icyl,2.0777080623046618,0.01,0.04497029157706699,0.04511355433005028,1.547072386691422,1.2438136462876672,0.9999883475356863,28315402.764374293,0.9989245721649324,ok
chime_icyl,2.0777080623046618,0.02,0.05497029157706698,0.055113554330050274,1.5469977411265,1.2437836391939314,0.999940098535989,28240662.818135794,0.9962878599330351,ok
chime_icyl,2.0777080623046618,0.03,0.06497029157706699,0.06511355433005028,1.546815351084875,1.2437103163859642,0.99982220623961,28115894.846185274,0.9918862346396322,ok
chime_icyl,2.0877080411571867,0.0,0.034855257411495796,0.034855257411495796,1.5674495057661688,1.2519782369379144,1.0,28048511.708772063,1.0,ok
chime_icyl,2.0877080411571867,0.01,0.0448552574114958,0.0448552574114958,1.5674314611814162,1.2519710304880924,0.9999884879323473,28018495.708772063,0.9989298540930921,ok
chime_icyl,2.0877080411571867,0.02,0.0548552574114958,0.0548552574114958,1.5673557695896578,1.2519408011522182,0.9999401982799662,27944087.708772063,0.9962770217156534,ok
chime_icyl,2.0877080411571867,0.03,0.0648552574114958,0.0648552574114958,1.5671716329091065,1.2518672585019175,0.9998227229291661,27820303.708772063,0.9918638107301562,ok
chime_icyl,2.09770802032418,0.0,0.034595032024177595,0.03471092860350068,1.580202141046553,1.2570609138170485,1.0,27751611.218425214,1.0,ok
chime_icyl,2.09770802032418,0.01,0.0445950320241776,0.044710928603500684,1.5801844100346938,1.2570538612305735,0.9999887792761454,27721951.198958695,0.9989312325243722,ok
chime_icyl,2.09770802032418,0.02,0.05459503202417759,0.054710928603500686,1.580107910949021,1.2570234329355285,0.999940368326884,27648259.22275111,0.9962758199925529,ok
chime_icyl,2.09770802032418,0.03,0.0645950320241776,0.06471092860350068,1.5799202743341723,1.256948795430495,0.9998216261672738,27525475.28763952,0.9918514305707932,ok
chime_icyl,2.1077079998002217,0.0,0.03436206619554441,0.034595032024177595,1.5792578485317619,1.256685262319791,1.0,27455282.735021766,1.0,ok
chime_icyl,2.1077079998002217,0.01,0.04436206619554441,0.0445950320241776,1.5792392538089803,1.2566778639766758,0.9999882256575144,27425654.75926079,0.9989208642997078,ok
chime_icyl,2.1077079998002217,0.02,0.054362066195544415,0.05459503202417759,1.5791604496352942,1.2566465094191341,0.999938326159621,27352218.780729637,0.9962461157189009,ok
chime_icyl,2.1077079998002217,0.03,0.06436206619554441,0.0645950320241776,1.5789665835422375,1.256569370764001,0.9998155684394444,27230014.81881953,0.9917950975636872,ok
chime_icyl,2.117707979579997,0.0,0.03412751010109114,0.034244988968658276,1.5904744803445845,1.2611401509525357,1.0,27181458.365265027,1.0,ok
chime_icyl,2.117707979579997,0.01,0.044127510101091144,0.04424498896865828,1.5904498919848087,1.26113040245044,0.9999845402362127,27151822.35130999,0.9989096974284165,ok
chime_icyl,2.117707979579997,0.02,0.05412751010109114,0.05424498896865827,1.5903673424976446,1.261097673654838,0.9999326378082365,27078994.33469685,0.9962303703800119,ok
chime_icyl,2.117707979579997,0.03,0.06412751010109113,0.06424498896865827,1.5901708981665634,1.261019785002029,0.9998091247726557,26957374.37922006,0.9917559984076748,ok
chime_icyl,2.127707959658309,0.0,0.03412751010109114,0.03412751010109114,1.6192975001470111,1.2725162082060137,1.0,26903304.66293662,1.0,ok
chime_icyl,2.127707959658309,0.01,0.044127510101091144,0.044127510101091144,1.6192787362253465,1.2725088354213288,0.9999884123073969,26873584.66293662,0.9988953029981873,ok
chime_icyl,2.127707959658309,0.02,0.05412751010109114,0.05412751010109114,1.6191984564656758,1.2724772911394826,0.9999388354015699,26800656.66293662,0.9961845579460945,ok
chime_icyl,2.127707959658309,0.03,0.06412751010109113,0.06412751010109113,1.6190030997239213,1.2724005264553773,0.9998181925044267,26679304.662936624,0.991673885316082,ok
chime_icyl,2.137707940030064,0.0,0.03380233801603957,0.03392094307524545,1.6393903333949522,1.2803867905421986,1.0,26629356.559147477,1.0,ok
chime_icyl,2.137707940030064,0.01,0.04380233801603957,0.04392094307524545,1.6393714624355789,1.280379421279325,0.9999884890382791,26600372.534758538,0.9989115762401333,ok
chime_icyl,2.137707940030064,0.02,0.053802338016039564,0.05392094307524545,1.6392913618748475,1.2803481408878006,0.9999396290693627,26528432.56463499,0.9962100475733118,ok
chime_icyl,2.137707940030064,0.03,0.06380233801603957,0.06392094307524546,1.639092232338316,1.2802703747014987,0.9998181634656714,26407784.58536559,0.9916794094033122,ok
chime_icyl,2.1477079206902663,0.0,0.0335638705727408,0.033713110395334436,1.6444177668862616,1.2823485356509992,1.0,26350478.097261064,1.0,ok
chime_icyl,2.1477079206902663,0.01,0.043563870572740804,0.04371311039533444,1.6443977355412778,1.2823407252135752,0.9999878185790818,26321790.12407564,0.9989112921185136,ok
chime_icyl,2.1477079206902663,0.02,0.0535638705727408,0.05371311039533444,1.644315576143601,1.282308689880717,0.9999378559726619,26250262.153221916,0.9961968073721758,ok
chime_icyl,2.1477079206902663,0.03,0.0635638705727408,0.06371311039533444,1.6441112616353577,1.2822290207429239,0.9998136086479507,26130726.20451936,0.9916604210393988,ok
chime_icyl,2.1577079016340286,0.0,0.03347400730419215,0.03347400730419215,1.6065489135926274,1.2674971059503952,1.0,26054173.301451154,1.0,ok
chime_icyl,2.1577079016340286,0.01,0.04347400730419215,0.04347400730419215,1.606526284263583,1.2674881791415582,0.9999859143230231,26025741.301451154,0.9989087352850909,ok
chime_icyl,2.1577079016340286,0.02,0.05347400730419215,0.05347400730419215,1.6064406886971638,1.2674544128674465,0.9999326351693696,25954933.301451154,0.996191013284061,ok
chime_icyl,2.1577079016340286,0.03,0.06347400730419214,0.06347400730419214,1.6062312512067263,1.267371788863365,0.9998022703303874,25835741.301451154,0.991616237541959,ok
chime_icyl,2.1677078828565524,0.0,0.033202958249730546,0.03329355312002515,1.6590392569215835,1.2880369780878123,1.0,25809874.29341221,1.0,ok
chime_icyl,2.1677078828565524,0.01,0.04320295824973055,0.043293553120025155,1.659017055352829,1.2880283596849988,0.9999866178159065,25781874.28386318,0.9989151435132647,ok
chime_icyl,2.1677078828565524,0.02,0.05320295824973055,0.05329355312002515,1.6589310874381424,1.2879949873497731,0.9999347999253244,25711366.30030873,0.9961833214689999,ok
chime_icyl,2.1677078828565524,0.03,0.06320295824973055,0.06329355312002516,1.658721399314396,1.2879135837913955,0.9998084086281496,25593198.289698698,0.9916049182863004,ok
chime_icyl,2.177707864353144,0.0,0.03308177916572658,0.03317270497852847,1.6774662112321992,1.295170340624043,1.0,25548349.73917405,1.0,ok
chime_icyl,2.177707864353144,0.01,0.04308177916572658,0.04317270497852847,1.6774467032218237,1.2951628095424235,0.9999883705494365,25520257.742708087,0.9989004379244547,ok
chime_icyl,2.177707864353144,0.02,0.05308177916572658,0.05317270497852847,1.677361795437648,1.295130030320372,0.9999377538612391,25449897.747756712,0.9961464441961049,ok
chime_icyl,2.177707864353144,0.03,0.06308177916572658,0.06317270497852848,1.677151228169034,1.2950487358277425,0.9998122268806036,25332113.77905819,0.9915362063568317,ok
chime_icyl,2.187707846119199,0.0,0.03283807949991904,0.03299060275210676,1.6620473366143154,1.2892041485406085,1.0,25276767.70489323,1.0,ok
chime_icyl,2.187707846119199,0.01,0.042838079499919045,0.04299060275210676,1.6620266260993666,1.2891961162287786,0.999987539154576,25248983.72311791,0.9989008095457576,ok
chime_icyl,2.187707846119199,0.02,0.05283807949991905,0.052990602752106764,1.6619398729152906,1.2891624695573831,0.9999353425761965,25178947.728393473,0.9961300440925909,ok
chime_icyl,2.187707846119199,0.03,0.06283807949991904,0.06299060275210676,1.6617252177847903,1.2890792131536333,0.9998061915431475,25062067.743740574,0.9915060357534917,ok
chime_icyl,2.1977078281502065,0.0,0.03271554892523667,0.032746224552158934,1.7053138629965665,1.30587666454247,1.0,25041455.689934522,1.0,ok
chime_icyl,2.1977078281502065,0.01,0.04271554892523667,0.042746224552158936,1.7052901834224674,1.3058675979679055,0.9999861142428893,25013587.699483186,0.9988871257806894,ok
chime_icyl,2.1977078281502065,0.02,0.052715548925236666,0.05274622455215894,1.705200689937242,1.305833331607538,0.9999336350558216,24944043.705848962,0.9961099711897055,ok
chime_icyl,2.1977078281502065,0.03,0.06271554892523667,0.06274622455215893,1.7049790759829133,1.3057484734752376,0.9998036801195852,24827411.681295253,0.9914524134982574,ok
chime_icyl,2.2077078104417462,0.0,0.0324691006027678,0.03271554892523667,1.7100452351461122,1.3076869790382224,1.0,24779443.87555481,1.0,ok
chime_icyl,2.2077078104417462,0.01,0.042469100602767804,0.04271554892523667,1.7100237398101392,1.307678760173973,0.9999874299606051,24751951.906956542,0.9988905332687716,ok
chime_icyl,2.2077078104417462,0.02,0.0524691006027678,0.052715548925236666,1.7099338490132006,1.3076443893556078,0.9999348636336499,24682791.942229718,0.9960995116028233,ok
chime_icyl,2.2077078104417462,0.03,0.0624691006027678,0.06271554892523667,1.7097104062045922,1.307558949418569,0.9998041987810391,24566720.025680896,0.9914153097647292,ok
chime_icyl,2.217707792989481,0.0,0.032438162910556366,0.032438162910556366,1.7303689956111155,1.3154349074017746,1.0,24536824.887263097,1.0,ok
chime_icyl,2.217707792989481,0.01,0.04243816291055637,0.04243816291055637,1.730348104288379,1.3154269665353449,0.9999879266660525,24509256.8872631,0.9988764642480573,ok
chime_icyl,2.217707792989481,0.02,0.05243816291055636,0.05243816291055636,1.7302570038520786,1.3153923383736423,0.9999352786837253,24440280.8872631,0.9960653425843166,ok
chime_icyl,2.217707792989481,0.03,0.062438162910556365,0.062438162910556365,1.7300330728103601,1.3153072161325505,0.9998058663778608,24324560.8872631,0.9913491659587064,ok
chime_icyl,2.22770777578916,0.0,0.03218959094932549,0.032251913545813395,1.7362393907723352,1.3176643695464847,1.0,24286097.73512029,1.0,ok
chime_icyl,2.22770777578916,0.01,0.04218959094932549,0.0422519135458134,1.7362191184219782,1.3176566769921436,0.9999883239889241,24259009.73817745,0.9988846295012777,ok
chime_icyl,2.22770777578916,0.02,0.05218959094932549,0.05225191354581339,1.7361282016829471,1.317622177136886,0.9999359598163831,24191033.741998892,0.9960856620870827,ok
chime_icyl,2.22770777578916,0.03,0.06218959094932549,0.062251913545813393,1.7359019632973136,1.3175363233312825,0.999805656134278,24076249.758048967,0.9913593373723495,ok
chime_icyl,2.23770775883662,0.0,0.03197050513987637,0.0320958801509214,1.7384752634134295,1.3185125192478946,1.0,24039449.815361097,1.0,ok
chime_icyl,2.23770775883662,0.01,0.04197050513987637,0.0420958801509214,1.7384541237461206,1.3185045027401767,0.9999878401103808,24012561.818947643,0.9988815053331098,ok
chime_icyl,2.23770775883662,0.02,0.051970505139876375,0.0520958801509214,1.7383623437038165,1.3184696976812993,0.9999350466975346,23945025.833293825,0.9960721238300997,ok
chime_icyl,2.23770775883662,0.03,0.06197050513987637,0.0620958801509214,1.7381304990384527,1.3183817728709892,0.9998016857747519,23831045.831500553,0.9913307506843448,ok
chime_icyl,2.247707742127776,0.0,0.031813091553549944,0.03197050513987637,1.7756782117273202,1.33254576346455,1.0,23810858.436033383,1.0,ok
chime_icyl,2.247707742127776,0.01,0.041813091553549946,0.04197050513987637,1.7756569903722355,1.3325378007292084,0.9999880488734137,23784070.441065915,0.9988749672743034,ok
chime_icyl,2.247707742127776,0.02,0.05181309155354995,0.051970505139876375,1.7755643443092923,1.3325030372608133,0.9999358738439905,23716846.45381499,0.9960517180650605,ok
chime_icyl,2.247707742127776,0.03,0.06181309155354994,0.06197050513987637,1.7753275938461948,1.3324141975550226,0.9998025442454551,23602954.46287355,0.9912685225642596,ok
chime_icyl,2.257707725658624,0.0,0.03159139483480455,0.031813091553549944,1.768299200130591,1.3297741162056775,1.0,23563491.066507176,1.0,ok
chime_icyl,2.257707725658624,0.01,0.04159139483480455,0.041813091553549946,1.7681792317457876,1.3297290068829015,0.9999321560600183,23537019.08651881,0.9988765679960728,ok
chime_icyl,2.257707725658624,0.02,0.051591394834804544,0.05181309155354995,1.768035854569903,1.329675093611181,0.9998510740938702,23470179.10465435,0.9960399772007698,ok
chime_icyl,2.257707725658624,0.03,0.061591394834804546,0.06181309155354994,1.767749104629163,1.3295672621680947,0.999688912656078,23356807.13686057,0.9912286371716633,ok
chime_icyl,2.2677077094252374,0.0,0.03143208270070891,0.03159139483480455,1.775100162850444,1.3323288493650671,1.0,23335599.10017359,1.0,ok
chime_icyl,2.2677077094252374,0.01,0.04143208270070891,0.04159139483480455,1.7750759529139477,1.3323197637631694,0.9999863613687819,23309443.104526408,0.9988791375985292,ok
chime_icyl,2.2677077094252374,0.02,0.05143208270070891,0.051591394834804544,1.7749779838532245,1.3322829969091494,0.9999311706461549,23242991.115843747,0.9960314717469948,ok
chime_icyl,2.2677077094252374,0.03,0.06143208270070891,0.061591394834804546,1.7747371788557538,1.3321926207781492,0.9997955135139488,23130655.16111309,0.9912175411404384,ok
chime_icyl,2.27770769342376,0.0,0.03130404924511772,0.03143208270070891,1.7902814252946366,1.3380139854630206,1.0,23103412.07571231,1.0,ok
chime_icyl,2.27770769342376,0.01,0.04130404924511772,0.04143208270070891,1.7902594222333077,1.338005763153996,0.9999877097192553,23077316.07571231,0.9988704698719617,ok
chime_icyl,2.27770769342376,0.02,0.05130404924511772,0.05143208270070891,1.7901615247149167,1.3379691792843798,0.999933026965467,23011076.07946453,0.9960033610643664,ok
chime_icyl,2.27770769342376,0.03,0.06130404924511772,0.06143208270070891,1.789917839306122,1.3378781107806952,0.9997969112658057,22899480.087236986,0.9911730792054864,ok
chime_icyl,2.287707677650421,0.0,0.031207679444620176,0.031207679444620176,1.8022052266337751,1.3424623743829005,1.0,22886571.846794486,1.0,ok
chime_icyl,2.287707677650421,0.01,0.04120767944462018,0.04120767944462018,1.8021804850776366,1.3424531593607416,0.9999862715101627,22860139.846794482,0.9988450869716555,ok
chime_icyl,2.287707677650421,0.02,0.05120767944462018,0.05120767944462018,1.8020813534351676,1.3424162370275352,0.9999312657644219,22793875.846794482,0.9959497647519898,ok
chime_icyl,2.287707677650421,0.03,0.061207679444620175,0.061207679444620175,1.8018313963536299,1.3423231341050597,0.9997925706381157,22682179.846794482,0.9910693483773704,ok
chime_icyl,2.297707662101516,0.0,0.031078721539901218,0.031078721539901218,1.7902448617011892,1.338000322010869,1.0,22653540.26016943,1.0,ok
chime_icyl,2.297707662101516,0.01,0.04107872153990122,0.04107872153990122,1.7902228741804018,1.3379921054252906,0.9999877181489204,22627436.26016943,0.9988476856288155,ok
chime_icyl,2.297707662101516,0.02,0.051078721539901215,0.051078721539901215,1.7901239385709835,1.337955133242884,0.999932454418503,22561676.26016943,0.995944828095522,ok
chime_icyl,2.297707662101516,0.03,0.061078721539901216,0.061078721539901216,1.7898718705618344,1.3378609309497884,0.9997916535624068,22450564.26016943,0.9910399876721749,ok
chime_icyl,2.3077076467734106,0.0,0.030786591303471066,0.031078721539901218,1.8530594021490776,1.361271244884383,1.0,22442332.80131481,1.0,ok
chime_icyl,2.3077076467734106,0.01,0.040786591303471065,0.04107872153990122,1.8530366036770494,1.3612628708949088,0.9999876968477094,22416700.825313084,0.9988578738124665,ok
chime_icyl,2.3077076467734106,0.02,0.05078659130347107,0.051078721539901215,1.8529345836281168,1.3612253978045359,0.9999326419213458,22351488.853175484,0.9959521165226637,ok
chime_icyl,2.3077076467734106,0.03,0.06078659130347107,0.061078721539901216,1.8526785377645991,1.361131344788077,0.99979446725559,22241024.886122268,0.9910299915354278,ok
chime_icyl,2.317707631662545,0.0,0.030655862087429726,0.03072129623250353,1.8419670168750553,1.3571908549924196,1.0,22216037.32620372,1.0,ok
chime_icyl,2.317707631662545,0.01,0.040655862087429724,0.04072129623250353,1.8419437750352339,1.357182292485145,0.9999873820542885,22190841.32821052,0.9988658644373325,ok
chime_icyl,2.317707631662545,0.02,0.050655862087429726,0.05072129623250353,1.8418405412893968,1.3571442595720606,0.999931336671884,22126257.32529153,0.9959587752039697,ok
chime_icyl,2.317707631662545,0.03,0.06065586208742972,0.060721296232503524,1.841583260578487,1.3570494687293042,0.9997916595177587,22016637.336420186,0.9910245023963683,ok
chime_icyl,2.327707616765416,0.0,0.030458716234902906,0.030557448150997896,1.8416564168689977,1.3570764226339642,1.0,22001165.412252262,1.0,ok
chime_icyl,2.327707616765416,0.01,0.04045871623490291,0.0405574481509979,1.8416281108420198,1.3570659935471154,0.9999846301260547,21976225.416297138,0.9988664238694721,ok
chime_icyl,2.327707616765416,0.02,0.0504587162349029,0.0505574481509979,1.8415217807956619,1.3570268165352009,0.9999268940329463,21912181.41775329,0.995955487228444,ok
chime_icyl,2.327707616765416,0.03,0.060458716234902905,0.060557448150997895,1.8412596880611134,1.3569302443608195,0.99978458044386,21803073.42956432,0.9909962959245047,ok
chime_icyl,2.3377076020786003,0.0,0.030425734399311972,0.030425734399311972,1.8825300559533171,1.3720532263557843,1.0,21792949.910019644,1.0,ok
chime_icyl,2.3377076020786003,0.01,0.04042573439931197,0.04042573439931197,1.8825069149219873,1.3720447933365687,0.9999877074837362,21767933.910019644,0.9988521058368285,ok
chime_icyl,2.3377076020786003,0.02,0.05042573439931197,0.05042573439931197,1.8824015503431455,1.3720063958827398,0.999931737817537,21703781.910019644,0.9959084015533389,ok
chime_icyl,2.3377076020786003,0.03,0.06042573439931197,0.06042573439931197,1.8821334476075384,1.3719086877804727,0.9997893216395008,21594909.910019644,0.9909126574962233,ok
chime_icyl,2.3477075875987343,0.0,0.03016058133077972,0.03026028600382298,1.8792306046312328,1.3708503217460442,1.0,21584398.33247653,1.0,ok
chime_icyl,2.3477075875987343,0.01,0.04016058133077972,0.04026028600382298,1.879205530958525,1.3708411764163364,0.9999866574795844,21559742.32883512,0.9988576932624379,ok
chime_icyl,2.3477075875987343,0.02,0.05016058133077972,0.050260286003822985,1.879098535551644,1.370802150403786,0.999929721727997,21496382.33029168,0.99592223972014,ok
chime_icyl,2.3477075875987343,0.03,0.060160581330779714,0.06026028600382298,1.8788255163968124,1.3707025630664051,0.9997844393160573,21388394.3289565,0.9909191815078247,ok
chime_icyl,2.3577075733225152,0.0,0.03002712677641884,0.03016058133077972,1.8970890936262563,1.3773485737554805,1.0,21382086.168785803,1.0,ok
chime_icyl,2.3577075733225152,0.01,0.04002712677641884,0.04016058133077972,1.897064594625774,1.3773396801899573,0.9999870860042553,21357338.16949699,0.9988425825668527,ok
chime_icyl,2.3577075733225152,0.02,0.05002712677641884,0.05016058133077972,1.8969560128690108,1.3773002624224722,0.9999298500224936,21294070.170614578,0.995883657119495,ok
chime_icyl,2.3577075733225152,0.03,0.06002712677641884,0.060160581330779714,1.8966815426843442,1.3772006181687344,0.9997851703732411,21186198.174678523,0.9908386865266101,ok
chime_icyl,2.367707559246708,0.0,0.029893076433911592,0.029926645311904622,1.9078211006074408,1.3812389730265509,1.0,21180926.80256749,1.0,ok
chime_icyl,2.367707559246708,0.01,0.039893076433911594,0.039926645311904624,1.9077578724557898,1.3812160846354888,0.9999668584482942,21156178.80166445,0.9988315902729978,ok
chime_icyl,2.367707559246708,0.02,0.049893076433911596,0.04992664531190462,1.9076255210985331,1.3811681726345033,0.9998974854042418,21092986.80412729,0.9958481515346373,ok
chime_icyl,2.367707559246708,0.03,0.05989307643391159,0.05992664531190462,1.9073327721593119,1.3810621898232214,0.9997440386585653,20985550.801253974,0.9907758521081413,ok
chime_icyl,2.3777075453681285,0.0,0.029724663395560423,0.029893076433911592,1.9031810264678803,1.3795582722262516,1.0,20976115.19741629,1.0,ok
chime_icyl,2.3777075453681285,0.01,0.039724663395560425,0.039893076433911594,1.9031570197986556,1.3795495713451749,0.9999873860295522,20951527.20062235,0.998827809794019,ok
chime_icyl,2.3777075453681285,0.02,0.04972466339556042,0.049893076433911596,1.9030466139030646,1.379509555567871,0.9999293747872922,20888711.20464564,0.9958331658675571,ok
chime_icyl,2.3777075453681285,0.03,0.05972466339556042,0.05989307643391159,1.9027656628839624,1.379407721771907,0.999781752981907,20781763.214515276,0.9907346054752334,ok
chime_icyl,2.387707531683663,0.0,0.029623155995889144,0.029724663395560423,1.952559991468128,1.3973403277183867,1.0,20779479.39011105,1.0,ok
chime_icyl,2.387707531683663,0.01,0.03962315599588914,0.039724663395560425,1.952536372285104,1.397331876214489,0.9999879034789573,20755131.39050617,0.9988282671019916,ok
chime_icyl,2.387707531683663,0.02,0.049623155995889144,0.04972466339556042,1.9524240396912684,1.397291680248354,0.9999303725481145,20692663.391515918,0.9958220320651321,ok
chime_icyl,2.387707531683663,0.03,0.059623155995889146,0.05972466339556042,1.952135201935417,1.397188320139922,0.9997824448239403,20586307.3911208,0.9907037132469169,ok
chime_icyl,2.3977075181902494,0.0,0.029623155995889144,0.029623155995889144,1.9208409906208768,1.3859440791824456,1.0,20568035.686977264,1.0,ok
chime_icyl,2.3977075181902494,0.01,0.03962315599588914,0.03962315599588914,1.9208170846246242,1.3859354547108693,0.9999875544116513,20543723.68697726,0.9988179717125152,ok
chime_icyl,2.3977075181902494,0.02,0.049623155995889144,0.049623155995889144,1.9207011967713448,1.3858936455483677,0.9999272225810389,20481347.68697726,0.9957853048623942,ok
chime_icyl,2.3977075181902494,0.03,0.059623155995889146,0.059623155995889146,1.9204053057223962,1.385786890442537,0.9997731801327606,20374955.68697726,0.9906126183881403,ok
chime_icyl,2.4077075048848853,0.0,0.029316525078682553,0.02935075337414502,1.9309754570284348,1.389595429262933,1.0,20383423.88564966,1.0,ok
chime_icyl,2.4077075048848853,0.01,0.03931652507868255,0.03935075337414502,1.9309478891022,1.3895855098201766,0.9999857233160917,20359507.885697037,0.9988266936856737,ok
chime_icyl,2.4077075048848853,0.02,0.049316525078682553,0.04935075337414502,1.9308305585750176,1.389543291364115,0.9999249610071999,20297663.88528415,0.9957926597196516,ok
chime_icyl,2.4077075048848853,0.03,0.059316525078682555,0.05935075337414502,1.9305354677623026,1.3894371046442882,0.9997721414508244,20192279.88567673,0.9906225764108503,ok
chime_icyl,2.417707491764623,0.0,0.029213599570515728,0.029213599570515728,1.9573617709938536,1.3990574580744901,1.0,20194256.15215791,1.0,ok
chime_icyl,2.417707491764623,0.01,0.03921359957051573,0.03921359957051573,1.9573362707829118,1.3990483446911017,0.9999869721523534,20170424.15215791,0.9988198624489839,ok
chime_icyl,2.417707491764623,0.02,0.04921359957051573,0.04921359957051573,1.9572200373159725,1.3990068038848034,0.9999275894318662,20108880.15215791,0.9957722631942114,ok
chime_icyl,2.417707491764623,0.03,0.059213599570515724,0.059213599570515724,1.9569230976150098,1.3989006746781596,0.9997758853854487,20003648.15215791,0.9905612765053675,ok
chime_icyl,2.427707478826572,0.0,0.029041246446427284,0.029041246446427284,1.9416619023230233,1.3934352881720138,1.0,19997552.44483432,1.0,ok
chime_icyl,2.427707478826572,0.01,0.039041246446427286,0.039041246446427286,1.941620028210545,1.3934202625950811,0.99997843388057,19974040.44483432,0.9988242561150991,ok
chime_icyl,2.427707478826572,0.02,0.04904124644642728,0.04904124644642728,1.9414946761550296,1.3933752818803087,0.9999138747236099,19913200.44483432,0.9957818837963949,ok
chime_icyl,2.427707478826572,0.03,0.05904124644642728,0.05904124644642728,1.9411871330784778,1.39326491848409,0.999755483050897,19809272.44483432,0.9905848477947792,ok
chime_icyl,2.4377074660678835,0.0,0.028833062784188436,0.029041246446427284,2.0230595172923644,1.422342967533627,1.0,19824744.549919248,1.0,ok
chime_icyl,2.4377074660678835,0.01,0.03883306278418844,0.039041246446427286,2.0230318638993534,1.4223332464297365,0.9999863309048623,19801344.54860275,0.998819656855725,ok
chime_icyl,2.4377074660678835,0.02,0.04883306278418843,0.04904124644642728,2.022911767821175,1.422291027821372,0.9999269673136523,19740844.544606246,0.9957679149357138,ok
chime_icyl,2.4377074660678835,0.03,0.058833062784188435,0.05904124644642728,2.0226053051054422,1.422183288154323,0.9997754825386798,19637024.543336764,0.9905310251988468,ok
chime_icyl,2.447707453485777,0.0,0.028798219191055723,0.028798219191055723,1.999513175485806,1.4140414334402673,1.0,19638560.731530186,1.0,ok
chime_icyl,2.447707453485777,0.01,0.03879821919105572,0.03879821919105572,1.9994867091355617,1.414032075002389,0.9999867636029766,19615192.731530186,0.9988100961002462,ok
chime_icyl,2.447707453485777,0.02,0.048798219191055724,0.048798219191055724,1.9993655122611234,1.4139892192874468,0.9999261504117637,19555088.731530186,0.9957495866860557,ok
chime_icyl,2.447707453485777,0.03,0.058798219191055726,0.058798219191055726,1.9990534361347576,1.4138788619025173,0.9997700743577562,19451168.731530186,0.9904579565395982,ok
chime_icyl,2.4577074410775124,0.0,0.028623364999101328,0.028623364999101328,2.0161266492407077,1.4199037464704105,1.0,19455101.13054376,1.0,ok
chime_icyl,2.4577074410775124,0.01,0.03862336499910133,0.03862336499910133,2.0160973741693016,1.4198934376104784,0.9999854795474197,19432021.13054376,0.998813678744452,ok
chime_icyl,2.4577074410775124,0.02,0.04862336499910133,0.04862336499910133,2.015972662973857,1.4198495212429578,0.9999236227213658,19372077.13054376,0.9957325331056925,ok
chime_icyl,2.4577074410775124,0.03,0.05862336499910133,0.05862336499910133,2.0156581298054133,1.4197387540690058,0.9997676140854193,19269045.13054376,0.9904366469877712,ok
chime_icyl,2.467707428840405,0.0,0.028482708791621805,0.028482708791621805,2.0093906480626194,1.4175297697271192,1.0,19277905.28142675,1.0,ok
chime_icyl,2.467707428840405,0.01,0.03848270879162181,0.03848270879162181,2.009357846806665,1.417518199814967,0.9999836760184058,19254713.28142675,0.9987969647292362,ok
chime_icyl,2.467707428840405,0.02,0.04848270879162181,0.04848270879162181,2.0092302355782565,1.417473186899229,0.9999201685921464,19194865.28142675,0.9956924780577688,ok
chime_icyl,2.467707428840405,0.03,0.058482708791621804,0.058482708791621804,2.008913153614973,1.417361334880761,0.9997623685329148,19092321.28142675,0.9903732279368133,ok
chime_icyl,2.4777074167718163,0.0,0.028270412350426672,0.028376759104692412,2.040505541829782,1.4284626497846493,1.0,19105249.59793426,1.0,ok
chime_icyl,2.4777074167718163,0.01,0.03827041235042667,0.03837675910469241,2.0404766612490803,1.4284525407758846,0.9999858463600761,19082333.59712699,0.9988005390513324,ok
chime_icyl,2.4777074167718163,0.02,0.04827041235042667,0.04837675910469241,2.040351198756067,1.4284086245735381,0.999924360375137,19023025.590322852,0.9956962610098379,ok
chime_icyl,2.4777074167718163,0.03,0.05827041235042667,0.05837675910469241,2.0400350335402555,1.4282979498480894,0.9997694158237352,18920925.585594554,0.9903521798344034,ok
chime_icyl,2.4877074048691523,0.0,0.028199291703541643,0.028270412350426672,2.072892630554575,1.4397543646589772,1.0,18932281.469234165,1.0,ok
chime_icyl,2.4877074048691523,0.01,0.038199291703541645,0.03827041235042667,2.0728660791127353,1.4397451438059221,0.9999871911157151,18909481.466334186,0.9987957075888065,ok
chime_icyl,2.4877074048691523,0.02,0.04819929170354165,0.04827041235042667,2.0727405052122365,1.4397015333784418,0.9999266120492223,18850525.462511487,0.995681661142872,ok
chime_icyl,2.4877074048691523,0.03,0.05819929170354164,0.05827041235042667,2.0724202651046952,1.4395903115486348,0.9997721225677986,18748605.46198422,0.9902982634423418,ok
chime_icyl,2.497707393129871,0.0,0.0280565095622742,0.02809227313263998,2.0352722698870696,1.4266296891229586,1.0,18750601.782037973,1.0,ok
chime_icyl,2.497707393129871,0.01,0.0380565095622742,0.03809227313263998,2.0352445913474577,1.4266199884157862,0.9999864005715494,18728013.78425923,0.9987953454485722,ok
chime_icyl,2.497707393129871,0.02,0.0480565095622742,0.04809227313263998,2.0351173406676817,1.426575389058595,0.9999238778901083,18669345.78973832,0.9956664861616605,ok
chime_icyl,2.497707393129871,0.03,0.0580565095622742,0.05809227313263998,2.034792508647217,1.426461534233299,0.9997642766292497,18568097.790626824,0.9902667661799539,ok
chime_icyl,2.5077073815514765,0.0,0.027984845308421113,0.027984845308421113,2.0641259443306823,1.4367066312684307,1.0,18581953.954425383,1.0,ok
chime_icyl,2.5077073815514765,0.01,0.03798484530842111,0.03798484530842111,2.0640981617101484,1.4366969623793837,0.9999865402493436,18559185.954425383,0.998774725195432,ok
chime_icyl,2.5077073815514765,0.02,0.04798484530842111,0.04798484530842111,2.0639685914832073,1.4366518685761027,0.9999237678069465,18500505.95442538,0.9956168226334128,ok
chime_icyl,2.5077073815514765,0.03,0.057984845308421115,0.057984845308421115,2.0636403463832647,1.4365376244231352,0.9997647440318497,18399409.954425383,0.9901762753019563,ok
chime_icyl,2.517707370131514,0.0,0.027984845308421113,0.027984845308421113,2.0520932381684993,1.4325129102973206,1.0,18405165.936813183,1.0,ok
chime_icyl,2.517707370131514,0.01,0.03798484530842111,0.03798484530842111,2.0520652302677966,1.4325031344704962,0.9999863515457379,18382397.936813183,0.9987629560049518,ok
chime_icyl,2.517707370131514,0.02,0.04798484530842111,0.04798484530842111,2.0519314912729225,1.4324564535345996,0.9999211795582343,18323717.936813183,0.9955747206909398,ok
chime_icyl,2.517707370131514,0.03,0.057984845308421115,0.057984845308421115,2.0515998134741817,1.4323406764712723,0.9997595505481233,18222621.936813183,0.9900819150108893,ok
chime_icyl,2.527707358867576,0.0,0.02766005854058338,0.027984845308421113,2.132038755039716,1.4601502508439725,1.0,18250762.219592653,1.0,ok
chime_icyl,2.527707358867576,0.01,0.03766005854058338,0.03798484530842111,2.13201011781487,1.4601404445514377,0.9999865681499558,18228374.201014563,0.9987733104892432,ok
chime_icyl,2.527707358867576,0.02,0.04766005854058338,0.04798484530842111,2.131873685660315,1.460093724957516,0.9999225767453752,18170146.178916417,0.9955828671862431,ok
chime_icyl,2.527707358867576,0.03,0.057660058540583384,0.057984845308421115,2.1315413060097006,1.4599798991800197,0.999766679180273,18069778.14332471,0.9900834784821396,ok
chime_icyl,2.537707347757297,0.0,0.02751447827426591,0.02766005854058338,2.0597049175386477,1.4351672089128318,1.0,18071754.11881873,1.0,ok
chime_icyl,2.537707347757297,0.01,0.03751447827426591,0.03766005854058338,2.059676755476775,1.435157397457427,0.9999863271376239,18050006.10510674,0.9987965742800062,ok
chime_icyl,2.537707347757297,0.02,0.047514478274265914,0.04766005854058338,2.059540416973488,1.435109897176341,0.9999201339163882,17992390.096668594,0.9956083940923315,ok
chime_icyl,2.537707347757297,0.03,0.05751447827426591,0.057660058540583384,2.0592063097909046,1.4349934877172457,0.9997579227279124,17892906.0884414,0.9901034493275289,ok
chime_icyl,2.546861138002697,0.0,0.027368123628440478,0.02751447827426591,2.172156756672944,1.4738238553751748,1.0,17944753.305017725,1.0,ok
chime_icyl,2.546861138002697,0.01,0.037368123628440476,0.03751447827426591,2.1721264006875853,1.473813556962883,0.9999860249564101,17923093.31305033,0.9987929623996927,ok
chime_icyl,2.546861138002697,0.02,0.04736812362844048,0.047514478274265914,2.1719896766198263,1.4737671717811556,0.9999230810333534,17865813.30483092,0.9956009425794262,ok
chime_icyl,2.546861138002697,0.03,0.05736812362844047,0.05751447827426591,2.171650467935578,1.4736520851054289,0.9997669188764527,17766501.304083705,0.9900666229340597,ok
hirax_interferom,0.7791135653955662,0.0,0.03556811764408103,0.035877289238356244,0.014306880885246322,0.11961137439744735,1.0,68785197.53233379,1.0,ok
hirax_interferom,0.7791135653955662,0.01,0.04556811764408103,0.045877289238356246,0.014296597030601016,0.11956837805457184,0.9992811952005618,68754181.55567952,0.9995490893714495,ok
hirax_interferom,0.7791135653955662,0.02,0.055568117644081025,0.05587728923835625,0.014271423808505742,0.11946306462043296,0.9975216766655866,68677859.2248984,0.9984395144408077,ok
hirax_interferom,0.7791135653955662,0.03,0.06556811764408102,0.06587728923835624,0.01423001674413505,0.11928963385028496,0.9946274703949947,68551476.57895005,0.9966021620672982,ok
hirax_interferom,0.7877189737980759,0.0,0.03511355433005028,0.03553987776853384,0.014662194751861495,0.12108754994573759,1.0,68815568.22335927,1.0,ok
hirax_interferom,0.7877189737980759,0.01,0.04511355433005028,0.04553987776853384,0.01465165197983645,0.12104400844253485,0.9992809553955961,68784525.54293984,0.9995489003255967,ok
hirax_interferom,0.7877189737980759,0.02,0.055113554330050274,0.055539877768533835,0.01462607361434149,0.12093830499201438,0.9975364440227874,68708820.29339087,0.9984487822636017,ok
hirax_interferom,0.7877189737980759,0.03,0.06511355433005028,0.06553987776853384,0.014583903019999633,0.12076383158876515,0.9946602992807797,68583175.2187261,0.9966229588647895,ok
hirax_interferom,0.7977187172086173,0.0,0.034595032024177595,0.034855257411495796,0.01507797954108,0.12279242460787229,1.0,68839855.65647674,1.0,ok
hirax_interferom,0.7977187172086173,0.01,0.0445950320241776,0.0448552574114958,0.015067542670079669,0.12274991922636719,0.9993078070591689,68809964.13831037,0.9995657818006545,ok
hirax_interferom,0.7977187172086173,0.02,0.05459503202417759,0.0548552574114958,0.0150418429115357,0.12264519114721009,0.9976033506713652,68735981.7858705,0.9984910794827261,ok
hirax_interferom,0.7977187172086173,0.03,0.0645950320241776,0.0648552574114958,0.014999360702098102,0.1224718771885942,0.9947858505333754,68612880.42818394,0.996702851478576,ok
hirax_interferom,0.8077184675903504,0.0,0.03412751010109114,0.03436206619554441,0.015502530229890477,0.12450915721299569,1.0,68872374.60073301,1.0,ok
hirax_interferom,0.8077184675903504,0.01,0.044127510101091144,0.04436206619554441,0.015491906795935647,0.12446648864628441,0.9993147290282752,68842770.16001597,0.9995701550746774,ok
hirax_interferom,0.8077184675903504,0.02,0.05412751010109114,0.054362066195544415,0.015465802096180052,0.12436157805439771,0.9976308297312907,68769650.88947865,0.9985084918031378,ok
hirax_interferom,0.8077184675903504,0.03,0.06412751010109113,0.06436206619554441,0.015422647684312741,0.12418795305629585,0.9948471285401067,68647984.09005263,0.9967419373590468,ok
hirax_interferom,0.8177182246910435,0.0,0.0335638705727408,0.03380233801603957,0.015931839668682852,0.1262213914860823,1.0,68898767.0983369,1.0,ok
hirax_interferom,0.8177182246910435,0.01,0.043563870572740804,0.04380233801603957,0.015921215435921968,0.12617929876141318,0.9993331446347801,68869944.28718233,0.9995816643407648,ok
hirax_interferom,0.8177182246910435,0.02,0.0535638705727408,0.053802338016039564,0.015894976673302957,0.12607528176967506,0.9976862059783117,68798409.05993186,0.9985433986320567,ok
hirax_interferom,0.8177182246910435,0.03,0.0635638705727408,0.06380233801603957,0.015851301727405908,0.12590195283396485,0.9949448435992451,68678563.52678612,0.9968039548336692,ok
hirax_interferom,0.827717988270486,0.0,0.03308177916572658,0.03332369667814179,0.016366473860194037,0.12793152019808893,1.0,68921140.91375369,1.0,ok
hirax_interferom,0.827717988270486,0.01,0.04308177916572658,0.043323696678141795,0.01635589302552482,0.12789016000273368,0.9993535055406804,68893192.49229744,0.9995944869587806,ok
hirax_interferom,0.827717988270486,0.02,0.05308177916572658,0.053323696678141796,0.016329409975334535,0.12778657979355476,0.9977353775054963,68822892.41963258,0.9985744795745031,ok
hirax_interferom,0.827717988270486,0.03,0.06308177916572658,0.06332369667814179,0.01628530210106395,0.12761387895156212,0.9950403636223982,68705053.5241386,0.9968647154305601,ok
hirax_interferom,0.8377177580994415,0.0,0.03271554892523667,0.03283807949991904,0.016809096900387677,0.12964990127411466,1.0,68948554.0518302,1.0,ok
hirax_interferom,0.8377177580994415,0.01,0.04271554892523667,0.042838079499919045,0.016798327841650692,0.12960836331676553,0.9993593315095508,68920845.78176346,0.9995981312378805,ok
hirax_interferom,0.8377177580994415,0.02,0.052715548925236666,0.05283807949991905,0.016771356749656605,0.12950427309419796,0.9977547782040449,68851106.67724794,0.9985866654359566,ok
hirax_interferom,0.8377177580994415,0.03,0.06271554892523667,0.06283807949991904,0.016726469799596497,0.12933085401247646,0.9950843819105312,68734306.50667948,0.99689264629118,ok
hirax_interferom,0.8477175339592584,0.0,0.0320958801509214,0.032438162910556366,0.017257987199604308,0.13136965859590374,1.0,68974969.65739648,1.0,ok
hirax_interferom,0.8477175339592584,0.01,0.0420958801509214,0.04243816291055637,0.01724712005070947,0.13132829112841402,0.9993703119159175,68947722.76967342,0.999604974270255,ok
hirax_interferom,0.8477175339592584,0.02,0.0520958801509214,0.05243816291055636,0.01721999662554744,0.1312249847610867,0.9977986671552441,68879388.99422732,0.9986142703122028,ok
hirax_interferom,0.8477175339592584,0.03,0.0620958801509214,0.062438162910556365,0.017174699381220626,0.13105227728361163,0.9951739552579114,68764552.05298892,0.9969493628565156,ok
hirax_interferom,0.8577173156412453,0.0,0.031813091553549944,0.03197050513987637,0.017710491143483963,0.1330807692474159,1.0,68992237.81856671,1.0,ok
hirax_interferom,0.8577173156412453,0.01,0.041813091553549946,0.04197050513987637,0.01769952938433312,0.13303957826276028,0.9993810584324265,68965450.02258098,0.999611727393795,ok
hirax_interferom,0.8577173156412453,0.02,0.05181309155354995,0.051970505139876375,0.017672152111182886,0.1329366469833766,0.9978352360761501,68898226.53941713,0.9986373644032709,ok
hirax_interferom,0.8577173156412453,0.03,0.06181309155354994,0.06197050513987637,0.01762605653425841,0.1327631595521077,0.9952325088817982,68784334.90664282,0.9969865753235803,ok
hirax_interferom,0.8677171029459303,0.0,0.031207679444620176,0.03143208270070891,0.018174212069379796,0.13481176532254074,1.0,69023757.17761278,1.0,ok
hirax_interferom,0.8677171029459303,0.01,0.04120767944462018,0.04143208270070891,0.018163187122106985,0.13477086896695067,0.9993933741264422,68997492.61875102,0.9996194852332628,ok
hirax_interferom,0.8677171029459303,0.02,0.05120767944462018,0.05143208270070891,0.018135497663796678,0.13466810187938597,0.9978698165601169,68931212.67197596,0.9986592369146366,ok
hirax_interferom,0.8677171029459303,0.03,0.061207679444620175,0.06143208270070891,0.018089118055960685,0.13449579196376624,0.9953178705577845,68819508.69858843,0.9970408959555943,ok
hirax_interferom,0.8777168956827924,0.0,0.030786591303471066,0.031078721539901218,0.01863974663752278,0.13652745744912553,1.0,69040998.6136723,1.0,ok
hirax_interferom,0.8777168956827924,0.01,0.040786591303471065,0.04107872153990122,0.018628717331062326,0.13648705920731946,0.999408290966882,69015368.14991902,0.9996287645852763,ok
hirax_interferom,0.8777168956827924,0.02,0.05078659130347107,0.051078721539901215,0.018600784803200734,0.13638469416764012,0.9979097444251944,68950157.9335275,0.998684250199608,ok
hirax_interferom,0.8777168956827924,0.03,0.06078659130347107,0.061078721539901216,0.018553756322908347,0.13621217391594756,0.9953867229911092,68839696.04261197,0.9970843038904066,ok
hirax_interferom,0.8877166936695573,0.0,0.030425734399311972,0.030655862087429726,0.01911148307783503,0.13824428768609223,1.0,69057267.41442227,1.0,ok
hirax_interferom,0.8877166936695573,0.01,0.04042573439931197,0.040655862087429724,0.01910041762523375,0.13820426051766188,0.9994210050284318,69032183.63098735,0.9996367683753775,ok
hirax_interferom,0.8877166936695573,0.02,0.05042573439931197,0.050655862087429726,0.01907213995194265,0.1381019187120246,0.997941388131306,68967784.42081293,0.99870422046861,ok
hirax_interferom,0.8877166936695573,0.03,0.06042573439931197,0.06065586208742972,0.01902451326159172,0.1379293778047002,0.9954493423723786,68858661.22337763,0.9971240363472134,ok
hirax_interferom,0.897716496731826,0.0,0.029926645311904622,0.03016058133077972,0.019594101560138768,0.13997893255822022,1.0,69085721.3313942,1.0,ok
hirax_interferom,0.897716496731826,0.01,0.039926645311904624,0.04016058133077972,0.019582916745897093,0.13993897507805714,0.9994291744274497,69060981.44359031,0.9996418957879124,ok
hirax_interferom,0.897716496731826,0.02,0.04992664531190462,0.05016058133077972,0.019554424010096973,0.13983713387400706,0.9979750258045762,68997669.44359031,0.9987254690823664,ok
hirax_interferom,0.897716496731826,0.03,0.05992664531190462,0.060160581330779714,0.019506263013072137,0.13966482382143378,0.9955170923863472,68890006.59048414,0.997167073931656,ok
hirax_interferom,0.9077163047027712,0.0,0.029623155995889144,0.029893076433911592,0.02007823413421724,0.1416976857052268,1.0,69099932.3953565,1.0,ok
hirax_interferom,0.9077163047027712,0.01,0.03962315599588914,0.039893076433911594,0.020066864143927658,0.14165755943093067,0.9994337156239151,69075381.12736574,0.9996446991025939,ok
hirax_interferom,0.9077163047027712,0.02,0.049623155995889144,0.049893076433911596,0.020037947320977637,0.14155545669799394,0.9979935081456718,69012658.18877915,0.9987369856445297,ok
hirax_interferom,0.9077163047027712,0.03,0.059623155995889146,0.05989307643391159,0.01998891968280591,0.1413821759728075,0.9955516779606072,68905675.99440195,0.9971887613457693,ok
hirax_interferom,0.9177161174224676,0.0,0.029213599570515728,0.029623155995889144,0.020568942735156664,0.1434187670256465,1.0,69114174.32925314,1.0,ok
hirax_interferom,0.9177161174224676,0.01,0.03921359957051573,0.03962315599588914,0.02055752553826254,0.143378957794589,0.9994449302989885,69090103.04569218,0.9996517171217834,ok
hirax_interferom,0.9177161174224676,0.02,0.04921359957051573,0.049623155995889144,0.020528269468664016,0.1432768978888921,0.9980225883743101,69028144.28751986,0.9987552474934672,ok
hirax_interferom,0.9177161174224676,0.03,0.059213599570515724,0.059623155995889146,0.020478602403495933,0.14310346747544567,0.9956079253647626,68922334.01891424,0.9972242986015432,ok
hirax_interferom,0.9277159347377504,0.0,0.028798219191055723,0.029041246446427284,0.02106852834847834,0.14515002014632428,1.0,69134481.81177357,1.0,ok
hirax_interferom,0.9277159347377504,0.01,0.03879821919105572,0.039041246446427286,0.021057143604440026,0.14511079768383892,0.9994596326876749,69111042.02214885,0.9996609537091992,ok
hirax_interferom,0.9277159347377504,0.02,0.048798219191055724,0.04904124644642728,0.021027903294938834,0.1450100110162703,0.9980717659597501,69050571.09740028,0.9987862682676678,ok
hirax_interferom,0.9277159347377504,0.03,0.058798219191055726,0.05904124644642728,0.020977942943379173,0.14483764339210706,0.995700439840844,68946647.1090878,0.9972830532931862,ok
hirax_interferom,0.9377157565018328,0.0,0.028482708791621805,0.028623364999101328,0.02157443049228596,0.14688236957608616,1.0,69153782.52949156,1.0,ok
hirax_interferom,0.9377157565018328,0.01,0.03848270879162181,0.03862336499910133,0.021562926652012572,0.1468432043099461,0.9994667835947048,69130646.36932394,0.9996654389778643,ok
hirax_interferom,0.9377157565018328,0.02,0.04848270879162181,0.04862336499910133,0.021533276479217666,0.1467422109660941,0.9980924635260704,69070750.50661047,0.9987993133586629,ok
hirax_interferom,0.9377157565018328,0.03,0.058482708791621804,0.05862336499910133,0.02148268943838955,0.1465697425746172,0.995747695220543,68967963.20448369,0.9973129550082293,ok
hirax_interferom,0.9477155825738426,0.0,0.0280565095622742,0.028270412350426672,0.022086644170686287,0.14861576016925757,1.0,69172070.2234194,1.0,ok
hirax_interferom,0.9477155825738426,0.01,0.0380565095622742,0.03827041235042667,0.02207505892670198,0.14857677788504495,0.9994754638190041,69149302.55940568,0.9996708546680737,ok
hirax_interferom,0.9477155825738426,0.02,0.0480565095622742,0.04827041235042667,0.022045195359590673,0.14847624510200502,0.9981233540607031,69090358.91779107,0.9988187240115207,ok
hirax_interferom,0.9477155825738426,0.03,0.0580565095622742,0.05827041235042667,0.021994014943497106,0.14830379274818667,0.9958060977270544,68988755.84735312,0.9973498787086437,ok
hirax_interferom,0.9577154128186957,0.0,0.027984845308421113,0.027984845308421113,0.02260178972411743,0.15033891619975656,1.0,69181200.0,1.0,ok
hirax_interferom,0.9577154128186957,0.01,0.03798484530842111,0.03798484530842111,0.022589936466254755,0.1502994892414966,0.9994755610946142,69158432.0,0.9996708932484548,ok
hirax_interferom,0.9577154128186957,0.02,0.04798484530842111,0.04798484530842111,0.022559519389476736,0.15019826693233426,0.998129779315857,69099752.0,0.9988226859320162,ok
hirax_interferom,0.9577154128186957,0.03,0.057984845308421115,0.057984845308421115,0.022507415938781958,0.1500247177593811,0.9958244994539185,68998656.0,0.9973613640700074,ok
hirax_interferom,0.9677152471066875,0.0,0.027368123628440478,0.02751447827426591,0.023127432588852206,0.1520770613500018,1.0,69199504.35969183,1.0,ok
hirax_interferom,0.9677152471066875,0.01,0.037368123628440476,0.03751447827426591,0.023115895994176665,0.15203912652398613,0.9995011727034023,69177843.89809945,0.9996869853072966,ok
hirax_interferom,0.9677152471066875,0.02,0.04736812362844048,0.047514478274265914,0.02308552022899226,0.15193919911922749,0.998187764262249,69120564.37042652,0.9988592405394267,ok
hirax_interferom,0.9677152471066875,0.03,0.05736812362844047,0.05751447827426591,0.023033151876237862,0.15176676802329903,0.9959234250385497,69021252.41336535,0.9974240863720649,ok
hirax_interferom,0.977715085313232,0.0,0.027035929103210826,0.027220982112667297,0.02366028059294683,0.15381898645143527,1.0,69218805.34835827,1.0,ok
hirax_interferom,0.977715085313232,0.01,0.037035929103210824,0.0372209821126673,0.023648420157800845,0.15378042839646677,0.999498719590438,69197029.43244243,0.9996854046265858,ok
hirax_interferom,0.977715085313232,0.02,0.047035929103210826,0.0472209821126673,0.023617569985272334,0.15368008974903788,0.9981948393423861,69140146.07358405,0.9988636140947774,ok
hirax_interferom,0.977715085313232,0.03,0.05703592910321083,0.057220982112667296,0.02356456758879115,0.15350754896353191,0.9959546969961036,69041866.3888996,0.9974437732843235,ok
hirax_interferom,0.9877149273187228,0.0,0.026774706270803545,0.02688696968255056,0.02419637216140625,0.15555183110913948,1.0,69229973.22813013,1.0,ok
hirax_interferom,0.9877149273187228,0.01,0.036774706270803544,0.03688696968255056,0.024184524736059462,0.15551374452459005,0.9995103635674076,69208697.62950233,0.9996926822641156,ok
hirax_interferom,0.9877149273187228,0.02,0.046774706270803545,0.04688696968255056,0.024153410522266855,0.15541367546733734,0.9982244594829005,69152589.76329304,0.9988822259892822,ok
hirax_interferom,0.9877149273187228,0.03,0.05677470627080354,0.05688696968255056,0.02409964357740817,0.1552405989984842,0.9960023517842743,69055086.33962235,0.9974738270094156,ok
hirax_interferom,0.9977147730081142,0.0,0.026510909627958282,0.026510909627958282,0.024738728227296055,0.15728549910050849,1.0,69240128.0,1.0,ok
hirax_interferom,0.9977147730081142,0.01,0.036510909627958284,0.036510909627958284,0.024726906159853165,0.15724791305404712,0.999522123072202,69219360.0,0.99970005832456,ok
hirax_interferom,0.9977147730081142,0.02,0.046510909627958286,0.046510909627958286,0.0246954602674552,0.15714789297809628,0.9982510030651812,69163888.0,0.9988989044041051,ok
hirax_interferom,0.9977147730081142,0.03,0.05651090962795828,0.05651090962795828,0.02464116625981151,0.15697504980031543,0.9960563062665082,69067576.0,0.9975079191072552,ok
hirax_interferom,1.0077146222708109,0.0,0.02601390545593957,0.02620617640509339,0.02529159737132039,0.1590333215754497,1.0,69258426.02681047,1.0,ok
hirax_interferom,1.0077146222708109,0.01,0.03601390545593957,0.03620617640509339,0.025279696740369353,0.1589959016464555,0.9995294630554047,69237970.22418863,0.9997046452858469,ok
hirax_interferom,1.0077146222708109,0.02,0.04601390545593957,0.04620617640509339,0.025248113113832217,0.15889654846418855,0.9982806836258795,69183458.4413046,0.9989175672938791,ok
hirax_interferom,1.0077146222708109,0.03,0.05601390545593957,0.056206176405093386,0.025193368056196656,0.15872418862982623,0.9961161284642652,69088447.35911304,0.9975457330255869,ok
hirax_interferom,1.017714475000514,0.0,0.0257032805210476,0.02601390545593957,0.025848516381004424,0.16077473800633116,1.0,69270627.63896345,1.0,ok
hirax_interferom,1.017714475000514,0.01,0.0357032805210476,0.03601390545593957,0.02583641359086576,0.16073709463240202,0.9995317800851596,69250267.67762282,0.9997060808883278,ok
hirax_interferom,1.017714475000514,0.02,0.0457032805210476,0.04601390545593957,0.025804473104585793,0.16063770760498855,0.9982961004117437,69196312.8084096,0.9989271812153749,ok
hirax_interferom,1.017714475000514,0.03,0.0557032805210476,0.05601390545593957,0.025748952742994775,0.16046480219348658,0.9961481875190787,69102013.62992136,0.9975658657242014,ok
hirax_interferom,1.0277143310948278,0.0,0.02550721907302625,0.025664188056566346,0.02641223379638744,0.1625184106382641,1.0,69282804.80844486,1.0,ok
hirax_interferom,1.0277143310948278,0.01,0.03550721907302625,0.03566418805656635,0.026399992600418698,0.16248074532208023,0.999536533105715,69262645.30064788,0.9997090258130756,ok
hirax_interferom,1.0277143310948278,0.02,0.04550721907302625,0.04566418805656634,0.026367680599674113,0.162381281555708,0.9983131605960788,69209217.70766191,0.9989378735317312,ok
hirax_interferom,1.0277143310948278,0.03,0.05550721907302625,0.055664188056566345,0.02631145004133023,0.16220804555055285,0.996184201766721,69115734.07681417,0.997588568590827,ok
hirax_interferom,1.0377141904552365,0.0,0.02523017356764155,0.025269937459245533,0.026982851032052266,0.16426457631532207,1.0,69294996.70944789,1.0,ok
hirax_interferom,1.0377141904552365,0.01,0.03523017356764155,0.03526993745924553,0.026970632074016954,0.16422737918513147,0.9995471583777119,69275296.51476598,0.9997157053810896,ok
hirax_interferom,1.0377141904552365,0.02,0.04523017356764155,0.045269937459245534,0.02693814863650602,0.1641284516362292,0.9983433034747461,69222712.51476598,0.9989568627157167,ok
hirax_interferom,1.0377141904552365,0.03,0.05523017356764155,0.055269937459245536,0.0268813448140858,0.16395531346707187,0.9962381210997352,69130260.48695429,0.9976226822957458,ok
hirax_interferom,1.0477140529869249,0.0,0.024909777412221508,0.02523017356764155,0.027558349441377895,0.16600707647982327,1.0,69303133.83804959,1.0,ok
hirax_interferom,1.0477140529869249,0.01,0.03490977741222151,0.03523017356764155,0.027545916912883023,0.16596962647690397,0.9995488652714373,69283502.18309283,0.9997167277456365,ok
hirax_interferom,1.0477140529869249,0.02,0.044909777412221505,0.04523017356764155,0.02751294836480218,0.16587027571208224,0.9983525473224624,69231234.90041953,0.9989625442076245,ok
hirax_interferom,1.0477140529869249,0.03,0.05490977741222151,0.05523017356764155,0.02745530782619027,0.165696432750347,0.9962609656501085,69139360.23519205,0.9976368514122282,ok
hirax_interferom,1.0577139185984754,0.0,0.024544332996817433,0.024909777412221508,0.0281417275228365,0.16775496273683382,1.0,69313289.03617287,1.0,ok
hirax_interferom,1.0577139185984754,0.01,0.03454433299681743,0.03490977741222151,0.028129345749898033,0.16771805433494044,0.9995600208648022,69294137.76547028,0.9997236998709931,ok
hirax_interferom,1.0577139185984754,0.02,0.04454433299681743,0.044909777412221505,0.028096263119051078,0.16761939959041458,0.9983844487248151,69242767.05508158,0.9989825619001503,ok
hirax_interferom,1.0577139185984754,0.03,0.054544332996817435,0.05490977741222151,0.028038136639612462,0.1674459215377086,0.9963189579196949,69152028.2735419,0.9976734510095631,ok
hirax_interferom,1.067713787201837,0.0,0.024256292290303266,0.024421302983994825,0.02873580901670758,0.16951639748622427,1.0,69330571.91518033,1.0,ok
hirax_interferom,1.067713787201837,0.01,0.03425629229030327,0.034421302983994824,0.028723380535454132,0.16947973488135426,0.9995674915139426,69311743.45345479,0.9997284248318539,ok
hirax_interferom,1.067713787201837,0.02,0.04425629229030327,0.044421302983994826,0.028690075174785473,0.16938144873269173,0.9984084720950255,69261087.1921007,0.9989977765773427,ok
hirax_interferom,1.067713787201837,0.03,0.054256292290303265,0.05442130298399482,0.028631678654816937,0.16920897923815076,0.9963762857057513,69171795.60155544,0.9977098658032255,ok
hirax_interferom,1.0777136587121707,0.0,0.024214863921396775,0.024214863921396775,0.02933369446950636,0.17127082200277535,1.0,69341728.0,1.0,ok
hirax_interferom,1.0777136587121707,0.01,0.034214863921396776,0.034214863921396776,0.02932086379504116,0.17123336063700076,0.9995625960283134,69322680.0,0.9997253024902985,ok
hirax_interferom,1.0777136587121707,0.02,0.04421486392139677,0.04421486392139677,0.029286923628199353,0.17113422693371233,0.9984055591307931,69272096.0,0.9989958138914565,ok
hirax_interferom,1.0777136587121707,0.03,0.05421486392139677,0.05421486392139677,0.029227339895403475,0.17096005350783988,0.9963743205202656,69182824.0,0.9977083928453586,ok
hirax_interferom,1.0877135330476069,0.0,0.02375438368769603,0.023922856605048823,0.029935887869001646,0.17301990599061615,1.0,69347828.24669509,1.0,ok
hirax_interferom,1.0877135330476069,0.01,0.03375438368769603,0.033922856605048825,0.02992335759448446,0.17298369170093594,0.999581429668229,69329596.66467689,0.9997370994524394,ok
hirax_interferom,1.0877135330476069,0.02,0.04375438368769603,0.04392285660504883,0.02988951427064885,0.17288584172987922,0.9984509028576094,69280168.48912454,0.9990243420842271,ok
hirax_interferom,1.0877135330476069,0.03,0.05375438368769603,0.05392285660504882,0.029829683629675717,0.17271271994174522,0.9964522769529778,69192325.3668863,0.9977576387935956,ok
hirax_interferom,1.097713410129206,0.0,0.023542097180964318,0.023627240667494217,0.030546170468407397,0.1747746276448827,1.0,69355956.16017215,1.0,ok
hirax_interferom,1.097713410129206,0.01,0.03354209718096432,0.033627240667494215,0.030533661337509115,0.17473883751905045,0.999590484479512,69338116.2912012,0.999742778126658,ok
hirax_interferom,1.097713410129206,0.02,0.043542097180964315,0.04362724066749422,0.030499472534045485,0.1746409818285659,0.9984712344085747,69289172.38947298,0.9990370867277074,ok
hirax_interferom,1.097713410129206,0.03,0.05354209718096432,0.05362724066749422,0.030438773363542955,0.17446711255575634,0.996484105758019,69201824.36490503,0.9977776703862151,ok
hirax_interferom,1.1077132898808333,0.0,0.0232416387781054,0.023413801418295615,0.031164666619827808,0.17653517105616037,1.0,69366120.15105733,1.0,ok
hirax_interferom,1.1077132898808333,0.01,0.0332416387781054,0.03341380141829561,0.03115201804841184,0.17649934291212485,0.9995941374387134,69348436.03071691,0.9997450611292384,ok
hirax_interferom,1.1077132898808333,0.02,0.0432416387781054,0.043413801418295615,0.031117506804315544,0.17640154989204473,0.998486753730192,69300000.37569275,0.9990468001494016,ok
hirax_interferom,1.1077132898808333,0.03,0.0532416387781054,0.05341380141829562,0.031056412153963715,0.17622829555427164,0.9965263717663125,69213812.86507711,0.9978042986165502,ok
hirax_interferom,1.1177131722289528,0.0,0.02302462526052534,0.0232416387781054,0.031790296585573016,0.1782983359024223,1.0,69376283.9781386,1.0,ok
hirax_interferom,1.1177131722289528,0.01,0.03302462526052534,0.0332416387781054,0.03177741258842189,0.17826220179393581,0.9995947191899753,69358620.13533202,0.99974539076189,ok
hirax_interferom,1.1177131722289528,0.02,0.04302462526052534,0.0432416387781054,0.0317424255048501,0.1781640409983173,0.9984941606130016,69310472.36326247,0.9990513816667255,ok
hirax_interferom,1.1177131722289528,0.03,0.05302462526052534,0.0532416387781054,0.03168040597896996,0.17798990414899932,0.996543265763273,69224684.66978964,0.9978148251872827,ok
hirax_interferom,1.1277130571025942,0.0,0.022849530512117158,0.022849530512117158,0.032424268357380485,0.18006739948524964,1.0,69388464.0,1.0,ok
hirax_interferom,1.1277130571025942,0.01,0.032849530512117156,0.032849530512117156,0.03241127900191204,0.18003132783466338,0.9995993940302592,69371000.0,0.9997483155125036,ok
hirax_interferom,1.1277130571025942,0.02,0.04284953051211716,0.04284953051211716,0.03237592464126327,0.17993311157556097,0.9985090267701844,69323288.0,0.9990607084197742,ok
hirax_interferom,1.1277130571025942,0.03,0.05284953051211716,0.05284953051211716,0.03231313698704924,0.17975855191631146,0.9965725866469413,69238120.0,0.9978332997830879,ok
hirax_interferom,1.1377129444332434,0.0,0.022584343226647076,0.022849530512117158,0.03306064175384075,0.18182585557021516,1.0,69392535.66473246,1.0,ok
hirax_interferom,1.1377129444332434,0.01,0.03258434322664708,0.032849530512117156,0.03304756768324683,0.18178989983837612,0.9996045427462883,69375292.07965398,0.999751506629448,ok
hirax_interferom,1.1377129444332434,0.02,0.04258434322664707,0.04284953051211716,0.03301172560684113,0.1816912920501176,0.9985204114498493,69327844.57755983,0.9990677515016142,ok
hirax_interferom,1.1377129444332434,0.03,0.052584343226647075,0.05284953051211716,0.03294821934872791,0.18151644374195938,0.9965995092911414,69243345.8374125,0.9978500594351999,ok
hirax_interferom,1.147712834154671,0.0,0.02222583882448764,0.0223609515511905,0.03370848724203969,0.1835987125282737,1.0,69403709.6321108,1.0,ok
hirax_interferom,1.147712834154671,0.01,0.03222583882448764,0.0323609515511905,0.03369555442177734,0.18356348880367615,0.9996163334127252,69386977.6690669,0.9997589183181621,ok
hirax_interferom,1.147712834154671,0.02,0.04222583882448764,0.042360951551190504,0.03365996678372566,0.18346652769299815,0.9985605863008437,69340766.00167188,0.9990930797392161,ok
hirax_interferom,1.147712834154671,0.03,0.05222583882448764,0.0523609515511905,0.033596050158728685,0.1832922534062165,0.9966644280859102,69257350.32688563,0.9978911890156739,ok
hirax_interferom,1.1577127262028972,0.0,0.022180618352770055,0.022180618352770055,0.03436109995539892,0.18536747275452325,1.0,69410816.0,1.0,ok
hirax_interferom,1.1577127262028972,0.01,0.03218061835277006,0.03218061835277006,0.03434792886727384,0.18533194238250955,0.9996166860740148,69394096.0,0.9997591153517054,ok
hirax_interferom,1.1577127262028972,0.02,0.04218061835277005,0.04218061835277005,0.03431150523970786,0.18523365039783635,0.9985566609987621,69347688.0,0.9990905163829222,ok
hirax_interferom,1.1577127262028972,0.03,0.052180618352770054,0.052180618352770054,0.034246844273105176,0.18505902915855033,0.9966748537607338,69264888.0,0.9978976187227074,ok
hirax_interferom,1.1677126205161104,0.0,0.02176940748030318,0.022180618352770055,0.03502037925585954,0.1871373272649247,1.0,69416922.81307757,1.0,ok
hirax_interferom,1.1677126205161104,0.01,0.03176940748030318,0.03218061835277006,0.035007142248807605,0.18710195682784186,0.9996220198829023,69400431.2175037,0.999762426870775,ok
hirax_interferom,1.1677126205161104,0.02,0.04176940748030318,0.04218061835277005,0.03497051835810556,0.18700405973696282,0.998576231930851,69354636.30306858,0.9991027186529614,ok
hirax_interferom,1.1677126205161104,0.03,0.051769407480303176,0.052180618352770054,0.03490491060023587,0.1868285593806147,0.9967028153870051,69272192.93454094,0.9979150634647642,ok
hirax_interferom,1.177712517034503,0.0,0.021630600066130698,0.02176940748030318,0.03568822956275032,0.18891328582910816,1.0,69425043.53151792,1.0,ok
hirax_interferom,1.177712517034503,0.01,0.0316306000661307,0.03176940748030318,0.03567499050265652,0.18887824253379878,0.9996290356720967,69408855.66360226,0.9997668295604553,ok
hirax_interferom,1.177712517034503,0.02,0.0416306000661307,0.04176940748030318,0.035638310264503564,0.18878111734096598,0.9986012391520015,69363843.96252996,0.999118479933539,ok
hirax_interferom,1.177712517034503,0.03,0.0516306000661307,0.051769407480303176,0.03557201719226008,0.18860545377125254,0.9967436779040578,69282088.53952992,0.9979408728505427,ok
hirax_interferom,1.1877124157002574,0.0,0.02144412589632519,0.02144412589632519,0.036366176341874154,0.19069917761195027,1.0,69437232.0,1.0,ok
hirax_interferom,1.1877124157002574,0.01,0.03144412589632519,0.03144412589632519,0.036352725499825454,0.19066390717654313,0.999630127679021,69421088.0,0.99976750225297,ok
hirax_interferom,1.1877124157002574,0.02,0.04144412589632519,0.04144412589632519,0.036315545974793605,0.19056638206880458,0.9986077621522653,69376304.0,0.9991225456682951,ok
hirax_interferom,1.1877124157002574,0.03,0.05144412589632519,0.05144412589632519,0.03624882860408922,0.19039125138537544,0.9967731626035753,69295544.0,0.9979594808733159,ok
hirax_interferom,1.1977123164574688,0.0,0.02111383359012307,0.02125601589418854,0.03705030299921998,0.1924845526249314,1.0,69447395.39033064,1.0,ok
hirax_interferom,1.1977123164574688,0.01,0.03111383359012307,0.03125601589418854,0.0370367624848679,0.19244937642109392,0.9996345370143838,69431439.58387315,0.9997702461500851,ok
hirax_interferom,1.1977123164574688,0.02,0.04111383359012307,0.041256015894188536,0.03699949084668794,0.19235251713114632,0.9986285631042447,69387363.96428427,0.9991355841970896,ok
hirax_interferom,1.1977123164574688,0.03,0.05111383359012307,0.05125601589418854,0.03693191652981201,0.19217678457558812,0.9968047098181502,69307063.97095814,0.9979793134273249,ok
hirax_interferom,1.2077122192520025,0.0,0.02111383359012307,0.02111383359012307,0.03773634211779906,0.19425844156123323,1.0,69449424.0,1.0,ok
hirax_interferom,1.2077122192520025,0.01,0.03111383359012307,0.03111383359012307,0.037722652487069186,0.19422320275154867,0.9996372295256615,69433584.0,0.9997719203545878,ok
hirax_interferom,1.2077122192520025,0.02,0.04111383359012307,0.04111383359012307,0.037684890808004176,0.19412596634145618,0.9986365581053332,69389736.0,0.9991405544270605,ok
hirax_interferom,1.2077122192520025,0.03,0.05111383359012307,0.05111383359012307,0.037616077664385066,0.19394864697745398,0.9968130336258195,69309440.0,0.9979843749316049,ok
hirax_interferom,1.2177121240314817,0.0,0.020826557162100412,0.020826557162100412,0.03843119255477852,0.19603875268624446,1.0,69453488.0,1.0,ok
hirax_interferom,1.2177121240314817,0.01,0.030826557162100414,0.030826557162100414,0.038417752587697945,0.19600447083599382,0.9996502849329639,69438216.0,0.99978011183542,ok
hirax_interferom,1.2177121240314817,0.02,0.040826557162100416,0.040826557162100416,0.038379622330440066,0.19590717784307973,0.9986581154288943,69394736.0,0.9991540813616157,ok
hirax_interferom,1.2177121240314817,0.03,0.05082655716210041,0.05082655716210041,0.03831073359638912,0.19573127904448262,0.9968655940557217,69315800.0,0.9980175509687865,ok
hirax_interferom,1.2277120307452318,0.0,0.020486310469193827,0.020632817535731447,0.03913644137971617,0.19782932386205077,1.0,69461622.37843251,1.0,ok
hirax_interferom,1.2277120307452318,0.01,0.030486310469193825,0.030632817535731445,0.0391229721783416,0.19779527845310566,0.9996558399052206,69446590.27798475,0.9997835912848988,ok
hirax_interferom,1.2277120307452318,0.02,0.04048631046919383,0.04063281753573145,0.03908480011538033,0.1976987610365334,0.9986804813489608,69403838.69233175,0.999168120695685,ok
hirax_interferom,1.2277120307452318,0.03,0.05048631046919383,0.05063281753573144,0.03901533084290024,0.19752298813783736,0.9969054279708042,69325662.55421609,0.9980426627026402,ok
hirax_interferom,1.2377119393441385,0.0,0.02033874808874956,0.020486310469193827,0.03984780934954947,0.19961916077759037,1.0,69467715.12487853,1.0,ok
hirax_interferom,1.2377119393441385,0.01,0.030338748088749562,0.030486310469193825,0.03983415385640468,0.19958495398302117,0.9996573088115083,69452743.31556994,0.9997844781668481,ok
hirax_interferom,1.2377119393441385,0.02,0.04033874808874956,0.04048631046919383,0.03979547118607482,0.19948802266320356,0.9986865485373227,69410187.21099722,0.9991718755427915,ok
hirax_interferom,1.2377119393441385,0.03,0.05033874808874956,0.05048631046919383,0.039725188873357756,0.19931178809432662,0.9969227799923435,69332492.08448689,0.998053440506161,ok
hirax_interferom,1.2477118497806523,0.0,0.020090402412926,0.020239775491242225,0.040569822651994034,0.20141951904419303,1.0,69477875.0618343,1.0,ok
hirax_interferom,1.2477118497806523,0.01,0.030090402412926,0.030239775491242224,0.04055611926379096,0.20138549913981135,0.9996622270617099,69463115.14621556,0.9997875594841436,ok
hirax_interferom,1.2477118497806523,0.02,0.040090402412925996,0.040239775491242226,0.04051714222124523,0.20128870366030288,0.9987014872803193,69420987.700721,0.9991812161632364,ok
hirax_interferom,1.2477118497806523,0.03,0.050090402412926,0.05023977549124223,0.04044628109440424,0.2011126079946363,0.9969548410736343,69344035.92975584,0.9980736438476371,ok
hirax_interferom,1.2577117620087337,0.0,0.019939910388231848,0.020040363973053,0.04129655414707026,0.20321553618527854,1.0,69483971.00005117,1.0,ok
hirax_interferom,1.2577117620087337,0.01,0.02993991038823185,0.030040363973053,0.04128267166457369,0.2031813762739432,0.9996638343614063,69469278.94690065,0.9997885547855273,ok
hirax_interferom,1.2577117620087337,0.02,0.039939910388231845,0.040040363973053,0.0412432880616725,0.2030844357937666,0.9987101566583968,69427455.10044658,0.9991866339993069,ok
hirax_interferom,1.2577117620087337,0.03,0.049939910388231847,0.050040363973053004,0.041171708284883576,0.20290812769547595,0.996976845531904,69351079.31304863,0.9980874482979327,ok
hirax_interferom,1.2677116759837328,0.0,0.019889493340702627,0.019889493340702627,0.042031002610119425,0.20501463998973202,1.0,69490064.0,1.0,ok
hirax_interferom,1.2677116759837328,0.01,0.02988949334070263,0.02988949334070263,0.042016933891213026,0.20498032561983365,0.9996652775800544,69475432.0,0.9997894375230393,ok
hirax_interferom,1.2677116759837328,0.02,0.03988949334070263,0.03988949334070263,0.04197693337695442,0.20488273079240824,0.9987135868809376,69433688.0,0.9991887185483093,ok
hirax_interferom,1.2677116759837328,0.03,0.049889493340702626,0.049889493340702626,0.04190409322901735,0.20470489302656483,0.9969805768784702,69357312.0,0.9980896261658357,ok
hirax_interferom,1.2777115916623918,0.0,0.019889493340702627,0.019889493340702627,0.04276847918845508,0.20680541382772136,1.0,69490064.0,1.0,ok
hirax_interferom,1.2777115916623918,0.01,0.02988949334070263,0.02988949334070263,0.042754165553419356,0.2067708044028928,0.9996653227959625,69475432.0,0.9997894375230393,ok
hirax_interferom,1.2777115916623918,0.02,0.03988949334070263,0.03988949334070263,0.042713468642552946,0.20667237029306298,0.998713759597115,69433688.0,0.9991887185483093,ok
hirax_interferom,1.2777115916623918,0.03,0.049889493340702626,0.049889493340702626,0.042639360257995015,0.20649300292744793,0.9969809791484257,69357312.0,0.9980896261658357,ok
hirax_interferom,1.2877115090027935,0.0,0.019481460361660687,0.019481460361660687,0.04352008161842794,0.20861467258663266,1.0,69498192.0,1.0,ok
hirax_interferom,1.2877115090027935,0.01,0.02948146036166069,0.02948146036166069,0.04350610812721288,0.20858117874634058,0.9996789185429941,69484152.0,0.9997979803560932,ok
hirax_interferom,1.2877115090027935,0.02,0.039481460361660684,0.039481460361660684,0.043465526295328086,0.20848387538447208,0.9987464333459164,69443240.0,0.9992093031715127,ok
hirax_interferom,1.2877115090027935,0.03,0.049481460361660685,0.049481460361660685,0.04339153452035788,0.20830634776779577,0.9970462578816572,69368296.0,0.9981309441834113,ok
hirax_interferom,1.297711427964267,0.0,0.019222041856125627,0.019274204887867814,0.04427799331661279,0.21042336685029253,1.0,69504290.76491547,1.0,ok
hirax_interferom,1.297711427964267,0.01,0.029222041856125626,0.029274204887867812,0.044263916573061717,0.21038991556883546,0.9996820826217119,69490386.71048799,0.999799954013278,ok
hirax_interferom,1.297711427964267,0.02,0.03922204185612563,0.039274204887867814,0.04422342025677578,0.2102936524405237,0.998767490219198,69450254.51999184,0.9992225480710768,ok
hirax_interferom,1.297711427964267,0.03,0.04922204185612562,0.04927420488786781,0.04414862806908234,0.2101157492171454,0.9970783398740449,69375786.83022842,0.998151136666919,ok
hirax_interferom,1.3077113485073788,0.0,0.01911728880455911,0.01911728880455911,0.04504382515176949,0.21223530609153957,1.0,69510384.0,1.0,ok
hirax_interferom,1.3077113485073788,0.01,0.029117288804559112,0.029117288804559112,0.04502949156818474,0.212201535263496,0.9996817858266599,69496464.0,0.9997997421507555,ok
hirax_interferom,1.3077113485073788,0.02,0.039117288804559114,0.039117288804559114,0.044988275220605264,0.21210439698555347,0.9987667581299533,69456304.0,0.9992219867466133,ok
hirax_interferom,1.3077113485073788,0.03,0.04911728880455911,0.04911728880455911,0.04491316095678121,0.21192725392639147,0.9970991763122243,69382776.0,0.998164187957874,ok
hirax_interferom,1.317711270593893,0.0,0.01885285990327754,0.01911728880455911,0.04581427426870298,0.2140426926309398,1.0,69512418.65414158,1.0,ok
hirax_interferom,1.317711270593893,0.01,0.028852859903277538,0.029117288804559112,0.04579991248635237,0.21400914112801905,0.9996865216664489,69498702.92060068,0.9998026865730405,ok
hirax_interferom,1.317711270593893,0.02,0.03885285990327754,0.039117288804559114,0.04575843701699254,0.21391221801709348,0.9987812258820701,69458963.46919294,0.9992309980578491,ok
hirax_interferom,1.317711270593893,0.03,0.048852859903277535,0.04911728880455911,0.04568230481901592,0.21373419197455498,0.997119468729046,69385683.7931236,0.9981768025991364,ok
hirax_interferom,1.3277111941866913,0.0,0.018692407113853032,0.01885285990327754,0.04659611952021003,0.21586134327435758,1.0,69518517.20071627,1.0,ok
hirax_interferom,1.3277111941866913,0.01,0.028692407113853034,0.028852859903277538,0.04658178682918293,0.21582814188419205,0.9996924059090181,69505057.26726088,0.9998063834788574,ok
hirax_interferom,1.3277111941866913,0.02,0.038692407113853036,0.03885285990327754,0.0465401680760109,0.2157317039195002,0.9987992252407442,69465845.40546888,0.999242334310795,ok
hirax_interferom,1.3277111941866913,0.03,0.04869240711385303,0.048852859903277535,0.04646316832853276,0.21555316821733975,0.9971467325381118,69392965.59998387,0.9981939833329599,ok
hirax_interferom,1.33771111924976,0.0,0.01863861590272092,0.01863861590272092,0.04738956010231567,0.21769143323134163,1.0,69528672.0,1.0,ok
hirax_interferom,1.33771111924976,0.01,0.028638615902720918,0.028638615902720918,0.04737481778112894,0.21765757000648733,0.9996889120482465,69515056.0,0.9998041671211554,ok
hirax_interferom,1.33771111924976,0.02,0.03863861590272092,0.03863861590272092,0.047332565040405894,0.21756048593530466,0.9987973076393467,69475904.0,0.9992410612991429,ok
hirax_interferom,1.33771111924976,0.03,0.04863861590272092,0.04863861590272092,0.047254306541634206,0.21738055695400682,0.9971459207388833,69403056.0,0.9981933208791907,ok
hirax_interferom,1.347711045748156,0.0,0.018367296972196266,0.01863861590272092,0.04818416734397343,0.2195089231534186,1.0,69530706.49587145,1.0,ok
hirax_interferom,1.347711045748156,0.01,0.028367296972196268,0.028638615902720918,0.04816946773969699,0.21947543766831173,0.9996949287476214,69517350.81522508,0.9998079167993617,ok
hirax_interferom,1.347711045748156,0.02,0.03836729697219626,0.03863861590272092,0.04812678961419724,0.21937818855619454,0.9988091995163766,69478451.12475245,0.9992484562037046,ok
hirax_interferom,1.347711045748156,0.03,0.048367296972196265,0.04863861590272092,0.04804785504315405,0.21919820948893276,0.9971710147060073,69406175.82733044,0.99820898312678,ok
hirax_interferom,1.3577109736479425,0.0,0.01825764048783757,0.01825764048783757,0.04898868020975404,0.22133386593504853,1.0,69534768.0,1.0,ok
hirax_interferom,1.3577109736479425,0.01,0.02825764048783757,0.02825764048783757,0.04897410713924566,0.22130094247256532,0.9997025216754977,69521744.0,0.9998126980160486,ok
hirax_interferom,1.3577109736479425,0.02,0.03825764048783757,0.03825764048783757,0.048931553604859165,0.22120477753624393,0.9988338815283393,69483592.0,0.999264022855444,ok
hirax_interferom,1.3577109736479425,0.03,0.048257640487837566,0.048257640487837566,0.048852230876520325,0.22102540776236637,0.9972146762752235,69412152.0,0.99823662315232,ok
hirax_interferom,1.367710902916171,0.0,0.018147321408444866,0.018147321408444866,0.04980143175136449,0.22316234393679524,1.0,69538832.0,1.0,ok
hirax_interferom,1.367710902916171,0.01,0.028147321408444864,0.028147321408444864,0.04978664678116554,0.2231292154361807,0.9997031215834764,69525832.0,0.999813054093287,ok
hirax_interferom,1.367710902916171,0.02,0.038147321408444866,0.038147321408444866,0.04974362103969909,0.2230327801909376,0.9988391757097663,69487880.0,0.9992672870893201,ok
hirax_interferom,1.367710902916171,0.03,0.04814732140844487,0.04814732140844487,0.049663085122625725,0.22285215978900838,0.9972220351127761,69416520.0,0.9982410978660096,ok
hirax_interferom,1.37771083352085,0.0,0.017980573724962583,0.017980573724962583,0.05062247137391926,0.22499438076076314,1.0,69542896.0,1.0,ok
hirax_interferom,1.37771083352085,0.01,0.027980573724962585,0.027980573724962585,0.05060767623084916,0.22496149944123586,0.9997077356622751,69530096.0,0.9998159409409697,ok
hirax_interferom,1.37771083352085,0.02,0.03798057372496258,0.03798057372496258,0.05056394785820854,0.22486428764525623,0.9988439221926081,69492144.0,0.999270205830945,ok
hirax_interferom,1.37771083352085,0.03,0.04798057372496258,0.04798057372496258,0.050482792823108774,0.2246837618144862,0.9972407796968512,69421392.0,0.9982528193821552,ok
hirax_interferom,1.3877107654309009,0.0,0.01775580771790926,0.017980573724962583,0.05144996167984994,0.22682583997386616,1.0,69544930.2985546,1.0,ok
hirax_interferom,1.3877107654309009,0.01,0.02775580771790926,0.027980573724962585,0.05143512054702313,0.226793122794813,0.9997115423929922,69532294.48406786,0.9998183071802287,ok
hirax_interferom,1.3877107654309009,0.02,0.03775580771790926,0.03798057372496258,0.05139110663732627,0.2266960666560544,0.9988560721796081,69494702.8912921,0.9992777703989798,ok
hirax_interferom,1.3877107654309009,0.03,0.04775580771790926,0.04798057372496258,0.0513089525487737,0.22651479543017428,0.9972592957026153,69424223.19897264,0.9982643292751353,ok
hirax_interferom,1.3977106986161276,0.0,0.01775580771790926,0.01775580771790926,0.05228577861462826,0.22866083751842653,1.0,69546960.0,1.0,ok
hirax_interferom,1.3977106986161276,0.01,0.02775580771790926,0.02775580771790926,0.05227089310066864,0.2286282858717806,0.9997153047280918,69534488.0,0.9998206679342994,ok
hirax_interferom,1.3977106986161276,0.02,0.03775580771790926,0.03775580771790926,0.05222659533739756,0.22853138807918172,0.9988680807898662,69497256.0,0.9992853174315599,ok
hirax_interferom,1.3977106986161276,0.03,0.04775580771790926,0.04775580771790926,0.05214343568761165,0.22834937198865174,0.9972775976414974,69427048.0,0.9982758124869872,ok
hirax_interferom,1.4077106330471916,0.0,0.01747078427006226,0.01747078427006226,0.05313593388085572,0.23051232912982272,1.0,69555088.0,1.0,ok
hirax_interferom,1.4077106330471916,0.01,0.027470784270062262,0.027470784270062262,0.05312106158198898,0.23048006764574888,0.9997201084505246,69542824.0,0.9998236793259466,ok
hirax_interferom,1.4077106330471916,0.02,0.03747078427006226,0.03747078427006226,0.05307649636871398,0.23038336825542327,0.9988814064645026,69505960.0,0.9992936821530584,ok
hirax_interferom,1.4077106330471916,0.03,0.04747078427006226,0.04747078427006226,0.05299325752834229,0.23020264448598823,0.9973148801179754,69436800.0,0.9982993623701547,ok
hirax_interferom,1.4177105686955864,0.0,0.01723937293661246,0.017355464301750344,0.053995783418902085,0.23236992795734582,1.0,69564237.40017885,1.0,ok
hirax_interferom,1.4177105686955864,0.01,0.02723937293661246,0.027355464301750343,0.05398062363078024,0.23233730572333888,0.9997192412599288,69551933.2385987,0.999823125185584,ok
hirax_interferom,1.4177105686955864,0.02,0.03723937293661246,0.037355464301750345,0.05393557339683944,0.23224033542181996,0.9988849125200104,69515253.24710292,0.9992958428798099,ok
hirax_interferom,1.4177105686955864,0.03,0.047239372936612456,0.04735546430175035,0.05385156154386518,0.23205939227677294,0.9973290159730062,69446549.17056495,0.9983082078663943,ok
hirax_interferom,1.4277105055335924,0.0,0.01723937293661246,0.01723937293661246,0.054860266669902985,0.23422268607012214,1.0,69569312.0,1.0,ok
hirax_interferom,1.4277105055335924,0.01,0.02723937293661246,0.02723937293661246,0.054844678076572534,0.2341894064140659,0.9997158491149114,69556856.0,0.999820955538557,ok
hirax_interferom,1.4277105055335924,0.02,0.03723937293661246,0.03723937293661246,0.05479892563547732,0.23409170347425243,0.9988818677314356,69520184.0,0.9992938265653684,ok
hirax_interferom,1.4277105055335924,0.03,0.047239372936612456,0.047239372936612456,0.05471349648619078,0.23390916289489555,0.9973246542056508,69451408.0,0.9983052297541767,ok
hirax_interferom,1.4377104435342651,0.0,0.01723937293661246,0.01723937293661246,0.05572830825066863,0.23606843975988961,1.0,69569312.0,1.0,ok
hirax_interferom,1.4377104435342651,0.01,0.02723937293661246,0.02723937293661246,0.05571247509991858,0.23603490229184027,0.9997158867504315,69556856.0,0.999820955538557,ok
hirax_interferom,1.4377104435342651,0.02,0.03723937293661246,0.03723937293661246,0.05566600483764599,0.2359364423687998,0.9988820149942038,69520184.0,0.9992938265653684,ok
hirax_interferom,1.4377104435342651,0.03,0.047239372936612456,0.047239372936612456,0.05557923524968862,0.23575248726087414,0.9973250040121536,69451408.0,0.9983052297541767,ok
hirax_interferom,1.4477103826714128,0.0,0.01682674694234066,0.01723937293661246,0.05660706694532343,0.23792239689723083,1.0,69571346.02912812,1.0,ok
hirax_interferom,1.4477103826714128,0.01,0.026826746942340662,0.02723937293661246,0.056591432669690855,0.2378895387983483,0.9997238105332736,69559234.37264194,0.9998259102751712,ok
hirax_interferom,1.4477103826714128,0.02,0.03682674694234066,0.03723937293661246,0.056544963731930464,0.23779184959104563,0.9989029070618877,69523126.93584481,0.9993069115945648,ok
hirax_interferom,1.4477103826714128,0.03,0.04682674694234066,0.047239372936612456,0.05645774861643383,0.2376083934048497,0.9973621963308252,69455063.64683852,0.9983285880045943,ok
hirax_interferom,1.4577103229195525,0.0,0.016766971453447056,0.016766971453447056,0.05749880660614477,0.23978908775451974,1.0,69577440.0,1.0,ok
hirax_interferom,1.4577103229195525,0.01,0.026766971453447058,0.026766971453447058,0.05748324100801577,0.23975662870505954,0.9997292883270497,69565568.0,0.9998293699796945,ok
hirax_interferom,1.4577103229195525,0.02,0.03676697145344705,0.03676697145344705,0.05743702001273927,0.23966021783504093,0.9989254282470813,69530208.0,0.9993211592723159,ok
hirax_interferom,1.4577103229195525,0.03,0.046766971453447055,0.046766971453447055,0.05734923641224665,0.23947700601988212,0.9973987252479404,69462760.0,0.9983517645949607,ok
hirax_interferom,1.4677102642539008,0.0,0.016766971453447056,0.016766971453447056,0.05839299155856524,0.24164641846831755,1.0,69577440.0,1.0,ok
hirax_interferom,1.4677102642539008,0.01,0.026766971453447058,0.026766971453447058,0.05837718598043384,0.24161371231872136,0.9997293240556866,69565568.0,0.9998293699796945,ok
hirax_interferom,1.4677102642539008,0.02,0.03676697145344705,0.03676697145344705,0.058330252335231814,0.2415165674135665,0.9989255692907855,69530208.0,0.9993211592723159,ok
hirax_interferom,1.4677102642539008,0.03,0.046766971453447055,0.046766971453447055,0.05824111513835559,0.24133196045769734,0.9973990642343212,69462760.0,0.9983517645949607,ok
hirax_interferom,1.4777102066503562,0.0,0.016766971453447056,0.016766971453447056,0.05929598096757391,0.2435076610038664,1.0,69577440.0,1.0,ok
hirax_interferom,1.4777102066503562,0.01,0.026766971453447058,0.026766971453447058,0.059279933087612036,0.24347470728519632,0.9997293597356851,69565568.0,0.9998293699796945,ok
hirax_interferom,1.4777102066503562,0.02,0.03676697145344705,0.03676697145344705,0.05923227989664219,0.24337682695080523,0.9989257101427067,69530208.0,0.9993211592723159,ok
hirax_interferom,1.4777102066503562,0.03,0.046766971453447055,0.046766971453447055,0.05914177600315425,0.24319082220173163,0.9973994027604672,69462760.0,0.9983517645949607,ok
hirax_interferom,1.4877101500854588,0.0,0.01628086865599655,0.016403744879616218,0.06021790784132798,0.24539337367037437,1.0,69586584.9327048,1.0,ok
hirax_interferom,1.4877101500854588,0.01,0.026280868655996548,0.02640374487961622,0.060202251201291544,0.24536147049056325,0.9997400002657401,69575177.04286678,0.9998360619385323,ok
hirax_interferom,1.4877101500854588,0.02,0.03628086865599655,0.036403744879616215,0.0601548880668831,0.2452649344420908,0.9989534712064236,69540565.11998017,0.9993386683256674,ok
hirax_interferom,1.4877101500854588,0.03,0.04628086865599655,0.04640374487961622,0.06006497551189921,0.24508156909873743,0.9974603513321695,69474577.30725554,0.9983903847910113,ok
hirax_interferom,1.4977100945363828,0.0,0.01628086865599655,0.01628086865599655,0.06113999454748922,0.24726502896181907,1.0,69587600.0,1.0,ok
hirax_interferom,1.4977100945363828,0.01,0.026280868655996548,0.026280868655996548,0.061124266578043845,0.24723322304666873,0.999742754811122,69576312.0,0.999837787191971,ok
hirax_interferom,1.4977100945363828,0.02,0.03628086865599655,0.03628086865599655,0.06107630024147731,0.2471361977563734,0.9989582219219462,69541784.0,0.9993416068379999,ok
hirax_interferom,1.4977100945363828,0.03,0.04628086865599655,0.04628086865599655,0.0609853023478613,0.24695202438502362,0.997469868933211,69476000.0,0.9983962660014141,ok
hirax_interferom,1.5077100399809134,0.0,0.01609479547466274,0.01609479547466274,0.06207920032202417,0.24915697927616673,1.0,69595728.0,1.0,ok
hirax_interferom,1.5077100399809134,0.01,0.026094795474662744,0.026094795474662744,0.06206324549751217,0.2491249596036338,0.9997429924285552,69584448.0,0.9998379210861909,ok
hirax_interferom,1.5077100399809134,0.02,0.03609479547466274,0.03609479547466274,0.062015104650850326,0.24902832098147054,0.9989675177701813,69550312.0,0.9993474312101456,ok
hirax_interferom,1.5077100399809134,0.03,0.04609479547466274,0.04609479547466274,0.0619227818727639,0.24884288591953738,0.9974803404610743,69484568.0,0.9984027755266818,ok
hirax_interferom,1.5177099863974273,0.0,0.01590654577677497,0.01609479547466274,0.06302076369683578,0.25103936682686995,1.0,69597761.75018871,1.0,ok
hirax_interferom,1.5177099863974273,0.01,0.025906545776774967,0.026094795474662744,0.06300463855250348,0.2510072480079081,0.9997441296584428,69586529.79153174,0.9998386160937577,ok
hirax_interferom,1.5177099863974273,0.02,0.03590654577677497,0.03609479547466274,0.06295594706176,0.25091023706050736,0.9989715034970446,69552513.89488934,0.9993498662290063,ok
hirax_interferom,1.5177099863974273,0.03,0.04590654577677497,0.04609479547466274,0.0628627343627218,0.2507244191592071,0.9974924243242405,69487118.19462638,0.9984102426172917,ok
hirax_interferom,1.52770993376487,0.0,0.01584329882340718,0.01584329882340718,0.06397390507838696,0.25293063293794005,1.0,69601824.0,1.0,ok
hirax_interferom,1.52770993376487,0.01,0.025843298823407183,0.025843298823407183,0.06395772486132763,0.25289864543197466,0.9997470809849812,69590720.0,0.9998404639510596,ok
hirax_interferom,1.52770993376487,0.02,0.035843298823407185,0.035843298823407185,0.06390873318735764,0.2528017665827469,0.9989812738342381,69557000.0,0.9993559938888957,ok
hirax_interferom,1.52770993376487,0.03,0.04584329882340718,0.04584329882340718,0.06381473911650214,0.25261579348192414,0.9975120174125716,69492032.0,0.998422570075175,ok
hirax_interferom,1.5377098820627415,0.0,0.01584329882340718,0.01584329882340718,0.06493160977523277,0.25481681611548473,1.0,69601824.0,1.0,ok
hirax_interferom,1.5377098820627415,0.01,0.025843298823407183,0.025843298823407183,0.06491518948641473,0.2547845942878312,0.9997471140962794,69590720.0,0.9998404639510596,ok
hirax_interferom,1.5377098820627415,0.02,0.035843298823407185,0.035843298823407185,0.06486547085902358,0.254687005673677,0.9989814064915665,69557000.0,0.9993559938888957,ok
hirax_interferom,1.5377098820627415,0.03,0.04584329882340718,0.04584329882340718,0.06477008194968217,0.2544996698419905,0.9975123391194252,69492032.0,0.998422570075175,ok
hirax_interferom,1.5477098312710826,0.0,0.015587744989071596,0.01584329882340718,0.06590107746322824,0.25671205165170613,1.0,69603857.64099441,1.0,ok
hirax_interferom,1.5477098312710826,0.01,0.025587744989071598,0.025843298823407183,0.0658845712359431,0.25667990033491733,0.9997495302365224,69592857.72498232,0.9998419639889957,ok
hirax_interferom,1.5477098312710826,0.02,0.03558774498907159,0.035843298823407185,0.06583444161897259,0.25658223168990596,0.9989888504585858,69559353.89941873,0.9993606138641735,ok
hirax_interferom,1.5477098312710826,0.03,0.045587744989071595,0.04584329882340718,0.06573845946140106,0.25639512370831286,0.9975323923661503,69494934.34197037,0.9984350968076244,ok
hirax_interferom,1.5577097813704477,0.0,0.015523199183913875,0.015523199183913875,0.06688493769081674,0.2586212243626125,1.0,69609952.0,1.0,ok
hirax_interferom,1.5577097813704477,0.01,0.025523199183913874,0.025523199183913874,0.06686844307465545,0.25858933287097413,0.9997533881807957,69599120.0,0.9998443900665238,ok
hirax_interferom,1.5577097813704477,0.02,0.035523199183913876,0.035523199183913876,0.06681809373121661,0.2584919606703787,0.9990006126654535,69565960.0,0.9993680214001585,ok
hirax_interferom,1.5577097813704477,0.03,0.04552319918391387,0.04552319918391387,0.06672143156733044,0.2583049197505352,0.9975554118889648,69502032.0,0.9984496469700195,ok
hirax_interferom,1.5677097323418956,0.0,0.015327931043714865,0.015523199183913875,0.06787345736260164,0.2605253487908646,1.0,69611985.57135761,1.0,ok
hirax_interferom,1.5677097323418956,0.01,0.025327931043714863,0.025523199183913874,0.06785688904015785,0.26049354894153876,0.9997558939372239,69601261.65487465,0.9998459472690667,ok
hirax_interferom,1.5677097323418956,0.02,0.035327931043714865,0.035523199183913876,0.06780592633305167,0.2603957110496478,0.9990050450916447,69568181.71673912,0.9993707426349219,ok
hirax_interferom,1.5677097323418956,0.03,0.04532793104371487,0.04552319918391387,0.06770840878993378,0.26020839492593967,0.9975682898870745,69504617.99822247,0.998457628061405,ok
hirax_interferom,1.5777096841669769,0.0,0.015327931043714865,0.015327931043714865,0.06887155703072248,0.26243390983392845,1.0,69614016.0,1.0,ok
hirax_interferom,1.5777096841669769,0.01,0.025327931043714863,0.025327931043714863,0.0688549159038605,0.26240220255146585,0.9997583744643009,69603400.0,0.999847501974315,ok
hirax_interferom,1.5777096841669769,0.02,0.035327931043714865,0.035327931043714865,0.06880333517668091,0.2623038985159788,0.9990094335458231,69570400.0,0.999373459505626,ok
hirax_interferom,1.5777096841669769,0.03,0.04532793104371487,0.04532793104371487,0.06870495946177763,0.26211630903432476,0.9975810396028866,69507200.0,0.99846559635347,ok
hirax_interferom,1.5877096368277113,0.0,0.015327931043714865,0.015327931043714865,0.06987675801493326,0.2643421230430997,1.0,69614016.0,1.0,ok
hirax_interferom,1.5877096368277113,0.01,0.025327931043714863,0.025327931043714863,0.06985987620385956,0.264310189368211,0.9997584059198897,69603400.0,0.999847501974315,ok
hirax_interferom,1.5877096368277113,0.02,0.035327931043714865,0.035327931043714865,0.06980754940605545,0.2642111833478202,0.9990095618222153,69570400.0,0.999373459505626,ok
hirax_interferom,1.5877096368277113,0.03,0.04532793104371487,0.04532793104371487,0.0697077506427077,0.26402225406716706,0.9975813506947555,69507200.0,0.99846559635347,ok
hirax_interferom,1.5977095903065777,0.0,0.015063636556868631,0.015063636556868631,0.07089691117806242,0.26626473889357266,1.0,69618080.0,1.0,ok
hirax_interferom,1.5977095903065777,0.01,0.02506363655686863,0.02506363655686863,0.07088045633960613,0.26623383770588993,0.9997679047199255,69607880.0,0.9998534863357335,ok
hirax_interferom,1.5977095903065777,0.02,0.03506363655686863,0.03506363655686863,0.07082828446915479,0.26613583837798843,0.9990320211731754,69575448.0,0.9993876303397049,ok
hirax_interferom,1.5977095903065777,0.03,0.04506363655686863,0.04506363655686863,0.07072826610806493,0.2659478635147591,0.9976212635050641,69513016.0,0.9984908518017159,ok
hirax_interferom,1.6077095445865,0.0,0.01486233169778021,0.015063636556868631,0.07192432514304684,0.2681871084579698,1.0,69620113.43919557,1.0,ok
hirax_interferom,1.6077095445865,0.01,0.02486233169778021,0.02506363655686863,0.07190771321295275,0.2681561358853322,0.9997690359963608,69609961.47319232,0.9998541805592989,ok
hirax_interferom,1.6077095445865,0.02,0.03486233169778021,0.03506363655686863,0.07185508762366558,0.26805799302327393,0.9990373560093396,69577709.60068011,0.9993909254607507,ok
hirax_interferom,1.6077095445865,0.03,0.04486233169778021,0.04506363655686863,0.07175404375619023,0.2678694528239273,0.9976324923936659,69515529.77916303,0.9984977953228433,ok
hirax_interferom,1.6177094996508334,0.0,0.01486233169778021,0.01486233169778021,0.07296163668184616,0.27011411788695194,1.0,69622144.0,1.0,ok
hirax_interferom,1.6177094996508334,0.01,0.02486233169778021,0.02486233169778021,0.07294486691235305,0.2700830740945331,0.9997701563416644,69612040.0,0.9998548737597049,ok
hirax_interferom,1.6177094996508334,0.02,0.03486233169778021,0.03486233169778021,0.07289178606820312,0.26998478858669633,0.9990426391618978,69579968.0,0.9993942157253876,ok
hirax_interferom,1.6177094996508334,0.03,0.04486233169778021,0.04486233169778021,0.07278971082108356,0.269795683473779,0.9976436128823111,69518040.0,0.9985047286104834,ok
hirax_interferom,1.6277094554833498,0.0,0.01472659979809046,0.01472659979809046,0.07401171529834974,0.27205094246914446,1.0,69626208.0,1.0,ok
hirax_interferom,1.6277094554833498,0.01,0.02472659979809046,0.02472659979809046,0.07399490891138857,0.2720200524067823,0.9997729226124078,69616224.0,0.9998566057195015,ok
hirax_interferom,1.6277094554833498,0.02,0.03472659979809046,0.03472659979809046,0.0739417027233191,0.2719222365370642,0.9990540338816847,69584528.0,0.999401374838624,ok
hirax_interferom,1.6277094554833498,0.03,0.04472659979809046,0.04472659979809046,0.07383843890969108,0.271732292725195,0.9976587978273418,69522760.0,0.9985142376273026,ok
hirax_interferom,1.6377094120682267,0.0,0.01472659979809046,0.01472659979809046,0.07506638498153637,0.2739824537840633,1.0,69626208.0,1.0,ok
hirax_interferom,1.6377094120682267,0.01,0.02472659979809046,0.02472659979809046,0.0750493413101897,0.27395134843652386,0.9997729520163937,69616224.0,0.9998566057195015,ok
hirax_interferom,1.6377094120682267,0.02,0.03472659979809046,0.03472659979809046,0.0749953838723163,0.2738528507653632,0.9990541557417807,69584528.0,0.999401374838624,ok
hirax_interferom,1.6377094120682267,0.03,0.04472659979809046,0.04472659979809046,0.074890661883665,0.2736615827690562,0.9976590973720849,69522760.0,0.9985142376273026,ok
hirax_interferom,1.6477093693900382,0.0,0.014451311976760766,0.014520623223213642,0.07614106490023423,0.2759367045179641,1.0,69633321.97381076,1.0,ok
hirax_interferom,1.6477093693900382,0.01,0.024451311976760766,0.02452062322321364,0.0761238078998444,0.27590543289294683,0.9997733548852719,69623353.93236592,0.9998568495490049,ok
hirax_interferom,1.6477093693900382,0.02,0.03445131197676077,0.03452062322321364,0.07606980549437532,0.2758075515542954,0.9990641133539139,69592073.89092106,0.9994076387321401,ok
hirax_interferom,1.6477093693900382,0.03,0.04445131197676076,0.04452062322321364,0.07596503868006796,0.27561755872960625,0.9976881565762586,69531142.07483256,0.9985326005412088,ok
hirax_interferom,1.6577093274337358,0.0,0.014451311976760766,0.014451311976760766,0.0772204263186555,0.27788563532261884,1.0,69636368.0,1.0,ok
hirax_interferom,1.6577093274337358,0.01,0.024451311976760766,0.024451311976760766,0.07720281577844737,0.2778539468469854,0.9997719445353039,69626336.0,0.999855937345842,ok
hirax_interferom,1.6577093274337358,0.02,0.03445131197676077,0.03445131197676077,0.07714794565541572,0.27775519015027555,0.9990613796543847,69594992.0,0.999405827713473,ok
hirax_interferom,1.6577093274337358,0.03,0.04445131197676076,0.04445131197676076,0.07704220335417367,0.27756477325873624,0.9976920230439238,69534344.0,0.9985349034860634,ok
hirax_interferom,1.667709286184644,0.0,0.014241354395810903,0.014311682499550666,0.07831165956905561,0.27984220476735744,1.0,69640433.25730512,1.0,ok
hirax_interferom,1.667709286184644,0.01,0.024241354395810905,0.024311682499550666,0.07829411655859242,0.2798108585430387,0.9997759846929597,69630577.2820552,0.999858473378339,ok
hirax_interferom,1.667709286184644,0.02,0.0342413543958109,0.03431168249955067,0.0782391394343055,0.27971260149357857,0.9990739548216805,69599605.33403042,0.9994137324918149,ok
hirax_interferom,1.667709286184644,0.03,0.0442413543958109,0.04431168249955066,0.0781321334996091,0.2795212576882286,0.9977075435454383,69539081.20285487,0.9985446377957504,ok
hirax_interferom,1.6777092456284468,0.0,0.014241354395810903,0.014241354395810903,0.07941042838093645,0.2817985599341069,1.0,69642464.0,1.0,ok
hirax_interferom,1.6777092456284468,0.01,0.024241354395810905,0.024241354395810905,0.07939271369344628,0.2817671267082913,0.9997769224036269,69632648.0,0.99985905151202,ok
hirax_interferom,1.6777092456284468,0.02,0.0342413543958109,0.0342413543958109,0.07933712353398478,0.28166846386130057,0.9990768863933082,69601760.0,0.9994155290082787,ok
hirax_interferom,1.6777092456284468,0.03,0.0442413543958109,0.0442413543958109,0.07922825382738138,0.28147513891528925,0.9977059114618905,69541024.0,0.9985434174184302,ok
hirax_interferom,1.6877092057511782,0.0,0.014241354395810903,0.014241354395810903,0.08051673829506956,0.28375471501821703,1.0,69642464.0,1.0,ok
hirax_interferom,1.6877092057511782,0.01,0.024241354395810905,0.024241354395810905,0.08049877912831291,0.28372306767041855,0.9997769511391429,69632648.0,0.99985905151202,ok
hirax_interferom,1.6877092057511782,0.02,0.0342413543958109,0.0342413543958109,0.08044242172436586,0.28362373265360896,0.9990770047038996,69601760.0,0.9994155290082787,ok
hirax_interferom,1.6877092057511782,0.03,0.0442413543958109,0.0442413543958109,0.08033204928244267,0.2834290903955391,0.9977062034983327,69541024.0,0.9985434174184302,ok
hirax_interferom,1.6977091665392092,0.0,0.014241354395810903,0.014241354395810903,0.08163357160415222,0.28571589315988744,1.0,69642464.0,1.0,ok
hirax_interferom,1.6977091665392092,0.01,0.024241354395810905,0.024241354395810905,0.08161536567200722,0.28568403118131613,0.9997769798406803,69632648.0,0.99985905151202,ok
hirax_interferom,1.6977091665392092,0.02,0.0342413543958109,0.0342413543958109,0.0815582338482673,0.2855840223966798,0.9990771228747624,69601760.0,0.9994155290082787,ok
hirax_interferom,1.6977091665392092,0.03,0.0442413543958109,0.0442413543958109,0.08144634461505515,0.28538805969250913,0.9977064951904231,69541024.0,0.9985434174184302,ok
hirax_interferom,1.707709127979243,0.0,0.014241354395810903,0.014241354395810903,0.08276101659969363,0.28768214508323875,1.0,69642464.0,1.0,ok
hirax_interferom,1.707709127979243,0.01,0.024241354395810905,0.024241354395810905,0.08274256159716606,0.2876500679596062,0.9997770085085247,69632648.0,0.99985905151202,ok
hirax_interferom,1.707709127979243,0.02,0.0342413543958109,0.0342413543958109,0.0826846481190861,0.2875493837918734,0.9990772409070696,69601760.0,0.9994155290082787,ok
hirax_interferom,1.707709127979243,0.03,0.0442413543958109,0.0442413543958109,0.08257122792255141,0.2873520974737289,0.9977067865410569,69541024.0,0.9985434174184302,ok
hirax_interferom,1.7177090900583,0.0,0.013738981346557216,0.014241354395810903,0.08390229365129101,0.2896589264139654,1.0,69644497.11925068,1.0,ok
hirax_interferom,1.7177090900583,0.01,0.023738981346557216,0.024241354395810905,0.08388426019808554,0.28962779596938815,0.9997850660283446,69635033.31313664,0.9998641126505969,ok
hirax_interferom,1.7177090900583,0.02,0.033738981346557215,0.0342413543958109,0.08382640083865915,0.2895278930235551,0.9990954620031334,69604589.55769733,0.9994269818405749,ok
hirax_interferom,1.7177090900583,0.03,0.04373898134655722,0.0442413543958109,0.08371334676926198,0.2893325885019902,0.9977480129111331,69544866.11511943,0.9985694346538153,ok
hirax_interferom,1.7277090527637136,0.0,0.013665706256911308,0.013738981346557216,0.08505759364047512,0.29164635029513936,1.0,69648561.09299883,1.0,ok
hirax_interferom,1.7277090527637136,0.01,0.023665706256911306,0.023738981346557216,0.08503985174296726,0.2916159319086789,0.9997914131267003,69639377.05427054,0.9998681374233125,ok
hirax_interferom,1.7277090527637136,0.02,0.03366570625691131,0.033738981346557215,0.08498227812580944,0.29151720039443546,0.999114535088025,69609493.11666614,0.9994390698713714,ok
hirax_interferom,1.7277090527637136,0.03,0.04366570625691131,0.04373898134655722,0.0848696005714693,0.2913238757319237,0.9977898143956384,69550777.11451456,0.9985960373488018,ok
hirax_interferom,1.737709016083118,0.0,0.013665706256911308,0.013665706256911308,0.08622073193645868,0.2936336696233228,1.0,69650592.0,1.0,ok
hirax_interferom,1.737709016083118,0.01,0.023665706256911306,0.023665706256911306,0.08620260988675864,0.2936028097392098,0.9997898179556931,69641336.0,0.9998671080929219,ok
hirax_interferom,1.737709016083118,0.02,0.03366570625691131,0.03366570625691131,0.08614448325672133,0.2935038045012727,0.999115657243625,69611568.0,0.9994397176121633,ok
hirax_interferom,1.737709016083118,0.03,0.04366570625691131,0.04366570625691131,0.08603027354556905,0.29330917739745044,0.9977910371831453,69552848.0,0.998596652272532,ok
hirax_interferom,1.747708980004442,0.0,0.013665706256911308,0.013665706256911308,0.08739170035645373,0.2956208726670932,1.0,69650592.0,1.0,ok
hirax_interferom,1.747708980004442,0.01,0.023665706256911306,0.023665706256911306,0.08737333454216761,0.2955898079132087,0.9997898448684348,69641336.0,0.9998671080929219,ok
hirax_interferom,1.747708980004442,0.02,0.03366570625691131,0.03366570625691131,0.08731442598604633,0.2954901453281417,0.9991157699175984,69611568.0,0.9994397176121633,ok
hirax_interferom,1.747708980004442,0.03,0.04366570625691131,0.04366570625691131,0.08719867977310936,0.2952942257700095,0.997791316766271,69552848.0,0.998596652272532,ok
hirax_interferom,1.757708944515897,0.0,0.013665706256911308,0.013665706256911308,0.08857373784425307,0.2976134033343476,1.0,69650592.0,1.0,ok
hirax_interferom,1.757708944515897,0.01,0.023665706256911306,0.023665706256911306,0.08855512599978874,0.297582133199876,0.999789871750732,69641336.0,0.9998671080929219,ok
hirax_interferom,1.757708944515897,0.02,0.03366570625691131,0.03366570625691131,0.08849542824941947,0.2974818116279035,0.9991158824642662,69611568.0,0.9994397176121633,ok
hirax_interferom,1.757708944515897,0.03,0.04366570625691131,0.04366570625691131,0.08837813125031638,0.29728459638924515,0.9977915960340226,69552848.0,0.998596652272532,ok
hirax_interferom,1.7677089096059757,0.0,0.013368590192564664,0.013368590192564664,0.0897802816558782,0.29963357898586435,1.0,69658720.0,1.0,ok
hirax_interferom,1.7677089096059757,0.01,0.023368590192564664,0.023368590192564664,0.08976169717887535,0.2996025653743228,0.999793000460011,69649600.0,0.999869075974982,ok
hirax_interferom,1.7677089096059757,0.02,0.03336859019256466,0.03336859019256466,0.08970194486140581,0.29950282947145224,0.9991274610301107,69620200.0,0.9994470182627531,ok
hirax_interferom,1.7677089096059757,0.03,0.043368590192564664,0.043368590192564664,0.08958483203045639,0.29930725355469817,0.9978230228083829,69562352.0,0.9986165694689767,ok
hirax_interferom,1.7777088752634365,0.0,0.013368590192564664,0.013368590192564664,0.09098492017242858,0.3016370669735876,1.0,69658720.0,1.0,ok
hirax_interferom,1.7777088752634365,0.01,0.023368590192564664,0.023368590192564664,0.09096608874038846,0.301605849977066,0.9997930268883631,69649600.0,0.999869075974982,ok
hirax_interferom,1.7777088752634365,0.02,0.03336859019256466,0.03336859019256466,0.09090554236991241,0.3015054599338334,0.9991275718837173,69620200.0,0.9994470182627531,ok
hirax_interferom,1.7777088752634365,0.03,0.043368590192564664,0.043368590192564664,0.09078687307662783,0.3013086010664611,0.9978232975813418,69562352.0,0.9986165694689767,ok
hirax_interferom,1.7877088414773032,0.0,0.013141345475793167,0.013368590192564664,0.09220436341899399,0.3036517140063497,1.0,69660760.94799079,1.0,ok
hirax_interferom,1.7877088414773032,0.01,0.02314134547579317,0.023368590192564664,0.09218553437194765,0.3036207080749725,0.9997957900651537,69651761.00375494,0.999870803245423,ok
hirax_interferom,1.7877088414773032,0.02,0.03314134547579317,0.03336859019256466,0.09212463672299082,0.3035204057769276,0.9991353262140005,69622577.10413045,0.9994518600810455,ok
hirax_interferom,1.7877088414773032,0.03,0.043141345475793166,0.043368590192564664,0.09200494144112743,0.3033231633771602,0.9978371741805716,69564993.22681162,0.9986252271741523,ok
hirax_interferom,1.7977088082368506,0.0,0.013064718901426364,0.013141345475793167,0.09343706917732722,0.30567477680915583,1.0,69663820.46225026,1.0,ok
hirax_interferom,1.7977088082368506,0.01,0.023064718901426362,0.02314134547579317,0.09341838917585177,0.3056442199287462,0.9998000793299713,69655008.49306695,0.9998735072362549,ok
hirax_interferom,1.7977088082368506,0.02,0.033064718901426364,0.03314134547579317,0.09335742822029053,0.3055444783010986,0.9991476513792877,69626176.55470031,0.9994596347530158,ok
hirax_interferom,1.7977088082368506,0.03,0.043064718901426366,0.043141345475793166,0.09323659786937111,0.305346684719797,0.9978544777814504,69568808.53294736,0.9986361366822484,ok
hirax_interferom,1.8077087755316052,0.0,0.012987640241107124,0.013064718901426364,0.09468148009546093,0.30770355879557343,1.0,69666880.9013885,1.0,ok
hirax_interferom,1.8077087755316052,0.01,0.022987640241107124,0.023064718901426362,0.09466257033239212,0.307672830019799,0.9998002802337929,69658076.87487707,0.9998736268023267,ok
hirax_interferom,1.8077087755316052,0.02,0.032987640241107126,0.033064718901426364,0.09460118282809157,0.3075730528315047,0.9991519221363206,69629420.89255136,0.9994622981773771,ok
hirax_interferom,1.8077087755316052,0.03,0.04298764024110712,0.043064718901426366,0.09447894126426824,0.3073742690341341,0.9978608400398,69572136.9508765,0.9986400431699232,ok
hirax_interferom,1.8177087433513333,0.0,0.012987640241107124,0.012987640241107124,0.09593587285610423,0.30973516567562076,1.0,69668920.0,1.0,ok
hirax_interferom,1.8177087433513333,0.01,0.022987640241107124,0.022987640241107124,0.0959165855111394,0.3097040288907127,0.9997989558609242,69660056.00000001,0.9998727696654407,ok
hirax_interferom,1.8177087433513333,0.02,0.032987640241107126,0.032987640241107126,0.09585448063103115,0.3096037477664493,0.999151597596916,69631440.0,0.9994620269698454,ok
hirax_interferom,1.8177087433513333,0.03,0.04298764024110712,0.04298764024110712,0.09573092147368714,0.3094041393932653,0.9978636627122317,69574288.0,0.9986416898668732,ok
hirax_interferom,1.827708711686033,0.0,0.012987640241107124,0.012987640241107124,0.0971985057242338,0.3117667489073102,1.0,69668920.0,1.0,ok
hirax_interferom,1.827708711686033,0.01,0.022987640241107124,0.022987640241107124,0.09717896701763486,0.31173541187621734,0.9997989814097104,69660056.0,0.9998727696654405,ok
hirax_interferom,1.827708711686033,0.02,0.032987640241107126,0.032987640241107126,0.09711605270728571,0.31163448574778385,0.9991517048916161,69631440.0,0.9994620269698454,ok
hirax_interferom,1.827708711686033,0.03,0.04298764024110712,0.04298764024110712,0.09699088302295371,0.31143359327945613,0.9978639311403701,69574288.0,0.9986416898668732,ok
hirax_interferom,1.837708680525936,0.0,0.012987640241107124,0.012987640241107124,0.09847299113780253,0.3138040648841288,1.0,69668920.0,1.0,ok
hirax_interferom,1.837708680525936,0.01,0.022987640241107124,0.022987640241107124,0.09845319874913215,0.31377252707834724,0.9997990069313252,69660056.0,0.9998727696654405,ok
hirax_interferom,1.837708680525936,0.02,0.032987640241107126,0.032987640241107126,0.09838946753551987,0.31367095424269026,0.9991518120723502,69631440.0,0.9994620269698454,ok
hirax_interferom,1.837708680525936,0.03,0.04298764024110712,0.04298764024110712,0.09826267245281099,0.31346877428670783,0.9978641992838705,69574288.0,0.9986416898668732,ok
hirax_interferom,1.8477086498614903,0.0,0.012987640241107124,0.012987640241107124,0.09975943097873113,0.31584716395549783,1.0,69668920.00000001,1.0,ok
hirax_interferom,1.8477086498614903,0.01,0.022987640241107124,0.022987640241107124,0.09973938256790477,0.3158154248416387,0.9997990324260105,69660056.0,0.9998727696654403,ok
hirax_interferom,1.8477086498614903,0.02,0.032987640241107126,0.032987640241107126,0.09967482691472718,0.31571320357996935,0.9991519191401362,69631440.0,0.9994620269698452,ok
hirax_interferom,1.8477086498614903,0.03,0.04298764024110712,0.04298764024110712,0.09954639143630775,0.3155097327124914,0.9978644671452787,69574288.0,0.998641689866873,ok
hirax_interferom,1.8577086196833652,0.0,0.012987640241107124,0.012987640241107124,0.10105792812215782,0.31789609642485045,1.0,69668920.0,1.0,ok
hirax_interferom,1.8577086196833652,0.01,0.022987640241107124,0.022987640241107124,0.10103762132925379,0.3178641554646478,0.9997990578940082,69660056.0,0.9998727696654405,ok
hirax_interferom,1.8577086196833652,0.02,0.032987640241107126,0.032987640241107126,0.1009722336363166,0.3177612840424658,0.999152026095987,69631440.0,0.9994620269698454,ok
hirax_interferom,1.8577086196833652,0.03,0.04298764024110712,0.04298764024110712,0.10084214263768997,0.31755651880836894,0.9978647347271259,69574288.0,0.9986416898668732,ok
hirax_interferom,1.8677085899824355,0.0,0.012515203289889136,0.012515203289889136,0.10237621521884799,0.3199628341211648,1.0,69673000.0,1.0,ok
hirax_interferom,1.8677085899824355,0.01,0.022515203289889138,0.022515203289889138,0.10235688975781779,0.31993263315550946,0.9998112309486252,69664672.0,0.9998804701964893,ok
hirax_interferom,1.8677085899824355,0.02,0.03251520328988913,0.03251520328988913,0.10229250507978693,0.31983199508458643,0.9991823282499542,69636856.0,0.9994812337634378,ok
hirax_interferom,1.8677085899824355,0.03,0.042515203289889135,0.042515203289889135,0.1021644251204605,0.31963170230823557,0.9979312568067227,69581312.0,0.9986840239404073,ok
hirax_interferom,1.8777085607497843,0.0,0.012434718832623022,0.012434718832623022,0.10370696656075559,0.32203566038678944,1.0,69677080.0,1.0,ok
hirax_interferom,1.8777085607497843,0.01,0.022434718832623022,0.022434718832623022,0.10368722413435605,0.3220050063808885,0.9998096325921559,69668680.0,0.9998794438572913,ok
hirax_interferom,1.8777085607497843,0.02,0.03243471883262302,0.03243471883262302,0.10362253838431632,0.3219045485610856,0.9991858967701093,69641088.0,0.999483445632337,ok
hirax_interferom,1.8777085607497843,0.03,0.04243471883262302,0.04243471883262302,0.10349324260161441,0.32170365649400756,0.9979391552348995,69585728.0,0.9986889232442002,ok
hirax_interferom,1.8877085319766924,0.0,0.01235371003000829,0.01235371003000829,0.10504637682453813,0.3241085880141687,1.0,69679120.0,1.0,ok
hirax_interferom,1.8877085319766924,0.01,0.02235371003000829,0.02235371003000829,0.10502670583905141,0.3240782403047934,0.9998127399908369,69670856.0,0.9998813991910346,ok
hirax_interferom,1.8877085319766924,0.02,0.03235371003000829,0.03235371003000829,0.10496096569635596,0.32397679808337504,0.9991869198085258,69643168.0,0.9994840348155947,ok
hirax_interferom,1.8877085319766924,0.03,0.04235371003000829,0.04235371003000829,0.10483028299311284,0.3237750499854997,0.9979428721107989,69587920.0,0.9986911430569158,ok
hirax_interferom,1.8977085036546368,0.0,0.01235371003000829,0.01235371003000829,0.10639440424004115,0.3261815510418104,1.0,69679120.0,1.0,ok
hirax_interferom,1.8977085036546368,0.01,0.02235371003000829,0.02235371003000829,0.10637448333926629,0.3261510130894373,0.9998127636418742,69670856.0,0.9998813991910346,ok
hirax_interferom,1.8977085036546368,0.02,0.03235371003000829,0.03235371003000829,0.10630790793142846,0.32604893487240294,0.9991870220127598,69643168.0,0.9994840348155947,ok
hirax_interferom,1.8977085036546368,0.03,0.04235371003000829,0.04235371003000829,0.10617556468039852,0.32584592168753396,0.9979431290470042,69587920.0,0.9986911430569158,ok
hirax_interferom,1.9077084757752785,0.0,0.01235371003000829,0.01235371003000829,0.10775502073682577,0.3282605988187217,1.0,69679120.0,1.0,ok
hirax_interferom,1.9077084757752785,0.01,0.02235371003000829,0.02235371003000829,0.10773484762512854,0.3282298700988814,0.9998127872691287,69670856.0,0.9998813991910346,ok
hirax_interferom,1.9077084757752785,0.02,0.03235371003000829,0.03235371003000829,0.10766742927891149,0.32812715413222276,0.9991871241143536,69643168.0,0.9994840348155947,ok
hirax_interferom,1.9077084757752785,0.03,0.04235371003000829,0.04235371003000829,0.10753341022304315,0.32792287236946915,0.9979433857256278,69587920.0,0.9986911430569158,ok
hirax_interferom,1.917708448330468,0.0,0.01235371003000829,0.01235371003000829,0.10912833524882044,0.33034578133952375,1.0,69679120.0,1.0,ok
hirax_interferom,1.917708448330468,0.01,0.02235371003000829,0.02235371003000829,0.10910790761099429,0.33031486132324456,0.999812810872817,69670855.99999999,0.9998813991910344,ok
hirax_interferom,1.917708448330468,0.02,0.03235371003000829,0.03235371003000829,0.10903963858773412,0.330211505837901,0.9991872261142435,69643168.0,0.9994840348155947,ok
hirax_interferom,1.917708448330468,0.03,0.04235371003000829,0.04235371003000829,0.10890392833986717,0.33000595197642596,0.9979436421490202,69587919.99999999,0.9986911430569155,ok
hirax_interferom,1.927708421312232,0.0,0.012024218383831801,0.01235371003000829,0.11051859303359812,0.3324433681600494,1.0,69681160.65106991,1.0,ok
hirax_interferom,1.927708421312232,0.01,0.0220242183838318,0.02235371003000829,0.11049836017743289,0.33241293623659246,0.999816928033466,69673076.70851725,0.9998839866833859,ok
hirax_interferom,1.927708421312232,0.02,0.0320242183838318,0.03235371003000829,0.11043000104906522,0.33231009772359493,0.9991983974632579,69645696.80681604,0.9994910554887073,ok
hirax_interferom,1.927708421312232,0.03,0.0420242183838318,0.04235371003000829,0.11029396222063068,0.33210534807592407,0.9979674839608286,69591004.98426451,0.9987061686980666,ok
hirax_interferom,1.9377083947127751,0.0,0.012024218383831801,0.012024218383831801,0.11192184181357709,0.3345472191090177,1.0,69683200.0,1.0,ok
hirax_interferom,1.9377083947127751,0.01,0.0220242183838318,0.0220242183838318,0.11190180913272679,0.3345172777790809,0.9998210118728776,69675296.0,0.999886572373255,ok
hirax_interferom,1.9377083947127751,0.02,0.0320242183838318,0.0320242183838318,0.11183336521219012,0.3344149596118423,0.9992094786866147,69648224.0,0.9994980712711242,ok
hirax_interferom,1.9377083947127751,0.03,0.0420242183838318,0.0420242183838318,0.11169700580247131,0.33421101986988894,0.9979911337459915,69594088.0,0.9987211838721528,ok
hirax_interferom,1.9477083685244665,0.0,0.012024218383831801,0.012024218383831801,0.11333401996528747,0.3366511844109381,1.0,69683200.0,1.0,ok
hirax_interferom,1.9477083685244665,0.01,0.0220242183838318,0.0220242183838318,0.11331373707272811,0.336621058569912,0.9998210343852131,69675296.0,0.999886572373255,ok
hirax_interferom,1.9477083685244665,0.02,0.0320242183838318,0.0320242183838318,0.11324443822249611,0.3365181097987092,0.9992095776465107,69648224.0,0.9994980712711242,ok
hirax_interferom,1.9477083685244665,0.03,0.0420242183838318,0.0420242183838318,0.11310637539843081,0.3363129129225204,0.9979913836381487,69594088.0,0.9987211838721528,ok
hirax_interferom,1.9577083427398456,0.0,0.012024218383831801,0.012024218383831801,0.11475934310360306,0.33876148409109774,1.0,69683200.0,1.0,ok
hirax_interferom,1.9577083427398456,0.01,0.0220242183838318,0.0220242183838318,0.11473880770821915,0.3387311732158987,0.9998210568758191,69675296.0,0.999886572373255,ok
hirax_interferom,1.9577083427398456,0.02,0.0320242183838318,0.0320242183838318,0.11466864609916794,0.3386275920523429,0.9992096765110163,69648224.0,0.9994980712711242,ok
hirax_interferom,1.9577083427398456,0.03,0.0420242183838318,0.0420242183838318,0.11452886425923602,0.33842113447483746,0.997991633289858,69594088.0,0.9987211838721528,ok
hirax_interferom,1.967708317351612,0.0,0.011771048590482159,0.012024218383831801,0.11620662228607492,0.34089092432341894,1.0,69687281.15520673,1.0,ok
hirax_interferom,1.967708317351612,0.01,0.021771048590482157,0.0220242183838318,0.1161857469642142,0.34086030417784674,0.9998203603077858,69679345.14614627,0.9998861196917299,ok
hirax_interferom,1.967708317351612,0.02,0.03177104859048216,0.0320242183838318,0.1161153965675279,0.34075709320207537,0.9992149697086758,69652533.21976238,0.9995013733515166,ok
hirax_interferom,1.967708317351612,0.03,0.041771048590482154,0.0420242183838318,0.11597448048013981,0.3405502613126876,0.998002335827612,69598629.28545062,0.9987278615511106,ok
hirax_interferom,1.9777082923526248,0.0,0.011685439828206289,0.011771048590482159,0.11766962732518746,0.34303006766927513,1.0,69692380.27996857,1.0,ok
hirax_interferom,1.9777082923526248,0.01,0.02168543982820629,0.021771048590482157,0.11764837607112874,0.3429990904814891,0.9998193989856023,69684400.27667484,0.9998854967607408,ok
hirax_interferom,1.9777082923526248,0.02,0.03168543982820629,0.03177104859048216,0.11757821285840325,0.3428967962206752,0.9992231260618207,69657988.31510189,0.9995065175743959,ok
hirax_interferom,1.9777082923526248,0.03,0.041685439828206286,0.041771048590482154,0.11743643002709597,0.34268999113936194,0.9980182031388012,69604420.34364772,0.9987378830229717,ok
hirax_interferom,1.9877082677358904,0.0,0.011685439828206289,0.011685439828206289,0.11913753313032782,0.34516305296240474,1.0,69693400.0,1.0,ok
hirax_interferom,1.9877082677358904,0.01,0.02168543982820629,0.02168543982820629,0.1191159874900386,0.3451318407363172,0.9998191532112247,69685408.0,0.9998853263006253,ok
hirax_interferom,1.9877082677358904,0.02,0.03168543982820629,0.03168543982820629,0.11904533324446168,0.3450294672118045,0.9992261054644694,69659136.0,0.9995083609064846,ok
hirax_interferom,1.9877082677358904,0.03,0.041685439828206286,0.041685439828206286,0.11890207652213156,0.34482180401206003,0.9980236571799863,69605672.0,0.9987412294420992,ok
hirax_interferom,1.9977082434945717,0.0,0.011685439828206289,0.011685439828206289,0.12061686454481957,0.34729938748120415,1.0,69693400.0,1.0,ok
hirax_interferom,1.9977082434945717,0.01,0.02168543982820629,0.02168543982820629,0.12059505410450652,0.34726798600577413,0.9998191758640439,69685408.0,0.9998853263006253,ok
hirax_interferom,1.9977082434945717,0.02,0.03168543982820629,0.03168543982820629,0.12052353145175762,0.3471649916851606,0.9992262019626015,69659136.0,0.9995083609064846,ok
hirax_interferom,1.9977082434945717,0.03,0.041685439828206286,0.041685439828206286,0.12037851380871337,0.3469560689895961,0.9980239020720222,69605672.0,0.9987412294420992,ok
hirax_interferom,2.0077082196219744,0.0,0.011685439828206289,0.011685439828206289,0.12210992441478292,0.34944230484413724,1.0,69693400.0,1.0,ok
hirax_interferom,2.0077082196219744,0.01,0.02168543982820629,0.02168543982820629,0.12208784675678197,0.3494107135689774,0.99981919849589,69685408.0,0.9998853263006253,ok
hirax_interferom,2.0077082196219744,0.02,0.03168543982820629,0.03168543982820629,0.12201544776740854,0.3493070966462155,0.999226298371511,69659136.0,0.9995083609064846,ok
hirax_interferom,2.0077082196219744,0.03,0.041685439828206286,0.041685439828206286,0.12186865312231122,0.34909691078883986,0.9980241467380476,69605672.0,0.9987412294420992,ok
hirax_interferom,2.017708196111547,0.0,0.011424765256058577,0.011685439828206289,0.12362145851557718,0.3515984336079687,1.0,69695440.49192584,1.0,ok
hirax_interferom,2.017708196111547,0.01,0.021424765256058576,0.02168543982820629,0.1235996605717505,0.35156743388964584,0.9998236718439627,69687644.5391893,0.9998881425717161,ok
hirax_interferom,2.017708196111547,0.02,0.03142476525605858,0.03168543982820629,0.12352657565076608,0.35146347697985075,0.9992324725338915,69661444.55655138,0.9995122215293497,ok
hirax_interferom,2.017708196111547,0.03,0.04142476525605858,0.041685439828206286,0.12337858359983737,0.35125287699866226,0.9980353336819011,69608196.60863765,0.9987482124702505,ok
hirax_interferom,2.0277081729568733,0.0,0.011424765256058577,0.011424765256058577,0.12514703984111172,0.35376127521410783,1.0,69697480.0,1.0,ok
hirax_interferom,2.0277081729568733,0.01,0.021424765256058576,0.021424765256058576,0.12512552838721785,0.35373086999471487,0.99982811056561,69689880.0,0.9998909573201212,ok
hirax_interferom,2.0277081729568733,0.02,0.03142476525605858,0.03142476525605858,0.12505175280457395,0.35362657253743524,0.9992385993575338,69663752.0,0.9995160800648747,ok
hirax_interferom,2.0277081729568733,0.03,0.04142476525605858,0.04142476525605858,0.12490255700867325,0.35341555852660655,0.998046435355172,69610720.0,0.9987551917228571,ok
hirax_interferom,2.0377081501516785,0.0,0.011424765256058577,0.011424765256058577,0.12668212049789698,0.35592431849748196,1.0,69697480.0,1.0,ok
hirax_interferom,2.0377081501516785,0.01,0.021424765256058576,0.021424765256058576,0.1266603478992418,0.35589373118845713,0.9998281320318162,69689880.0,0.9998909573201212,ok
hirax_interferom,2.0377081501516785,0.02,0.03142476525605858,0.03142476525605858,0.12658567664029738,0.3557888090430858,0.9992386940065374,69663752.0,0.9995160800648747,ok
hirax_interferom,2.0377081501516785,0.03,0.04142476525605858,0.04142476525605858,0.12643466935935194,0.3555765309456629,0.998046676693029,69610720.0,0.9987551917228571,ok
hirax_interferom,2.047708127689816,0.0,0.011424765256058577,0.011424765256058577,0.12820660877808962,0.35805950452137086,1.0,69676995.72429661,1.0,ok
hirax_interferom,2.047708127689816,0.01,0.021424765256058576,0.021424765256058576,0.12818457265559896,0.3580287316062762,0.9998281202295211,69669395.72429661,0.9998909252627644,ok
hirax_interferom,2.047708127689816,0.02,0.03142476525605858,0.03142476525605858,0.1281089975598019,0.3579231727058223,0.9992386412898834,69643267.72429661,0.9995159377976993,ok
hirax_interferom,2.047708127689816,0.03,0.04142476525605858,0.04142476525605858,0.12795616228693124,0.3577096060870203,0.998046539928438,69590235.7242966,0.9987548257628197,ok
hirax_interferom,2.0577081055652684,0.0,0.011158002434730719,0.011424765256058577,0.12963864038895578,0.3600536632072444,1.0,69568131.50751093,1.0,ok
hirax_interferom,2.0577081055652684,0.01,0.02115800243473072,0.021424765256058576,0.129616585219203,0.36002303428975624,0.9998298719449185,69560615.52513194,0.9998919622790475,ok
hirax_interferom,2.0577081055652684,0.02,0.03115800243473072,0.03142476525605858,0.12954112890609476,0.3599182253041582,0.9992478208459418,69534839.59897238,0.9995214488614668,ok
hirax_interferom,2.0577081055652684,0.03,0.041158002434730716,0.04142476525605858,0.12938786703966115,0.3597052502253215,0.9980655971973924,69482295.70134206,0.9987661619723163,ok
hirax_interferom,2.0677080837721387,0.0,0.011158002434730719,0.011158002434730719,0.13100516319097577,0.36194635402359804,1.0,69398760.61313717,1.0,ok
hirax_interferom,2.0677080837721387,0.01,0.02115800243473072,0.02115800243473072,0.13098309066907254,0.36191586131181447,0.9998315141070352,69391328.61313717,0.9998929087503243,ok
hirax_interferom,2.0677080837721387,0.02,0.03115800243473072,0.03115800243473072,0.1309077620221788,0.3618117770639574,0.9992565089312169,69365904.61313717,0.9995265621502499,ok
hirax_interferom,2.0677080837721387,0.03,0.041158002434730716,0.041158002434730716,0.13075408041518882,0.36159933685667733,0.9980834131291381,69313848.61313717,0.9987764622991852,ok
hirax_interferom,2.077708062304662,0.0,0.011158002434730719,0.011158002434730719,0.132324779652837,0.36376473118327046,1.0,69188331.24527857,1.0,ok
hirax_interferom,2.077708062304662,0.01,0.02115800243473072,0.02115800243473072,0.13230244232004557,0.3637340268933408,0.9998311931230867,69180899.24527857,0.9998925830430329,ok
hirax_interferom,2.077708062304662,0.02,0.03115800243473072,0.03115800243473072,0.1322262098763027,0.3636292203279361,0.999255092078801,69155475.24527857,0.9995251222365297,ok
hirax_interferom,2.077708062304662,0.03,0.041158002434730716,0.041158002434730716,0.13207068422260057,0.36341530543250455,0.9980797592793801,69103419.24527857,0.9987727410320248,ok
hirax_interferom,2.0877080411571867,0.0,0.011158002434730719,0.011158002434730719,0.1336140666376048,0.36553257944758466,1.0,68949994.70367055,1.0,ok
hirax_interferom,2.0877080411571867,0.01,0.02115800243473072,0.02115800243473072,0.13359146208650996,0.36550165811731955,0.9998308220708816,68942562.70367055,0.9998922117393636,ok
hirax_interferom,2.0877080411571867,0.02,0.03115800243473072,0.03115800243473072,0.13351431762865812,0.36539611058228044,0.9992534542847407,68917138.70367055,0.9995234807465728,ok
hirax_interferom,2.0877080411571867,0.03,0.041158002434730716,0.041158002434730716,0.13335693115996586,0.36518068289542077,0.9980755358765004,68865082.70367055,0.9987684988176586,ok
hirax_interferom,2.09770802032418,0.0,0.011158002434730719,0.011158002434730719,0.1348706975405895,0.36724746090421034,1.0,68683373.55223504,1.0,ok
hirax_interferom,2.09770802032418,0.01,0.02115800243473072,0.02115800243473072,0.13484782334313644,0.367216316825841,0.9998303990572439,68675941.55223504,0.9998917933174272,ok
hirax_interferom,2.09770802032418,0.02,0.03115800243473072,0.03115800243473072,0.1347697585834603,0.36711000883040534,0.9992515871944769,68650517.55223505,0.9995216309522857,ok
hirax_interferom,2.09770802032418,0.03,0.041158002434730716,0.041158002434730716,0.13461049438770978,0.366893028535171,0.9980707213825938,68598461.55223505,0.9987637182682151,ok
hirax_interferom,2.1077079998002217,0.0,0.011158002434730719,0.011158002434730719,0.1361035393336335,0.3689221318024083,1.0,68396633.19896027,1.0,ok
hirax_interferom,2.1077079998002217,0.01,0.02115800243473072,0.02115800243473072,0.1360803930409528,0.3688907603084588,0.999829936144247,68389201.19896027,0.9998913396807357,ok
hirax_interferom,2.1077079998002217,0.02,0.03115800243473072,0.03115800243473072,0.13600139962068442,0.36878367591405725,0.9992495440350107,68363777.19896029,0.9995196254776985,ok
hirax_interferom,2.1077079998002217,0.03,0.041158002434730716,0.041158002434730716,0.13584024064079842,0.3685651104496985,0.9980654530064081,68311721.19896029,0.9987585353835622,ok
hirax_interferom,2.117707979579997,0.0,0.011158002434730719,0.011158002434730719,0.13731116809115254,0.37055521598157615,1.0,68089564.82555935,1.0,ok
hirax_interferom,2.117707979579997,0.01,0.02115800243473072,0.02115800243473072,0.13728774723338455,0.37052361224810565,0.9998294322443427,68082132.82555935,0.9998908496475335,ok
hirax_interferom,2.117707979579997,0.02,0.03115800243473072,0.03115800243473072,0.13720781672210383,0.3704157349817956,0.9992473200069196,68056708.82555935,0.9995174590984071,ok
hirax_interferom,2.117707979579997,0.03,0.041158002434730716,0.041158002434730716,0.1370447457547723,0.3701955506955375,0.9980597183748129,68004652.82555935,0.9987529366619167,ok
hirax_interferom,2.1277079596583093,0.0,0.011158002434730719,0.011158002434730719,0.1385113054347436,0.3721710701206417,1.0,67776080.7673917,1.0,ok
hirax_interferom,2.1277079596583093,0.01,0.02115800243473072,0.02115800243473072,0.1384876075208622,0.3721392313649049,0.9998289098943438,67768648.7673917,0.9998903447954521,ok
hirax_interferom,2.1277079596583093,0.02,0.03115800243473072,0.03115800243473072,0.13840673141589493,0.372030551723773,0.9992450145602163,67743224.76739171,0.99951522720659,ok
hirax_interferom,2.1277079596583093,0.03,0.041158002434730716,0.041158002434730716,0.13824173111034666,0.3718087292013821,0.9980537738522438,67691168.7673917,0.9987471686317859,ok
hirax_interferom,2.137707940030063,0.0,0.010698626716973799,0.011158002434730719,0.13968377842935983,0.3737429309423254,1.0,67440545.58979383,1.0,ok
hirax_interferom,2.137707940030063,0.01,0.020698626716973798,0.02115800243473072,0.13966048646617796,0.3737117692369053,0.9998332521968994,67433325.62210917,0.99989294321952,ok
hirax_interferom,2.137707940030063,0.02,0.0306986267169738,0.03115800243473072,0.13957991734874647,0.3736039578868865,0.9992564556759475,67408293.68186209,0.999521772731082,ok
hirax_interferom,2.137707940030063,0.03,0.0406986267169738,0.041158002434730716,0.13941505387686137,0.3733832533428105,0.9980761935600535,67356889.78124702,0.9987595621029574,ok
hirax_interferom,2.1477079206902663,0.0,0.010698626716973799,0.010698626716973799,0.1408482633999335,0.3752975664721709,1.0,67099412.85384591,1.0,ok
hirax_interferom,2.1477079206902663,0.01,0.020698626716973798,0.020698626716973798,0.14082538610010684,0.3752670863533156,0.9998375748534314,67092404.85384591,0.9998955579534613,ok
hirax_interferom,2.1477079206902663,0.02,0.0306986267169738,0.0306986267169738,0.14074513601432342,0.3751601471562823,0.9992678121609689,67067764.85384591,0.9995283416254486,ok
hirax_interferom,2.1477079206902663,0.03,0.0406986267169738,0.0406986267169738,0.14058042592108339,0.37494056318446445,0.9980983970097693,67017012.85384591,0.9987719713706068,ok
hirax_interferom,2.1577079016340286,0.0,0.010604363851183312,0.010604363851183312,0.1420016840545707,0.3768311081301154,1.0,66749329.69519873,1.0,ok
hirax_interferom,2.1577079016340286,0.01,0.020604363851183312,0.020604363851183312,0.1419783527493885,0.37680014961433933,0.9998356969824862,66742265.69519873,0.9998941712219095,ok
hirax_interferom,2.1577079016340286,0.02,0.030604363851183314,0.030604363851183314,0.14189773811648676,0.3766931617596565,0.9992679950327632,66717801.69519873,0.9995276656687945,ok
hirax_interferom,2.1577079016340286,0.03,0.04060436385118331,0.04060436385118331,0.14173079966385432,0.3764715124200692,0.9980923860690816,66666961.69519874,0.9987660100801594,ok
hirax_interferom,2.167707882856552,0.0,0.010604363851183312,0.010604363851183312,0.1431212989658473,0.3783137573044989,1.0,66380473.96398864,1.0,ok
hirax_interferom,2.167707882856552,0.01,0.020604363851183312,0.020604363851183312,0.14309769462012045,0.3782825592333335,0.9998350745423819,66373409.96398865,0.9998935831641723,ok
hirax_interferom,2.167707882856552,0.02,0.030604363851183314,0.030604363851183314,0.14301613651675887,0.37817474336179413,0.9992652215299309,66348945.96398865,0.9995250410532306,ok
hirax_interferom,2.167707882856552,0.03,0.04060436385118331,0.04060436385118331,0.14284724412782035,0.3779513779943398,0.9980851568564065,66298105.96398864,0.9987591531804264,ok
hirax_interferom,2.177707864353144,0.0,0.010604363851183312,0.010604363851183312,0.14423101520203285,0.3797775864924533,1.0,66006314.05569707,1.0,ok
hirax_interferom,2.177707864353144,0.01,0.020604363851183312,0.020604363851183312,0.14420713534469937,0.37974614592474715,0.9998344332715121,65999250.05569707,0.9998929799353129,ok
hirax_interferom,2.177707864353144,0.02,0.030604363851183314,0.030604363851183314,0.14412462523154473,0.37963749186762985,0.9992623641292472,65974786.05569707,0.9995223487260113,ok
hirax_interferom,2.177707864353144,0.03,0.04060436385118331,0.04060436385118331,0.1439537612188615,0.3794123893850351,0.9980777089949552,65923946.05569707,0.9987521193816322,ok
hirax_interferom,2.1877078461191988,0.0,0.010413278581050206,0.010604363851183312,0.14535252433416634,0.3812512614197707,1.0,65638526.96503776,1.0,ok
hirax_interferom,2.1877078461191988,0.01,0.020413278581050208,0.020604363851183312,0.14532853051180616,0.381219792917165,0.9998349266896458,65631510.970792934,0.9998931116438892,ok
hirax_interferom,2.1877078461191988,0.02,0.030413278581050206,0.030604363851183314,0.14524534451791818,0.3811106722697728,0.9992626215696003,65607130.980864465,0.9995216835961291,ok
hirax_interferom,2.1877078461191988,0.03,0.040413278581050205,0.04060436385118331,0.14507308434868113,0.38088460765523346,0.9980775016686826,65556467.00196673,0.9987498201610353,ok
hirax_interferom,2.1977078281502065,0.0,0.010413278581050206,0.010413278581050206,0.1464490499984453,0.3826866211385568,1.0,65256183.6872257,1.0,ok
hirax_interferom,2.1977078281502065,0.01,0.020413278581050208,0.020413278581050208,0.14642494236383857,0.3826551219621117,0.9998353855173047,65249215.6872257,0.9998932208473392,ok
hirax_interferom,2.1977078281502065,0.02,0.030413278581050206,0.030413278581050206,0.1463410764319241,0.3825455220387818,0.9992627226566348,65224919.6872257,0.999520903641104,ok
hirax_interferom,2.1977078281502065,0.03,0.040413278581050205,0.040413278581050205,0.14616741176101072,0.38231846902943456,0.9980768858696075,65174431.6872257,0.9987472145108601,ok
hirax_interferom,2.2077078104417462,0.0,0.010316408767865723,0.010413278581050206,0.1475205132820459,0.3840839924834748,1.0,64861747.18121107,1.0,ok
hirax_interferom,2.2077078104417462,0.01,0.020316408767865723,0.020413278581050208,0.14749628065111053,0.38405244518309023,0.9998357338217158,64854823.18594284,0.9998932499420825,ok
hirax_interferom,2.2077078104417462,0.02,0.030316408767865725,0.030413278581050206,0.14741187607326578,0.3839425426717724,0.9992635789669981,64830651.199277826,0.9995205805689081,ok
hirax_interferom,2.2077078104417462,0.03,0.04031640876786572,0.040413278581050205,0.1472365443194405,0.38371414401796616,0.9980750544023496,64780263.210031845,0.9987437283958513,ok
hirax_interferom,2.217707792989481,0.0,0.010316408767865723,0.010316408767865723,0.14859367498796294,0.3854785013304412,1.0,64470452.52056229,1.0,ok
hirax_interferom,2.217707792989481,0.01,0.020316408767865723,0.020316408767865723,0.14856931733641615,0.3854469059889003,0.9998360788132552,64463572.52056229,0.9998932844468897,ok
hirax_interferom,2.217707792989481,0.02,0.030316408767865725,0.030316408767865725,0.14848437234733455,0.3853366999746255,0.9992644192921587,64439524.52056229,0.9995202763624137,ok
hirax_interferom,2.217707792989481,0.03,0.04031640876786572,0.04031640876786572,0.1483073609193983,0.38510694737877466,0.9980731745911269,64389236.52056229,0.9987402601218892,ok
hirax_interferom,2.22770777578916,0.0,0.010316408767865723,0.010316408767865723,0.14964642149318985,0.3868415974183617,1.0,64069817.272816986,1.0,ok
hirax_interferom,2.22770777578916,0.01,0.020316408767865723,0.020316408767865723,0.14962178313800734,0.3868097505725616,0.9998353562020617,64062937.272816986,0.9998926171434093,ok
hirax_interferom,2.22770777578916,0.02,0.030316408767865725,0.030316408767865725,0.14953585916246054,0.3866986671330282,0.9992611762471424,64038889.272816986,0.9995172766004887,ok
hirax_interferom,2.22770777578916,0.03,0.04031640876786572,0.04031640876786572,0.14935680750044894,0.38646708462746077,0.9980646781269401,63988601.272816986,0.9987323828370827,ok
hirax_interferom,2.237707758836619,0.0,0.010316408767865723,0.010316408767865723,0.15069091842152937,0.3881892816932603,1.0,63666654.24818304,1.0,ok
hirax_interferom,2.237707758836619,0.01,0.020316408767865723,0.020316408767865723,0.1506659968297291,0.38815718057216086,0.9998346178252722,63659774.24818304,0.9998919371516967,ok
hirax_interferom,2.237707758836619,0.02,0.030316408767865725,0.030316408767865725,0.15057908503286713,0.3880452100372676,0.9992578624522719,63635726.24818304,0.9995142198005342,ok
hirax_interferom,2.237707758836619,0.03,0.04031640876786572,0.04031640876786572,0.15039797472225364,0.3878117774413944,0.9980559963245013,63585438.24818304,0.9987243557721219,ok
hirax_interferom,2.247707742127776,0.0,0.010316408767865723,0.010316408767865723,0.15173632107509533,0.38953346592442517,1.0,63266626.03659451,1.0,ok
hirax_interferom,2.247707742127776,0.01,0.020316408767865723,0.020316408767865723,0.15171111369208223,0.3895011087173979,0.9998338737697442,63259746.03659451,0.9998912538816908,ok
hirax_interferom,2.247707742127776,0.02,0.030316408767865725,0.030316408767865725,0.15162320516366526,0.3893882447682072,0.9992545231713237,63235698.03659451,0.9995111482635076,ok
hirax_interferom,2.247707742127776,0.03,0.04031640876786572,0.04031640876786572,0.15144001763276865,0.38915294889383617,0.9980472477503918,63185410.03659451,0.9987162900080522,ok
hirax_interferom,2.257707725658624,0.0,0.010316408767865723,0.010316408767865723,0.1527611131303485,0.3908466619153201,1.0,62857610.43787907,1.0,ok
hirax_interferom,2.257707725658624,0.01,0.020316408767865723,0.020316408767865723,0.15273561737974212,0.3908140445016557,0.9998331005182933,62850730.43787907,0.9998905462687482,ok
hirax_interferom,2.257707725658624,0.02,0.030316408767865725,0.030316408767865725,0.15264670313353784,0.3907002727584636,0.9992510528729059,62826682.43787907,0.9995079672964888,ok
hirax_interferom,2.257707725658624,0.03,0.04031640876786572,0.04031640876786572,0.15246141965226592,0.39046308359724086,0.9980381559682217,62776394.43787907,0.9987079368841063,ok
hirax_interferom,2.267707709425237,0.0,0.010316408767865723,0.010316408767865723,0.1537865401107879,0.3921562700133557,1.0,62451723.165222675,1.0,ok
hirax_interferom,2.267707709425237,0.01,0.020316408767865723,0.020316408767865723,0.15376075339424866,0.39212339052171913,0.9998323213688228,62444843.165222675,0.9998898349052467,ok
hirax_interferom,2.267707709425237,0.02,0.030316408767865725,0.030316408767865725,0.15367082436742688,0.39200870445364716,0.99924755610421,62420795.165222675,0.9995047694693999,ok
hirax_interferom,2.267707709425237,0.03,0.04031640876786572,0.04031640876786572,0.15348342604601473,0.3917696083746348,0.9980289948356026,62370507.165222675,0.9986995394861222,ok
hirax_interferom,2.27770769342376,0.0,0.010316408767865723,0.010316408767865723,0.15480207825589898,0.39344895254136714,1.0,62042964.34144783,1.0,ok
hirax_interferom,2.27770769342376,0.01,0.020316408767865723,0.020316408767865723,0.15477599795295416,0.393415807960171,0.9998315248526463,62036084.34144783,0.9998891091024901,ok
hirax_interferom,2.27770769342376,0.02,0.030316408767865725,0.030316408767865725,0.15468504500547958,0.3933001970575143,0.9992439814003923,62012036.34144783,0.9995015067328217,ok
hirax_interferom,2.27770769342376,0.03,0.04031640876786572,0.04031640876786572,0.15449551279322277,0.39305917212707653,0.9980196295416045,61961748.34144783,0.9986909716377664,ok
hirax_interferom,2.2877076776504204,0.0,0.009919474083954652,0.010316408767865723,0.15581164913428647,0.39472984322734767,1.0,61632833.0907911,1.0,ok
hirax_interferom,2.2877076776504204,0.01,0.019919474083954652,0.020316408767865723,0.15578584109315818,0.39469715110849,0.9998343638535907,61626101.099899,0.9998907726522618,ok
hirax_interferom,2.2877076776504204,0.02,0.02991947408395465,0.030316408767865725,0.15569543110134965,0.39458260364763886,0.9992541120411564,61602465.12525345,0.9995072761705938,ok
hirax_interferom,2.2877076776504204,0.03,0.03991947408395465,0.04031640876786572,0.15550629929348636,0.3943428702201757,0.9980402630836868,61552849.16660827,0.9987022513784981,ok
hirax_interferom,2.297707662101516,0.0,0.009919474083954652,0.009919474083954652,0.1567967873880881,0.3959757409085664,1.0,61212921.21394828,1.0,ok
hirax_interferom,2.297707662101516,0.01,0.019919474083954652,0.019919474083954652,0.15677125802495087,0.39594350357715286,0.9998371818481583,61206337.21394828,0.9998924410096851,ok
hirax_interferom,2.297707662101516,0.02,0.02991947408395465,0.02991947408395465,0.1566814068729008,0.3958300227028021,0.9992641398008894,61183113.21394828,0.9995130439879545,ok
hirax_interferom,2.297707662101516,0.03,0.03991947408395465,0.03991947408395465,0.15649269689574996,0.39559157839336007,0.998060607634865,61134169.21394828,0.998713474239781,ok
hirax_interferom,2.3077076467734106,0.0,0.009919474083954652,0.009919474083954652,0.15781100580469962,0.3972543339029791,1.0,60812521.73685725,1.0,ok
hirax_interferom,2.3077076467734106,0.01,0.019919474083954652,0.019919474083954652,0.1577851878163425,0.3972218370335932,0.999836399316857,60805937.73685725,0.9998917328238995,ok
hirax_interferom,2.3077076467734106,0.02,0.02991947408395465,0.02991947408395465,0.15769432078088108,0.3971074423640044,0.9992606027493232,60782713.73685725,0.9995098377908257,ok
hirax_interferom,2.3077076467734106,0.03,0.03991947408395465,0.03991947408395465,0.15750347699866635,0.39686707724207404,0.9980512841644653,60733769.73685725,0.998705003546132,ok
hirax_interferom,2.317707631662545,0.0,0.009919474083954652,0.009919474083954652,0.15879824236711876,0.39849497157068214,1.0,60401290.43457769,1.0,ok
hirax_interferom,2.317707631662545,0.01,0.019919474083954652,0.019919474083954652,0.15877213315924518,0.39846221045319363,0.9998355825134814,60394706.43457769,0.9998909957063395,ok
hirax_interferom,2.317707631662545,0.02,0.02991947408395465,0.02991947408395465,0.15868024110836576,0.3983468854006088,0.9992569108008122,60371482.43457769,0.9995065006097463,ok
hirax_interferom,2.317707631662545,0.03,0.03991947408395465,0.03991947408395465,0.15848724433732797,0.3981045645773582,0.9980415524431826,60322538.43457769,0.9986961867961199,ok
hirax_interferom,2.327707616765416,0.0,0.009919474083954652,0.009919474083954652,0.15975797377775347,0.39969735272797774,1.0,59979607.28966488,1.0,ok
hirax_interferom,2.327707616765416,0.01,0.019919474083954652,0.019919474083954652,0.15973157073403943,0.39966432256837664,0.9998347309803092,59973023.28966488,0.9998902293579849,ok
hirax_interferom,2.327707616765416,0.02,0.02991947408395465,0.02991947408395465,0.15963864445819193,0.3995480502495187,0.9992530618864286,59949799.28966488,0.9995030310909498,ok
hirax_interferom,2.327707616765416,0.03,0.03991947408395465,0.03991947408395465,0.1594434753516556,0.39930373821397613,0.9980314070173713,59900855.28966488,0.9986870204131268,ok
hirax_interferom,2.3377076020786007,0.0,0.009919474083954652,0.009919474083954652,0.16073535148350004,0.4009181356380627,1.0,59569928.051866435,1.0,ok
hirax_interferom,2.3377076020786007,0.01,0.019919474083954652,0.019919474083954652,0.16070865196542278,0.40088483628770843,0.9998338914381258,59563344.051866435,0.9998894744342436,ok
hirax_interferom,2.3377076020786007,0.02,0.02991947408395465,0.02991947408395465,0.1606146821769107,0.40076761617789264,0.9992492671619799,59540120.051866435,0.9994996132952512,ok
hirax_interferom,2.3377076020786007,0.03,0.03991947408395465,0.03991947408395465,0.16041732122401686,0.4005213118225007,0.9980214043982986,59491176.051866435,0.9986779906812808,ok
hirax_interferom,2.3477075875987343,0.0,0.009919474083954652,0.009919474083954652,0.16170321023859197,0.40212337688648736,1.0,59159076.63169483,1.0,ok
hirax_interferom,2.3477075875987343,0.01,0.019919474083954652,0.019919474083954652,0.16167621158525786,0.4020898053734487,0.9998330357616632,59152492.63169483,0.9998887068498213,ok
hirax_interferom,2.3477075875987343,0.02,0.02991947408395465,0.02991947408395465,0.16158118891763196,0.4019716270057278,0.9992453995144563,59129268.63169482,0.9994961381803577,ok
hirax_interferom,2.3477075875987343,0.03,0.03991947408395465,0.03991947408395465,0.16138161644206414,0.40172330831315245,0.998011209573061,59080324.63169483,0.9986688095135378,ok
hirax_interferom,2.3577075733225152,0.0,0.009919474083954652,0.009919474083954652,0.16267227253031896,0.40332650858866065,1.0,58752100.9351749,1.0,ok
hirax_interferom,2.3577075733225152,0.01,0.019919474083954652,0.019919474083954652,0.1626449720582905,0.4032926630355312,0.9998321750129644,58745516.9351749,0.9998879359223721,ok
hirax_interferom,2.3577075733225152,0.02,0.02991947408395465,0.02991947408395465,0.16254888706574022,0.4031735197972955,0.9992415089390496,58722292.9351749,0.9994926479304478,ok
hirax_interferom,2.3577075733225152,0.03,0.03991947408395465,0.03991947408395465,0.16234708322444524,0.4029231728561231,0.9980009543063763,58673348.9351749,0.9986595883594547,ok
hirax_interferom,2.3677075592467074,0.0,0.009919474083954652,0.009919474083954652,0.1636051548522038,0.4044813405488612,1.0,58331517.56047549,1.0,ok
hirax_interferom,2.3677075592467074,0.01,0.019919474083954652,0.019919474083954652,0.1635775498553259,0.40444721516574433,0.9998312706167306,58324933.56047549,0.9998871279151417,ok
hirax_interferom,2.3677075592467074,0.02,0.02991947408395465,0.02991947408395465,0.1634803930120675,0.4043270866663121,0.999237421093186,58301709.56047549,0.9994889898077982,ok
hirax_interferom,2.3677075592467074,0.03,0.03991947408395465,0.03991947408395465,0.16327633779397044,0.4040746685873422,0.997990179108168,58252765.56047549,0.9986499236897385,ok
hirax_interferom,2.3777075453681285,0.0,0.00950597929404431,0.009919474083954652,0.16456698090466462,0.4056685604094365,1.0,57926738.15978436,1.0,ok
hirax_interferom,2.3777075453681285,0.01,0.01950597929404431,0.019919474083954652,0.16453974827540488,0.4056349938989545,0.9998345194819153,57920314.162298925,0.9998891013426698,ok
hirax_interferom,2.3777075453681285,0.02,0.02950597929404431,0.02991947408395465,0.16444298142559244,0.40551569812473653,0.9992465105795189,57897438.16776809,0.9994941888159583,ok
hirax_interferom,2.3777075453681285,0.03,0.039505979294044306,0.03991947408395465,0.1642385170769836,0.40526351560063184,0.9980040721056229,57848938.174745984,0.9986569244616575,ok
hirax_interferom,2.387707531683663,0.0,0.00950597929404431,0.00950597929404431,0.16553159458708372,0.40685574174034184,1.0,57526518.628232785,1.0,ok
hirax_interferom,2.387707531683663,0.01,0.01950597929404431,0.01950597929404431,0.1655047422757176,0.40682274060789375,0.999837781352659,57520254.628232785,0.9998911110884272,ok
hirax_interferom,2.387707531683663,0.02,0.02950597929404431,0.02950597929404431,0.16540837890585036,0.40670428926414137,0.9992556364750746,57497726.628232785,0.9994995003924004,ok
hirax_interferom,2.387707531683663,0.03,0.039505979294044306,0.039505979294044306,0.16520351441337294,0.40645235195945534,0.9980180208223743,57449670.628232785,0.9986641291384825,ok
hirax_interferom,2.397707518190249,0.0,0.009399763901180549,0.00950597929404431,0.16647979275930166,0.40801935341268025,1.0,57122183.292189024,1.0,ok
hirax_interferom,2.397707518190249,0.01,0.019399763901180547,0.01950597929404431,0.1664526424112228,0.4079860811488828,0.9998369150535997,57115919.29218902,0.9998903403259647,ok
hirax_interferom,2.397707518190249,0.02,0.02939976390118055,0.02950597929404431,0.1663549321208455,0.40786631648230715,0.9992499952313331,57093327.29178574,0.9994948372288979,ok
hirax_interferom,2.397707518190249,0.03,0.03939976390118055,0.039505979294044306,0.16614879596724186,0.4076135375171461,0.9980117899801908,57045503.29324764,0.9986576143536189,ok
hirax_interferom,2.4077075048848853,0.0,0.009399763901180549,0.009399763901180549,0.16743294512815077,0.4091857098288634,1.0,56723435.786833465,1.0,ok
hirax_interferom,2.4077075048848853,0.01,0.019399763901180547,0.019399763901180547,0.16740549407353,0.40915216493809486,0.9998360474720208,56717171.786833465,0.9998895694537344,ok
hirax_interferom,2.4077075048848853,0.02,0.02939976390118055,0.02939976390118055,0.16730642292636655,0.40903107819133566,0.9992443410603129,56694515.786833465,0.9994901578227969,ok
hirax_interferom,2.4077075048848853,0.03,0.03939976390118055,0.03939976390118055,0.16709901047703923,0.4087774583768523,0.9980055618632525,56646923.786833465,0.9986511395345034,ok
hirax_interferom,2.417707491764623,0.0,0.009399763901180549,0.009399763901180549,0.16834781453961462,0.41030210155398256,1.0,56312524.31640035,1.0,ok
hirax_interferom,2.417707491764623,0.01,0.019399763901180547,0.019399763901180547,0.16832006052873144,0.41026827872592275,0.9998351388703258,56306260.31640035,0.9998887636440376,ok
hirax_interferom,2.417707491764623,0.02,0.02939976390118055,0.02939976390118055,0.1682198959436671,0.41014618850315687,0.9992401529161674,56283604.31640036,0.9994864375136604,ok
hirax_interferom,2.417707491764623,0.03,0.03939976390118055,0.03939976390118055,0.16801019409629495,0.4098904659738928,0.997994506526604,56236012.31640035,0.9986412969241069,ok
hirax_interferom,2.427707478826572,0.0,0.009399763901180549,0.009399763901180549,0.16929594144038332,0.4114558803084279,1.0,55919424.85997783,1.0,ok
hirax_interferom,2.427707478826572,0.01,0.019399763901180547,0.019399763901180547,0.16926788176516055,0.41142178085896297,0.9998342566574011,55913160.85997783,0.999887981680504,ok
hirax_interferom,2.427707478826572,0.02,0.02939976390118055,0.02939976390118055,0.16916661396731672,0.4112986919105344,0.999236086394238,55890504.85997782,0.9994828272988783,ok
hirax_interferom,2.427707478826572,0.03,0.03939976390118055,0.03939976390118055,0.16895460225304718,0.4110408766206193,0.9979837721776907,55842912.85997783,0.9986317455840866,ok
hirax_interferom,2.437707466067884,0.0,0.009399763901180549,0.009399763901180549,0.17021785034933543,0.4125746603335394,1.0,55518677.454869285,1.0,ok
hirax_interferom,2.437707466067884,0.01,0.019399763901180547,0.019399763901180547,0.17018948227890215,0.4125402795835846,0.9998333425643958,55512413.454869285,0.9998871731048512,ok
hirax_interferom,2.437707466067884,0.02,0.02939976390118055,0.02939976390118055,0.1700871014111187,0.41241617501150307,0.9992318729325487,55489757.454869285,0.9994790942197154,ok
hirax_interferom,2.437707466067884,0.03,0.03939976390118055,0.03939976390118055,0.16987275918877875,0.4121562315297183,0.997972649990301,55442165.454869285,0.9986218691887573,ok
hirax_interferom,2.447707453485777,0.0,0.009399763901180549,0.009399763901180549,0.17113338959483465,0.4136827160939101,1.0,55118685.83939559,1.0,ok
hirax_interferom,2.447707453485777,0.01,0.019399763901180547,0.019399763901180547,0.17110471037535457,0.4136480513375526,0.9998324159911285,55112421.83939558,0.9998863543296685,ok
hirax_interferom,2.447707453485777,0.02,0.02939976390118055,0.02939976390118055,0.17100120649757072,0.41352292136902247,0.9992276019450274,55089765.83939559,0.9994753140507692,ok
hirax_interferom,2.447707453485777,0.03,0.03939976390118055,0.03939976390118055,0.17078451295237007,0.41326082920157103,0.9979613759577218,55042173.83939559,0.9986118682106656,ok
hirax_interferom,2.457707441077512,0.0,0.009399763901180549,0.009399763901180549,0.1720498925565152,0.4147889735233028,1.0,54722610.28607102,1.0,ok
hirax_interferom,2.457707441077512,0.01,0.019399763901180547,0.019399763901180547,0.17202089941101428,0.4147540227785793,0.9998314840824942,54716346.28607102,0.999885531776221,ok
hirax_interferom,2.457707441077512,0.02,0.02939976390118055,0.02939976390118055,0.17191626249964637,0.4146278602550079,0.9992233063625718,54693690.28607102,0.9994715164381082,ok
hirax_interferom,2.457707441077512,0.03,0.03939976390118055,0.03939976390118055,0.17169719664187394,0.4143636043885538,0.9979500369956615,54646098.28607102,0.9986018210827294,ok
hirax_interferom,2.467707428840405,0.0,0.009399763901180549,0.009399763901180549,0.17295047935893068,0.4158731529672608,1.0,54323742.8473192,1.0,ok
hirax_interferom,2.467707428840405,0.01,0.019399763901180547,0.019399763901180547,0.1729211694871241,0.41583791251775504,0.9998305302655696,54317478.8473192,0.9998846913030716,ok
hirax_interferom,2.467707428840405,0.02,0.02939976390118055,0.02939976390118055,0.1728153894344405,0.4157107040171572,0.9992189098001294,54294822.8473192,0.999467636092725,ok
hirax_interferom,2.467707428840405,0.03,0.03939976390118055,0.03939976390118055,0.17259393009815555,0.41544425630661397,0.997938431497289,54247230.8473192,0.998591555073533,ok
hirax_interferom,2.4777074167718167,0.0,0.009073660704222433,0.009399763901180549,0.17387467108230215,0.416982818689574,1.0,53936559.283861004,1.0,ok
hirax_interferom,2.4777074167718167,0.01,0.019073660704222433,0.019399763901180547,0.17384572403366694,0.4169481071232569,0.9998335177374886,53930439.279709324,0.9998865332859023,ok
hirax_interferom,2.4777074167718167,0.02,0.02907366070422243,0.02939976390118055,0.17374030028641918,0.416821664847713,0.9992271974115231,53908103.270483375,0.9994724169699467,ok
hirax_interferom,2.4777074167718167,0.03,0.039073660704222433,0.03939976390118055,0.17351848645889428,0.4165555022549748,0.997951486428755,53860951.2577977,0.9985982045004876,ok
hirax_interferom,2.4877074048691523,0.0,0.009073660704222433,0.009073660704222433,0.17477632996312661,0.4180625909635142,1.0,53544059.64052658,1.0,ok
hirax_interferom,2.4877074048691523,0.01,0.019073660704222433,0.019073660704222433,0.17474775347900243,0.41802841228677556,0.9998364968292319,53538083.64052658,0.9998883909804351,ok
hirax_interferom,2.4877074048691523,0.02,0.02907366070422243,0.02907366070422243,0.1746426991879,0.4179027389093065,0.9992354183472396,53516067.64052658,0.9994772155830558,ok
hirax_interferom,2.4877074048691523,0.03,0.039073660704222433,0.039073660704222433,0.17442054132763352,0.41763685341170925,0.9979643202510995,53469355.64052658,0.9986048125506073,ok
hirax_interferom,2.4977073931298706,0.0,0.009073660704222433,0.009073660704222433,0.17568736953668707,0.41915077184312455,1.0,53159520.101471305,1.0,ok
hirax_interferom,2.4977073931298706,0.01,0.019073660704222433,0.019073660704222433,0.1756584827198709,0.41911631168432334,0.9998355782951708,53153544.101471305,0.9998875836352813,ok
hirax_interferom,2.4977073931298706,0.02,0.02907366070422243,0.02907366070422243,0.17555228750056937,0.418989603093644,0.9992311226670766,53131528.101471305,0.9994734339221542,ok
hirax_interferom,2.4977073931298706,0.03,0.039073660704222433,0.039073660704222433,0.1753277167044438,0.418721526440239,0.9979528816830048,53084816.101471305,0.9985947201957918,ok
hirax_interferom,2.507707381551476,0.0,0.008962323227516856,0.009073660704222433,0.17661284382125453,0.4202533091139849,1.0,52783220.463272065,1.0,ok
hirax_interferom,2.507707381551476,0.01,0.018962323227516856,0.019073660704222433,0.17658382002853884,0.42021877638741806,0.9998356643147366,52777280.46179492,0.9998874642087957,ok
hirax_interferom,2.507707381551476,0.02,0.028962323227516858,0.02907366070422243,0.17647688264523592,0.4200915169879486,0.9992301739042478,52755348.45834825,0.9994719533086617,ok
hirax_interferom,2.507707381551476,0.03,0.03896232322751685,0.039073660704222433,0.17625022369763635,0.4198216570135899,0.997946807741881,52708708.45539396,0.9985883391118594,ok
hirax_interferom,2.517707370131514,0.0,0.008962323227516856,0.008962323227516856,0.1775030288125647,0.4213110831826819,1.0,52397109.20922309,1.0,ok
hirax_interferom,2.517707370131514,0.01,0.018962323227516856,0.018962323227516856,0.17747386798012363,0.421276474515399,0.9998357164233415,52391205.20922309,0.9998873220280832,ok
hirax_interferom,2.517707370131514,0.02,0.028962323227516858,0.028962323227516858,0.17736618451083264,0.4211486489481269,0.9992290593425504,52369357.20922309,0.9994703524599194,ok
hirax_interferom,2.517707370131514,0.03,0.03896232322751685,0.03896232322751685,0.17713742110267633,0.4208769667048511,0.9979402734007743,52322789.20922309,0.998581601139421,ok
hirax_interferom,2.527707358867576,0.0,0.008962323227516856,0.008962323227516856,0.1784016498403883,0.422376194689507,1.0,52017917.478384905,1.0,ok
hirax_interferom,2.527707358867576,0.01,0.018962323227516856,0.018962323227516856,0.17837217415165463,0.42234130055164465,0.9998347790574804,52012013.4783849,0.9998865006465808,ok
hirax_interferom,2.527707358867576,0.02,0.028962323227516858,0.028962323227516858,0.17826332792912414,0.4222124203870892,0.9992246601340967,51990165.478384905,0.9994664915216659,ok
hirax_interferom,2.527707358867576,0.03,0.03896232322751685,0.03896232322751685,0.17803209413651028,0.42193849567977354,0.9979285185747516,51943597.4783849,0.9985712615267444,ok
hirax_interferom,2.537707347757297,0.0,0.008962323227516856,0.008962323227516856,0.17929071808489866,0.42342734687889333,1.0,51638605.91218775,1.0,ok
hirax_interferom,2.537707347757297,0.01,0.018962323227516856,0.018962323227516856,0.17926092474186825,0.4233921642424057,0.9998338266289039,51632701.91218775,0.9998856669366706,ok
hirax_interferom,2.537707347757297,0.02,0.028962323227516858,0.028962323227516858,0.1791509054323261,0.423262218290655,0.9992201902359141,51610853.91218774,0.9994625726332117,ok
hirax_interferom,2.537707347757297,0.03,0.03896232322751685,0.03896232322751685,0.17891717929742493,0.42298602730755175,0.9979165748708929,51564285.91218774,0.9985607667231298,ok
hirax_interferom,2.546861138002697,0.0,0.008962323227516856,0.008962323227516856,0.18009765266207856,0.42437913787329196,1.0,51291876.20198522,1.0,ok
hirax_interferom,2.546861138002697,0.01,0.018962323227516856,0.018962323227516856,0.18006756610862792,0.42434368866359723,0.9998329431116624,51285972.20198522,0.999884894052681,ok
hirax_interferom,2.546861138002697,0.02,0.028962323227516858,0.028962323227516858,0.17995646398178536,0.424212757919638,0.999216043750675,51264124.20198522,0.9994589396595532,ok
hirax_interferom,2.546861138002697,0.03,0.03896232322751685,0.03896232322751685,0.17972043728939593,0.42393447287215974,0.9979054953404063,51217556.201985225,0.9985510376008215,ok
tianlai_icyl,0.4987765030839571,0.0,0.14535136593376494,0.14683584392796425,0.00015676479935952225,0.012520575041088259,1.0,53171082.05672132,1.0,ok
tianlai_icyl,0.4987765030839571,0.01,0.15535136593376495,0.15683584392796426,0.0001553943728852399,0.012465727932424961,0.9912580727313698,52947226.57129453,0.9957899016388647,ok
tianlai_icyl,0.4987765030839571,0.02,0.16535136593376493,0.16683584392796424,0.00015424436268415793,0.012419515396510362,0.9839221771363099,52489347.12926074,0.9871784642875365,ok
tianlai_icyl,0.4987765030839571,0.03,0.17535136593376494,0.17683584392796425,0.00015271366666357868,0.012357737117432896,0.9741578931463258,51842921.08103166,0.9750209902767669,ok
tianlai_icyl,0.5073873489976207,0.0,0.14211006305765678,0.14408868396780616,0.0001715324102989379,0.013097038226215036,1.0,53794810.41864891,1.0,ok
tianlai_icyl,0.5073873489976207,0.01,0.15211006305765679,0.15408868396780617,0.0001692169074475471,0.013008339918973023,0.9865010766924136,53578891.79603955,0.9959862555341489,ok
tianlai_icyl,0.5073873489976207,0.02,0.16211006305765677,0.16408868396780615,0.00016761316512221744,0.012946550317448175,0.9771515763703769,53134495.184352145,0.9877252986085836,ok
tianlai_icyl,0.5073873489976207,0.03,0.17211006305765678,0.17408868396780616,0.00016572304379527876,0.012873346254773028,0.9661325431530119,52505407.98211697,0.9760310999054111,ok
tianlai_icyl,0.5173867060417505,0.0,0.13885817654772395,0.14075413515256488,0.00018297601533459205,0.013526862730677503,1.0,54488440.197944194,1.0,ok
tianlai_icyl,0.5173867060417505,0.01,0.14885817654772396,0.1507541351525649,0.00018081385732676773,0.013446704329565953,0.9881833801885423,54277688.23998493,0.9961321712056053,ok
tianlai_icyl,0.5173867060417505,0.02,0.15885817654772394,0.16075413515256487,0.00017925749157798236,0.013388707614179285,0.9796775345128707,53847074.672738984,0.988229328590151,ok
tianlai_icyl,0.5173867060417505,0.03,0.16885817654772395,0.17075413515256488,0.00017736446769574626,0.013317825186408862,0.969331785761186,53236391.4128446,0.9770217539619195,ok
tianlai_icyl,0.5273860879596689,0.0,0.13575775070040494,0.13752129399129515,0.0001955484502710304,0.013983863924932565,1.0,55132314.29323546,1.0,ok
tianlai_icyl,0.5273860879596689,0.01,0.14575775070040495,0.14752129399129515,0.00019341136704335252,0.013907241532502142,0.9890713364145004,54928553.21081669,0.9963041442204836,ok
tianlai_icyl,0.5273860879596689,0.02,0.15575775070040493,0.15752129399129514,0.00019184172534338588,0.0138506940383284,0.9810444678927038,54510843.04153184,0.9887276407734643,ok
tianlai_icyl,0.5273860879596689,0.03,0.16575775070040494,0.16752129399129514,0.0001899115417675016,0.013780839661192696,0.9711738523331888,53918777.148040205,0.9779886413122304,ok
tianlai_icyl,0.5373854933911143,0.0,0.1327135182726401,0.13444231680799276,0.0002143591551511154,0.014641009362442038,1.0,55734494.669495046,1.0,ok
tianlai_icyl,0.5373854933911143,0.01,0.14271351827264012,0.14444231680799277,0.00021121551726913579,0.014533255563332525,0.9853347160294438,55538202.89991118,0.9964780918756351,ok
tianlai_icyl,0.5373854933911143,0.02,0.1527135182726401,0.15444231680799275,0.00020919568315545781,0.014463598554836131,0.9759120528721177,55134304.80317934,0.9892312674605767,ok
tianlai_icyl,0.5373854933911143,0.03,0.1627135182726401,0.16444231680799276,0.0002068672554135053,0.01438288063683716,0.9650497795052019,54559650.50260852,0.9789206994007331,ok
tianlai_icyl,0.54738492107431,0.0,0.12985320812525164,0.13152037570120845,0.00021944475775979665,0.014813667937408232,1.0,56293601.92153332,1.0,ok
tianlai_icyl,0.54738492107431,0.01,0.13985320812525165,0.14152037570120846,0.0002179912337712194,0.014764526195283728,0.993376355838182,56104597.85964219,0.9966425303153532,ok
tianlai_icyl,0.54738492107431,0.02,0.14985320812525163,0.15152037570120844,0.00021669815033127697,0.01472067085194411,0.9874838321199447,55713047.62988682,0.9896870288659851,ok
tianlai_icyl,0.54738492107431,0.03,0.15985320812525164,0.16152037570120845,0.0002149178876869487,0.014660078024585977,0.9793712544375153,55154880.86144951,0.9797717498753935,ok
tianlai_icyl,0.5573843698367585,0.0,0.1270391534988703,0.128610119002674,0.0002372204413592965,0.015401962256780677,1.0,57198519.82083914,1.0,ok
tianlai_icyl,0.5573843698367585,0.01,0.1370391534988703,0.138610119002674,0.00023553062819404503,0.0153470071412652,0.992876612337585,57007845.73175199,0.9966664506409539,ok
tianlai_icyl,0.5573843698367585,0.02,0.14703915349887028,0.14861011900267398,0.00023411640069992697,0.015300862743647071,0.9869149528532066,56619297.38597634,0.9898734716094564,ok
tianlai_icyl,0.5573843698367585,0.03,0.1570391534988703,0.158610119002674,0.00023219096849393502,0.015237813770155317,0.978798315876397,56068131.14071861,0.9802374487371142,ok
tianlai_icyl,0.5673838385878736,0.0,0.12434718832623023,0.125887945353336,0.0002537747621724451,0.015930309544150267,1.0,57709202.52727966,1.0,ok
tianlai_icyl,0.5673838385878736,0.01,0.13434718832623024,0.135887945353336,0.00025202377655107896,0.015875256739690195,0.9931002373664867,57524526.9817308,0.9967998943416075,ok
tianlai_icyl,0.5673838385878736,0.02,0.14434718832623022,0.145887945353336,0.0002505569343377417,0.01582899031327462,0.9873201424477472,57147683.81299342,0.9902698583640832,ok
tianlai_icyl,0.5673838385878736,0.03,0.15434718832623023,0.155887945353336,0.00024856088764870854,0.015765813891097043,0.979454716146306,56611587.09004931,0.9809802355748809,ok
tianlai_icyl,0.5773833263113488,0.0,0.12176891913508352,0.1232523116116796,0.0002728429370532962,0.016517958017058167,1.0,58201972.8987744,1.0,ok
tianlai_icyl,0.5773833263113488,0.01,0.1317689191350835,0.1332523116116796,0.00027079608252463346,0.01645588291537812,0.9924980483249126,58021697.98365311,0.9969025978649414,ok
tianlai_icyl,0.5773833263113488,0.02,0.14176891913508352,0.1432523116116796,0.00026916432191259555,0.016406228143988354,0.9865174624623613,57654862.37874074,0.9905997942546518,ok
tianlai_icyl,0.5773833263113488,0.03,0.1517689191350835,0.1532523116116796,0.000267011624172865,0.016340490328410128,0.9786275835342875,57132139.09167968,0.9816185989269575,ok
tianlai_icyl,0.5873828320594331,0.0,0.11927805106560346,0.12069224973052091,0.0003170820969220666,0.017806799176777015,1.0,58653082.20186378,1.0,ok
tianlai_icyl,0.5873828320594331,0.01,0.12927805106560347,0.1306922497305209,0.00031046246067879227,0.017619944968097722,0.9791232734123702,58479249.58145119,0.9970362577057023,ok
tianlai_icyl,0.5873828320594331,0.02,0.13927805106560345,0.1406922497305209,0.0003067296005494864,0.01751369751221844,0.9673507382691344,58123349.501749896,0.9909683740354731,ok
tianlai_icyl,0.5873828320594331,0.03,0.14927805106560346,0.15069224973052092,0.00030294479615532643,0.017405309424291384,0.9554143835177964,57615201.88535165,0.9823047608488825,ok
tianlai_icyl,0.5973823549466909,0.0,0.11688876216996412,0.1182636197361862,0.00031185996008044787,0.01765955718811907,1.0,59081233.39209693,1.0,ok
tianlai_icyl,0.5973823549466909,0.01,0.12688876216996411,0.1282636197361862,0.0003096833132779662,0.01759782126508751,0.9930204351917438,58913152.88182932,0.9971550947633044,ok
tianlai_icyl,0.5973823549466909,0.02,0.13688876216996412,0.1382636197361862,0.00030793826526823837,0.01754816985523671,0.9874248210280093,58566871.91653385,0.9912939956390301,ok
tianlai_icyl,0.5973823549466909,0.03,0.1468887621699641,0.14826361973618618,0.0003056274554516249,0.017482203964364017,0.9800150534643332,58072317.988421135,0.9829232508234882,ok
tianlai_icyl,0.6073818941452888,0.0,0.1146687141323461,0.11593138374569126,0.000325771526694517,0.01804914199330586,1.0,59490031.96216881,1.0,ok
tianlai_icyl,0.6073818941452888,0.01,0.12466871413234609,0.12593138374569127,0.0003244412361689923,0.01801225239022017,0.9959164923373671,59325215.06807977,0.9972295040252482,ok
tianlai_icyl,0.6073818941452888,0.02,0.1346687141323461,0.13593138374569125,0.0003230720669291327,0.01797420559938972,0.9917136411743079,58987769.69645508,0.9915572029607727,ok
tianlai_icyl,0.6073818941452888,0.03,0.1446687141323461,0.14593138374569126,0.0003210006179135521,0.017916490111446273,0.9853550467428092,58504616.28835128,0.9834356170048087,ok
tianlai_icyl,0.617381448880126,0.0,0.11235122070658515,0.1136219713295061,0.0003500188744157655,0.018708791367048956,1.0,59873001.630129606,1.0,ok
tianlai_icyl,0.617381448880126,0.01,0.12235122070658515,0.1236219713295061,0.00034757483710451094,0.018643359061727878,0.9930174128028552,59715162.56355483,0.9973637689396326,ok
tianlai_icyl,0.617381448880126,0.02,0.13235122070658514,0.1336219713295061,0.00034568530329086875,0.01859261421346844,0.9876190358816217,59387837.87458577,0.9918967858244192,ok
tianlai_icyl,0.617381448880126,0.03,0.14235122070658515,0.1436219713295061,0.000343151298914625,0.01852434341386018,0.9803794137884607,58918309.580670826,0.9840547154232141,ok
tianlai_icyl,0.6273810184246831,0.0,0.11025843285653837,0.11141793561366205,0.0003705258519519012,0.019249048079110334,1.0,60251612.012783006,1.0,ok
tianlai_icyl,0.6273810184246831,0.01,0.12025843285653837,0.12141793561366204,0.0003676034515310427,0.019172987548398468,0.9921128298998206,60096415.3839609,0.9974241912599919,ok
tianlai_icyl,0.6273810184246831,0.02,0.13025843285653838,0.13141793561366205,0.0003654749279730358,0.019117398567091597,0.9863682278786823,59777060.397077575,0.9921238353655211,ok
tianlai_icyl,0.6273810184246831,0.03,0.14025843285653838,0.14141793561366206,0.0003627250621377155,0.019045342268851864,0.9789467056803411,59317711.09288279,0.9844999845032847,ok
tianlai_icyl,0.6373806020973851,0.0,0.10812514618579598,0.10929809475553198,0.00039926604228003994,0.019981642632177162,1.0,60601113.84483121,1.0,ok
tianlai_icyl,0.6373806020973851,0.01,0.11812514618579598,0.11929809475553198,0.00039465655345571687,0.01986596469985077,0.9884550942574525,60451014.907249235,0.99752316536679,ok
tianlai_icyl,0.6373806020973851,0.02,0.12812514618579599,0.12929809475553197,0.000391700893042249,0.01979143484041137,0.9810523599888697,60139612.898350745,0.9923846128032872,ok
tianlai_icyl,0.6373806020973851,0.03,0.13812514618579597,0.13929809475553198,0.0003882793529744682,0.01970480532698733,0.9724827855561384,59692388.31781794,0.985004804873058,ok
tianlai_icyl,0.6473801992578353,0.0,0.10610043239531831,0.1072580799296704,0.0004046994052688803,0.020117142075078167,1.0,60937412.82335496,1.0,ok
tianlai_icyl,0.6473801992578353,0.01,0.11610043239531831,0.1172580799296704,0.0004023310485694739,0.020058191557801863,0.9941478621698667,60790843.8685293,0.9975947624286161,ok
tianlai_icyl,0.6473801992578353,0.02,0.12610043239531832,0.1272580799296704,0.0004003892985302593,0.02000973009638709,0.9893498565045891,60487823.07877526,0.9926221064572766,ok
tianlai_icyl,0.6473801992578353,0.03,0.13610043239531833,0.1372580799296704,0.00039771554945183227,0.01994280696020077,0.9827431033351581,60050373.75513363,0.9854434406200888,ok
tianlai_icyl,0.6573798093041437,0.0,0.10419062129722172,0.10529299537243789,0.00042002385844599414,0.02049448361013261,1.0,61245381.19781958,1.0,ok
tianlai_icyl,0.6573798093041437,0.01,0.11419062129722171,0.11529299537243788,0.00041842672638099426,0.0204554815729426,0.9961975206101173,61103146.29879452,0.997677622438733,ok
tianlai_icyl,0.6573798093041437,0.02,0.12419062129722172,0.12529299537243788,0.00041682424003084404,0.02041627390173937,0.9923822936463942,60807674.59733155,0.9928532308571277,ok
tianlai_icyl,0.6573798093041437,0.03,0.1341906212972217,0.13529299537243789,0.0004143699674599722,0.020356079373493614,0.9865391194515944,60380201.51119896,0.9858735520997717,ok
tianlai_icyl,0.6673794316695364,0.0,0.10226478152331013,0.10336826730833686,0.00044952824411577527,0.021202081126997303,1.0,61551771.69699785,1.0,ok
tianlai_icyl,0.6673794316695364,0.01,0.11226478152331013,0.11336826730833685,0.0004465504014602268,0.021131739196294914,0.9933756272391607,61413422.158151075,0.9977523061476146,ok
tianlai_icyl,0.6673794316695364,0.02,0.12226478152331013,0.12336826730833686,0.0004442421734770799,0.021077053244632653,0.9882408486944061,61124745.95533608,0.9930623322466833,ok
tianlai_icyl,0.6673794316695364,0.03,0.13226478152331012,0.13336826730833684,0.0004412122104335974,0.02100505202168272,0.9815005312991276,60707885.7525211,0.9862898187783941,ok
tianlai_icyl,0.6773790658202725,0.0,0.10045201206463,0.10148619189664297,0.0005132065320528245,0.022654062153459907,1.0,61834084.12093317,1.0,ok
tianlai_icyl,0.6773790658202725,0.01,0.11045201206463,0.11148619189664297,0.0005034944362972205,0.022438681696954045,0.9810756583382607,61699545.266957946,0.9978241958963588,ok
tianlai_icyl,0.6773790658202725,0.02,0.12045201206463,0.12148619189664298,0.0004979726219394312,0.022315300175875546,0.9703162193737914,61418757.452744626,0.9932832082160987,ok
tianlai_icyl,0.6773790658202725,0.03,0.13045201206463,0.13148619189664296,0.0004923537246251278,0.02218904514901729,0.959367611038999,61010782.029629186,0.9866853030491437,ok
tianlai_icyl,0.6873787112529229,0.0,0.09871786467506412,0.09969955194115922,0.00048755064597420675,0.022080549041502723,1.0,62106452.587010406,1.0,ok
tianlai_icyl,0.6873787112529229,0.01,0.10871786467506411,0.10969955194115921,0.00048565229772565705,0.0220375202263244,0.9961063568180564,61975007.40153543,0.9978835502592774,ok
tianlai_icyl,0.6873787112529229,0.02,0.11871786467506412,0.11969955194115922,0.000483835411045809,0.021996259023884242,0.9923797969317134,61700588.06153059,0.9934650183906221,ok
tianlai_icyl,0.6873787112529229,0.03,0.12871786467506413,0.12969955194115923,0.0004810839698496896,0.02193362646371296,0.9867364012786904,61301462.63034138,0.9870385455433758,ok
tianlai_icyl,0.6973783674923303,0.0,0.09698376733762493,0.09798283001762195,0.0005117399955583419,0.02262167092763799,1.0,62369063.676729135,1.0,ok
tianlai_icyl,0.6973783674923303,0.01,0.10698376733762492,0.10798283001762195,0.0005098530257808811,0.02257992528288969,0.9963126396337226,62240738.50150046,0.9979424867448097,ok
tianlai_icyl,0.6973783674923303,0.02,0.11698376733762493,0.11798283001762196,0.0005079828918950549,0.022538475811266716,0.9926581785752592,61972303.03466384,0.9936385025094848,ok
tianlai_icyl,0.6973783674923303,0.03,0.12698376733762493,0.12798283001762195,0.0005051896259901502,0.022476423781156784,0.9871998092292067,61582142.74569496,0.9873828323748303,ok
tianlai_icyl,0.7073780340897433,0.0,0.09531294862955719,0.09625635283521917,0.0006923996828324436,0.02631348861007304,1.0,62624030.00828758,1.0,ok
tianlai_icyl,0.7073780340897433,0.01,0.10531294862955719,0.10625635283521917,0.0006665139971361527,0.02581693237269201,0.9626145327068917,62498801.424364425,0.9980003110003208,ok
tianlai_icyl,0.7073780340897433,0.02,0.1153129486295572,0.11625635283521918,0.0006528317153027611,0.02555057172164179,0.9428538624283893,62236499.42300891,0.9938117910133317,ok
tianlai_icyl,0.7073780340897433,0.03,0.1253129486295572,0.1262563528352192,0.0006413932571001652,0.02532574297232295,0.926333840125947,61854302.72744751,0.9877087552375948,ok
tianlai_icyl,0.7173777106206921,0.0,0.0937087933674872,0.09463636191361874,0.0005660322451866972,0.02379143218023449,1.0,62852366.72387762,1.0,ok
tianlai_icyl,0.7173777106206921,0.01,0.1037087933674872,0.10463636191361873,0.0005638428629722123,0.023745375612363184,0.9961320539013414,62730796.76286209,0.9980657854691516,ok
tianlai_icyl,0.7173777106206921,0.02,0.11370879336748721,0.11463636191361874,0.0005617990404604486,0.0237023003200206,0.9925212657719661,62474899.6841855,0.9939943862201656,ok
tianlai_icyl,0.7173777106206921,0.03,0.1237087933674872,0.12463636191361874,0.0005587471305536834,0.02363783261116982,0.9871295059690267,62101434.44029621,0.9880524422114381,ok
tianlai_icyl,0.7273773966837396,0.0,0.09215299397689833,0.09303133265258591,0.0009003134315629165,0.03000522340464934,1.0,63089507.62083505,1.0,ok
tianlai_icyl,0.7273773966837396,0.01,0.10215299397689832,0.1030313326525859,0.0008508467569473415,0.029169277621280607,0.9450561627968803,62969831.602563776,0.998103075728685,ok
tianlai_icyl,0.7273773966837396,0.02,0.11215299397689833,0.11303133265258591,0.0008270258422536248,0.028758056997189932,0.9185976941585036,62719113.65035603,0.9941290717831391,ok
tianlai_icyl,0.7273773966837396,0.03,0.12215299397689833,0.12303133265258591,0.0008070856953968937,0.02840925369306441,0.8964496886332327,62352853.85274944,0.9883236722576301,ok
tianlai_icyl,0.7373770918985177,0.0,0.09067019009514572,0.09149693679273928,0.0006271074598996925,0.02504211372667436,1.0,63297218.70406134,1.0,ok
tianlai_icyl,0.7373770918985177,0.01,0.10067019009514572,0.10149693679273927,0.0006244943054505424,0.024989884062366966,0.9958330037254413,63180894.7933061,0.9981622587352676,ok
tianlai_icyl,0.7373770918985177,0.02,0.11067019009514573,0.11149693679273928,0.0006221952987177841,0.02494384290196248,0.9921669546353442,62936023.34478909,0.9942936614488391,ok
tianlai_icyl,0.7373770918985177,0.03,0.12067019009514572,0.12149693679273928,0.0006188664242991567,0.02487702603405714,0.9868586548119617,62576981.413433075,0.98862134379086,ok
tianlai_icyl,0.7473767959046214,0.0,0.0892302691384411,0.09003678558378633,0.0006528018543396934,0.02554998736476583,1.0,63512418.75057629,1.0,ok
tianlai_icyl,0.7473767959046214,0.01,0.0992302691384411,0.10003678558378633,0.0006511334133523239,0.025517315951179582,0.9974441846690874,63397528.16312004,0.9981910531874492,ok
tianlai_icyl,0.7473767959046214,0.02,0.10923026913844111,0.11003678558378634,0.0006492278767891368,0.025479950486394922,0.9945251724902471,63156669.848172665,0.9943987505215207,ok
tianlai_icyl,0.7473767959046214,0.03,0.1192302691384411,0.12003678558378633,0.0006461771879300518,0.025420015498226034,0.9898519491548589,62804825.6433215,0.9888589803195242,ok
tianlai_icyl,0.7573765083602568,0.0,0.08777816681890932,0.08858656961915554,0.0006844311469383329,0.026161635020356296,1.0,63695188.538410366,1.0,ok
tianlai_icyl,0.7573765083602568,0.01,0.09777816681890932,0.09858656961915553,0.0006831415714176069,0.026136977090275893,0.9981158433152922,63584725.73123686,0.9982657590045928,ok
tianlai_icyl,0.7573765083602568,0.02,0.10777816681890932,0.10858656961915554,0.0006813913538765661,0.02610347398099659,0.9955586576160879,63350294.92855233,0.9945852486228209,ok
tianlai_icyl,0.7573765083602568,0.03,0.11777816681890932,0.11858656961915554,0.0006784146505461785,0.02604639419470915,0.9912094935786192,63005737.89806716,0.9891757814653859,ok
tianlai_icyl,0.767376228940871,0.0,0.08634815883052378,0.08714678489962124,0.0007226403761898942,0.02688197121101602,1.0,63889806.46045502,1.0,ok
tianlai_icyl,0.767376228940871,0.01,0.09634815883052378,0.09714678489962124,0.0007207836206315219,0.026847413667456348,0.997430595328534,63781856.39222665,0.9983103710245986,ok
tianlai_icyl,0.767376228940871,0.02,0.10634815883052379,0.10714678489962125,0.0007187538798880177,0.02680958559709601,0.9946218113048596,63552626.8703229,0.9947224822109796,ok
tianlai_icyl,0.767376228940871,0.03,0.11634815883052378,0.11714678489962124,0.0007154808258926942,0.026748473337607406,0.9900925127724683,63214532.41583973,0.989430645011685,ok
tianlai_icyl,0.7773759573383835,0.0,0.08498862949995926,0.08582331204913128,0.0007615539646423933,0.027596267222984947,1.0,64071709.6503751,1.0,ok
tianlai_icyl,0.7773759573383835,0.01,0.09498862949995926,0.09582331204913128,0.0007586687992878502,0.027543943059915192,0.9962114761546834,63965914.35028009,0.9983487985466236,ok
tianlai_icyl,0.7773759573383835,0.02,0.10498862949995927,0.10582331204913129,0.0007561455111119564,0.027498100136408632,0.9928981348905765,63740782.093957946,0.9948350440744761,ok
tianlai_icyl,0.7773759573383835,0.03,0.11498862949995926,0.11582331204913128,0.0007524404848422057,0.027430648640566373,0.988033047921342,63409469.711528555,0.9896640819722115,ok
tianlai_icyl,0.7873756932597521,0.0,0.08370301310387952,0.08443155417295611,0.0007922517448708283,0.028146966885808998,1.0,64246144.808905944,1.0,ok
tianlai_icyl,0.7873756932597521,0.01,0.09370301310387952,0.09443155417295611,0.0007895734074564943,0.0280993488795825,0.996619335417468,64143034.469997436,0.9983950735220736,ok
tianlai_icyl,0.7873756932597521,0.02,0.10370301310387953,0.10443155417295612,0.00078703580433749,0.028054158414350803,0.9934163091882003,63922248.96801536,0.9949585170930647,ok
tianlai_icyl,0.7873756932597521,0.03,0.11370301310387952,0.11443155417295611,0.0007833174657842286,0.027987809235169313,0.9887229291138306,63597612.27749133,0.9899055027606153,ok
tianlai_icyl,0.7973754364263519,0.0,0.08243388807934329,0.08318561727973864,0.0008183794319518449,0.028607331786656455,1.0,64413745.167474456,1.0,ok
tianlai_icyl,0.7973754364263519,0.01,0.09243388807934329,0.09318561727973863,0.0008166330378369544,0.028576791944460007,0.9978660337165056,64312247.080747254,0.9984242790655424,ok
tianlai_icyl,0.7973754364263519,0.02,0.1024338880793433,0.10318561727973864,0.0008145449113192695,0.02854023320365952,0.9953144953515877,64095681.25610742,0.9950621732901871,ok
tianlai_icyl,0.7973754364263519,0.03,0.11243388807934329,0.11318561727973864,0.0008111047413466006,0.028479900655490366,0.9911108584585343,63776588.48921189,0.9901083739719532,ok
tianlai_icyl,0.8073751865730229,0.0,0.08116965915272091,0.0819207330555671,0.0008557362416681574,0.0292529697922819,1.0,64574452.58981998,1.0,ok
tianlai_icyl,0.8073751865730229,0.01,0.0911696591527209,0.0919207330555671,0.0008535062189266754,0.029214828750596424,0.9973940302713662,64475085.532769084,0.9984612017126636,ok
tianlai_icyl,0.8073751865730229,0.02,0.10116965915272091,0.1019207330555671,0.0008511740457990233,0.029174887245695114,0.9946686891976894,64263087.08400169,0.9951781936457735,ok
tianlai_icyl,0.8073751865730229,0.03,0.11116965915272091,0.1119207330555671,0.0008474733837413933,0.029111396114604213,0.9903441533448945,63949772.86336714,0.9903262094930818,ok
tianlai_icyl,0.8173749434471101,0.0,0.07997335679241004,0.0806609090476517,0.0008872810204932587,0.02978726272239963,1.0,64722223.218204215,1.0,ok
tianlai_icyl,0.8173749434471101,0.01,0.08997335679241003,0.0906609090476517,0.0008855874459626518,0.02975882131339633,0.9980912760540449,64625678.05875074,0.9985083151558626,ok
tianlai_icyl,0.8173749434471101,0.02,0.09997335679241004,0.10066090904765171,0.0008834689564375512,0.029723205689116898,0.9957036564880106,64418602.8475255,0.9953088698814456,ok
tianlai_icyl,0.8173749434471101,0.03,0.10997335679241003,0.1106609090476517,0.0008798941703614667,0.02966301013655672,0.9916747344289123,64111044.989649646,0.9905569030517687,ok
tianlai_icyl,0.827374706808004,0.0,0.07879712094452394,0.07945694732413755,0.0009317188932683024,0.030524070719160353,1.0,64871077.71822132,1.0,ok
tianlai_icyl,0.827374706808004,0.01,0.08879712094452394,0.08945694732413755,0.0009290025008003854,0.030479542332528312,0.9970845364545647,64776516.496139556,0.9985423207782594,ok
tianlai_icyl,0.827374706808004,0.02,0.09879712094452395,0.09945694732413755,0.0009263544800599225,0.030436072020875532,0.9942424552650612,64573201.73200639,0.9954081850233967,ok
tianlai_icyl,0.827374706808004,0.03,0.10879712094452394,0.10945694732413755,0.0009223090635841532,0.030369541708497236,0.9899005700623487,64270835.82597363,0.9907471570789228,ok
tianlai_icyl,0.8373744764261027,0.0,0.07762893084106899,0.07829860223817732,0.0009844226907772867,0.031375511004241616,1.0,65011445.679486215,1.0,ok
tianlai_icyl,0.8373744764261027,0.01,0.08762893084106899,0.08829860223817732,0.0009798320901003982,0.03130226972761557,0.9953367585693663,64919032.06926069,0.9985785024581496,ok
tianlai_icyl,0.8373744764261027,0.02,0.097628930841069,0.09829860223817732,0.0009762635708881143,0.031245216768140918,0.9917117718175208,64719731.5401236,0.9955128802887909,ok
tianlai_icyl,0.8373744764261027,0.03,0.10762893084106899,0.10829860223817732,0.0009713742547622732,0.031166877526667205,0.9867450881239739,64423614.040879145,0.9909580285061627,ok
tianlai_icyl,0.8473742520823994,0.0,0.07657412322265031,0.077174918662719,0.0010036472435808836,0.031680392099544534,1.0,65147898.047906145,1.0,ok
tianlai_icyl,0.8473742520823994,0.01,0.0865741232226503,0.087174918662719,0.0010020458031126684,0.031655107062094553,0.9984043791496886,65056853.867024295,0.9986025001019234,ok
tianlai_icyl,0.8473742520823994,0.02,0.09657412322265031,0.097174918662719,0.0009998638650652147,0.0316206240461066,0.9962303702422672,64860965.02549963,0.9955956672278893,ok
tianlai_icyl,0.8473742520823994,0.03,0.10657412322265031,0.107174918662719,0.0009960655861207405,0.03156050674689398,0.9924458942037315,64568996.072663054,0.9911140344878449,ok
tianlai_icyl,0.8573740335678767,0.0,0.07547798108869945,0.07610062702400419,0.0010454063006949442,0.032332743476156556,1.0,65276355.23246707,1.0,ok
tianlai_icyl,0.8573740335678767,0.01,0.08547798108869945,0.08610062702400419,0.0010439017111663388,0.03230946782548946,0.9985607609906261,65187062.11804266,0.9986320756711,ok
tianlai_icyl,0.8573740335678767,0.02,0.09547798108869945,0.0961006270240042,0.0010417308582629783,0.03227585565500903,0.9964841971685816,64994774.48723968,0.9956863286219857,ok
tianlai_icyl,0.8573740335678767,0.03,0.10547798108869945,0.10610062702400419,0.0010378837395550945,0.03221620305925412,0.9928041746688833,64707544.326446906,0.9912861111194938,ok
tianlai_icyl,0.867373820682749,0.0,0.07440617685351866,0.07499756472949659,0.0010909342742796433,0.03302929418379453,1.0,65401835.47218856,1.0,ok
tianlai_icyl,0.867373820682749,0.01,0.08440617685351866,0.08499756472949659,0.0010893197907813014,0.03300484495920715,0.9985200909565263,65314726.48165505,0.9986680956290507,ok
tianlai_icyl,0.867373820682749,0.02,0.09440617685351867,0.0949975647294966,0.0010870613979530597,0.03297061415795981,0.9964499453194456,65125854.62300052,0.9957802277689072,ok
tianlai_icyl,0.867373820682749,0.03,0.10440617685351866,0.10499756472949659,0.0010831034001071926,0.0329105363084103,0.9928218643807653,64843868.64193348,0.9914686365263807,ok
tianlai_icyl,0.8773736132361959,0.0,0.07337346252189253,0.073959532738577,0.001137982032739172,0.033733989279940965,1.0,65524344.569129616,1.0,ok
tianlai_icyl,0.8773736132361959,0.01,0.08337346252189252,0.083959532738577,0.0011363387159383322,0.033709623491494714,0.9985559378324416,65438455.500604436,0.9986892036984122,ok
tianlai_icyl,0.8773736132361959,0.02,0.09337346252189253,0.093959532738577,0.001134052044636763,0.03367568922289139,0.996546528864828,65253222.45813682,0.995862269011989,ok
tianlai_icyl,0.8773736132361959,0.03,0.10337346252189253,0.103959532738577,0.001129965858626758,0.03361496480180751,0.9929557990532426,64975652.11262603,0.9916261282716884,ok
tianlai_icyl,0.8873734110456718,0.0,0.07232600397468424,0.07292049321969178,0.0012057080068794642,0.03472330639324925,1.0,65641959.346391045,1.0,ok
tianlai_icyl,0.8873734110456718,0.01,0.08232600397468423,0.08292049321969178,0.0012016892273375513,0.03466538947332846,0.9966668716480418,65558172.379028745,0.998723576075477,ok
tianlai_icyl,0.8873734110456718,0.02,0.09232600397468424,0.09292049321969179,0.0011981652566094357,0.03461452378134698,0.9937441318901495,65376183.77015996,0.9959511327986328,ok
tianlai_icyl,0.8873734110456718,0.03,0.10232600397468423,0.10292049321969178,0.0011929999364371814,0.03453983115820315,0.9894600762624335,65103035.54374958,0.9917899494773217,ok
tianlai_icyl,0.8973732139365105,0.0,0.0713757756312841,0.07200600661963007,0.0012389774179159744,0.035199111038717645,1.0,65744877.56618339,1.0,ok
tianlai_icyl,0.8973732139365105,0.01,0.08137577563128409,0.08200600661963006,0.0012375584593855207,0.03517894909438769,0.9988547341461311,65662848.71000715,0.9987523156295537,ok
tianlai_icyl,0.8973732139365105,0.02,0.0913757756312841,0.09200600661963007,0.0012352800766635883,0.03514655141921592,0.9970158122344108,65483908.85187021,0.9960305848307274,ok
tianlai_icyl,0.8973732139365105,0.03,0.1013757756312841,0.10200600661963007,0.0012311122748497258,0.03508720956202881,0.9936519076518132,65215629.82959116,0.9919499776076175,ok
tianlai_icyl,0.907373021741636,0.0,0.07041272500754946,0.07096666118454782,0.0012991348445296684,0.03604351321014183,1.0,65861890.83030827,1.0,ok
tianlai_icyl,0.907373021741636,0.01,0.08041272500754945,0.08096666118454782,0.0012971216571567756,0.036015575202358985,0.9984503630386254,65781066.61054307,0.998772822663512,ok
tianlai_icyl,0.907373021741636,0.02,0.09041272500754946,0.09096666118454783,0.0012945221737499144,0.0359794687808188,0.9964494287877992,65605043.660532385,0.99610021567043,ok
tianlai_icyl,0.907373021741636,0.03,0.10041272500754946,0.10096666118454782,0.001290030884942936,0.035916999943521676,0.9929922905038943,65340480.12909156,0.9920832716060322,ok
tianlai_icyl,0.9173728343008888,0.0,0.06949413401700608,0.07001232446251617,0.0013534981193603574,0.036789918719132245,1.0,65963882.58298372,1.0,ok
tianlai_icyl,0.9173728343008888,0.01,0.07949413401700607,0.08001232446251616,0.001351806390999891,0.036766919792116,0.9987501066043107,65884442.84587167,0.9987957085908018,ok
tianlai_icyl,0.9173728343008888,0.02,0.08949413401700608,0.09001232446251617,0.0013493558659392118,0.03673357954160215,0.9969395942544027,65711876.11251365,0.9961796295093297,ok
tianlai_icyl,0.9173728343008888,0.03,0.09949413401700608,0.10001232446251616,0.001344873212363389,0.03667251303583365,0.9936276919239131,65451607.195472404,0.9922340018893391,ok
tianlai_icyl,0.9273726514608772,0.0,0.06854859153635147,0.06907387578157603,0.0014088449567099394,0.03753458347590845,1.0,66062848.32856111,1.0,ok
tianlai_icyl,0.9273726514608772,0.01,0.07854859153635146,0.07907387578157603,0.001406966830276576,0.03750955651932686,0.9986669033917335,65985363.62686188,0.9988271062532171,ok
tianlai_icyl,0.9273726514608772,0.02,0.08854859153635147,0.08907387578157604,0.0014043882851645833,0.03747516891442363,0.9968366486857689,65815719.229261294,0.996259181891905,ok
tianlai_icyl,0.9273726514608772,0.03,0.09854859153635147,0.09907387578157603,0.0013997464004453617,0.037413184847662484,0.9935418328175547,65559538.1298946,0.9923813427455729,ok
tianlai_icyl,0.9373724730746068,0.0,0.06766405652313363,0.06815197147709137,0.001476199937365183,0.038421347417356186,1.0,66159855.5557672,1.0,ok
tianlai_icyl,0.9373724730746068,0.01,0.07766405652313363,0.07815197147709137,0.0014724621747701017,0.03837267484513038,0.9974679835024566,66083772.7121084,0.9988500149672385,ok
tianlai_icyl,0.9373724730746068,0.02,0.08766405652313364,0.08815197147709138,0.001468971098082806,0.038327158753067074,0.9951030757423825,65916734.910301566,0.996325254288672,ok
tianlai_icyl,0.9373724730746068,0.03,0.09766405652313363,0.09815197147709137,0.001463562435064395,0.03825653454070814,0.9914391662125767,65664877.738185495,0.9925184567979524,ok
tianlai_icyl,0.9473722990010024,0.0,0.0667678042825589,0.06727714649643969,0.0015323640337392174,0.03914542161912703,1.0,66248862.454035036,1.0,ok
tianlai_icyl,0.9473722990010024,0.01,0.0767678042825589,0.07727714649643969,0.0015285245296971822,0.039096349314190225,0.9974943916996889,66174570.913551524,0.9988785990018311,ok
tianlai_icyl,0.9473722990010024,0.02,0.08676780428255891,0.0872771464964397,0.0015248235985476464,0.0390489897250575,0.9950792141909184,66010833.05422591,0.9964070417061986,ok
tianlai_icyl,0.9473722990010024,0.03,0.0967678042825589,0.09727714649643969,0.0015192463053094077,0.03897751025026365,0.9914395482137489,65762655.66562451,0.9926609035929052,ok
tianlai_icyl,0.957372129104784,0.0,0.06593553849758618,0.06640591649946109,0.0015845431435817063,0.039806320397415614,1.0,66345847.09074906,1.0,ok
tianlai_icyl,0.957372129104784,0.01,0.07593553849758618,0.07640591649946109,0.001581361997682933,0.039766342523331624,0.9979923892185211,66272016.40742557,0.9988871845554627,ok
tianlai_icyl,0.957372129104784,0.02,0.08593553849758619,0.0864059164994611,0.00157798674427317,0.03972388128409874,0.995862277821154,66110486.78841557,0.9964525239686584,ok
tianlai_icyl,0.957372129104784,0.03,0.09593553849758618,0.09640591649946109,0.001572554151130129,0.0396554428941366,0.9924337860410178,65865749.76191001,0.9927637169485172,ok
tianlai_icyl,0.9673719632560732,0.0,0.06509263234206501,0.06556905744622213,0.0016374344386796773,0.040465225054108836,1.0,66425877.92607665,1.0,ok
tianlai_icyl,0.9673719632560732,0.01,0.07509263234206501,0.07556905744622212,0.0016351202902817668,0.040436620658528905,0.9985867230203266,66354045.6897417,0.9989186106593143,ok
tianlai_icyl,0.9673719632560732,0.02,0.08509263234206502,0.08556905744622213,0.0016321828872229653,0.04040028325671697,0.99679281726788,66195531.20443385,0.9965322743359275,ok
tianlai_icyl,0.9673719632560732,0.03,0.09509263234206501,0.09556905744622213,0.0016270011428669079,0.040336102226998925,0.9936282665331125,65954708.98768843,0.9929068466522555,ok
tianlai_icyl,0.9773718013301088,0.0,0.0642699190551346,0.06475239767391074,0.0017068473197703051,0.041314008759382154,1.0,66505074.08109328,1.0,ok
tianlai_icyl,0.9773718013301088,0.01,0.0742699190551346,0.07475239767391073,0.0017035852901924626,0.04127451138647752,0.9980888568414652,66435023.7324391,0.9989466916679355,ok
tianlai_icyl,0.9773718013301088,0.02,0.0842699190551346,0.08475239767391074,0.0017001522776037689,0.04123290285201575,0.9960775389286505,66279054.33041629,0.9966014660715754,ok
tianlai_icyl,0.9773718013301088,0.03,0.0942699190551346,0.09475239767391073,0.0016945369112359287,0.041164753263391834,0.9927876334386879,66041813.28600977,0.9930342037583685,ok
tianlai_icyl,0.9873716432071172,0.0,0.06351562492955704,0.06397240778239609,0.0017593607553718926,0.0419447345369105,1.0,66590410.286158815,1.0,ok
tianlai_icyl,0.9873716432071172,0.01,0.07351562492955703,0.07397240778239608,0.0017577535073190877,0.041925571043446595,0.9990864590744692,66520895.491144694,0.9989560839959478,ok
tianlai_icyl,0.9873716432071172,0.02,0.08351562492955704,0.08397240778239609,0.0017550570243969538,0.041893400726092336,0.9975538098358747,66366710.09679793,0.9966406545867553,ok
tianlai_icyl,0.9873716432071172,0.03,0.09351562492955703,0.09397240778239609,0.0017499920289684012,0.04183290605454516,0.9946749258928927,66132504.52736774,0.9931235480180507,ok
tianlai_icyl,0.997371488771902,0.0,0.06270424612582623,0.06319867871542033,0.00183095141989424,0.042789618132138545,1.0,66667714.62686524,1.0,ok
tianlai_icyl,0.997371488771902,0.01,0.07270424612582622,0.07319867871542032,0.0018290204718940432,0.04276704890326247,0.9989453854541327,66599420.74472216,0.9989756078706865,ok
tianlai_icyl,0.997371488771902,0.02,0.08270424612582623,0.08319867871542033,0.001826128137333525,0.0427332205354748,0.9973656960483454,66447870.58019815,0.9967023911364362,ok
tianlai_icyl,0.997371488771902,0.03,0.09270424612582623,0.09319867871542033,0.0018208471237775845,0.042671385304177606,0.9944813958432392,66217161.928429075,0.993241815758079,ok
tianlai_icyl,1.0073713379137168,0.0,0.06196330171100095,0.06241535888924035,0.0019005094088126646,0.043594832363626136,1.0,66743016.05638379,1.0,ok
tianlai_icyl,1.0073713379137168,0.01,0.07196330171100095,0.07241535888924035,0.0018989066931451256,0.043576446541051576,0.9991566915374861,66675849.2810075,0.9989936508814713,ok
tianlai_icyl,1.0073713379137168,0.02,0.08196330171100095,0.08241535888924036,0.001896123776270994,0.04354450339906283,0.9976923910393002,66526646.95005111,0.9967581760741844,ok
tianlai_icyl,1.0073713379137168,0.03,0.09196330171100095,0.09241535888924035,0.0018908718533234637,0.04348415634830074,0.9949289619696111,66299089.51781051,0.993348719239804,ok
tianlai_icyl,1.017371190526121,0.0,0.061196984849811106,0.06165466098400146,0.0019800636205103755,0.044497905799153914,1.0,66810295.11798042,1.0,ok
tianlai_icyl,1.017371190526121,0.01,0.0711969848498111,0.07165466098400146,0.001978024053961398,0.044474982337954876,0.9989699489815121,66745131.16633928,0.9990246420626332,ok
tianlai_icyl,1.017371190526121,0.02,0.08119698484981111,0.08165466098400145,0.001974994114571125,0.04444090587028043,0.9974397257306592,66598524.19154705,0.9968302650652957,ok
tianlai_icyl,1.017371190526121,0.03,0.0911969848498111,0.09165466098400146,0.001969472738156676,0.04437874196230303,0.9946512413823503,66374238.319336765,0.9934732095124917,ok
tianlai_icyl,1.0273710465065855,0.0,0.06048738276906131,0.06091743246980582,0.0020583245019284895,0.045368761300353895,1.0,66890580.5303029,1.0,ok
tianlai_icyl,1.0273710465065855,0.01,0.0704873827690613,0.07091743246980582,0.002056515968866083,0.04534882544086542,0.9991213566856382,66825267.00255026,0.9990235766047351,ok
tianlai_icyl,1.0273710465065855,0.02,0.08048738276906131,0.08091743246980582,0.002053556982729668,0.045316188969612925,0.9976837864027975,66680369.22852011,0.9968573855972508,ok
tianlai_icyl,1.0273710465065855,0.03,0.0904873827690613,0.09091743246980583,0.0020480328734600074,0.04525519719833301,0.9949999971050048,66458508.29751684,0.9935406117070501,ok
tianlai_icyl,1.0373709057564635,0.0,0.05980294437296198,0.06018785606179552,0.0021432248062664776,0.04629497603700079,1.0,66954840.60002116,1.0,ok
tianlai_icyl,1.0373709057564635,0.01,0.06980294437296197,0.07018785606179552,0.002141339941357634,0.04627461443769828,0.9991205472690814,66890774.39051749,0.9990431429762279,ok
tianlai_icyl,1.0373709057564635,0.02,0.07980294437296198,0.08018785606179551,0.0021383039486344143,0.04624179871755006,0.9977039937118704,66748247.93052986,0.9969144475942306,ok
tianlai_icyl,1.0373709057564635,0.03,0.08980294437296198,0.09018785606179552,0.0021326480256324233,0.04618060226580445,0.9950650157635683,66529430.184885345,0.9936463082978995,ok
tianlai_icyl,1.0473707681808206,0.0,0.05905960204977382,0.05955057465350482,0.002232773037115244,0.047252227853459394,1.0,67021113.05304475,1.0,ok
tianlai_icyl,1.0473707681808206,0.01,0.06905960204977382,0.06955057465350482,0.0022308180473081113,0.04723153657576801,0.9991244117630251,66958094.843095616,0.9990597260015771,ok
tianlai_icyl,1.0473707681808206,0.02,0.07905960204977382,0.07955057465350482,0.0022277019265811164,0.0471985373351878,0.9977287836919244,66817345.44184967,0.9969596504457662,ok
tianlai_icyl,1.0473707681808206,0.03,0.08905960204977381,0.08955057465350483,0.0022219179861642435,0.04713722505795439,0.9951383097294003,66601380.45858514,0.9937373079118008,ok
tianlai_icyl,1.0573706336881208,0.0,0.05837562296578221,0.05878696538539689,0.002329728877398264,0.04826726507062798,1.0,67081352.211076826,1.0,ok
tianlai_icyl,1.0573706336881208,0.01,0.06837562296578222,0.06878696538539689,0.0023273479109228077,0.04824259436351664,0.9989780070554325,67020029.30580069,0.9990858427378867,ok
tianlai_icyl,1.0573706336881208,0.02,0.07837562296578221,0.0787869653853969,0.0023240157026504322,0.04820804603642873,0.997547708317797,66881746.57852844,0.9970244244343747,ok
tianlai_icyl,1.0573706336881208,0.03,0.08837562296578222,0.08878696538539689,0.0023179913061666963,0.04814552218188828,0.9949618295307068,66669476.5899723,0.9938600578621534,ok
tianlai_icyl,1.0673705021902002,0.0,0.057753116303556465,0.058168860959733545,0.002416877169987939,0.049161744985180694,1.0,67149614.63500002,1.0,ok
tianlai_icyl,1.0673705021902002,0.01,0.06775311630355646,0.06816886095973354,0.002415262690820636,0.049145322166210655,0.9993319978411186,67087964.090903565,0.9990818928085952,ok
tianlai_icyl,1.0673705021902002,0.02,0.07775311630355647,0.07816886095973355,0.002412239885862174,0.04911455879738893,0.9980812909388407,66951238.07860419,0.997045752868812,ok
tianlai_icyl,1.0673705021902002,0.03,0.08775311630355646,0.08816886095973354,0.0024063720088191836,0.04905478578914787,0.9956534153662397,66740391.839637205,0.9939058057505289,ok
tianlai_icyl,1.0773703736021156,0.0,0.057071072235226956,0.05745681044730435,0.002509398442168961,0.05009389625661954,1.0,67203842.86983784,1.0,ok
tianlai_icyl,1.0773703736021156,0.01,0.06707107223522696,0.06745681044730435,0.0025075146535630515,0.050075090150323756,0.9992493066966753,67144187.50178365,0.9991123220710797,ok
tianlai_icyl,1.0773703736021156,0.02,0.07707107223522695,0.07745681044730435,0.0025042993034813206,0.050042974566679395,0.9979679836402412,67009643.58718173,0.9971102949717885,ok
tianlai_icyl,1.0773703736021156,0.03,0.08707107223522695,0.08745681044730436,0.002498228839331877,0.049982285255196934,0.9955488922566518,66802436.69735682,0.9940270354292318,ok
tianlai_icyl,1.087370247841893,0.0,0.05648752618968227,0.056771206699204796,0.0027023712136756447,0.051984336233866106,1.0,67265211.83801559,1.0,ok
tianlai_icyl,1.087370247841893,0.01,0.06648752618968228,0.06677120669920479,0.002688596560057244,0.05185167846904519,0.9949027529790532,67206011.3695448,0.9991198947144723,ok
tianlai_icyl,1.087370247841893,0.02,0.07648752618968227,0.0767712066992048,0.002679175754690067,0.05176075496638421,0.9914166274166205,67073336.01369214,0.9971474731279296,ok
tianlai_icyl,1.087370247841893,0.03,0.08648752618968228,0.0867712066992048,0.002667917825138577,0.05165189081861938,0.9872506825255122,66868433.06775142,0.994101278217637,ok
tianlai_icyl,1.0973701248304963,0.0,0.05579001217365359,0.05618454626527996,0.002695522751045001,0.051918424003864,1.0,67316617.04264426,1.0,ok
tianlai_icyl,1.0973701248304963,0.01,0.06579001217365359,0.06618454626527996,0.0026937436185280697,0.05190128725309296,0.9993399675383035,67258809.87854451,0.9991412645697402,ok
tianlai_icyl,1.0973701248304963,0.02,0.0757900121736536,0.07618454626527996,0.0026904824723526033,0.051869860924747074,0.9981301294190733,67128311.46019885,0.9972026879733703,ok
tianlai_icyl,1.0973701248304963,0.03,0.08579001217365359,0.08618454626527997,0.002684240643974398,0.05180965782529738,0.9958145012627962,66926296.11580687,0.9942017150595948,ok
tianlai_icyl,1.1073700044916983,0.0,0.05519292334428357,0.05562780536627933,0.0027958199581916837,0.05287551378655042,1.0,67374090.57862979,1.0,ok
tianlai_icyl,1.1073700044916983,0.01,0.06519292334428357,0.06562780536627932,0.0027940264472430427,0.05285855131615927,0.9993585027020835,67316642.12904197,0.9991473213353318,ok
tianlai_icyl,1.1073700044916983,0.02,0.07519292334428357,0.07562780536627933,0.0027907085019251545,0.05282715686013354,0.9981717505622804,67187514.88370726,0.9972307500803326,ok
tianlai_icyl,1.1073700044916983,0.03,0.08519292334428358,0.08562780536627933,0.0027843460988741294,0.05276690344215898,0.995896066453086,66987148.03979021,0.9942568050193124,ok
tianlai_icyl,1.117369886751874,0.0,0.054589304046117955,0.055101890916588805,0.0028997397705022828,0.05384923184691016,1.0,67423463.71252209,1.0,ok
tianlai_icyl,1.117369886751874,0.01,0.06458930404611796,0.0651018909165888,0.002898113946686858,0.05383413365780913,0.9994393207859673,67366725.71815035,0.9991584829487008,ok
tianlai_icyl,1.117369886751874,0.02,0.07458930404611795,0.07510189091658881,0.002894845493933571,0.05380376839900316,0.9983121669680505,67239323.40917024,0.9972688987896412,ok
tianlai_icyl,1.117369886751874,0.03,0.08458930404611795,0.0851018909165888,0.0028884037224529485,0.05374387148738867,0.9960906671127352,67041173.5956983,0.9943300136810861,ok
tianlai_icyl,1.127369771539965,0.0,0.053997532592998346,0.05431271400074367,0.003020672276249134,0.054960642975215766,1.0,67478901.12704155,1.0,ok
tianlai_icyl,1.127369771539965,0.01,0.06399753259299834,0.06431271400074366,0.0030178264109424176,0.05493474684516547,0.9990578702201186,67423617.53543657,0.999180727743315,ok
tianlai_icyl,1.127369771539965,0.02,0.07399753259299835,0.07431271400074367,0.0030139344807631734,0.05489931220664949,0.9977694384329812,67297894.26746538,0.9973175784348446,ok
tianlai_icyl,1.127369771539965,0.03,0.08399753259299834,0.08431271400074367,0.0030068902891033367,0.05483511912181222,0.9954374437590724,67102931.03031648,0.9944283310717044,ok
tianlai_icyl,1.1373696587873798,0.0,0.05341800274219536,0.05371789564027045,0.0031424061403527415,0.056057168501028855,1.0,67528286.82917991,1.0,ok
tianlai_icyl,1.1373696587873798,0.01,0.06341800274219536,0.06371789564027044,0.00313889362272425,0.056025829960155434,0.9988822203523008,67473835.3198865,0.9991936488862638,ok
tianlai_icyl,1.1373696587873798,0.02,0.07341800274219536,0.07371789564027045,0.0031346379045812016,0.05598783711290517,0.9975279338746875,67350004.39189163,0.9973598850843163,ok
tianlai_icyl,1.1373696587873798,0.03,0.08341800274219535,0.08371789564027045,0.003127198649577065,0.055921361299391355,0.9951605584712964,67157297.26006481,0.9945061605064325,ok
tianlai_icyl,1.1473695484278068,0.0,0.052813108475619965,0.05319197350799127,0.0033501526184810384,0.05788050292180467,1.0,67572638.36675373,1.0,ok
tianlai_icyl,1.1473695484278068,0.01,0.06281310847561997,0.06319197350799127,0.003336843582534086,0.057765418569712505,0.9960273344343976,67519363.60195474,0.9992115926492342,ok
tianlai_icyl,1.1473695484278068,0.02,0.07281310847561996,0.07319197350799127,0.0033278878920838103,0.05768784873856721,0.993354115787321,67397340.94810197,0.9974057928935626,ok
tianlai_icyl,1.1473695484278068,0.03,0.08281310847561996,0.08319197350799126,0.003316149602390646,0.0575860191573497,0.9898503083403378,67206954.34602407,0.9945882826308351,ok
tianlai_icyl,1.1573694403971932,0.0,0.05233567046800915,0.052584479226928306,0.0033851109417735764,0.05818170624666809,1.0,67622031.74026015,1.0,ok
tianlai_icyl,1.1573694403971932,0.01,0.062335670468009155,0.06258447922692831,0.0033829630810842132,0.05816324510448341,0.9993654976967349,67568979.74750689,0.9992154628988812,ok
tianlai_icyl,1.1573694403971932,0.02,0.07233567046800915,0.0725844792269283,0.003379230743181725,0.05813115122876653,0.9982629229313321,67448556.32724461,0.9974346317531264,ok
tianlai_icyl,1.1573694403971932,0.03,0.08233567046800916,0.0825844792269283,0.003372178098864061,0.0580704580562618,0.996179492154919,67260144.82726842,0.9946483874607353,ok
tianlai_icyl,1.1673693346336549,0.0,0.051795715430833694,0.05204710548362044,0.003519804712144184,0.05932794208586865,1.0,67665359.15697277,1.0,ok
tianlai_icyl,1.1673693346336549,0.01,0.061795715430833696,0.06204710548362044,0.003517923680078446,0.05931208713304941,0.9994655862414048,67613144.50600535,0.9992283400011771,ok
tianlai_icyl,1.1673693346336549,0.02,0.0717957154308337,0.07204710548362044,0.003514243175184031,0.05928105241292559,0.9984199302475606,67494193.3864266,0.9974704077140994,ok
tianlai_icyl,1.1673693346336549,0.03,0.0817957154308337,0.08204710548362043,0.0035071621703338628,0.05922129828308277,0.9964081695309114,67307858.70705846,0.9947166400301672,ok
tianlai_icyl,1.1773692310773156,0.0,0.05117164788126637,0.051582043839328615,0.003731340003601271,0.061084695330346626,1.0,67711758.56783131,1.0,ok
tianlai_icyl,1.1773692310773156,0.01,0.061171647881266375,0.061582043839328617,0.003722033552021233,0.061008471149679146,0.9975058687841216,67660310.02521032,0.9992401830389703,ok
tianlai_icyl,1.1773692310773156,0.02,0.07117164788126637,0.07158204383932862,0.003714637295203731,0.06094782436809153,0.9955236702146094,67542627.11740899,0.9975021849380431,ok
tianlai_icyl,1.1773692310773156,0.03,0.08117164788126638,0.08158204383932861,0.0037040973216541546,0.06086129576055833,0.9926989548202997,67358272.11221418,0.9947795410561813,ok
tianlai_icyl,1.1873691296702895,0.0,0.05065893250377367,0.050955359448588214,0.003823220494742815,0.06183219626329648,1.0,67756092.61208549,1.0,ok
tianlai_icyl,1.1873691296702895,0.01,0.060658932503773674,0.060955359448588216,0.0038208749514860017,0.06181322634748976,0.9993865006582701,67705448.94607762,0.999252559230388,ok
tianlai_icyl,1.1873691296702895,0.02,0.07065893250377367,0.07095535944858822,0.00381688361391048,0.06178093244610735,0.9983425280228936,67589181.38912839,0.9975365872422323,ok
tianlai_icyl,1.1873691296702895,0.03,0.08065893250377368,0.08095535944858821,0.0038093691244205285,0.061720086879560765,0.9963770412035264,67407766.5478766,0.9948591181873029,ok
tianlai_icyl,1.1973690303566116,0.0,0.05016099499511888,0.05053987491849108,0.003982826200590662,0.06310963635286344,1.0,67791383.97691064,1.0,ok
tianlai_icyl,1.1973690303566116,0.01,0.06016099499511888,0.06053987491849108,0.0039810904243694645,0.06309588278461174,0.9995641847939686,67741559.78991115,0.9992650365861175,ok
tianlai_icyl,1.1973690303566116,0.02,0.07016099499511888,0.07053987491849108,0.003977335843823157,0.0630661227904741,0.9986214922542463,67626772.31751682,0.9975717908421831,ok
tianlai_icyl,1.1973690303566116,0.03,0.08016099499511888,0.08053987491849107,0.0039699310829005505,0.06300738911350438,0.9967623197597225,67446505.78011988,0.9949126544324833,ok
tianlai_icyl,1.2073689330820838,0.0,0.04965806475668162,0.04992022082893859,0.00416144759951285,0.06450928304913062,1.0,67835725.43737489,1.0,ok
tianlai_icyl,1.2073689330820838,0.01,0.059658064756681624,0.059920220828938595,0.004159176436273246,0.06449167726360702,0.9994542372130626,67786565.37193723,0.9992753071464823,ok
tianlai_icyl,1.2073689330820838,0.02,0.06965806475668163,0.06992022082893859,0.004155118331988449,0.06446020735297435,0.9984790707144451,67673513.74493185,0.9976087571645004,ok
tianlai_icyl,1.2073689330820838,0.03,0.07965806475668162,0.0799202208289386,0.004147406826780609,0.06440036356093504,0.9966259883378358,67495646.22262672,0.9949867239930658,ok
tianlai_icyl,1.217368837794271,0.0,0.0491908277399248,0.049435154546428814,0.004326161065440846,0.06577355901455269,1.0,67875032.157561,1.0,ok
tianlai_icyl,1.217368837794271,0.01,0.0591908277399248,0.059435154546428816,0.004324433212838355,0.06576042284564748,0.9996006037277962,67826504.45250061,0.9992850433580975,ok
tianlai_icyl,1.217368837794271,0.02,0.0691908277399248,0.06943515454642882,0.004320581261646147,0.06573112855904839,0.9987102182026295,67714712.58073524,0.9976380184033856,ok
tianlai_icyl,1.217368837794271,0.03,0.07919082773992481,0.07943515454642881,0.004312984830838025,0.06567331901798495,0.9969542894026582,67538561.96566904,0.9950427987848182,ok
tianlai_icyl,1.2273687444424428,0.0,0.04878089702867005,0.048945281309321416,0.004495340479201512,0.06704730031255182,1.0,67907281.49895623,1.0,ok
tianlai_icyl,1.2273687444424428,0.01,0.05878089702867005,0.05894528130932142,0.004493633161172135,0.06703456691269166,0.999620202732746,67859501.78166327,0.9992963977317558,ok
tianlai_icyl,1.2273687444424428,0.02,0.06878089702867005,0.06894528130932141,0.004489717872568479,0.06700535704381015,0.9987492367576946,67748938.07693507,0.9976682408936721,ok
tianlai_icyl,1.2273687444424428,0.03,0.07878089702867005,0.07894528130932141,0.004481981797350905,0.0669476048664245,0.9970283270171829,67574438.44759539,0.9950985661034604,ok
tianlai_icyl,1.237368652977431,0.0,0.04818030269349401,0.04845045531125498,0.004679504408466659,0.06840690322231126,1.0,67953664.81954384,1.0,ok
tianlai_icyl,1.237368652977431,0.01,0.058180302693494015,0.05845045531125498,0.004677185252540052,0.06838994993813091,0.9995044013801095,67906248.42558283,0.9993022246248686,ok
tianlai_icyl,1.237368652977431,0.02,0.06818030269349401,0.06845045531125497,0.004672922382741836,0.0683587769254383,0.9985934352977819,67797004.62871897,0.9976946027673285,ok
tianlai_icyl,1.237368652977431,0.03,0.07818030269349402,0.07845045531125497,0.0046648402636780065,0.06829963589711154,0.996866303884206,67624720.78261,0.9951592892332242,ok
tianlai_icyl,1.2473685633516336,0.0,0.047698592285274795,0.04803420657251113,0.0048670825136571,0.0697644788818572,1.0,67985908.1594066,1.0,ok
tianlai_icyl,1.2473685633516336,0.01,0.0576985922852748,0.058034206572511134,0.004865120252231642,0.06975041399326345,0.9995968300475795,67939249.28728807,0.9993136978914935,ok
tianlai_icyl,1.2473685633516336,0.02,0.06769859228527479,0.06803420657251114,0.0048609660042433535,0.06972062825479525,0.9987432903805136,67831441.83011872,0.9977279654935887,ok
tianlai_icyl,1.2473685633516336,0.03,0.07769859228527479,0.07803420657251113,0.004852834683954128,0.06966229025774366,0.9970726138989852,67660514.86752841,0.995213812675485,ok
tianlai_icyl,1.2573684755189598,0.0,0.047254481334988434,0.047593227472956336,0.005065157140907415,0.07116991738724596,1.0,68014131.91405028,1.0,ok
tianlai_icyl,1.2573684755189598,0.01,0.057254481334988436,0.05759322747295634,0.005063537313870787,0.07115853647926429,0.9996802020171208,67968545.0309925,0.9993297439550446,ok
tianlai_icyl,1.2573684755189598,0.02,0.06725448133498843,0.06759322747295633,0.00505947986145678,0.07113002081721036,0.9988791503811828,67861849.94109356,0.9977610245301791,ok
tianlai_icyl,1.2573684755189598,0.03,0.07725448133498844,0.07759322747295633,0.005051369435146034,0.07107298667669759,0.9972779312906151,67693031.14077224,0.9952789109521559,ok
tianlai_icyl,1.2673683894347143,0.0,0.046827602836591216,0.04704152630208919,0.0052829260478348015,0.07268373991364782,1.0,68055535.04484048,1.0,ok
tianlai_icyl,1.2673683894347143,0.01,0.05682760283659122,0.05704152630208919,0.005281019315982661,0.07267062209712162,0.9996390765581656,68010178.70320302,0.9993335392689576,ok
tianlai_icyl,1.2673683894347143,0.02,0.06682760283659121,0.06704152630208919,0.005276771568612508,0.07264139018915117,0.9988350245362955,67904802.71478395,0.9977851569316556,ok
tianlai_icyl,1.2673683894347143,0.03,0.07682760283659121,0.07704152630208919,0.005268399738361304,0.07258374293436033,0.9972503288249793,67737418.73794581,0.9953256365307381,ok
tianlai_icyl,1.2773683050555906,0.0,0.046353496165041946,0.046569597551741636,0.005562095293756889,0.07457945624471185,1.0,68086902.35407186,1.0,ok
tianlai_icyl,1.2773683050555906,0.01,0.05635349616504195,0.05656959755174164,0.005554789302320158,0.0745304588897731,0.9986864677696313,68042394.2008861,0.9993463037434968,ok
tianlai_icyl,1.2773683050555906,0.02,0.06635349616504195,0.06656959755174163,0.005547687184222665,0.07448279790812551,0.997409589592901,67938534.67179045,0.9978209071473123,ok
tianlai_icyl,1.2773683050555906,0.03,0.07635349616504195,0.07656959755174164,0.005536956179371652,0.07441072623870602,0.9954802798122762,67773414.92142648,0.995395774784772,ok
tianlai_icyl,1.287368222339628,0.0,0.045874489926576716,0.04617988695520659,0.005773235492572212,0.0759818102743822,1.0,68117256.43845816,1.0,ok
tianlai_icyl,1.287368222339628,0.01,0.05587448992657672,0.05617988695520659,0.0057695580292972315,0.07595760679021708,0.9993630151966412,68073441.27229789,0.9993567684834773,ok
tianlai_icyl,1.287368222339628,0.02,0.06587448992657671,0.06617988695520659,0.005764281849664019,0.07592286776501543,0.9984491117814763,67970826.5063807,0.9978503254574008,ok
tianlai_icyl,1.287368222339628,0.03,0.07587448992657672,0.07617988695520658,0.005754913775423641,0.07586114799700595,0.9968264386283664,67807051.31798472,0.9954460127037896,ok
tianlai_icyl,1.2973681412461122,0.0,0.04545674084387493,0.04572102644776858,0.0060292180569539704,0.07764803962080415,1.0,68153693.77980974,1.0,ok
tianlai_icyl,1.2973681412461122,0.01,0.05545674084387493,0.05572102644776858,0.00602623995324242,0.07762886031137144,0.9995060547348896,68109977.90508075,0.9993585692527506,ok
tianlai_icyl,1.2973681412461122,0.02,0.06545674084387493,0.06572102644776857,0.006021265260677258,0.0775968121811538,0.9986809572648414,68008166.50964949,0.997864719253069,ok
tianlai_icyl,1.2973681412461122,0.03,0.07545674084387494,0.07572102644776857,0.0060120620939095905,0.07753748831313528,0.9971545293465389,67846086.95626782,0.9954865715050495,ok
tianlai_icyl,1.3073680617355683,0.0,0.04510195110073856,0.04527969346870968,0.006305441404777214,0.07940680956175744,1.0,68186074.80085757,1.0,ok
tianlai_icyl,1.3073680617355683,0.01,0.05510195110073856,0.05527969346870968,0.006303351430333183,0.0793936485515887,0.9996685443080245,68142770.75816643,0.9993649136892303,ok
tianlai_icyl,1.3073680617355683,0.02,0.06510195110073856,0.06527969346870968,0.006298770007125433,0.07936479072690504,0.9989419618352608,68041822.82753953,0.9978844364668397,ok
tianlai_icyl,1.3073680617355683,0.03,0.07510195110073856,0.07527969346870968,0.006289781234829079,0.07930814103753207,0.9975164038577427,67881175.53194329,0.9955284232183073,ok
tianlai_icyl,1.317367983769721,0.0,0.04483401634700003,0.04490114992542677,0.0066055012567375875,0.08127423488866313,1.0,68204282.64554986,1.0,ok
tianlai_icyl,1.317367983769721,0.01,0.05483401634700003,0.05490114992542677,0.006603973374271776,0.0812648347950808,0.999768695454527,68161622.71351856,0.9993745270769432,ok
tianlai_icyl,1.317367983769721,0.02,0.06483401634700003,0.06490114992542677,0.006599609413334038,0.08123798011603955,0.9991080399239135,68061830.71351855,0.997911393148556,ok
tianlai_icyl,1.317367983769721,0.03,0.07483401634700003,0.07490114992542676,0.006590661569071555,0.0811828896324315,0.9977534350400893,67902559.33046496,0.9955761822662526,ok
tianlai_icyl,1.3273679073114129,0.0,0.0442252285059081,0.044451677648975285,0.006942103077831687,0.08331928394934565,1.0,68238698.36776936,1.0,ok
tianlai_icyl,1.3273679073114129,0.01,0.0542252285059081,0.05445167764897529,0.006939972328742107,0.08330649631776689,0.9996930686471102,68197110.64950222,0.999390555223621,ok
tianlai_icyl,1.3273679073114129,0.02,0.0642252285059081,0.06445167764897529,0.0069352977690026185,0.0832784351978507,0.9990197050155017,68098714.71609363,0.9979486177927765,ok
tianlai_icyl,1.3273679073114129,0.03,0.0742252285059081,0.07445167764897528,0.006925967840701198,0.08322239987347876,0.9976757422139101,67941667.70984226,0.995647181657448,ok
tianlai_icyl,1.337367832324594,0.0,0.04383758045792592,0.04402042830246005,0.007310722319283187,0.08550276205645749,1.0,68275125.07873303,1.0,ok
tianlai_icyl,1.337367832324594,0.01,0.05383758045792592,0.05402042830246005,0.007307747268471829,0.08548536289021548,0.9995930565159736,68233501.51032497,0.999390355296163,ok
tianlai_icyl,1.337367832324594,0.02,0.06383758045792592,0.06402042830246005,0.007302606019790268,0.08545528666963952,0.9988898088125285,68135925.75121349,0.9979611999632514,ok
tianlai_icyl,1.337367832324594,0.03,0.07383758045792592,0.07402042830246006,0.007292722785081882,0.08539744015532247,0.9975379267033808,67979750.04228713,0.9956737532724359,ok
tianlai_icyl,1.347367758774285,0.0,0.043446473785687965,0.04374586993810593,0.007689106032335735,0.08768754776098904,1.0,68293343.46339366,1.0,ok
tianlai_icyl,1.347367758774285,0.01,0.05344647378568797,0.053745869938105935,0.007687463413965022,0.08767818094580329,0.9997863706959165,68252380.02880226,0.9994001840807024,ok
tianlai_icyl,1.347367758774285,0.02,0.06344647378568796,0.06374586993810594,0.007682897216620281,0.0876521375473541,0.9991925178701733,68156108.72695899,0.9979905107954156,ok
tianlai_icyl,1.347367758774285,0.03,0.07344647378568797,0.07374586993810593,0.007673439102125055,0.087598168371976,0.9979624510125371,68001257.76436087,0.9957230722026467,ok
tianlai_icyl,1.3573676866265143,0.0,0.043121722498508805,0.0432612001322614,0.008120961338842412,0.09011637664066621,1.0,68319657.74885046,1.0,ok
tianlai_icyl,1.3573676866265143,0.01,0.05312172249850881,0.053261200132261405,0.008119203831254092,0.09010662479115557,0.9997835838006132,68279469.50320256,0.9994117616075355,ok
tianlai_icyl,1.3573676866265143,0.02,0.06312172249850881,0.0632612001322614,0.008114511850362192,0.09008058531316386,0.9992058220435834,68184337.6043517,0.9980193088057289,ok
tianlai_icyl,1.3573676866265143,0.03,0.0731217224985088,0.0732612001322614,0.008104842307291705,0.09002689768781164,0.9980151325836746,68031077.60916832,0.9957760306595359,ok
tianlai_icyl,1.367367615848302,0.0,0.0426299572071131,0.04293504749865199,0.008603441621972786,0.09275473908093745,1.0,68347998.32552557,1.0,ok
tianlai_icyl,1.367367615848302,0.01,0.0526299572071131,0.052935047498651994,0.008601077598607398,0.09274199479527814,0.9997252235245777,68308222.46708214,0.9994180391610888,ok
tianlai_icyl,1.367367615848302,0.02,0.0626299572071131,0.06293504749865199,0.008595976628944256,0.09271448985430625,0.9991323247885515,68213866.61335728,0.9980375180626438,ok
tianlai_icyl,1.367367615848302,0.03,0.0726299572071131,0.07293504749865198,0.008585884259881247,0.092660046729328,0.9979592629481325,68062107.45325962,0.9958171288220569,ok
tianlai_icyl,1.377367546407622,0.0,0.04237008804723929,0.04255924116637546,0.009114009855453372,0.09546732349580862,1.0,68374300.67780073,1.0,ok
tianlai_icyl,1.377367546407622,0.01,0.05237008804723929,0.05255924116637546,0.009112352215183684,0.09545864138559527,0.9998181217382932,68334640.90429503,0.9994199608169656,ok
tianlai_icyl,1.377367546407622,0.02,0.062370088047239286,0.06255924116637546,0.009107566929130534,0.09543357338552577,0.9992930744617329,68240953.27408165,0.9980497438014401,ok
tianlai_icyl,1.377367546407622,0.03,0.0723700880472393,0.07255924116637547,0.009097588081382488,0.0953812774153423,0.9981981834196658,68090270.32335117,0.9958459486732012,ok
tianlai_icyl,1.3873674782733665,0.0,0.04194137461022576,0.04215627631400869,0.009680723117310995,0.09839066580377935,1.0,68398590.87338734,1.0,ok
tianlai_icyl,1.3873674782733665,0.01,0.051941374610225764,0.05215627631400869,0.009679000966181416,0.09838191381641961,0.9998221051145963,68359663.11789519,0.9994308690428402,ok
tianlai_icyl,1.3873674782733665,0.02,0.061941374610225766,0.06215627631400869,0.009674136411539368,0.0983571878997126,0.9993196060158102,68267259.23109326,0.9980799071937434,ok
tianlai_icyl,1.3873674782733665,0.03,0.07194137461022576,0.07215627631400869,0.009663995418465153,0.09830562251705216,0.9982720610182592,68118375.73369274,0.9959032030321603,ok
tianlai_icyl,1.3973674114153087,0.0,0.04158073700744561,0.041773464515278774,0.010316733930072793,0.1015713243493103,1.0,68418826.24425265,1.0,ok
tianlai_icyl,1.3973674114153087,0.01,0.051580737007445615,0.051773464515278776,0.010314998859138395,0.10156278284459516,0.999831819745846,68380718.92285076,0.9994430287174783,ok
tianlai_icyl,1.3973674114153087,0.02,0.06158073700744561,0.06177346451527878,0.01031007343602846,0.10153853177995267,0.9993543989706938,68289471.36637896,0.9981093671877401,ok
tianlai_icyl,1.3973674114153087,0.03,0.0715807370074456,0.07177346451527877,0.010299716856519838,0.10148752069353079,0.9983505367427039,68141635.8941775,0.9959486245922198,ok
tianlai_icyl,1.4073673458040818,0.0,0.04119257694085867,0.04136284518277964,0.011028716594722258,0.10501769657882551,1.0,68452232.090377,1.0,ok
tianlai_icyl,1.4073673458040818,0.01,0.05119257694085867,0.05136284518277964,0.011026210859401022,0.1050057658388387,0.9997727990106814,68414059.59077466,0.9994423483583129,ok
tianlai_icyl,1.4073673458040818,0.02,0.06119257694085867,0.06136284518277964,0.011020840580432331,0.1049801913716694,0.999285863026556,68323611.84274802,0.9981210218615053,ok
tianlai_icyl,1.4073673458040818,0.03,0.07119257694085868,0.07136284518277963,0.01101001438688683,0.10492861567221227,0.9983042262737645,68177412.08603266,0.9959852294665643,ok
tianlai_icyl,1.4173672814111506,0.0,0.04089903939872201,0.04099711877073393,0.01180029770226126,0.10862917518908657,1.0,68471452.30620456,1.0,ok
tianlai_icyl,1.4173672814111506,0.01,0.050899039398722014,0.05099711877073393,0.011797954959077456,0.1086183914402964,0.9998014674508291,68433792.26790828,0.9994499891994715,ok
tianlai_icyl,1.4173672814111506,0.02,0.060899039398722016,0.060997118770733924,0.011792634045997742,0.10859389506780638,0.9993505539896633,68344372.26365313,0.9981440434185166,ok
tianlai_icyl,1.4173672814111506,0.03,0.07089903939872201,0.07099711877073392,0.011781678060705805,0.10854343858891612,0.9984221040837057,68199064.76150486,0.9960218815940755,ok
tianlai_icyl,1.4273672182087696,0.0,0.040628100292638976,0.04067749617749913,0.012638904168854393,0.11242288098449707,1.0,68489666.10878894,1.0,ok
tianlai_icyl,1.4273672182087696,0.01,0.05062810029263898,0.05067749617749913,0.012637000780446953,0.11241441535873836,0.9998494024179619,68452462.12129164,0.9994567941470439,ok
tianlai_icyl,1.4273672182087696,0.02,0.06062810029263897,0.060677496177499124,0.012631802413336501,0.11239129153691803,0.9994381035394356,68363590.07128084,0.9981591962018351,ok
tianlai_icyl,1.4273672182087696,0.03,0.07062810029263897,0.07067749617749913,0.012620820856847039,0.1123424267890232,0.9985692341863057,68219406.19630784,0.9960540045259993,ok
tianlai_icyl,1.437367156169967,0.0,0.04010577057769399,0.04038021451131865,0.01359636884143984,0.11660346839369677,1.0,68512949.29381135,1.0,ok
tianlai_icyl,1.437367156169967,0.01,0.05010577057769399,0.050380214511318654,0.01359405759269802,0.116593557252097,0.9998300098527206,68476545.36319861,0.999468656203127,ok
tianlai_icyl,1.437367156169967,0.02,0.06010577057769399,0.060380214511318656,0.013588615694636395,0.1165702178716176,0.9994297634247892,68388881.86115423,0.9981891389301448,ok
tianlai_icyl,1.437367156169967,0.03,0.07010577057769399,0.07038021451131865,0.013577339842723385,0.11652184277088731,0.9986004352383808,68246546.33462024,0.9961116407637238,ok
tianlai_icyl,1.4473670952685276,0.0,0.039778986681405254,0.040005505994390025,0.014668564077769664,0.1211138475888272,1.0,68541283.07906964,1.0,ok
tianlai_icyl,1.4473670952685276,0.01,0.049778986681405256,0.05000550599439003,0.014666210601415278,0.12110413123182577,0.9998395564595206,68504859.33489147,0.9994685867765831,ok
tianlai_icyl,1.4473670952685276,0.02,0.05977898668140526,0.06000550599439003,0.01466067660537887,0.1210812809866945,0.999462287354851,68417831.61069939,0.9981988742721982,ok
tianlai_icyl,1.4473670952685276,0.03,0.06977898668140525,0.07000550599439002,0.014649217202398366,0.12103395061881755,0.9986810654902057,68276703.8105602,0.9961398553306301,ok
tianlai_icyl,1.457367035478942,0.0,0.03947493901336733,0.03962725445642485,0.015848032331041054,0.12588896826585344,1.0,68558485.9420124,1.0,ok
tianlai_icyl,1.457367035478942,0.01,0.04947493901336733,0.04962725445642485,0.015845699146164273,0.1258797010886357,0.9998527776301787,68522777.98507047,0.9994791606545668,ok
tianlai_icyl,1.457367035478942,0.02,0.059474939013367326,0.05962725445642485,0.0158401108228714,0.1258575020524061,0.9995001582528238,68436766.25516194,0.998224586129959,ok
tianlai_icyl,1.457367035478942,0.03,0.06947493901336732,0.06962725445642484,0.01582843701131859,0.12581111640597817,0.998763548728754,68296634.65051323,0.9961806144359628,ok
tianlai_icyl,1.467366976776406,0.0,0.039194156704279094,0.039296491491264636,0.017156068420961068,0.13098117582676172,1.0,68578721.93951246,1.0,ok
tianlai_icyl,1.467366976776406,0.01,0.049194156704279096,0.04929649149126464,0.01715329176661063,0.13097057595739064,0.9998381532247187,68543266.16949417,0.9994829916770749,ok
tianlai_icyl,1.467366976776406,0.02,0.05919415670427909,0.05929649149126463,0.017147411463638428,0.1309481250863808,0.9994953996970505,68458066.5221328,0.9982406289594302,ok
tianlai_icyl,1.467366976776406,0.03,0.06919415670427909,0.06929649149126463,0.017135362393469467,0.1309021099656895,0.9987930785198837,68319206.48763554,0.9962158021535336,ok
tianlai_icyl,1.4773669191367926,0.0,0.03878211733139116,0.039014424937112054,0.018597381691004437,0.13637221744550623,1.0,68598965.69729805,1.0,ok
tianlai_icyl,1.4773669191367926,0.01,0.048782117331391164,0.049014424937112056,0.018593937912957405,0.13635959046930804,0.9998148245756177,68564025.97878511,0.9994906669778796,ok
tianlai_icyl,1.4773669191367926,0.02,0.05878211733139116,0.05901442493711205,0.018587534171512862,0.13633610736526425,0.9994704889292917,68479718.29029745,0.9982616733971356,ok
tianlai_icyl,1.4773669191367926,0.03,0.06878211733139117,0.06901442493711205,0.018574960615800613,0.13628998721769922,0.998794396137244,68341982.65060088,0.9962538349655133,ok
tianlai_icyl,1.487366862536622,0.0,0.038470191751737395,0.038652454255861675,0.02021986816803377,0.14219658282825845,1.0,68617179.71883008,1.0,ok
tianlai_icyl,1.487366862536622,0.01,0.0484701917517374,0.04865245425586168,0.02021680584945002,0.1421858145155487,0.9998485490331441,68582939.90256673,0.9995010022795509,ok
tianlai_icyl,1.487366862536622,0.02,0.0584701917517374,0.05865245425586167,0.020210525838966133,0.1421637289851604,0.9995379629090556,68499344.19287066,0.9982827110288959,ok
tianlai_icyl,1.487366862536622,0.03,0.0684701917517374,0.06865245425586167,0.020197928150819867,0.14211941510863274,0.9989149277813498,68362880.53094614,0.9962939428736947,ok
tianlai_icyl,1.497366806953045,0.0,0.03818202146385075,0.03836565299394753,0.02207159998691178,0.14856513718538336,1.0,68640460.19199571,1.0,ok
tianlai_icyl,1.497366806953045,0.01,0.048182021463850755,0.04836565299394753,0.02206941524409399,0.14855778419219234,0.9999010156572662,68606160.00851227,0.9995002920524207,ok
tianlai_icyl,1.497366806953045,0.02,0.05818202146385075,0.058365652993947525,0.022063590147513412,0.14853817740740397,0.9996370974735354,68523292.14882314,0.9982930178083766,ok
tianlai_icyl,1.497366806953045,0.03,0.06818202146385074,0.06836565299394753,0.022051205553942195,0.1484964833049665,0.9990759875595028,68387592.15242085,0.996316049763251,ok
tianlai_icyl,1.507366752363828,0.0,0.03783862723242944,0.03812939287720479,0.024125457879017667,0.15532371962780722,1.0,68657659.56433827,1.0,ok
tianlai_icyl,1.507366752363828,0.01,0.047838627232429445,0.048129392877204795,0.024122108831424068,0.15531293839028373,0.9998611820090465,68623767.89189109,0.9995063672041513,ok
tianlai_icyl,1.507366752363828,0.02,0.05783862723242944,0.0581293928772048,0.024115614125255348,0.15529202853094343,0.9995919765000241,68541644.40259174,0.9983102371609709,ok
tianlai_icyl,1.507366752363828,0.03,0.06783862723242945,0.06812939287720479,0.024102447849217466,0.15524963075388445,0.9990462344832753,68407025.08235188,0.9963495044314535,ok
tianlai_icyl,1.5173666987473269,0.0,0.03754560986966741,0.03775893891533718,0.026422026169485833,0.16254853481187037,1.0,68669803.48915353,1.0,ok
tianlai_icyl,1.5173666987473269,0.01,0.04754560986966741,0.04775893891533718,0.026419773248139405,0.16254160466827994,0.9999147332103914,68636711.74773704,0.9995181034496229,ok
tianlai_icyl,1.5173666987473269,0.02,0.057545609869667405,0.05775893891533718,0.026413780108266442,0.16252316791235163,0.9996879095809498,68555556.04769391,0.9983362783107764,ok
tianlai_icyl,1.5173666987473269,0.03,0.0675456098696674,0.06775893891533719,0.02640092513493646,0.16248361497374578,0.9992013846926796,68422436.65450323,0.9963977349274142,ok
tianlai_icyl,1.5273666460824682,0.0,0.03730415649786907,0.03751885845204255,0.029030417732031893,0.17038314978903252,1.0,68688021.1229549,1.0,ok
tianlai_icyl,1.5273666460824682,0.01,0.04730415649786907,0.04751885845204255,0.0290284694023512,0.1703774321979035,0.9999328866122879,68654973.21744946,0.9995188694481926,ok
tianlai_icyl,1.5273666460824682,0.02,0.057304156497869074,0.05751885845204255,0.02902254431861951,0.17036004319857256,0.9997287874571748,68574305.46381027,0.9983444615627944,ok
tianlai_icyl,1.5273666460824682,0.03,0.06730415649786907,0.06751885845204256,0.029009560301301262,0.17032193135736004,0.9992815318428017,68441785.92278382,0.9964151653207434,ok
tianlai_icyl,1.5373665943487331,0.0,0.036952605317978574,0.037196340791186146,0.0320715807918636,0.1790854008339697,1.0,68711299.52120706,1.0,ok
tianlai_icyl,1.5373665943487331,0.01,0.046952605317978575,0.04719634079118615,0.03206881565859212,0.1790776805148875,0.9999137824452925,68678339.64672565,0.9995203136207425,ok
tianlai_icyl,1.5373665943487331,0.02,0.05695260531797858,0.05719634079118614,0.032062404937332936,0.17905978034537218,0.9997138945351584,68598431.68966624,0.9983573614190488,ok
tianlai_icyl,1.5373665943487331,0.03,0.06695260531797857,0.06719634079118614,0.0320488717771264,0.17902198685392362,0.9992919271773794,68467159.87464103,0.9964468777585748,ok
tianlai_icyl,1.547366543526144,0.0,0.036679888636385966,0.03687100211499155,0.035452431232939674,0.1882881600976006,1.0,68730521.6357459,1.0,ok
tianlai_icyl,1.547366543526144,0.01,0.04667988863638597,0.04687100211499155,0.03545021188945356,0.1882822665294147,0.9999373993994508,68697817.93961963,0.9995241750630152,ok
tianlai_icyl,1.547366543526144,0.02,0.05667988863638597,0.05687100211499155,0.035444023739937096,0.18826583264080898,0.9997628514403614,68618686.31138006,0.9983728433641383,ok
tianlai_icyl,1.547366543526144,0.03,0.06667988863638596,0.06687100211499156,0.03543047462947012,0.18822984521448802,0.9993806742526263,68487910.56999603,0.9964701116770851,ok
tianlai_icyl,1.5573664935952372,0.0,0.03640512904755392,0.036542767077403504,0.039397059189642966,0.19848692448028651,1.0,68740643.20147526,1.0,ok
tianlai_icyl,1.5573664935952372,0.01,0.04640512904755392,0.046542767077403506,0.03939474616555601,0.1984810977538063,0.9999412894227504,68708903.33117929,0.9995382663178908,ok
tianlai_icyl,1.5573664935952372,0.02,0.05640512904755392,0.05654276707740351,0.03938842899584725,0.1984651833341235,0.9997809431979637,68630683.48619142,0.9984003682514062,ok
tianlai_icyl,1.5573664935952372,0.03,0.06640512904755391,0.0665427670774035,0.03937466186950142,0.19843049631924378,0.9994314976649975,68501547.67600222,0.9965217735194554,ok
tianlai_icyl,1.5673664445370563,0.0,0.03618381922133368,0.03632229588209517,0.043949986323335785,0.20964252031335576,1.0,68755825.48219442,1.0,ok
tianlai_icyl,1.5673664445370563,0.01,0.04618381922133368,0.046322295882095174,0.043948078485648176,0.20963797004752782,0.9999565907103231,68724145.28408012,0.9995392361608325,ok
tianlai_icyl,1.5673664445370563,0.02,0.05618381922133368,0.05632229588209517,0.043941875375851494,0.20962317471084035,0.9998154505117562,68646421.42337924,0.9984088030643525,ok
tianlai_icyl,1.5673664445370563,0.03,0.06618381922133368,0.06632229588209518,0.043928008661076996,0.2095900967628886,0.9994999392696712,68517757.54720068,0.9965374870663811,ok
tianlai_icyl,1.577366396333134,0.0,0.035877289238356244,0.035961147449925165,0.04916535522817343,0.22173262102851135,1.0,68773025.53254384,1.0,ok
tianlai_icyl,1.577366396333134,0.01,0.045877289238356246,0.04596114744992517,0.04915770553892325,0.22171537055180285,0.9998444089498656,68741853.64460734,0.9995467425244836,ok
tianlai_icyl,1.577366396333134,0.02,0.05587728923835625,0.05596114744992517,0.04914843394352239,0.2216944607867377,0.9996558290981015,68664977.62946361,0.9984289203180526,ok
tianlai_icyl,1.577366396333134,0.03,0.06587728923835624,0.06596114744992516,0.049131743206134434,0.22165681403046114,0.9993163474181564,68537845.84450436,0.9965803498360241,ok
tianlai_icyl,1.5824602878794465,0.0,0.03579323456004061,0.03579323456004061,0.05198546970570654,0.2280032230160498,1.0,68779096.0,1.0,ok
tianlai_icyl,1.5824602878794465,0.01,0.04579323456004061,0.04579323456004061,0.051983440761264696,0.2279987735959663,0.9999609709318136,68748264.0,0.9995517242622671,ok
tianlai_icyl,1.5824602878794465,0.02,0.05579323456004061,0.05579323456004061,0.051977021169341,0.2279846950331118,0.9998374827348224,68671280.0,0.99843243069086,ok
tianlai_icyl,1.5824602878794465,0.03,0.0657932345600406,0.0657932345600406,0.05196283292907007,0.22795357625856646,0.9995645556967241,68544696.0,0.9965919877748902,ok
meerkat_b1_interferom,0.4030312526376365,0.0,0.17575067861132831,0.1779139676102214,0.03849172620356474,0.19619308398504964,1.0,46128286.78070977,1.0,ok
meerkat_b1_interferom,0.4030312526376365,0.01,0.18575067861132832,0.18791396761022142,0.03811656724507556,0.1952346466308569,0.990253516911527,45831440.5988238,0.9935647689822699,ok
meerkat_b1_interferom,0.4030312526376365,0.02,0.1957506786113283,0.1979139676102214,0.037389527896426,0.19336371918337214,0.9713653188399574,45231782.35408387,0.9805649745699897,ok
meerkat_b1_interferom,0.4030312526376365,0.03,0.2057506786113283,0.2079139676102214,0.03641787540384149,0.19083468082044597,0.9461221669104778,44396029.393667385,0.9624469602507155,ok
meerkat_b1_interferom,0.41164567827357,0.0,0.17109589111340226,0.17391295274149796,0.041373168359555845,0.2034039536477987,1.0,47181657.28471164,1.0,ok
meerkat_b1_interferom,0.41164567827357,0.01,0.18109589111340227,0.18391295274149796,0.040989898811385386,0.20245962266927542,0.9907362775594164,46895214.41783544,0.9939289358754887,ok
meerkat_b1_interferom,0.41164567827357,0.02,0.19109589111340225,0.19391295274149795,0.040246940063978026,0.20061640028666158,0.9727787757082013,46316440.18355631,0.9816620027580998,ok
meerkat_b1_interferom,0.41164567827357,0.03,0.20109589111340226,0.20391295274149795,0.03925080457004412,0.19811815810279512,0.9487019275133294,45507758.80741252,0.9645222619629872,ok
meerkat_b1_interferom,0.4216447014746006,0.0,0.16632898461260015,0.1690413907552501,0.04481952626441146,0.2117062263241482,1.0,48326490.2521074,1.0,ok
meerkat_b1_interferom,0.4216447014746006,0.01,0.17632898461260016,0.1790413907552501,0.0444284258477803,0.21078051581628768,0.9912738832997948,48052381.36873424,0.9943279786729142,ok
meerkat_b1_interferom,0.4216447014746006,0.02,0.18632898461260014,0.1890413907552501,0.04366774978554464,0.20896829851808776,0.9743019042175513,47496713.428655446,0.9828297726749199,ok
meerkat_b1_interferom,0.4216447014746006,0.03,0.19632898461260015,0.1990413907552501,0.04264532067947255,0.20650743492541024,0.9514897687201722,46719075.11023783,0.966738425789167,ok
meerkat_b1_interferom,0.4316437701221758,0.0,0.16182516352466322,0.16438596418545798,0.04839191199426142,0.21998161740077607,1.0,49399557.39783621,1.0,ok
meerkat_b1_interferom,0.4316437701221758,0.01,0.17182516352466323,0.174385964185458,0.04799195372780275,0.21907065921250785,0.9917350183124384,49136138.55140295,0.9946675869115217,ok
meerkat_b1_interferom,0.4316437701221758,0.02,0.1818251635246632,0.18438596418545797,0.04721315798645563,0.21728588998472873,0.9756415078630171,48601569.0134635,0.9838462442497984,ok
meerkat_b1_interferom,0.4316437701221758,0.03,0.19182516352466322,0.19438596418545798,0.0461635871366819,0.21485713191951972,0.9539525353359924,47852138.00064369,0.9686754400503942,ok
meerkat_b1_interferom,0.4416428811779503,0.0,0.15747952127069798,0.1599718209884101,0.052433490542127606,0.2289836032167535,1.0,50726546.74198316,1.0,ok
meerkat_b1_interferom,0.4416428811779503,0.01,0.16747952127069798,0.1699718209884101,0.052010956330837285,0.22805910709909677,0.9919415204495906,50464527.83503023,0.9948346788066281,ok
meerkat_b1_interferom,0.4416428811779503,0.02,0.17747952127069797,0.17997182098841008,0.051199666753719786,0.2262734336012953,0.9764687840605136,49940118.741071984,0.9844967171743173,ok
meerkat_b1_interferom,0.4416428811779503,0.03,0.18747952127069797,0.1899718209884101,0.05010711592541443,0.22384618809668042,0.9556318949461499,49206135.05802426,0.9700272977048415,ok
meerkat_b1_interferom,0.4516420318709491,0.0,0.15339062678039503,0.1557292314332567,0.05622240996775925,0.23711265248349622,1.0,51668725.36316709,1.0,ok
meerkat_b1_interferom,0.4516420318709491,0.01,0.16339062678039504,0.1657292314332567,0.05578982672084576,0.23619870177637675,0.9923058572700538,51415784.43673943,0.9951045642281708,ok
meerkat_b1_interferom,0.4516420318709491,0.02,0.17339062678039502,0.1757292314332567,0.054960076345072634,0.23443565502088762,0.9775475006601371,50909957.64273739,0.9853147582972773,ok
meerkat_b1_interferom,0.4516420318709491,0.03,0.18339062678039503,0.1857292314332567,0.05384173418019765,0.23203821706821842,0.9576561056538345,50202019.92377959,0.9716132838757221,ok
meerkat_b1_interferom,0.4616412196690345,0.0,0.14949224993575908,0.15171230584287676,0.06004096548631073,0.24503258045882537,1.0,52535923.88928178,1.0,ok
meerkat_b1_interferom,0.4616412196690345,0.01,0.15949224993575908,0.16171230584287677,0.05960233736673541,0.24413589938133926,0.9926945192166284,52293596.88297087,0.9953874037349831,ok
meerkat_b1_interferom,0.4616412196690345,0.02,0.16949224993575907,0.17171230584287675,0.05875558048424781,0.24239550425750023,0.9785915334363504,51805878.277701735,0.9861038779270619,ok
meerkat_b1_interferom,0.4616412196690345,0.03,0.17949224993575907,0.18171230584287676,0.05761118761974554,0.24002330640949338,0.9595313325346313,51122036.26310149,0.9730872225801144,ok
meerkat_b1_interferom,0.4716404422531588,0.0,0.14573768253783756,0.14789191190822815,0.06390692177168221,0.2527981838773416,1.0,53354844.14451541,1.0,ok
meerkat_b1_interferom,0.4716404422531588,0.01,0.15573768253783757,0.15789191190822816,0.06345940798997933,0.25191150825236097,0.9929974129672261,53120911.80851744,0.9956155370754276,ok
meerkat_b1_interferom,0.4716404422531588,0.02,0.16573768253783755,0.16789191190822814,0.06259674440932875,0.25019341400070616,0.9794986626482451,52650732.66808556,0.9868032324389757,ok
meerkat_b1_interferom,0.4716404422531588,0.03,0.17573768253783756,0.17789191190822815,0.06142619678607027,0.24784308904238236,0.9611822175620548,51989443.57424149,0.9744090608422427,ok
meerkat_b1_interferom,0.4816396974957505,0.0,0.142166573672499,0.14424190316365523,0.06783508047289484,0.26045168548676134,1.0,54120753.713306926,1.0,ok
meerkat_b1_interferom,0.4816396974957505,0.01,0.152166573672499,0.15424190316365524,0.06738041051462629,0.2595773690340248,0.993297421406462,53895482.79210396,0.9958376240952539,ok
meerkat_b1_interferom,0.4816396974957505,0.02,0.16216657367249898,0.16424190316365522,0.06649988814738736,0.25787572229154754,0.9803170820142096,53440669.30268809,0.9874339442088809,ok
meerkat_b1_interferom,0.4816396974957505,0.03,0.172166573672499,0.17424190316365523,0.06530430005078416,0.2555470603446343,0.96269215862253,52801103.75494583,0.9756165635580085,ok
meerkat_b1_interferom,0.491638983440728,0.0,0.13877138113771345,0.14071846416814743,0.07190159348500824,0.26814472488752833,1.0,54841706.351495296,1.0,ok
meerkat_b1_interferom,0.491638983440728,0.01,0.14877138113771346,0.15071846416814744,0.07143801690922452,0.26727891220450695,0.9935526244508006,54623776.23688638,0.9960261974123829,ok
meerkat_b1_interferom,0.491638983440728,0.02,0.15877138113771344,0.16071846416814742,0.0705415507148903,0.2655965939444448,0.9810846644114846,54184373.944176376,0.988014005196959,ok
meerkat_b1_interferom,0.491638983440728,0.03,0.16877138113771345,0.17071846416814743,0.06931977026544159,0.263286479458102,0.9640922670218015,53564660.36297174,0.976713963268418,ok
meerkat_b1_interferom,0.501638298286979,0.0,0.13545418249968494,0.13733864815673216,0.07615427184613258,0.2759606345951041,1.0,55516739.492991574,1.0,ok
meerkat_b1_interferom,0.501638298286979,0.01,0.14545418249968495,0.14733864815673217,0.0756858767644743,0.2751106627604141,0.9938493918948546,55307509.686928086,0.9962312302924435,ok
meerkat_b1_interferom,0.501638298286979,0.02,0.15545418249968493,0.15733864815673215,0.0747743104518469,0.2734489174450082,0.9818793961148516,54882995.22225946,0.9885846273300666,ok
meerkat_b1_interferom,0.501638298286979,0.03,0.16545418249968494,0.16733864815673216,0.07352935243185074,0.271162962868919,0.9655315539017246,54283480.72679627,0.9777858214034527,ok
meerkat_b1_interferom,0.5116376403726887,0.0,0.13231194066461532,0.13412080028184895,0.08064060217673694,0.2839728898622841,1.0,56150919.96309156,1.0,ok
meerkat_b1_interferom,0.5116376403726887,0.01,0.14231194066461533,0.14412080028184895,0.08016498577879326,0.28313421866456423,0.9941020232351281,55948789.798133425,0.9964002341352377,ok
meerkat_b1_interferom,0.5116376403726887,0.02,0.15231194066461531,0.15412080028184894,0.07923694322908255,0.2814905739613363,0.982593645015472,55537598.11028743,0.989077260831928,ok
meerkat_b1_interferom,0.5116376403726887,0.03,0.16231194066461532,0.16412080028184894,0.07796636211888669,0.2792245729137869,0.9668375485095062,54955912.81301645,0.978717941738789,ok
meerkat_b1_interferom,0.5216370081625243,0.0,0.12929529702459344,0.13102321917672063,0.08533939738039314,0.2921290765747106,1.0,56749606.53465125,1.0,ok
meerkat_b1_interferom,0.5216370081625243,0.01,0.13929529702459345,0.14102321917672064,0.08485598763689856,0.2913005108764805,0.9943354446090141,56553933.28474687,0.9965519893114166,ok
meerkat_b1_interferom,0.5216370081625243,0.02,0.14929529702459343,0.15102321917672062,0.08391221375948926,0.2896760496822084,0.9832763803739751,56155628.48341288,0.9895333538413928,ok
meerkat_b1_interferom,0.5216370081625243,0.03,0.15929529702459344,0.16102321917672063,0.08261754740636273,0.2874326832605553,0.9681055871311348,55591497.5961716,0.9795926525451325,ok
meerkat_b1_interferom,0.5316364002352935,0.0,0.12641324348097951,0.12807031320709136,0.09020378145708384,0.30033944372506893,1.0,57308347.83383508,1.0,ok
meerkat_b1_interferom,0.5316364002352935,0.01,0.13641324348097952,0.13807031320709137,0.08971347702395618,0.2995220810290223,0.9945644802777928,57119060.19210296,0.996697031952815,ok
meerkat_b1_interferom,0.5316364002352935,0.02,0.1464132434809795,0.14807031320709135,0.08875505687393814,0.29791786934310965,0.9839394251577473,56733307.366002165,0.9899658515806417,ok
meerkat_b1_interferom,0.5316364002352935,0.03,0.1564132434809795,0.15807031320709136,0.08743558292458,0.29569508437676134,0.9693117241008253,56185404.18708499,0.9804052343298039,ok
meerkat_b1_interferom,0.5416358152738203,0.0,0.12365083211901494,0.1252482666946554,0.09521760992363523,0.3085735081364491,1.0,57828832.88206147,1.0,ok
meerkat_b1_interferom,0.5416358152738203,0.01,0.13365083211901493,0.13524826669465542,0.0947227243583962,0.30777057097519284,0.9948025836225469,57646402.844744384,0.9968453446451334,ok
meerkat_b1_interferom,0.5416358152738203,0.02,0.14365083211901494,0.1452482666946554,0.0937489012970229,0.30618442366819204,0.9845752416197987,57272184.408988476,0.990374205299833,ok
meerkat_b1_interferom,0.5416358152738203,0.03,0.15365083211901492,0.1552482666946554,0.09240629148585569,0.3039840316297152,0.9704748056579636,56740286.6663264,0.9811764104256593,ok
meerkat_b1_interferom,0.5516352520552465,0.0,0.12094986421729109,0.1225415410208618,0.10041880258962502,0.31688925918942884,1.0,58326902.144069865,1.0,ok
meerkat_b1_interferom,0.5516352520552465,0.01,0.1309498642172911,0.1325415410208618,0.09991727555903664,0.3160969401291899,0.9950056461772608,58150232.924316466,0.9969710508657391,ok
meerkat_b1_interferom,0.5516352520552465,0.02,0.14094986421729108,0.1425415410208618,0.0989292695908677,0.31453023636984045,0.9851667918721906,57787423.78991797,0.9907507799262275,ok
meerkat_b1_interferom,0.5516352520552465,0.03,0.1509498642172911,0.15254154102086181,0.09756208791747562,0.31234930433326663,0.9715519942632282,57270192.017304435,0.981882971871962,ok
meerkat_b1_interferom,0.561634709442806,0.0,0.11839089900502564,0.11989096452482002,0.10583089719055472,0.3253166106895784,1.0,58802178.80669367,1.0,ok
meerkat_b1_interferom,0.561634709442806,0.01,0.12839089900502565,0.12989096452482002,0.10532242160524313,0.3245341609218406,0.99519539568491,58630850.48883982,0.9970863610612614,ok
meerkat_b1_interferom,0.561634709442806,0.02,0.13839089900502563,0.13989096452482003,0.10431908567047295,0.3229846523760424,0.9857148379139254,58278471.03616071,0.991093735280548,ok
meerkat_b1_interferom,0.561634709442806,0.03,0.14839089900502564,0.14989096452482004,0.1029266298345523,0.3208218038640022,0.9725574720322637,57774934.40497118,0.9825305044376085,ok
meerkat_b1_interferom,0.5716341863783246,0.0,0.11593138374569126,0.11731746148237927,0.11147567526780722,0.3338797317415467,1.0,59255789.58253539,1.0,ok
meerkat_b1_interferom,0.5716341863783246,0.01,0.12593138374569127,0.12731746148237927,0.11095761691934058,0.33310301247413027,0.9953527229395824,59088697.08556727,0.9971801490091464,ok
meerkat_b1_interferom,0.5716341863783246,0.02,0.13593138374569125,0.13731746148237928,0.1099373356007696,0.33156799544100996,0.9862002211393478,58745666.62652976,0.9913911710636292,ok
meerkat_b1_interferom,0.5716341863783246,0.03,0.14593138374569126,0.14731746148237929,0.10852197838237682,0.32942674205713296,0.9735036645587973,58256001.58580387,0.9831275896621214,ok
meerkat_b1_interferom,0.5816336818753315,0.0,0.11351588169728832,0.11488740585585203,0.11728887951210747,0.3424746406846899,1.0,59663077.337706596,1.0,ok
meerkat_b1_interferom,0.5816336818753315,0.01,0.12351588169728832,0.12488740585585202,0.11677075072856086,0.3417173550297978,0.9955824560205375,59502887.34363411,0.9973150899816017,ok
meerkat_b1_interferom,0.5816336818753315,0.02,0.1335158816972883,0.13488740585585202,0.11574004711240604,0.3402058892970638,0.9867947208111785,59170799.164524734,0.9917490314756067,ok
meerkat_b1_interferom,0.5816336818753315,0.03,0.14351588169728832,0.14488740585585203,0.11430379325022774,0.3380884399831318,0.9745492814468265,58694902.58914805,0.9837726313867712,ok
meerkat_b1_interferom,0.5916331950132863,0.0,0.11126463499430304,0.11254765468439926,0.12331115259890296,0.35115687747629687,1.0,60063760.01573555,1.0,ok
meerkat_b1_interferom,0.5916331950132863,0.01,0.12126463499430304,0.12254765468439925,0.12278337600964764,0.35040458902481236,0.9957199606188742,59907247.87556034,0.9973942333924116,ok
meerkat_b1_interferom,0.5916331950132863,0.02,0.13126463499430305,0.13254765468439925,0.12173724386474556,0.34890864687586287,0.9872362823557664,59583975.237945184,0.9920120755399816,ok
meerkat_b1_interferom,0.5916331950132863,0.03,0.14126463499430303,0.14254765468439926,0.12027582468164388,0.34680805163900663,0.9753848062134967,59119829.74562529,0.9842845291426482,ok
meerkat_b1_interferom,0.6016327249317482,0.0,0.10900373813352301,0.11027664384565529,0.1295018005908449,0.35986358608623475,1.0,60459324.62391917,1.0,ok
meerkat_b1_interferom,0.6016327249317482,0.01,0.11900373813352301,0.12027664384565528,0.12896138936584078,0.35911194545133246,0.9958269983696094,60305564.879944965,0.9974568067881895,ok
meerkat_b1_interferom,0.6016327249317482,0.02,0.129003738133523,0.1302766438456553,0.12789869999753306,0.35762927732154853,0.9876210169588547,59990453.93908262,0.9922448573854719,ok
meerkat_b1_interferom,0.6016327249317482,0.03,0.139003738133523,0.1402766438456553,0.1264099795027177,0.3555418111878232,0.9761252656409337,59536977.18656446,0.9847443311169605,ok
meerkat_b1_interferom,0.6116322708259598,0.0,0.10687359071175728,0.10812514618579598,0.13567728637825072,0.36834397833852356,1.0,60796574.44073889,1.0,ok
meerkat_b1_interferom,0.6116322708259598,0.01,0.11687359071175728,0.11812514618579598,0.13513848016775237,0.36761186075499847,0.9960287663109931,60649225.44561342,0.997576360239357,ok
meerkat_b1_interferom,0.6116322708259598,0.02,0.12687359071175727,0.12812514618579599,0.13406399352867002,0.36614750242036337,0.988109337291114,60343098.460914165,0.9925410932442132,ok
meerkat_b1_interferom,0.6116322708259598,0.03,0.13687359071175728,0.13812514618579597,0.13255602548810638,0.3640824432571645,0.9769949637595001,59902031.064163476,0.9852862865251173,ok
meerkat_b1_interferom,0.6216318319418312,0.0,0.10479596683830629,0.10602470045676438,0.14201824563758958,0.37685308229811465,1.0,61143009.87379617,1.0,ok
meerkat_b1_interferom,0.6216318319418312,0.01,0.11479596683830628,0.11602470045676437,0.14147023913807855,0.3761252971259425,0.9961412951057749,60998964.3720969,0.9976441215112474,ok
meerkat_b1_interferom,0.6216318319418312,0.02,0.1247959668383063,0.12602470045676437,0.14037902276513708,0.37467188680916147,0.9884576600345032,60700145.22691725,0.9927569047092542,ok
meerkat_b1_interferom,0.6216318319418312,0.03,0.1347959668383063,0.13602470045676437,0.13884762755261582,0.37262263424625164,0.9776745722302138,60269809.90332867,0.9857187277454962,ok
meerkat_b1_interferom,0.6316314075724931,0.0,0.10282288730452721,0.1039590862970639,0.14839829803081894,0.38522499663290144,1.0,61459129.13899517,1.0,ok
meerkat_b1_interferom,0.6316314075724931,0.01,0.1128228873045272,0.11395908629706389,0.14784756533182136,0.3845095126675299,0.9962888206515468,61319824.08402167,0.9977333708283037,ok
meerkat_b1_interferom,0.6316314075724931,0.02,0.12282288730452721,0.1239590862970639,0.14674358969966145,0.3830712592973551,0.9888495464360794,61029002.62362531,0.9930014218978421,ok
meerkat_b1_interferom,0.6316314075724931,0.03,0.1328228873045272,0.13395908629706388,0.14518963306837346,0.38103757435241664,0.9783780204690816,60609139.21398128,0.9861698345400963,ok
meerkat_b1_interferom,0.6416309970542121,0.0,0.10089084343601508,0.10206823169425985,0.15489008948555577,0.39356078245368376,1.0,61770573.332523435,1.0,ok
meerkat_b1_interferom,0.6416309970542121,0.01,0.11089084343601507,0.11206823169425985,0.15432574541924132,0.39284315625862865,0.9963564869244453,61633143.15362154,0.9977751513141689,ok
meerkat_b1_interferom,0.6416309970542121,0.02,0.12089084343601508,0.12206823169425986,0.15320723861945063,0.3914169626107824,0.9891351934026607,61349493.67139289,0.9931831673495437,ok
meerkat_b1_interferom,0.6416309970542121,0.03,0.1308908434360151,0.13206823169425985,0.15162540183510342,0.3893910654279364,0.9789225530097148,60938253.425450176,0.9865256243844021,ok
meerkat_b1_interferom,0.6516305997633212,0.0,0.09903265782140253,0.10009153717453605,0.16145540351105078,0.4018151359904835,1.0,62061420.5428899,1.0,ok
meerkat_b1_interferom,0.6516305997633212,0.01,0.10903265782140252,0.11009153717453604,0.16088846226929387,0.40110904037343,0.99648855826793,61928445.43168051,0.9978573627537659,ok
meerkat_b1_interferom,0.6516305997633212,0.02,0.11903265782140253,0.12009153717453605,0.1597564443635574,0.39969543950808023,0.9894772233660356,61651963.5819498,0.9934023914154989,ok
meerkat_b1_interferom,0.6516305997633212,0.03,0.12903265782140252,0.13009153717453603,0.15815445978812806,0.39768638370973686,0.979555074335454,61251024.38488127,0.9869420301546502,ok
meerkat_b1_interferom,0.6616302151132223,0.0,0.0972422395387936,0.0982386736564768,0.16815438271568237,0.4100663150219515,1.0,62333818.00037323,1.0,ok
meerkat_b1_interferom,0.6616302151132223,0.01,0.1072422395387936,0.1082386736564768,0.16758315433993917,0.409369215183481,0.996602952795414,62204646.107222706,0.9979277397519634,ok
meerkat_b1_interferom,0.6616302151132223,0.02,0.1172422395387936,0.1182386736564768,0.16643795890474977,0.407968085644882,0.9897925716641311,61935054.36370135,0.9936027721473841,ok
meerkat_b1_interferom,0.6616302151132223,0.03,0.1272422395387936,0.1282386736564768,0.16481344560830036,0.40597222270532296,0.9801317274433999,61543332.99435262,0.9873185209669673,ok
meerkat_b1_interferom,0.6716298425514334,0.0,0.09549186118437145,0.09649596531864965,0.17501987544782738,0.41835376829643517,1.0,62585876.00087875,1.0,ok
meerkat_b1_interferom,0.6716298425514334,0.01,0.10549186118437144,0.10649596531864965,0.17444741994001084,0.4176690315788457,0.9967291971477423,62460970.61007929,0.9980042559315186,ok
meerkat_b1_interferom,0.6716298425514334,0.02,0.11549186118437145,0.11649596531864966,0.17329037959387997,0.4162816109244798,0.9901182888542109,62198224.31630528,0.9938060835871655,ok
meerkat_b1_interferom,0.6716298425514334,0.03,0.12549186118437144,0.12649596531864965,0.17164615915583237,0.414302014424058,0.9807238104623112,61815987.58805159,0.9876986875950038,ok
meerkat_b1_interferom,0.6816294815574722,0.0,0.09383727897632561,0.09476358988311794,0.18215903794136656,0.4268009347943917,1.0,62840567.794318974,1.0,ok
meerkat_b1_interferom,0.6816294815574722,0.01,0.10383727897632561,0.10476358988311793,0.18157702392840103,0.4261185561887689,0.9968049127864143,62718000.378333166,0.9980495495141454,ok
meerkat_b1_interferom,0.6816294815574722,0.02,0.11383727897632562,0.11476358988311794,0.18040494826490794,0.42474103670932,0.9903705591757505,62461168.5684385,0.9939625111739558,ok
meerkat_b1_interferom,0.6816294815574722,0.03,0.12383727897632561,0.12476358988311793,0.1787357831606376,0.422771549611179,0.9812073294884723,62086853.93338652,0.9880059349018073,ok
meerkat_b1_interferom,0.6916291316400767,0.0,0.09215299397689833,0.09319307951360459,0.18950861183169582,0.4353258685533124,1.0,63087578.05092036,1.0,ok
meerkat_b1_interferom,0.6916291316400767,0.01,0.10215299397689832,0.10319307951360458,0.18891386709202976,0.43464222884118126,0.9968616479540557,62966644.31580939,0.9980830816644545,ok
meerkat_b1_interferom,0.6916291316400767,0.02,0.11215299397689833,0.11319307951360459,0.18772517462590443,0.43327263313750203,0.990589149545482,62715154.75729111,0.9940967254547535,ok
meerkat_b1_interferom,0.6916291316400767,0.03,0.12215299397689833,0.12319307951360459,0.18602688551755212,0.4313083415812313,0.981627609001559,62347589.85509454,0.9882704611797183,ok
meerkat_b1_interferom,0.7016287923356282,0.0,0.09058155841209051,0.09146401040645408,0.19695121983669137,0.4437918654467332,1.0,63305159.84111336,1.0,ok
meerkat_b1_interferom,0.7016287923356282,0.01,0.1005815584120905,0.10146401040645407,0.1963604087440538,0.4431257256626541,0.9970002161290118,63189071.53041924,0.9981662109220562,ok
meerkat_b1_interferom,0.7016287923356282,0.02,0.11058155841209051,0.11146401040645408,0.19516225048131414,0.44177171761138595,0.9909166881176943,62944193.1423318,0.9942979892999634,ok
meerkat_b1_interferom,0.7016287923356282,0.03,0.1205815584120905,0.12146401040645408,0.19344993318745357,0.43982943647220063,0.9822225693644294,62586306.812686324,0.9886446376530562,ok
meerkat_b1_interferom,0.7116284632058596,0.0,0.08903877556729978,0.0899028686248129,0.2045773114574953,0.4523022346368579,1.0,63520364.440159746,1.0,ok
meerkat_b1_interferom,0.7116284632058596,0.01,0.09903877556729977,0.0999028686248129,0.2039819480614596,0.45164360735148196,0.997089787758994,63407254.450166404,0.9982193113816294,ok
meerkat_b1_interferom,0.7116284632058596,0.02,0.10903877556729978,0.10990286862481291,0.20277228386877508,0.4503024360013779,0.9911767948466013,63168285.46622739,0.9944572267959193,ok
meerkat_b1_interferom,0.7116284632058596,0.03,0.11903877556729978,0.1199028686248129,0.20103550341887916,0.44836982884542886,0.982687190415287,62817538.20786013,0.9889354187669731,ok
meerkat_b1_interferom,0.7216281438362736,0.0,0.08750321495526653,0.08841639611959175,0.21234644759328036,0.4608106417969103,1.0,63726844.76092735,1.0,ok
meerkat_b1_interferom,0.7216281438362736,0.01,0.09750321495526652,0.09841639611959174,0.21174610060462562,0.46015877760249846,0.9971727947631852,63616518.946263224,0.9982687701693373,ok
meerkat_b1_interferom,0.7216281438362736,0.02,0.10750321495526653,0.10841639611959175,0.21052138029453746,0.45882608937868546,0.9914052374342586,63382538.74309713,0.994597158872028,ok
meerkat_b1_interferom,0.7216281438362736,0.03,0.11750321495526653,0.11841639611959175,0.20876468958063932,0.4569077473414511,0.9831324797130517,63039568.28079182,0.9892152752468153,ok
meerkat_b1_interferom,0.7316278338346152,0.0,0.0861036284581739,0.08690450171644015,0.22026905624022258,0.4693283032592671,1.0,63930339.16084424,1.0,ok
meerkat_b1_interferom,0.7316278338346152,0.01,0.0961036284581739,0.09690450171644015,0.2196586116615104,0.4686775135010324,0.9972286412393467,63821789.006049186,0.9983020557028183,ok
meerkat_b1_interferom,0.7316278338346152,0.02,0.10610362845817391,0.10690450171644016,0.21841843028028596,0.46735257598550367,0.9915983389064038,63592569.3115274,0.9947165953794328,ok
meerkat_b1_interferom,0.7316278338346152,0.03,0.1161036284581739,0.11690450171644015,0.21663773561103195,0.4654435901492596,0.9835141590417931,63256326.12147653,0.989457070802144,ok
meerkat_b1_interferom,0.741627532829113,0.0,0.08475202372488873,0.0854951146249797,0.2282264431637145,0.4777305131177142,1.0,64107320.04857962,1.0,ok
meerkat_b1_interferom,0.741627532829113,0.01,0.09475202372488872,0.0954951146249797,0.2276150405111695,0.47709018069036957,0.997321070056258,64001997.58614446,0.9983570914779257,ok
meerkat_b1_interferom,0.741627532829113,0.02,0.10475202372488873,0.10549511462497971,0.22636467649739359,0.4757779697478579,0.9918424585665325,63778239.47130646,0.9948667238464532,ok
meerkat_b1_interferom,0.741627532829113,0.03,0.11475202372488873,0.1154951146249797,0.22455961540176117,0.4738772155334767,0.9839333790111123,63448357.90433639,0.9897209531806372,ok
meerkat_b1_interferom,0.7516272404675104,0.0,0.08336646889681779,0.08408598570972346,0.23640821288879174,0.4862182769999414,1.0,64291762.40630941,1.0,ok
meerkat_b1_interferom,0.7516272404675104,0.01,0.09336646889681778,0.09408598570972346,0.2357909660923544,0.485583119653427,0.9973890636501376,64188786.92435095,0.998398309859548,ok
meerkat_b1_interferom,0.7516272404675104,0.02,0.10336646889681779,0.10408598570972347,0.23452784495633705,0.4842807501401816,0.9920460972591539,63969905.14084931,0.9949938024186359,ok
meerkat_b1_interferom,0.7516272404675104,0.03,0.11336646889681778,0.11408598570972346,0.23270075108591273,0.4823906623121065,0.9843175422817353,63646659.61636845,0.9899660117284691,ok
meerkat_b1_interferom,0.7616269564154123,0.0,0.08195749353893193,0.08282272933190071,0.24478561528480802,0.4947581381693565,1.0,64463402.72218799,1.0,ok
meerkat_b1_interferom,0.7616269564154123,0.01,0.09195749353893193,0.09282272933190071,0.24416377286631052,0.4941293078398715,0.9974596447680393,64362853.55709675,0.998440213193142,ok
meerkat_b1_interferom,0.7616269564154123,0.02,0.10195749353893194,0.10282272933190072,0.24288733347320354,0.49283601073095656,0.9922451251500386,64148546.38319142,0.9951157350418892,ok
meerkat_b1_interferom,0.7616269564154123,0.03,0.11195749353893193,0.11282272933190071,0.24103811356964133,0.49095632552156954,0.9846906783684717,63831665.200472005,0.9902000593353949,ok
meerkat_b1_interferom,0.7716266803553912,0.0,0.08071068437423255,0.08142900752635389,0.2534390401237201,0.5034272937810584,1.0,64629024.41001733,1.0,ok
meerkat_b1_interferom,0.7716266803553912,0.01,0.09071068437423255,0.09142900752635388,0.25281525908416713,0.5028073777145351,0.9975387334198849,64531249.43251742,0.9984871351781576,ok
meerkat_b1_interferom,0.7716266803553912,0.02,0.10071068437423256,0.10142900752635389,0.2515250469089473,0.5015227282077526,0.992447914836489,64321301.720421016,0.9952386301293353,ok
meerkat_b1_interferom,0.7716266803553912,0.03,0.11071068437423255,0.11142900752635389,0.2496516017831275,0.49965148031715817,0.985055821160214,64010239.904897355,0.9904255942160862,ok
meerkat_b1_interferom,0.7816264119859149,0.0,0.07941902942776485,0.08013640152188845,0.26239181099097864,0.5122419457551076,1.0,64792687.89779571,1.0,ok
meerkat_b1_interferom,0.7816264119859149,0.01,0.08941902942776485,0.09013640152188844,0.2617610642961875,0.5116259026829931,0.9975961647110518,64696817.574283324,0.9985203527338824,ok
meerkat_b1_interferom,0.7816264119859149,0.02,0.09941902942776486,0.10013640152188845,0.26045765460323483,0.5103505213118086,0.9926287471379573,64491185.62042171,0.9953466619898592,ok
meerkat_b1_interferom,0.7816264119859149,0.03,0.10941902942776485,0.11013640152188844,0.25856210529647305,0.5084900247757796,0.9854046295117143,64186116.56817328,0.9906382749457897,ok
meerkat_b1_interferom,0.791626151020143,0.0,0.07819594915931011,0.07892443904491533,0.27151348472210074,0.5210695584296791,1.0,64940764.57363926,1.0,ok
meerkat_b1_interferom,0.791626151020143,0.01,0.0881959491593101,0.08892443904491533,0.2708797233574728,0.5204610680516581,0.99766581993054,64847274.890134126,0.9985603852353921,ok
meerkat_b1_interferom,0.791626151020143,0.02,0.09819594915931011,0.09892443904491534,0.2695656783680922,0.5191971478813151,0.9928261155942139,64646147.91708557,0.9954633016951994,ok
meerkat_b1_interferom,0.791626151020143,0.03,0.1081959491593101,0.10892443904491533,0.26764497525118236,0.5173441555204643,0.985752053991433,64346369.77923584,0.9908471235547373,ok
meerkat_b1_interferom,0.8016258971853487,0.0,0.07704470949512804,0.07773233272618525,0.2808335140225746,0.5299372736679074,1.0,65085169.12373572,1.0,ok
meerkat_b1_interferom,0.8016258971853487,0.01,0.08704470949512803,0.08773233272618525,0.2801914981475447,0.5293311800258367,0.9977138915301316,64993218.35627529,0.9985872239605674,ok
meerkat_b1_interferom,0.8016258971853487,0.02,0.09704470949512804,0.09773233272618526,0.2788625044993973,0.5280743361491802,0.9929815729791465,64795794.99370544,0.9955539159853738,ok
meerkat_b1_interferom,0.8016258971853487,0.03,0.10704470949512804,0.10773233272618525,0.2769183154985966,0.5262302875154532,0.9860586492406198,64501392.416879565,0.9910305724834745,ok
meerkat_b1_interferom,0.8116256502217196,0.0,0.07591569205555938,0.07657412322265031,0.29033850093301083,0.5388306792796888,1.0,65223583.287481986,1.0,ok
meerkat_b1_interferom,0.8116256502217196,0.01,0.08591569205555938,0.0865741232226503,0.2896901352998479,0.5382287016685824,0.9977668630544023,65133390.6770039,0.998617177929637,ok
meerkat_b1_interferom,0.8116256502217196,0.02,0.09591569205555939,0.09657412322265031,0.28834620273861045,0.5369787730801009,0.993138015840138,64939559.0005274,0.9956453743778119,ok
meerkat_b1_interferom,0.8116256502217196,0.03,0.10591569205555938,0.10657412322265031,0.2863785500862919,0.5351434855123361,0.9863609172259501,64650374.17124931,0.9912116279520219,ok
meerkat_b1_interferom,0.8216254098818028,0.0,0.07472933223666453,0.0753848065769226,0.30007351610390676,0.5477896641083206,1.0,65357073.73035322,1.0,ok
meerkat_b1_interferom,0.8216254098818028,0.01,0.08472933223666453,0.0853848065769226,0.29942488550069646,0.5471973003411991,0.9978384276905473,65269438.275419354,0.998659128233075,ok
meerkat_b1_interferom,0.8216254098818028,0.02,0.09472933223666453,0.09538480657692261,0.29807302129893243,0.5459606407965069,0.9933333176784531,65080101.82571497,0.9957621740260133,ok
meerkat_b1_interferom,0.8216254098818028,0.03,0.10472933223666453,0.1053848065769226,0.29608522611422783,0.544137139069029,0.9867089570533846,64796501.81795609,0.9914229343451038,ok
meerkat_b1_interferom,0.8316251759297889,0.0,0.07370114615819934,0.07429814604975146,0.31006637885005317,0.5568360430594028,1.0,65485536.32228558,1.0,ok
meerkat_b1_interferom,0.8316251759297889,0.01,0.08370114615819933,0.08429814604975146,0.30941115737892333,0.5562473886490824,0.9978868348333674,65399501.25876292,0.9986861974665789,ok
meerkat_b1_interferom,0.8316251759297889,0.02,0.09370114615819934,0.09429814604975147,0.3080408724296786,0.5550142993019896,0.9934675070935243,65213039.65038197,0.9958388265988611,ok
meerkat_b1_interferom,0.8316251759297889,0.03,0.10370114615819934,0.10429814604975146,0.30602384506198754,0.5531942200186003,0.9869623601144432,64933543.58358678,0.991570768604808,ok
meerkat_b1_interferom,0.8416249481406222,0.0,0.07260311611606822,0.07319535470383594,0.3203285546103083,0.5659757544368029,1.0,65610994.24740016,1.0,ok
meerkat_b1_interferom,0.8416249481406222,0.01,0.08260311611606821,0.08319535470383593,0.3196687839676412,0.5653925927774799,0.9979403314716363,65526778.150803745,0.9987164331593749,ok
meerkat_b1_interferom,0.8416249481406222,0.02,0.09260311611606822,0.09319535470383594,0.31828416193695863,0.5641667855669621,0.9936178256857658,65343677.786464855,0.9959257367762584,ok
meerkat_b1_interferom,0.8416249481406222,0.03,0.10260311611606822,0.10319535470383594,0.3162497526627388,0.5623608740504079,0.9872668174945206,65069811.93045029,0.9917516519425201,ok
meerkat_b1_interferom,0.8516247262996582,0.0,0.07154438006061521,0.0722009565205218,0.33079674332719056,0.5751493226347316,1.0,65732887.382383965,1.0,ok
meerkat_b1_interferom,0.8516247262996582,0.01,0.08154438006061521,0.0822009565205218,0.330127962772518,0.5745676311562617,0.9979782734619879,65649879.09036547,0.9987371878016613,ok
meerkat_b1_interferom,0.8516247262996582,0.02,0.09154438006061522,0.0922009565205218,0.32872639939929693,0.5733466659877747,0.9937413412627045,65469688.45246512,0.9959959323194224,ok
meerkat_b1_interferom,0.8516247262996582,0.03,0.10154438006061521,0.1022009565205218,0.3266661076367521,0.5715471175998984,0.9875130702651662,65200149.9937609,0.9918954208488666,ok
meerkat_b1_interferom,0.8616245102018303,0.0,0.07052670763984151,0.07113623528816207,0.3413629598481389,0.5842627489821158,1.0,65841888.50785044,1.0,ok
meerkat_b1_interferom,0.8616245102018303,0.01,0.0805267076398415,0.08113623528816206,0.3406938834724357,0.5836898863886847,0.9980399854278247,65761091.17785745,0.9987728582544628,ok
meerkat_b1_interferom,0.8616245102018303,0.02,0.09052670763984151,0.09113623528816207,0.33928502401786476,0.5824817799878935,0.9939128257172408,65584927.57392961,0.9960973031037803,ok
meerkat_b1_interferom,0.8616245102018303,0.03,0.1005267076398415,0.10113623528816207,0.33720606072959614,0.5806944641802573,0.9878226415648843,65320523.51151572,0.9920815607184087,ok
meerkat_b1_interferom,0.8716242996512132,0.0,0.06953746404346497,0.07016989715678741,0.35209937976698114,0.5933796253386032,1.0,65952909.33479613,1.0,ok
meerkat_b1_interferom,0.8716242996512132,0.01,0.07953746404346497,0.0801698971567874,0.35142081035125566,0.5928075660374584,0.9980727900850761,65873173.282023594,0.9987910153839041,ok
meerkat_b1_interferom,0.8716242996512132,0.02,0.08953746404346498,0.09016989715678742,0.34999997841899233,0.5916079600706808,0.9940374750180526,65700335.762333244,0.9961703952864195,ok
meerkat_b1_interferom,0.8716242996512132,0.03,0.09953746404346497,0.10016989715678741,0.347893888934342,0.5898253037419995,0.9880559550107065,65439861.09236036,0.9922209914981706,ok
meerkat_b1_interferom,0.8816240944606212,0.0,0.06860715505966564,0.06914651632723738,0.36294230559434426,0.6024469317660638,1.0,66058854.99848806,1.0,ok
meerkat_b1_interferom,0.8816240944606212,0.01,0.07860715505966563,0.07914651632723738,0.3622613815608454,0.6018815344906715,0.9981238780296395,65980966.41932431,0.9988209214470106,ok
meerkat_b1_interferom,0.8816240944606212,0.02,0.08860715505966564,0.08914651632723739,0.3608235261129227,0.6006858797349266,0.9941622140798606,65810758.072519235,0.9962443047798133,ok
meerkat_b1_interferom,0.8816240944606212,0.03,0.09860715505966564,0.09914651632723738,0.3586924152065656,0.5989093547495861,0.9882904518920186,65554377.996799305,0.9923632191066541,ok
meerkat_b1_interferom,0.8916238944508673,0.0,0.06766405652313363,0.06819615428333817,0.3738666430408464,0.6114463533629474,1.0,66157869.26380197,1.0,ok
meerkat_b1_interferom,0.8916238944508673,0.01,0.07766405652313363,0.07819615428333816,0.37318171599285876,0.6108860090007454,0.9981679910183568,66081575.20907982,0.998846787909418,ok
meerkat_b1_interferom,0.8916238944508673,0.02,0.08766405652313364,0.08819615428333817,0.37173365437573724,0.6096996427551333,0.9942947874467739,65914709.0911993,0.9963245464929792,ok
meerkat_b1_interferom,0.8916238944508673,0.03,0.09766405652313363,0.09819615428333817,0.3695821707371506,0.6079327024738435,0.9885401054535168,65662856.1985912,0.9925176993951101,ok
meerkat_b1_interferom,0.9016236994505572,0.0,0.06672267564997304,0.06724729198132577,0.3849241596980281,0.6204225654326477,1.0,66256858.16884405,1.0,ok
meerkat_b1_interferom,0.9016236994505572,0.01,0.07672267564997304,0.07724729198132577,0.38423618212618177,0.6198678747331416,0.9982126931902999,66182228.83892244,0.9988736361490091,ok
meerkat_b1_interferom,0.9016236994505572,0.02,0.08672267564997305,0.08724729198132578,0.38277662958247644,0.6186894451843158,0.9944209006853807,66018464.47319579,0.9964019770596312,ok
meerkat_b1_interferom,0.9016236994505572,0.03,0.09672267564997304,0.09724729198132577,0.3805977537172252,0.616926052065582,0.9887603677976541,65770231.74898641,0.9926554558530747,ok
meerkat_b1_interferom,0.9116235092956196,0.0,0.06593553849758618,0.06640591649946109,0.3961049338710984,0.6293686788132202,1.0,66345853.5634287,1.0,ok
meerkat_b1_interferom,0.9116235092956196,0.01,0.07593553849758618,0.07640591649946109,0.3954067295880367,0.6288137479317996,0.9982373249526628,66272023.015187204,0.9988871867000564,ok
meerkat_b1_interferom,0.9116235092956196,0.02,0.08593553849758619,0.0864059164994611,0.39392910574883344,0.6276377185517402,0.994506940115588,66110493.640450515,0.9964525300325939,ok
meerkat_b1_interferom,0.9116235092956196,0.03,0.09593553849758618,0.09640591649946109,0.3917228628548789,0.6258776740345344,0.9889370955989012,65865756.919005156,0.9927637279703613,ok
meerkat_b1_interferom,0.921623323828802,0.0,0.0649691167993867,0.06549244910431788,0.4075562076933272,0.6384012904853241,1.0,66435915.88613857,1.0,ok
meerkat_b1_interferom,0.921623323828802,0.01,0.0749691167993867,0.07549244910431788,0.40685975741249625,0.6378555929146473,0.9982911552623068,66364164.05191253,0.9989199842695174,ok
meerkat_b1_interferom,0.921623323828802,0.02,0.0849691167993867,0.08549244910431789,0.40537512469899223,0.6366907606515052,0.9946483872576022,66206065.4846732,0.9965402689433935,ok
meerkat_b1_interferom,0.921623323828802,0.03,0.0949691167993867,0.09549244910431788,0.4031468310553249,0.6349384466665449,0.989180936138948,65965357.20274633,0.992917103992384,ok
meerkat_b1_interferom,0.9316231428995064,0.0,0.06414481933739197,0.0645971531502098,0.4192964688800463,0.6475310563054457,1.0,66526166.91076872,1.0,ok
meerkat_b1_interferom,0.9316231428995064,0.01,0.07414481933739196,0.07459715315020979,0.41859395140621725,0.6469883703794198,0.9983245328163495,66455620.40591668,0.9989395675697555,ok
meerkat_b1_interferom,0.9316231428995064,0.02,0.08414481933739197,0.0845971531502098,0.4170930260403064,0.6458273964770358,0.9947449048506768,66299865.94742582,0.9965983165143659,ok
meerkat_b1_interferom,0.9316231428995064,0.03,0.09414481933739197,0.09459715315020979,0.4148400659709687,0.6440807914935585,0.9893717137161188,66062812.49729055,0.993035005096571,ok
meerkat_b1_interferom,0.9416229663632584,0.0,0.063325647560067,0.06375230054127537,0.4312403082107349,0.6566888975844916,1.0,66611496.95530583,1.0,ok
meerkat_b1_interferom,0.9416229663632584,0.01,0.073325647560067,0.07375230054127536,0.4305307655106339,0.6561484325292821,0.998354646616767,66542026.11256503,0.9989570742902324,ok
meerkat_b1_interferom,0.9416229663632584,0.02,0.08332564756006701,0.08375230054127537,0.4290170849868117,0.6549939579773325,0.9948445839092649,66388900.608614296,0.9966582893814728,ok
meerkat_b1_interferom,0.9416229663632584,0.03,0.093325647560067,0.09375230054127537,0.42673664371300735,0.6532508275639667,0.9895564853007045,66155119.67194748,0.9931486709619427,ok
meerkat_b1_interferom,0.9516227940814737,0.0,0.06247967148630123,0.06295992199218475,0.44332259896580317,0.665824750941119,1.0,66689813.33262101,1.0,ok
meerkat_b1_interferom,0.9516227940814737,0.01,0.07247967148630123,0.07295992199218475,0.4426119254900143,0.6652908578133434,0.9983969383075739,66621938.8098464,0.9989822355261954,ok
meerkat_b1_interferom,0.9516227940814737,0.02,0.08247967148630123,0.08295992199218476,0.4410845759061778,0.6641419847488772,0.994951705451411,66471273.064558834,0.9967230337417172,ok
meerkat_b1_interferom,0.9516227940814737,0.03,0.09247967148630123,0.09295992199218475,0.4387806358341987,0.6624051900719066,0.9897547223123745,66241084.24114877,0.9932713997978347,ok
meerkat_b1_interferom,0.9616226259212582,0.0,0.06180105136257725,0.06217359416311512,0.45559689779044965,0.6749791832274901,1.0,66768096.75233191,1.0,ok
meerkat_b1_interferom,0.9616226259212582,0.01,0.07180105136257725,0.07217359416311511,0.45487472800793927,0.6744440139907384,0.9984148931083316,66700791.00323919,0.9989919474664317,ok
meerkat_b1_interferom,0.9616226259212582,0.02,0.08180105136257725,0.08217359416311512,0.4533291378769345,0.6732972136262964,0.9950224421533305,66552072.764818795,0.9967645627474686,ok
meerkat_b1_interferom,0.9616226259212582,0.03,0.09180105136257724,0.09217359416311512,0.45099536724357725,0.6715618863839559,0.9898999958753256,66324768.40759143,0.9933601769961341,ok
meerkat_b1_interferom,0.9716224617548926,0.0,0.06091743246980582,0.061377193199571245,0.4681978628051481,0.6842498540775497,1.0,66849465.495673984,1.0,ok
meerkat_b1_interferom,0.9716224617548926,0.01,0.07091743246980582,0.07137719319957124,0.46746995089152554,0.6837177421213564,0.9984452899693703,66783308.95270388,0.9990103654160947,ok
meerkat_b1_interferom,0.9716224617548926,0.02,0.08091743246980582,0.08137719319957125,0.46591304715016657,0.6825782351863898,0.9951199784610457,66637197.67666402,0.9968246893608491,ok
meerkat_b1_interferom,0.9716224617548926,0.03,0.09091743246980583,0.09137719319957124,0.4635545499944387,0.6808484045618662,0.990082584352501,66413247.78466559,0.9934746267935887,ok
meerkat_b1_interferom,0.981622301459762,0.0,0.06018785606179552,0.06060346558437867,0.48110486065181535,0.6936172292062931,1.0,66919722.94680757,1.0,ok
meerkat_b1_interferom,0.981622301459762,0.01,0.07018785606179552,0.07060346558437867,0.48037306211766606,0.6930895051273436,0.9984789209297162,66854791.18656787,0.9990297066786826,ok
meerkat_b1_interferom,0.981622301459762,0.02,0.08018785606179551,0.08060346558437867,0.4788016960148039,0.6919549812052832,0.9952127595761742,66710877.073377244,0.9968791581280704,ok
meerkat_b1_interferom,0.981622301459762,0.03,0.09018785606179552,0.09060346558437868,0.4764221350549891,0.6902333917270224,0.9902667256562697,66490510.57448524,0.9935861603512092,ok
meerkat_b1_interferom,0.9916221449181004,0.0,0.05939863814175281,0.05985329062380924,0.49445738977277826,0.7031766419419648,1.0,66987998.92761262,1.0,ok
meerkat_b1_interferom,0.9916221449181004,0.01,0.0693986381417528,0.06985329062380924,0.4937267856661144,0.7026569473549055,0.9985224124024122,66924711.315495744,0.9990552395484262,ok
meerkat_b1_interferom,0.9916221449181004,0.02,0.07939863814175281,0.07985329062380923,0.492147048798762,0.7015319299923289,0.9953275226100312,66783500.9793102,0.9969472450054315,ok
meerkat_b1_interferom,0.9916221449181004,0.03,0.0893986381417528,0.08985329062380923,0.48974257707673813,0.6998161023274172,0.9904646734105708,66566287.26577914,0.9937046684692107,ok
meerkat_b1_interferom,1.0016219920166127,0.0,0.058735705123896025,0.05912756479038432,0.5081193326571598,0.7128248962102542,1.0,67051232.142265886,1.0,ok
meerkat_b1_interferom,1.0016219920166127,0.01,0.06873570512389603,0.06912756479038432,0.507385448654718,0.7123099386185188,0.9985556857311372,66989125.55164325,0.9990737442305182,ok
meerkat_b1_interferom,1.0016219920166127,0.02,0.07873570512389602,0.07912756479038432,0.5057893223185443,0.7111886685813719,0.9954144426537938,66849814.87106036,0.9969960690539112,ok
meerkat_b1_interferom,1.0016219920166127,0.03,0.08873570512389603,0.08912756479038432,0.5033611502623911,0.7094794924889593,0.9906356989609385,66635781.10007562,0.9938039760207719,ok
meerkat_b1_interferom,1.0116218426463943,0.0,0.05796136138896727,0.05837562296578221,0.5220942137857589,0.7225608720279274,1.0,67119513.13882567,1.0,ok
meerkat_b1_interferom,1.0116218426463943,0.01,0.06796136138896727,0.06837562296578222,0.5213593002806416,0.7220521451257116,0.9985923737790764,67058793.412906766,0.999095349130538,ok
meerkat_b1_interferom,1.0116218426463943,0.02,0.07796136138896727,0.07837562296578221,0.5197525838233199,0.7209386824295946,0.9955149283393516,66921875.35105169,0.9970554347233539,ok
meerkat_b1_interferom,1.0116218426463943,0.03,0.08796136138896726,0.08837562296578222,0.5172997911411434,0.7192355602590458,0.9908169397054784,66710900.31033553,0.9939121604227821,ok
meerkat_b1_interferom,1.0216216967027096,0.0,0.05738686908182057,0.057753116303556465,0.5361992432870225,0.732256268861539,1.0,67177729.68655756,1.0,ok
meerkat_b1_interferom,1.0216216967027096,0.01,0.06738686908182057,0.06775311630355646,0.5354508121994868,0.7317450459002006,0.9986041921973859,67117270.942374,0.9991000180496475,ok
meerkat_b1_interferom,1.0216216967027096,0.02,0.07738686908182058,0.07775311630355647,0.5338259167066848,0.7306339142872337,0.9955737972217403,66981992.22694963,0.997086274565675,ok
meerkat_b1_interferom,1.0216216967027096,0.03,0.08738686908182057,0.08775311630355646,0.5313394699128178,0.7289303601255869,0.9909366276900855,66773219.25624735,0.9939785040042645,ok
meerkat_b1_interferom,1.0316215540846982,0.0,0.056647271280246166,0.05698304029598792,0.5506859376048319,0.7420821636482255,1.0,67247067.48954257,1.0,ok
meerkat_b1_interferom,1.0316215540846982,0.01,0.06664727128024617,0.06698304029598792,0.5499349378272509,0.7415759825043222,0.9986362466765587,67187840.34392044,0.9991192605442409,ok
meerkat_b1_interferom,1.0316215540846982,0.02,0.07664727128024616,0.07698304029598792,0.5482950459553019,0.7404694767208854,0.9956583390163748,67054516.72885993,0.9971366668039081,ok
meerkat_b1_interferom,1.0316215540846982,0.03,0.08664727128024616,0.08698304029598791,0.5457858331545717,0.7387731946643514,0.9911018166333195,66848846.343728006,0.9940782377480402,ok
meerkat_b1_interferom,1.0416214146953109,0.0,0.05596969061684223,0.05632732806162814,0.5653212055043608,0.7518784512834245,1.0,67301498.75945976,1.0,ok
meerkat_b1_interferom,1.0416214146953109,0.01,0.06596969061684223,0.06632732806162814,0.5645708225456496,0.7513792800880589,0.9986726431780641,67243639.78017405,0.9991403017711016,ok
meerkat_b1_interferom,1.0416214146953109,0.02,0.07596969061684224,0.07632732806162815,0.562918218402643,0.750278760463498,0.9957493420053579,67112340.5985846,0.9971893915535043,ok
meerkat_b1_interferom,1.0416214146953109,0.03,0.08596969061684223,0.08632732806162814,0.5603906404389245,0.7485924394748618,0.9912782945033215,66910022.84231693,0.9941832511257737,ok
meerkat_b1_interferom,1.0516212784410752,0.0,0.05533826374955091,0.05575400699909102,0.580298969775886,0.7617735685726343,1.0,67357959.66411719,1.0,ok
meerkat_b1_interferom,1.0516212784410752,0.01,0.06533826374955091,0.06575400699909102,0.579540161046822,0.7612753516611594,0.9986923831187275,67300760.07843113,0.9991508117827309,ok
meerkat_b1_interferom,1.0516212784410752,0.02,0.07533826374955091,0.07575400699909102,0.5778714272446248,0.7601785495820208,0.9958167381682606,67171180.33962905,0.9972270638033053,ok
meerkat_b1_interferom,1.0516212784410752,0.03,0.08533826374955092,0.08575400699909103,0.5753015211172541,0.7584863354848617,0.9913881483185091,66970274.7444513,0.9942444082095258,ok
meerkat_b1_interferom,1.0616211452319069,0.0,0.054754587430710044,0.055101890916588805,0.5956303432995087,0.7717709137428728,1.0,67417406.23205698,1.0,ok
meerkat_b1_interferom,1.0616211452319069,0.01,0.06475458743071004,0.0651018909165888,0.59485798815671,0.7712703729281386,0.9987032978566535,67360484.07590613,0.9991556756729127,ok
meerkat_b1_interferom,1.0616211452319069,0.02,0.07475458743071005,0.07510189091658881,0.5931746001339555,0.7701782911339137,0.9958770683979101,67232709.15222001,0.99726039475323,ok
meerkat_b1_interferom,1.0616211452319069,0.03,0.08475458743071004,0.0851018909165888,0.590575439780535,0.7684890628893394,0.9915133545900768,67034234.89020224,0.9943164330508975,ok
meerkat_b1_interferom,1.0716210149810412,0.0,0.05403470817922166,0.05438660888389738,0.6112318082431006,0.7818131543042114,1.0,67470849.37676573,1.0,ok
meerkat_b1_interferom,1.0716210149810412,0.01,0.06403470817922166,0.06438660888389738,0.6104686993649862,0.7813249639970465,0.998751522960973,67415877.22985575,0.9991852459629934,ok
meerkat_b1_interferom,1.0716210149810412,0.02,0.07403470817922166,0.07438660888389738,0.6087737670332631,0.7802395574650539,0.9959785450025862,67290121.65330216,0.9973213954599214,ok
meerkat_b1_interferom,1.0716210149810412,0.03,0.08403470817922165,0.08438660888389737,0.6061572110330076,0.7785609873561656,0.9916977533864292,67094903.42486377,0.9944280240226023,ok
meerkat_b1_interferom,1.081620887604798,0.0,0.05341800274219536,0.05384857359861096,0.62719179742647,0.7919544162554244,1.0,67526277.86545928,1.0,ok
meerkat_b1_interferom,1.081620887604798,0.01,0.06341800274219536,0.06384857359861096,0.6264115251045659,0.7914616384289045,0.9987559270942226,67471295.54158199,0.9991857640371229,ok
meerkat_b1_interferom,1.081620887604798,0.02,0.07341800274219536,0.07384857359861097,0.6247019045303795,0.7903808604276672,0.9960300933361897,67347257.18384364,0.9973488738417906,ok
meerkat_b1_interferom,1.081620887604798,0.03,0.08341800274219535,0.08384857359861096,0.6220506768424408,0.7887018935202582,0.9918029530916626,67153963.4017434,0.9944863766301811,ok
meerkat_b1_interferom,1.0916207630224706,0.0,0.052813108475619965,0.05319197350799127,0.6433915315710468,0.8021169064238995,1.0,67572641.07694305,1.0,ok
meerkat_b1_interferom,1.0916207630224706,0.01,0.06281310847561997,0.06319197350799127,0.6426187835077681,0.8016350687861454,0.9987989458589985,67519366.46181393,0.9992115948958031,ok
meerkat_b1_interferom,1.0916207630224706,0.02,0.07281310847561996,0.07319197350799127,0.640899200235594,0.8005618028831966,0.9961262602736363,67397343.97107437,0.9974057976264524,ok
meerkat_b1_interferom,1.0916207630224706,0.03,0.08281310847561996,0.08319197350799126,0.6382275640909387,0.7988914595180867,0.9919738336196335,67206957.53838332,0.9945882899834663,ok
meerkat_b1_interferom,1.1016206411562477,0.0,0.05222043582440568,0.052584479226928306,0.6600039957036867,0.8124062996454956,1.0,67624054.70787746,1.0,ok
meerkat_b1_interferom,1.1016206411562477,0.01,0.06222043582440568,0.06258447922692831,0.6592230259361403,0.8119255051641994,0.998816719637108,67571383.48776007,0.9992211170959073,ok
meerkat_b1_interferom,1.1016206411562477,0.02,0.07222043582440568,0.0725844792269283,0.6574891238781504,0.8108570304795725,0.9961896112115882,67451040.30013777,0.9974415256747459,ok
meerkat_b1_interferom,1.1016206411562477,0.03,0.08222043582440568,0.0825844792269283,0.6547883197060965,0.80918991572195,0.9920975084521582,67262897.40497147,0.9946593367631368,ok
meerkat_b1_interferom,1.1116205219310034,0.0,0.05165984485464381,0.05204710548362044,0.6768871726500667,0.8227315313333182,1.0,67671420.05560589,1.0,ok
meerkat_b1_interferom,1.1116205219310034,0.01,0.06165984485464381,0.06204710548362044,0.6760960733083179,0.8222506146597386,0.9988312685278824,67619197.55181774,0.9992282930704686,ok
meerkat_b1_interferom,1.1116205219310034,0.02,0.07165984485464381,0.07204710548362044,0.674348697959273,0.8211873707986947,0.996249781657325,67500535.11169821,0.997474784129441,ok
meerkat_b1_interferom,1.1116205219310034,0.03,0.08165984485464381,0.08204710548362043,0.671617422865826,0.8195226798971619,0.992214729430299,67314505.19684453,0.9947257666756797,ok
meerkat_b1_interferom,1.1216204052742196,0.0,0.051093103479049544,0.051406561042095206,0.6940552752085862,0.8330997990688668,1.0,67722841.40204546,1.0,ok
meerkat_b1_interferom,1.1216204052742196,0.01,0.061093103479049546,0.06140656104209521,0.6932600581392613,0.8326223982930445,0.998854245335019,67671501.11355907,0.9992419058707002,ok
meerkat_b1_interferom,1.1216204052742196,0.02,0.07109310347904954,0.07140656104209521,0.6914919013203946,0.8315599204629782,0.9963066718462428,67554029.94003358,0.9975073186753978,ok
meerkat_b1_interferom,1.1216204052742196,0.03,0.08109310347904955,0.0814065610420952,0.6887343897959247,0.8299002288202629,0.9923336287429522,67370374.90685284,0.9947954561873718,ok
meerkat_b1_interferom,1.131620291115916,0.0,0.05053987491849108,0.050876481135897954,0.7112557293594041,0.8433597864253454,1.0,67762139.24964243,1.0,ok
meerkat_b1_interferom,1.131620291115916,0.01,0.06053987491849108,0.060876481135897956,0.7104604812968793,0.8428881784061747,0.9988819097974213,67711848.35726073,0.9992578319849611,ok
meerkat_b1_interferom,1.131620291115916,0.02,0.07053987491849108,0.07087648113589795,0.7086825042340574,0.8418328243980853,0.996382137929962,67596225.35029785,0.9975515250672159,ok
meerkat_b1_interferom,1.131620291115916,0.03,0.08053987491849107,0.08087648113589796,0.7058915818373492,0.8401735426906451,0.9924582013182712,67414402.64888483,0.9948682759339031,ok
meerkat_b1_interferom,1.1416201793884635,0.0,0.05000060771004131,0.05030091436034117,0.7287510910535877,0.8536691929861284,1.0,67805488.51736417,1.0,ok
meerkat_b1_interferom,1.1416201793884635,0.01,0.060000607710041315,0.06030091436034117,0.7279535550064788,0.8532019426879424,0.9989056125515287,67756116.73439822,0.9992718615550817,ok
meerkat_b1_interferom,1.1416201793884635,0.02,0.07000060771004131,0.07030091436034117,0.7261614107489407,0.8521510492564922,0.9964464131355152,67642041.6848577,0.9975894748923663,ok
meerkat_b1_interferom,1.1416201793884635,0.03,0.0800006077100413,0.08030091436034117,0.7233451095664805,0.8504969779878588,0.9925818546915771,67462554.34344378,0.9949423832580666,ok
meerkat_b1_interferom,1.1516200700265264,0.0,0.04951632891070128,0.04983970429132326,0.7466237869420687,0.8640739476121639,1.0,67845811.71645895,1.0,ok
meerkat_b1_interferom,1.1516200700265264,0.01,0.05951632891070128,0.059839704291323265,0.7458157136457859,0.8636062260346354,0.9989176968234666,67796807.92909846,0.999277718312734,ok
meerkat_b1_interferom,1.1516200700265264,0.02,0.06951632891070128,0.06983970429132326,0.7440047539403027,0.862557101843294,0.9964921650668369,67683948.09774357,0.9976142430222247,ok
meerkat_b1_interferom,1.1516200700265264,0.03,0.07951632891070128,0.07983970429132325,0.7411572831487104,0.8609049210851977,0.9926783690943638,67506377.79152718,0.9949969804127287,ok
meerkat_b1_interferom,1.1616199629669968,0.0,0.048945281309321416,0.04927240462472279,0.7650853710133663,0.87469158622532,1.0,67889149.72456875,1.0,ok
meerkat_b1_interferom,1.1616199629669968,0.01,0.05894528130932142,0.059272404624722795,0.7642715089810563,0.8742262344388072,0.998936246773047,67840822.38550141,0.9992881434034244,ok
meerkat_b1_interferom,1.1616199629669968,0.02,0.06894528130932141,0.0692724046247228,0.7624510908860184,0.8731844541023497,0.9965568808042183,67729750.96022545,0.9976520730486389,ok
meerkat_b1_interferom,1.1616199629669968,0.03,0.07894528130932141,0.07927240462472279,0.7595771469481503,0.871537232106667,0.9928005105392091,67554368.12404165,0.99506870240848,ok
meerkat_b1_interferom,1.17161985814884,0.0,0.04845045531125498,0.04878089702867005,0.7839508553013119,0.8854099927724511,1.0,67925437.2853621,1.0,ok
meerkat_b1_interferom,1.17161985814884,0.01,0.05845045531125498,0.05878089702867005,0.7831364823577172,0.8849499886195361,0.9989611938834076,67878057.67249665,0.9993024761450353,ok
meerkat_b1_interferom,1.17161985814884,0.02,0.06845045531125497,0.06878089702867005,0.7812977882092795,0.8839105091632747,0.996615773713248,67768182.55234793,0.9976848918564407,ok
meerkat_b1_interferom,1.17161985814884,0.03,0.07845045531125497,0.07878089702867005,0.7783962037690266,0.8822676486016172,0.9929145411415485,67594860.20646833,0.9951332359112394,ok
meerkat_b1_interferom,1.18161975551304,0.0,0.04803420657251113,0.04822196314459244,0.8032797855340676,0.8962587715241997,1.0,67970788.16559161,1.0,ok
meerkat_b1_interferom,1.18161975551304,0.01,0.058034206572511134,0.058221963144592444,0.8024470593900248,0.8957940943040564,0.9989633423384491,67923348.22076437,0.9993020539248174,ok
meerkat_b1_interferom,1.18161975551304,0.02,0.06803420657251114,0.06822196314459245,0.8005902382700327,0.8947570833863416,0.996651792672404,67814689.0690454,0.9977034384805731,ok
meerkat_b1_interferom,1.18161975551304,0.03,0.07803420657251113,0.07822196314459244,0.7976492432883003,0.8931121112650418,0.9929905590216941,67642729.66215248,0.995173536863514,ok
meerkat_b1_interferom,1.1916196550025433,0.0,0.04744532363369998,0.04771963733032491,0.8226279045122553,0.9069883706598753,1.0,68000025.02845258,1.0,ok
meerkat_b1_interferom,1.1916196550025433,0.01,0.05744532363369998,0.05771963733032491,0.8218090383460233,0.9065368378317691,0.9990045728308747,67954289.393348,0.9993274173783694,ok
meerkat_b1_interferom,1.1916196550025433,0.02,0.06744532363369998,0.0677196373303249,0.8199458654611177,0.9055086225216841,0.9967396692521294,67847473.70418483,0.9977565989982516,ok
meerkat_b1_interferom,1.1916196550025433,0.03,0.07744532363369998,0.07771963733032491,0.816989906220246,0.9038749394801506,0.9931463566199445,67678218.92050287,0.9952675589778819,ok
meerkat_b1_interferom,1.2016195565621364,0.0,0.04699881950590274,0.047254481334988434,0.8423203444536753,0.9177801177044943,1.0,68036343.39832924,1.0,ok
meerkat_b1_interferom,1.2016195565621364,0.01,0.05699881950590274,0.057254481334988436,0.8414957008434651,0.9173307477913651,0.9990209857619609,67991210.90176028,0.999336641354978,ok
meerkat_b1_interferom,1.2016195565621364,0.02,0.06699881950590274,0.06725448133498843,0.8396109958881858,0.916302895274366,0.9967834701092886,67885351.26591085,0.9977807135881129,ok
meerkat_b1_interferom,1.2016195565621364,0.03,0.07699881950590273,0.07725448133498844,0.8366239212197226,0.9146714826754591,0.993237224683624,67717860.12000945,0.99531892423355,ok
meerkat_b1_interferom,1.211619460138384,0.0,0.0465048725759849,0.046827602836591216,0.8623248305554931,0.9286144682027592,1.0,68076781.13031697,1.0,ok
meerkat_b1_interferom,1.211619460138384,0.01,0.0565048725759849,0.05682760283659122,0.8614838696211727,0.9281615536215517,0.9990247747663967,68031681.92825618,0.9993375244641127,ok
meerkat_b1_interferom,1.211619460138384,0.02,0.0665048725759849,0.06682760283659121,0.8595786331393622,0.9271346359290878,0.996815356210534,67926838.7780939,0.9977974523804815,ok
meerkat_b1_interferom,1.211619460138384,0.03,0.0765048725759849,0.07682760283659121,0.8565517867163519,0.9255008302083537,0.9933052561696242,67760604.61400284,0.9953555895113653,ok
meerkat_b1_interferom,1.2216193656795815,0.0,0.04607104898405667,0.046353496165041946,0.882433306679018,0.9393792134590897,1.0,68106130.47357926,1.0,ok
meerkat_b1_interferom,1.2216193656795815,0.01,0.056071048984056675,0.05635349616504195,0.8815920363503658,0.9389313267488554,0.9990466471264347,68061883.05837035,0.9993503167056882,ok
meerkat_b1_interferom,1.2216193656795815,0.02,0.06607104898405668,0.06635349616504195,0.8796796165772356,0.9379123714810652,0.9968794354418175,67958739.66858712,0.9978358658175519,ok
meerkat_b1_interferom,1.2216193656795815,0.03,0.07607104898405667,0.07635349616504195,0.8766280868534932,0.9362841912867552,0.9934213500537822,67794560.88266426,0.9954252342814299,ok
meerkat_b1_interferom,1.231619273135671,0.0,0.04563310131553744,0.045830695654134085,0.902970097068416,0.950247387298916,1.0,68137503.75732625,1.0,ok
meerkat_b1_interferom,1.231619273135671,0.01,0.05563310131553744,0.05583069565413409,0.902130090002944,0.9498052905743071,0.9990697288113979,68094187.5517959,0.9993642824708604,ok
meerkat_b1_interferom,1.231619273135671,0.02,0.06563310131553744,0.06583069565413409,0.900199077638158,0.9487882153769396,0.9969312168373522,67992111.85697733,0.9978661986082329,ok
meerkat_b1_interferom,1.231619273135671,0.03,0.07563310131553744,0.07583069565413408,0.8971221432887695,0.9471653199356327,0.9935236462440644,67829908.44865558,0.9954856680725173,ok
meerkat_b1_interferom,1.24161918245816,0.0,0.045124207184550895,0.045368303521112166,0.9242353529349743,0.9613715998171437,1.0,68180007.43944074,1.0,ok
meerkat_b1_interferom,1.24161918245816,0.01,0.0551242071845509,0.05536830352111217,0.923379504248516,0.9609263781625084,0.9990739926970544,68136779.64082475,0.9993659754488237,ok
meerkat_b1_interferom,1.24161918245816,0.02,0.06512420718455089,0.06536830352111217,0.9214339847172046,0.959913529812558,0.9969689882464745,68035999.81779858,0.9978878321219007,ok
meerkat_b1_interferom,1.24161918245816,0.03,0.0751242071845509,0.07536830352111216,0.918316552281802,0.9582883450620705,0.9935960027558167,67874980.5928219,0.995526154101849,ok
meerkat_b1_interferom,1.2516190936000895,0.0,0.04483401634700003,0.04510195110073856,0.945768425606998,0.9725062599320367,1.0,68200241.07676016,1.0,ok
meerkat_b1_interferom,1.2516190936000895,0.01,0.05483401634700003,0.05510195110073856,0.9449022534063598,0.9720608280382251,0.9990841603745839,68157269.62088741,0.9993699222290963,ok
meerkat_b1_interferom,1.2516190936000895,0.02,0.06483401634700003,0.06510195110073856,0.9429272315375894,0.9710444024541769,0.9969958882190584,68056926.44604743,0.9978986198809557,ok
meerkat_b1_interferom,1.2516190936000895,0.03,0.07483401634700003,0.07510195110073856,0.939777728115162,0.9694213367340138,0.9936657882314149,67897467.43265179,0.9955605194449739,ok
meerkat_b1_interferom,1.261619006515976,0.0,0.04436123670554011,0.044564470719539784,0.9680026837164486,0.9838712739563283,1.0,68230603.85811628,1.0,ok
meerkat_b1_interferom,1.261619006515976,0.01,0.05436123670554011,0.054564470719539786,0.9671413398519986,0.9834334445461973,0.9991101844251681,68188703.96943259,0.999385907696628,ok
meerkat_b1_interferom,1.261619006515976,0.02,0.06436123670554011,0.06456447071953979,0.9651609953408745,0.9824260762728535,0.9970643796516514,68090064.3561103,0.9979402277854931,ok
meerkat_b1_interferom,1.261619006515976,0.03,0.07436123670554011,0.07456447071953978,0.961987951779353,0.9808098448625774,0.9937864511759377,67932584.67248297,0.9956321772228041,ok
meerkat_b1_interferom,1.2716189211617188,0.0,0.04383758045792592,0.044088800740716604,0.9908467096619289,0.9954128337840179,1.0,68270073.07107928,1.0,ok
meerkat_b1_interferom,1.2716189211617188,0.01,0.05383758045792592,0.054088800740716605,0.9899776729663418,0.9949762172867961,0.999122935276352,68228653.27199617,0.9993932949355424,ok
meerkat_b1_interferom,1.2716189211617188,0.02,0.06383758045792592,0.0640888007407166,0.9879770408186628,0.9939703420216636,0.9971038215949214,68130969.70253238,0.9979624546702612,ok
meerkat_b1_interferom,1.2716189211617188,0.03,0.07383758045792592,0.07408880074071661,0.9847649997471661,0.9923532635846803,0.9938621081793391,67974694.17899245,0.9956733766524711,ok
meerkat_b1_interferom,1.2816188374945854,0.0,0.043446473785687965,0.04374586993810593,1.0138319635930093,1.0068922303767218,1.0,68293344.53806719,1.0,ok
meerkat_b1_interferom,1.2816188374945854,0.01,0.05344647378568797,0.053745869938105935,1.0129566012534887,1.0064574512881748,0.9991365804482842,68252381.18489046,0.999400185282273,ok
meerkat_b1_interferom,1.2816188374945854,0.02,0.06344647378568796,0.06374586993810594,1.0109464841964135,1.0054583453313288,0.9971538879220481,68156109.9835766,0.9979905134911924,ok
meerkat_b1_interferom,1.2816188374945854,0.03,0.07344647378568797,0.07374586993810593,1.007700986149289,1.0038431083338117,0.993952669018254,68001259.17035669,0.9957230771214068,ok
meerkat_b1_interferom,1.2916187554731555,0.0,0.043121722498508805,0.0432612001322614,1.0372595146844055,1.018459382933068,1.0,68319659.15405747,1.0,ok
meerkat_b1_interferom,1.2916187554731555,0.01,0.05312172249850881,0.053261200132261405,1.0363842752291141,1.0180296042989683,0.9991562001187739,68279470.8730017,0.9994117611013668,ok
meerkat_b1_interferom,1.2916187554731555,0.02,0.06312172249850881,0.0632612001322614,1.0343590553625412,1.0170344415812775,0.997203728400846,68184338.98873055,0.9980193085416047,ok
meerkat_b1_interferom,1.2916187554731555,0.03,0.0731217224985088,0.0732612001322614,1.0310835269368268,1.0154228316011151,0.9940458605969426,68031078.99424145,0.9957760304517139,ok
meerkat_b1_interferom,1.3016186750572478,0.0,0.04260639823476554,0.04281796234067183,1.0611839602850353,1.0301378355759172,1.0,68353061.7588582,1.0,ok
meerkat_b1_interferom,1.3016186750572478,0.01,0.05260639823476554,0.052817962340671834,1.0603014097999015,1.0297093812333173,0.9991683341266328,68313329.4294905,0.9994187190983796,ok
meerkat_b1_interferom,1.3016186750572478,0.02,0.06260639823476553,0.06281796234067183,1.0582574274306429,1.028716397959439,0.9972422002556406,68219169.33230004,0.9980411641686143,ok
meerkat_b1_interferom,1.3016186750572478,0.03,0.07260639823476553,0.07281796234067184,1.0549605826938038,1.027112740985041,0.9941354394486326,68067881.2675064,0.995827831497031,ok
meerkat_b1_interferom,1.3116185962078966,0.0,0.042227667180246134,0.04255924116637546,1.0853652493946928,1.0418086433672418,1.0,68378354.70739223,1.0,ok
meerkat_b1_interferom,1.3116185962078966,0.01,0.052227667180246136,0.05255924116637546,1.084471325747491,1.041379530117378,0.9991763844957259,68338843.1623506,0.9994221629752469,ok
meerkat_b1_interferom,1.3116185962078966,0.02,0.06222766718024614,0.06255924116637546,1.082404796332852,1.0403868493655868,0.997272390042438,68245439.96117285,0.9980561868329801,ok
meerkat_b1_interferom,1.3116185962078966,0.03,0.07222766718024613,0.07255924116637547,1.07905966561423,1.0387779674281843,0.9941903577768134,68094841.2731458,0.9958537546646207,ok
meerkat_b1_interferom,1.3216185188873142,0.0,0.041797492969676026,0.04206090000106514,1.1100076803166568,1.0535690201959513,1.0,68402639.86790785,1.0,ok
meerkat_b1_interferom,1.3216185188873142,0.01,0.05179749296967603,0.05206090000106514,1.1091196715239957,1.0531475070112428,0.9991999976140636,68364116.31883538,0.9994368119542335,ok
meerkat_b1_interferom,1.3216185188873142,0.02,0.06179749296967603,0.062060900001065136,1.1070442774844693,1.0521617164126764,0.997330286191045,68272076.92007208,0.9980912586401942,ok
meerkat_b1_interferom,1.3216185188873142,0.03,0.07179749296967602,0.07206090000106513,1.1036856397450536,1.0505644386447952,0.9943045073617872,68123733.61460415,0.9959225805635236,ok
meerkat_b1_interferom,1.331618443058816,0.0,0.041411364665950356,0.041773464515278774,1.1351879729794891,1.0654520040712716,1.0,68426932.84735003,1.0,ok
meerkat_b1_interferom,1.331618443058816,0.01,0.05141136466595036,0.051773464515278776,1.1342882135449277,1.0650296773071293,0.9992073916778735,68388609.35007241,0.9994399354803304,ok
meerkat_b1_interferom,1.331618443058816,0.02,0.06141136466595036,0.06177346451527878,1.132193925621801,1.0640460166843355,0.997362509620473,68297474.00005692,0.9981080717503164,ok
meerkat_b1_interferom,1.331618443058816,0.03,0.07141136466595036,0.07177346451527877,1.1287898665315916,1.0624452298973306,0.9943638352412203,68149930.97503369,0.9959518590006906,ok
meerkat_b1_interferom,1.3416183686868075,0.0,0.04119257694085867,0.04128995905534433,1.1610472964934406,1.0775190469283782,1.0,68458298.29331312,1.0,ok
meerkat_b1_interferom,1.3416183686868075,0.01,0.05119257694085867,0.05128995905534433,1.1601241883723992,1.0770906128884419,0.9992049349549933,68419726.21868885,0.9994365610074178,ok
meerkat_b1_interferom,1.3416183686868075,0.02,0.06119257694085867,0.06128995905534433,1.1580076820082026,1.0761076535403893,0.997382006319279,68329358.40773699,0.9981165192709921,ok
meerkat_b1_interferom,1.3416183686868075,0.03,0.07119257694085868,0.07128995905534433,1.1545716885994355,1.0745099760353254,0.9944226148981505,68183222.60673502,0.9959818503609377,ok
meerkat_b1_interferom,1.3516182957367513,0.0,0.04067749617749913,0.04089903939872201,1.1873140625604826,1.0896394185970342,1.0,68481575.39853242,1.0,ok
meerkat_b1_interferom,1.3516182957367513,0.01,0.05067749617749913,0.050899039398722014,1.186401009909003,1.089220367927906,0.9992309931464043,68444119.69096452,0.9994530542361223,ok
meerkat_b1_interferom,1.3516182957367513,0.02,0.060677496177499124,0.060899039398722016,1.1842741960726428,1.0882436290062272,0.9974397115441519,68354996.05650467,0.9981516292332483,ok
meerkat_b1_interferom,1.3516182957367513,0.03,0.07067749617749913,0.07089903939872201,1.1808109412998404,1.0866512509999886,0.9945228297501859,68210424.38305387,0.9960405260261527,ok
meerkat_b1_interferom,1.3616182241750954,0.0,0.04038021451131865,0.040628100292638976,1.2139892881410956,1.1018118206577272,1.0,68497767.24800944,1.0,ok
meerkat_b1_interferom,1.3616182241750954,0.01,0.050380214511318654,0.05062810029263898,1.2130757175959508,1.1013971661466861,0.9992474640805573,68460935.67773333,0.9994622953162435,ok
meerkat_b1_interferom,1.3616182241750954,0.02,0.060380214511318656,0.06062810029263897,1.2109236197335143,1.1004197470663248,0.9974747154381604,68372400.13610548,0.9981697635274731,ok
meerkat_b1_interferom,1.3616182241750954,0.03,0.07038021451131865,0.07062810029263897,1.2074240678349268,1.0988284979171803,0.9945920278125174,68228968.89050962,0.9960758084781569,ok
meerkat_b1_interferom,1.3716181539692662,0.0,0.040005505994390025,0.040180804825852,1.2415121058915615,1.1142316212940473,1.0,68526105.46711779,1.0,ok
meerkat_b1_interferom,1.3716181539692662,0.01,0.05000550599439003,0.050180804825852,1.2405876632824797,1.1138167099134757,0.999255389774538,68489537.33614974,0.9994663620423373,ok
meerkat_b1_interferom,1.3716181539692662,0.02,0.06000550599439003,0.060180804825852,1.2384246386031217,1.1128452896081835,0.997513139603079,68402201.37356919,0.998191870197438,ok
meerkat_b1_interferom,1.3716181539692662,0.03,0.07000550599439002,0.070180804825852,1.23490016345523,1.111260619051728,0.9946742827516907,68260405.92082846,0.9961226521706122,ok
meerkat_b1_interferom,1.3816180850876427,0.0,0.03962725445642485,0.03980421915250039,1.2695414845629176,1.1267393152645901,1.0,68549375.47772628,1.0,ok
meerkat_b1_interferom,1.3816180850876427,0.01,0.04962725445642485,0.04980421915250039,1.26861367925622,1.1263275186446524,0.9992691807885135,68513331.81221114,0.9994741941080579,ok
meerkat_b1_interferom,1.3816180850876427,0.02,0.05962725445642485,0.05980421915250039,1.266428379807801,1.1253570010480234,0.99754785109981,68426712.19251585,0.9982105849345004,ok
meerkat_b1_interferom,1.3816180850876427,0.03,0.06962725445642484,0.06980421915250039,1.262865289640001,1.1237727927121215,0.9947412550089175,68285956.444525,0.996157236570494,ok
meerkat_b1_interferom,1.3916180174994863,0.0,0.039296491491264636,0.03947493901336733,1.2981726641242177,1.1393738035097252,1.0,68570630.81328747,1.0,ok
meerkat_b1_interferom,1.3916180174994863,0.01,0.04929649149126464,0.04947493901336733,1.2972376315988803,1.1389634022210198,0.9992797317712985,68534950.79533413,0.9994796603512298,ok
meerkat_b1_interferom,1.3916180174994863,0.02,0.05929649149126463,0.059474939013367326,1.29503672587765,1.1379968039839348,0.9975843442607973,68449298.8895891,0.9982305555270632,ok
meerkat_b1_interferom,1.3916180174994863,0.03,0.06929649149126463,0.06947493901336732,1.291446546365378,1.1364182972679462,0.994818780317349,68310023.39677058,0.9961994309600782,ok
meerkat_b1_interferom,1.4016179511749407,0.0,0.039014424937112054,0.039194156704279094,1.3273692640841022,1.152115126228322,1.0,68586822.67378023,1.0,ok
meerkat_b1_interferom,1.4016179511749407,0.01,0.049014424937112056,0.049194156704279096,1.3264301180696418,1.1517074793842583,0.9992924756961972,68551594.66059095,0.9994863734487769,ok
meerkat_b1_interferom,1.4016179511749407,0.02,0.05901442493711205,0.05919415670427909,1.3242129128421851,1.150744503720172,0.9976221000988034,68466858.76610526,0.9982509190104117,ok
meerkat_b1_interferom,1.4016179511749407,0.03,0.06901442493711205,0.06919415670427909,1.3205781048141692,1.1491640895947668,0.9948837452744402,68328351.19255893,0.9962314702570394,ok
meerkat_b1_interferom,1.4116178860850006,0.0,0.03860046707126424,0.03878211733139116,1.3574448892072493,1.1650943692281965,1.0,68611110.53686991,1.0,ok
meerkat_b1_interferom,1.4116178860850006,0.01,0.04860046707126424,0.048782117331391164,1.356505776814918,1.164691279616585,0.9993081764130552,68576526.59715724,0.9994959425748678,ok
meerkat_b1_interferom,1.4116178860850006,0.02,0.058600467071264234,0.05878211733139116,1.3542686444597245,1.1637304861778455,0.9976601298713647,68492578.62730092,0.9982724094007297,ok
meerkat_b1_interferom,1.4116178860850006,0.03,0.06860046707126424,0.06878211733139117,1.3506130235843345,1.162158777269412,0.9949671138200649,68355763.20433685,0.9962783384420538,ok
meerkat_b1_interferom,1.4216178222014653,0.0,0.03823457760911821,0.038470191751737395,1.3882100312105585,1.1782232518544855,1.0,68634393.87207708,1.0,ok
meerkat_b1_interferom,1.4216178222014653,0.01,0.048234577609118215,0.0484701917517374,1.387260475382353,1.1778202220128304,0.999315985472762,68600053.55574816,0.9994996631514964,ok
meerkat_b1_interferom,1.4216178222014653,0.02,0.05823457760911821,0.0584701917517374,1.3850065527383268,1.1768630135824334,0.997692367581123,68516993.7877227,0.9982894861055641,ok
meerkat_b1_interferom,1.4216178222014653,0.03,0.06823457760911822,0.0684701917517374,1.381307422491107,1.1752903566740889,0.9950276913692719,68381001.89738339,0.996308090442731,ok
meerkat_b1_interferom,1.4316177594969226,0.0,0.03791814807789718,0.03812939287720479,1.419626278776795,1.1914807085206185,1.0,68655634.09020141,1.0,ok
meerkat_b1_interferom,1.4316177594969226,0.01,0.04791814807789718,0.048129392877204795,1.418670863238971,1.1910797048220456,0.9993269950323495,68621686.4165372,0.9995055369582689,ok
meerkat_b1_interferom,1.4316177594969226,0.02,0.05791814807789718,0.0581293928772048,1.4163965690285831,1.1901246023121206,0.997724957760718,68539370.81722799,0.9983065734587686,ok
meerkat_b1_interferom,1.4316177594969226,0.03,0.06791814807789717,0.06812939287720479,1.4126628185007006,1.1885549286847035,0.9950948637819705,68404515.37075959,0.9963423435997708,ok
meerkat_b1_interferom,1.4416176979447255,0.0,0.03762575000326045,0.03783862723242944,1.4514531565201065,1.2047626971815264,1.0,68665756.09409012,1.0,ok
meerkat_b1_interferom,1.4416176979447255,0.01,0.04762575000326045,0.047838627232429445,1.450504509586136,1.2043689258637222,0.9993464157422448,68632596.45818904,0.9995170862772466,ok
meerkat_b1_interferom,1.4416176979447255,0.02,0.05762575000326045,0.05783862723242944,1.4482176433428067,1.2034191469902773,0.9977708456089227,68551276.68473947,0.9983328020273485,ok
meerkat_b1_interferom,1.4416176979447255,0.03,0.06762575000326045,0.06783862723242945,1.4444564421391544,1.201855416487006,0.9951795107203274,68417765.02456515,0.9963884316778634,ok
meerkat_b1_interferom,1.4477954808675195,0.0,0.03751885845204255,0.03751885845204255,1.4716196258227625,1.2131033038545245,1.0,68681944.0,1.0,ok
meerkat_b1_interferom,1.4477954808675195,0.01,0.04751885845204255,0.04751885845204255,1.4706601279914726,1.2127077669378854,0.9993479987529023,68648784.0,0.9995171947957676,ok
meerkat_b1_interferom,1.4477954808675195,0.02,0.05751885845204255,0.05751885845204255,1.4683577651923039,1.21175812982307,0.9977834893112173,68567824.0,0.9983384279280155,ok
meerkat_b1_interferom,1.4477954808675195,0.03,0.06751885845204256,0.06751885845204256,1.4645682035214431,1.2101934570643833,0.9952083934071095,68434760.0,0.9964010337272923,ok
