telescope,z,z_low,z_high,variance_mK2,mode_count,k_min_min,k_min_max,first_node_peak_kperp,first_node_peak_density,first_node_peak_group_fraction
ska_mid1_interferom,0.3563869481730751,0.3499676190476189,0.359967619047619,0.019794946260032822,33137106.920270875,0.22533159252466312,0.22842938350462785,0.2355275694930816,0.0011394520097170444,0.0009075007059351869
ska_mid1_interferom,0.3650037837364613,0.359967619047619,0.369967619047619,0.022120927464400055,34872993.48298894,0.2186145612545524,0.22269164087484958,0.2355275694930816,0.0011625224323304304,0.0008525735565506066
ska_mid1_interferom,0.3750025448430996,0.369967619047619,0.379967619047619,0.024963295601383745,36755666.84965422,0.21186465790946077,0.21573430873730606,0.2355275694930816,0.0011923477440907236,0.0007924173645013454
ska_mid1_interferom,0.3850013702336446,0.379967619047619,0.389967619047619,0.02801511157093364,38553376.869990185,0.2054894791089082,0.2091315444689748,0.2355275694930816,0.0012208863956761683,0.0007410636098032427
ska_mid1_interferom,0.3950002550884818,0.389967619047619,0.399967619047619,0.031207509678177505,40197846.028579354,0.19942427894761444,0.20290311838302758,0.2355275694930816,0.0012499473098685206,0.0006971739302891044
ska_mid1_interferom,0.4049991950622724,0.399967619047619,0.409967619047619,0.034566377287417495,41737261.657579854,0.1937085451417958,0.19699280236130984,0.2355275694930816,0.0012795361944849465,0.0006585482389995824
ska_mid1_interferom,0.4149981862267459,0.409967619047619,0.419967619047619,0.038099169693173486,43188548.28521317,0.1882407933537639,0.1913671134717353,0.2355275694930816,0.0013096587610119995,0.0006247420162333694
ska_mid1_interferom,0.4249972250217319,0.419967619047619,0.429967619047619,0.041737743175700955,44501310.394770265,0.18309260833456284,0.1860950399825572,0.18705830747262708,0.0012459776806091416,0.0005961957344647658
ska_mid1_interferom,0.4349963082127737,0.429967619047619,0.439967619047619,0.045577890797296954,45764222.66648588,0.17812828788983429,0.1809468423066792,0.18598170395593072,0.0012727797340649587,0.0005720236684008988
ska_mid1_interferom,0.4449954328546551,0.439967619047619,0.449967619047619,0.049583081705930135,46944220.61760731,0.17343890132872675,0.17610452024487014,0.1776993888426692,0.001282720241469932,0.0005738169383551091
ska_mid1_interferom,0.4549945962595065,0.449967619047619,0.4599676190476189,0.053763940255056736,48051087.73916202,0.16894038715616375,0.17149447063934112,0.1776993888426692,0.001312114026805748,0.0005510921555659178
ska_mid1_interferom,0.4649937959692968,0.4599676190476189,0.4699676190476189,0.05810272946396731,49074977.58753033,0.16466058685526863,0.1670998667943483,0.16984134571854273,0.0013217248823259615,0.0005527711378332197
ska_mid1_interferom,0.4749930297314835,0.4699676190476189,0.479967619047619,0.06261106604660684,50031927.10707627,0.1605732209326035,0.16291349175367809,0.16357774462618335,0.0013345135272940767,0.0005502042020958808
ska_mid1_interferom,0.4849922954780549,0.479967619047619,0.489967619047619,0.06729465497391912,50934030.30885906,0.15666130747321705,0.15889493909329047,0.16357774462618335,0.0013639616674535771,0.0005320261279972054
ska_mid1_interferom,0.4949915913066636,0.489967619047619,0.499967619047619,0.07216319455475481,51792697.51104042,0.15292517986676105,0.1550572575049074,0.15539360769950608,0.0013701767518532275,0.0005369876271241443
ska_mid1_interferom,0.5049909154645286,0.499967619047619,0.509967619047619,0.07718838282834126,52595574.76314665,0.14933097082747024,0.15136114248477672,0.15539360769950608,0.0013997050857967354,0.0005206951926556459
ska_mid1_interferom,0.5149902663335991,0.509967619047619,0.519967619047619,0.08236712639632189,53343212.58022775,0.1458822875172227,0.14783758980835768,0.14896071427234547,0.0014096282213602327,0.0005224243368257709
ska_mid1_interferom,0.5249896424181375,0.519967619047619,0.529967619047619,0.08773706033846643,54056797.29798575,0.14258968941066466,0.144457527105513,0.14896071427234547,0.0014393743574018193,0.0005080605233759124
ska_mid1_interferom,0.5349890423328459,0.529967619047619,0.539967619047619,0.09326859041654909,54722021.06376678,0.13939942347342596,0.14122414773912925,0.14896071427234547,0.0014695910808911522,0.0004948578281656225
ska_mid1_interferom,0.5449884647932806,0.539967619047619,0.549967619047619,0.09895654080025465,55343865.93135948,0.13636285972501458,0.1381259462198605,0.14896071427234547,0.0015002827453600804,0.0004825273303370959
ska_mid1_interferom,0.5549879086062155,0.549967619047619,0.559967619047619,0.10478342194876802,55939650.106223345,0.13342277744352135,0.1351276433423599,0.13757239137132957,0.001490456828965494,0.0004991391643559799
ska_mid1_interferom,0.5649873726621528,0.559967619047619,0.5699676190476191,0.11068977482614532,56503295.606798165,0.13058569351120292,0.13223603454818234,0.13757239137132957,0.0015206749824886138,0.0004882635185965945
ska_mid1_interferom,0.5749868559275676,0.5699676190476191,0.5799676190476191,0.11662661177836685,57027151.0377371,0.1279134219155489,0.12948153449530375,0.13757239137132957,0.0015513501578490506,0.00047856506796553015
ska_mid1_interferom,0.58498635743881,0.5799676190476191,0.5899676190476191,0.12266720818929017,57538042.01142094,0.12528834229376587,0.12677807322506948,0.13757239137132957,0.0015824863836542042,0.0004695837862782662
ska_mid1_interferom,0.5949858762960337,0.5899676190476191,0.5999676190476191,0.1288265565733422,58018912.80481235,0.1227298461557228,0.12419367820771951,0.13757239137132957,0.0016123106138349087,0.00046176557610532024
ska_mid1_interferom,0.6049854116579813,0.5999676190476191,0.609967619047619,0.1351573199431752,58473506.960918635,0.12030896650597063,0.12171118724562863,0.13757239137132957,0.0016424314771005992,0.0004544615982102567
ska_mid1_interferom,0.6149849627373841,0.609967619047619,0.619967619047619,0.14166523719626845,58893349.01440543,0.11795758915489163,0.11931171690061358,0.13757239137132957,0.0016729685385154154,0.00044738921198184947
ska_mid1_interferom,0.6249845287963656,0.619967619047619,0.629967619047619,0.14840095447193602,59296114.3260908,0.11567995241140845,0.11700037510135444,0.13757239137132957,0.0017039251713365186,0.0004403959413263155
ska_mid1_interferom,0.6349841091429956,0.629967619047619,0.639967619047619,0.15537718003445158,59690934.48372498,0.11348934379354819,0.11474749116749121,0.2355275694930816,0.0015977426370073708,0.0004347569023782036
ska_mid1_interferom,0.6449837031272238,0.639967619047619,0.649967619047619,0.16247327106896545,60042364.06019274,0.11137286910062895,0.11259225097520294,0.2355275694930816,0.0016005378068754687,0.0004355074410889859
ska_mid1_interferom,0.6549833101382365,0.649967619047619,0.659967619047619,0.16982684187865876,60396015.05241671,0.10933483361194957,0.11054944869191963,0.2355275694930816,0.0016029715255847282,0.0004360403190501872
ska_mid1_interferom,0.6649829296010924,0.659967619047619,0.6699676190476189,0.17733002808326842,60729372.59132156,0.107332941624305,0.10848669224560852,0.2355275694930816,0.0016050383588841891,0.0004369155566940325
ska_mid1_interferom,0.6749825609743139,0.6699676190476189,0.6799676190476189,0.18493921815285447,61038575.482499175,0.10547401771230963,0.10653484630745554,0.2355275694930816,0.001622721771250105,0.00043381088251928337
ska_mid1_interferom,0.6849822037474782,0.6799676190476189,0.6899676190476189,0.19271862779148546,61345843.13783188,0.10356234984368126,0.1046425600342499,0.10533113119236721,0.0017440467175497756,0.00047012393472145423
ska_mid1_interferom,0.6949818574387783,0.6899676190476189,0.699967619047619,0.20062255318275948,61631825.2552858,0.10176282922573636,0.10282288730452721,0.10533113119236721,0.0017752397713228522,0.00046416262016841636
ska_mid1_interferom,0.7049815215933805,0.699967619047619,0.709967619047619,0.2087473675142224,61905531.01240374,0.10005140423901149,0.10101019384458608,0.10533113119236721,0.0018068423180329471,0.0004582199209801926
ska_mid1_interferom,0.714981195781088,0.709967619047619,0.719967619047619,0.2171502309155458,62169109.67920488,0.09832040301641692,0.09928579625854123,0.10533113119236721,0.0018388574614738903,0.00045229721881927373
ska_mid1_interferom,0.7249808795950998,0.719967619047619,0.729967619047619,0.2258331605257338,62416983.10643086,0.09674536301734947,0.09764408997585948,0.10533113119236721,0.001871288306899494,0.0004463187317236172
ska_mid1_interferom,0.7349805726501474,0.729967619047619,0.739967619047619,0.23479963346719118,62660486.74429096,0.09508091499224038,0.09600568482416816,0.10533113119236721,0.0019030698257324489,0.00044078725325998947
ska_mid1_interferom,0.7449802745811362,0.739967619047619,0.749967619047619,0.2439361626299379,62884788.08712468,0.09356940152720444,0.09442393434626724,0.10533113119236721,0.0019344854709095573,0.00043545196079123276
ska_mid1_interferom,0.7549799850419799,0.749967619047619,0.759967619047619,0.25325407165517677,63097342.63134281,0.09206578979935685,0.09289092422236356,0.10533113119236721,0.0019662770988685564,0.0004304203708287193
ska_mid1_interferom,0.7649797037040454,0.759967619047619,0.769967619047619,0.26280541266599955,63310992.33848299,0.09058155841209051,0.09140910673957835,0.10533113119236721,0.0019984473097720847,0.00042542968096158205
ska_mid1_interferom,0.7749794302554139,0.769967619047619,0.779967619047619,0.27252130747126135,63512402.587872,0.0892302691384411,0.09003678558378633,0.10533113119236721,0.0020309987050283447,0.00042063794657948213
ska_mid1_interferom,0.7849791643995323,0.779967619047619,0.789967619047619,0.2842550803598082,64083182.04590819,0.08774384495373842,0.08855256108135384,0.10533113119236721,0.0020639338873522945,0.00041549784187805037
ska_mid1_interferom,0.7949789058543857,0.789967619047619,0.799967619047619,0.29441599181582456,64272629.322210126,0.08639465757316717,0.08719285774709017,0.10533113119236721,0.0020972554607169573,0.0004110145434680441
ska_mid1_interferom,0.8049786543517098,0.799967619047619,0.809967619047619,0.30471866175873075,64444300.5750078,0.08508308757801543,0.08589347691604837,0.10533113119236721,0.0021309660303861647,0.00040679268977588144
ska_mid1_interferom,0.8149784096358794,0.809967619047619,0.8199676190476191,0.31526266815930654,64614418.427859664,0.08381090102806428,0.08456226244850776,0.10533113119236721,0.002165068202928529,0.00040257877729835655
ska_mid1_interferom,0.8249781714634683,0.8199676190476191,0.829967619047619,0.32598594974707296,64770746.35200445,0.08264068779888241,0.08333032997355465,0.10533113119236721,0.0021995645861814144,0.00039848438869567173
ska_mid1_interferom,0.8349779396023108,0.829967619047619,0.839967619047619,0.3370387650042429,64934087.31208863,0.0813920083540418,0.08211659880569384,0.10533113119236721,0.0022344577893119244,0.00039444258039115457
ska_mid1_interferom,0.8449777138308954,0.839967619047619,0.849967619047619,0.34832641312861545,65084504.73264934,0.08019902277198668,0.08088465679799264,0.10533113119236721,0.0022697504227740125,0.00039053935828015
ska_mid1_interferom,0.8549774939379134,0.849967619047619,0.859967619047619,0.3599048206021781,65227941.37330036,0.07906425215547187,0.07978481423512362,0.13757239137132957,0.0021390688238548867,0.0003890551536767088
ska_mid1_interferom,0.8649772797213726,0.859967619047619,0.869967619047619,0.3718509409452415,65374777.94155554,0.07795160631474522,0.07858020675177227,0.13757239137132957,0.002147677509237743,0.0003895147262911744
ska_mid1_interferom,0.8749770709883379,0.869967619047619,0.879967619047619,0.38394200794171973,65492741.8729392,0.07686204608268377,0.07748652794633391,0.13757239137132957,0.002168992057443468,0.00038773682918541924
ska_mid1_interferom,0.8849768675543649,0.879967619047619,0.889967619047619,0.3964673869380009,65623729.72463162,0.07580981237773661,0.07640347698296476,0.2355275694930816,0.0020222681157928413,0.00038626712349081635
ska_mid1_interferom,0.8949766692429124,0.889967619047619,0.899967619047619,0.409288085779003,65747758.80842337,0.07479648054047797,0.07543806324663621,0.2355275694930816,0.0020330281719512476,0.0003862095279779834
ska_mid1_interferom,0.9049764758851316,0.899967619047619,0.909967619047619,0.4223540609942305,65861731.38344796,0.07375561855747473,0.0743656836930483,0.2355275694930816,0.0020436431419113606,0.00038608714976675403
ska_mid1_interferom,0.9149762873192346,0.909967619047619,0.919967619047619,0.43576274577986734,65980714.08332111,0.07278267322649322,0.07333239911273176,0.2355275694930816,0.002054110589198144,0.00038596573088612804
ska_mid1_interferom,0.9249761033902332,0.919967619047619,0.929967619047619,0.44936892434509074,66086926.42619984,0.07185246063258185,0.07239538145248184,0.2355275694930816,0.002064428076112034,0.00038600837122492864
ska_mid1_interferom,0.9349759239496664,0.929967619047619,0.939967619047619,0.463335298217605,66200402.424812846,0.0708675555744402,0.07150226622586986,0.15539360769950608,0.002167614280906548,0.0003808647860938809
ska_mid1_interferom,0.9449757488550348,0.939967619047619,0.9499676190476192,0.4774857750534274,66298757.99787386,0.06996928850447211,0.0704839857534539,0.14896071427234547,0.0022259180527690794,0.0003794188169820123
ska_mid1_interferom,0.9549755779696892,0.9499676190476192,0.959967619047619,0.4919827013142191,66401175.34662963,0.06910294116295136,0.06958076708702464,0.14896071427234547,0.0022322341411357043,0.0003802867760946219
ska_mid1_interferom,0.964975411162517,0.959967619047619,0.969967619047619,0.506667590312105,66490515.881815836,0.06818142986250729,0.06869490673278608,0.14896071427234547,0.002238282299980989,0.0003812229540707775
ska_mid1_interferom,0.9749752483075328,0.969967619047619,0.979967619047619,0.5217237170593776,66588890.37534058,0.06733681581770001,0.06782708482247567,0.14896071427234547,0.0022576850264761222,0.0003798400345325937
ska_mid1_interferom,0.984975089283782,0.979967619047619,0.989967619047619,0.5369478190371026,66674242.14915303,0.06655694220396563,0.06699299144557605,0.14896071427234547,0.0022798005145093793,0.000378206449264435
ska_mid1_interferom,0.9949749339750112,0.989967619047619,0.999967619047619,0.5524612814653388,66759573.05842497,0.06566086947361534,0.06614838146272924,0.13757239137132957,0.002363065542724301,0.00037829687214452795
ska_mid1_interferom,1.0049747822694182,0.999967619047619,1.009967619047619,0.5683091282804318,66846965.41989267,0.06490727088646465,0.06533896295682266,0.13757239137132957,0.002370454141160885,0.00037912589815886316
ska_mid1_interferom,1.0149746340595482,1.009967619047619,1.019967619047619,0.5843999430364057,66925544.338775694,0.06409784399653445,0.06455050698708008,0.2355275694930816,0.0021422403241305953,0.0003898138788303556
ska_mid1_interferom,1.0249744892419546,1.019967619047619,1.029967619047619,0.6008320615175308,67003151.978887394,0.06334150077036921,0.0637837909361526,0.2355275694930816,0.002080036429789784,0.00040362237114092655
ska_mid1_interferom,1.0349743477170723,1.029967619047619,1.039967619047619,0.6175677173076998,67071704.38863619,0.06257601644944567,0.06315099958474399,0.2355275694930816,0.0021238335896038543,0.0003974767748156454
ska_mid1_interferom,1.0449742093891068,1.039967619047619,1.049967619047619,0.634850497998618,67151319.12082414,0.06188222971277152,0.06227041269178256,0.2355275694930816,0.0021698178481574727,0.0003909838005578065
ska_mid1_interferom,1.0549740741657054,1.049967619047619,1.059967619047619,0.6524511095020318,67218856.57213405,0.061147744945217915,0.061540561050953346,0.2355275694930816,0.0022164546694481498,0.0003847096002733839
ska_mid1_interferom,1.0649739419579114,1.059967619047619,1.069967619047619,0.670490843789288,67291418.49411526,0.06043756473773863,0.060867966418229925,0.2355275694930816,0.002263748760772238,0.000378477201193984
ska_mid1_interferom,1.0749738126800437,1.069967619047619,1.079967619047619,0.6887809633716035,67355934.2778211,0.05975255570143421,0.06013778990362739,0.10533113119236721,0.002659277818420613,0.00037527418106844354
ska_mid1_interferom,1.084973686249406,1.079967619047619,1.089967619047619,0.7074003070924346,67420449.89686838,0.05907660006481847,0.0594999722583134,0.10533113119236721,0.002683194892979476,0.00037381931968947054
ska_mid1_interferom,1.094973562586271,1.089967619047619,1.0999676190476189,0.7263093477739229,67474885.35672124,0.05839282008589773,0.05880404220939845,0.10533113119236721,0.0027071969253762494,0.00037243190171065054
ska_mid1_interferom,1.104973441613772,1.0999676190476189,1.109967619047619,0.7459290809149359,67547444.3313205,0.05782261466360345,0.05811705552185371,0.10533113119236721,0.0027312835899663715,0.0003708315864918612
ska_mid1_interferom,1.1149733232576469,1.109967619047619,1.1199676190476189,0.7657784268358852,67593831.83608575,0.057141400138970545,0.057561563151313354,0.10533113119236721,0.002755454560932016,0.0003694369766095868
ska_mid1_interferom,1.1249732074462362,1.1199676190476189,1.129967619047619,0.7863293602486613,67653369.38662907,0.05648752618968228,0.056859566607459715,0.10533113119236721,0.002779709512287777,0.00036780867835643576
ska_mid1_interferom,1.1349730941103835,1.129967619047619,1.139967619047619,0.8072788007945311,67703968.79065177,0.05591584770816276,0.05627382734219963,0.13757239137132957,0.002611843782512809,0.0003671046648914998
ska_mid1_interferom,1.1449729831832212,1.139967619047619,1.1499676190476191,0.8288188053783723,67760651.49027684,0.05528380587470687,0.05569995559811609,0.13757239137132957,0.002626713350978062,0.00036658443152178964
ska_mid1_interferom,1.154972874600165,1.1499676190476191,1.159967619047619,0.8508631987128823,67820338.42423728,0.05469954846143324,0.05504719919996898,0.13757239137132957,0.002641496561311061,0.00036593639159328316
ska_mid1_interferom,1.164972768298837,1.159967619047619,1.1699676190476191,0.873078717424139,67861839.07736972,0.054127535439164,0.05446040350248495,0.13757239137132957,0.0026561917847845013,0.000365507946306131
ska_mid1_interferom,1.174972664218868,1.1699676190476191,1.179967619047619,0.8958597254267455,67916472.3806968,0.05358689900930031,0.053885851951015355,0.13757239137132957,0.0026707973918074037,0.0003649617072329077
ska_mid1_interferom,1.1849725623019067,1.179967619047619,1.1899676190476192,0.9188378754974642,67955948.79530686,0.053078597947097954,0.0533615851914334,0.2355275694930816,0.002477251485694765,0.0003652421045378785
ska_mid1_interferom,1.1949724624915468,1.1899676190476192,1.199967619047619,0.9423870265348606,68003531.05289626,0.05245065194047848,0.05292705274718001,0.2355275694930816,0.0024566397619286756,0.00036993112893038963
ska_mid1_interferom,1.204972364733159,1.199967619047619,1.209967619047619,0.9664290147735601,68052089.6278548,0.05198920028621835,0.05227808489714843,0.2355275694930816,0.0024352547321173875,0.00037467669918582426
ska_mid1_interferom,1.2149722689738969,1.209967619047619,1.219967619047619,0.9906722073804766,68083456.30111094,0.05152361598160433,0.051737528875752434,0.2355275694930816,0.0024130894851064127,0.00037976322306583536
ska_mid1_interferom,1.2249721751626317,1.219967619047619,1.229967619047619,1.0156495401955983,68135072.76391137,0.05089621217450511,0.051210874907250285,0.2355275694930816,0.002410350002677461,0.000381768775996747
ska_mid1_interferom,1.2349720832498203,1.229967619047619,1.239967619047619,1.0407757302574172,68170481.39001405,0.05048024082702198,0.05071835649194957,0.2355275694930816,0.0024111676413652986,0.0003832695416155866
ska_mid1_interferom,1.244971993187495,1.239967619047619,1.249967619047619,1.066416315138091,68211980.86772406,0.04994032968003772,0.05016099499511887,0.2355275694930816,0.002411668260353685,0.0003848790127951158
ska_mid1_interferom,1.2549719049292063,1.249967619047619,1.259967619047619,1.0924986498400497,68252463.5323571,0.04945546062842974,0.049698486468508385,0.2355275694930816,0.002411848661036903,0.0003865339333457764
ska_mid1_interferom,1.2649718184299303,1.259967619047619,1.269967619047619,1.1190140112288005,68289899.77732168,0.04894528130932142,0.049211234638848654,0.2355275694930816,0.002416620376337082,0.00038742662898834813
ska_mid1_interferom,1.2749717336460331,1.269967619047619,1.279967619047619,1.1460066611934443,68326331.53954212,0.04845045531125498,0.0487191099272054,0.2355275694930816,0.0024467130043755647,0.0003843301049080315
ska_mid1_interferom,1.284971650535233,1.279967619047619,1.289967619047619,1.1735079876196726,68362768.95968226,0.04811774438618377,0.048284386423988225,0.2355275694930816,0.002477068618140895,0.0003812859636548689
ska_mid1_interferom,1.2949715690565256,1.289967619047619,1.299967619047619,1.2015298425899688,68399200.61691722,0.04752989647022155,0.047824723644178536,0.2355275694930816,0.0025076884913802964,0.0003782453891194368
ska_mid1_interferom,1.304971489170141,1.299967619047619,1.309967619047619,1.2299668845015257,68429562.99432592,0.04712682379063538,0.04738179494155897,0.2355275694930816,0.002538573898489814,0.00037527739251006333
ska_mid1_interferom,1.3149714108375186,1.309967619047619,1.319967619047619,1.2590243530373173,68465060.01077706,0.04676323496721478,0.046934686449638045,0.2355275694930816,0.0025616704127166224,0.0003734402733273881
ska_mid1_interferom,1.32497133402124,1.319967619047619,1.329967619047619,1.2884644038860096,68492493.07495087,0.04628846901659172,0.046504872575984915,0.2355275694930816,0.0025775516149574443,0.00037275113306302614
ska_mid1_interferom,1.334971258684994,1.329967619047619,1.339967619047619,1.3185375207063328,68522967.68588173,0.045808782817283,0.046114614997558784,0.2355275694930816,0.0025934088199063903,0.00037202042164265816
ska_mid1_interferom,1.3449711847935426,1.339967619047619,1.349967619047619,1.349408290246289,68560565.8047139,0.045368303521112166,0.04565509847339032,0.2355275694930816,0.0026092411441085623,0.00037128425006520345
ska_mid1_interferom,1.3549711123126835,1.349967619047619,1.359967619047619,1.3808730681072001,68592057.83571324,0.045035116856413565,0.045213121964731914,0.2355275694930816,0.0026250477036587217,0.0003705078865360997
ska_mid1_interferom,1.3649710412091978,1.359967619047619,1.369967619047619,1.4128188505363608,68610338.40887818,0.04476678209320477,0.04483401634700003,0.2355275694930816,0.0026561998248669327,0.00036761024200840397
ska_mid1_interferom,1.3749709714508327,1.369967619047619,1.379967619047619,1.445831568693612,68642859.79887444,0.04415706731178147,0.04440648020195571,0.2355275694930816,0.0026888611796877194,0.0003645251513573446
ska_mid1_interferom,1.384970903006268,1.379967619047619,1.3899676190476191,1.479678162389209,68676386.40218374,0.04376881558350125,0.04402042830246006,0.2355275694930816,0.00272180497405066,0.00036137022590185616
ska_mid1_interferom,1.3949708358450654,1.3899676190476191,1.3999676190476191,1.5140687535684445,68697716.5286425,0.04340022952161367,0.043676960675155654,0.2355275694930816,0.0027550325552115023,0.00035824586375383114
ska_mid1_interferom,1.4049707699376537,1.3999676190476191,1.409967619047619,1.5493093389006094,68722109.30757198,0.04305181422908695,0.04328440270841721,0.25367095566881387,0.002476298460789176,0.00036135088415588623
ska_mid1_interferom,1.4149707052553049,1.409967619047619,1.419967619047619,1.585360010801618,68748518.51719521,0.04265350316704545,0.04286483478200885,0.2355275694930816,0.0027828558234666537,0.00035701754699665153
ska_mid1_interferom,1.4249706417700834,1.419967619047619,1.429967619047619,1.6222734683759041,68781028.25542161,0.042298937555312464,0.042488407428793104,0.2355275694930816,0.0027872574055454453,0.00035753875112972885
ska_mid1_interferom,1.4349705794548349,1.429967619047619,1.439967619047619,1.65947176169835,68798301.20961693,0.04198922559510969,0.04215627631400869,0.2355275694930816,0.002791416444161455,0.0003581850427242025
ska_mid1_interferom,1.4449705182831671,1.439967619047619,1.449967619047619,1.697303575544221,68817606.12236309,0.04170129608041779,0.041869495594916165,0.2355275694930816,0.00279533056226941,0.00035886440226033927
ska_mid1_interferom,1.4549704582294014,1.449967619047619,1.459967619047619,1.735909890623337,68846061.98960868,0.041216944039671646,0.041411364665950356,0.2355275694930816,0.0027718682412161805,0.0003631045438619237
ska_mid1_interferom,1.464970399268568,1.459967619047619,1.469967619047619,1.7750407374900306,68874499.91402534,0.040899039398722005,0.04111938900574734,0.2355275694930816,0.002741824208355536,0.00036823819102278787
ska_mid1_interferom,1.4749703413763782,1.469967619047619,1.479967619047619,1.8143740924566325,68890759.66504818,0.04055389365481624,0.04082532523955723,0.2355275694930816,0.0027109376162506946,0.00037377600323408626
ska_mid1_interferom,1.4849702845292008,1.479967619047619,1.489967619047619,1.8541853804480422,68904981.62874103,0.04030555149303285,0.04055389365481624,0.2355275694930816,0.002679202014773196,0.0003795753385405855
ska_mid1_interferom,1.4949702287040365,1.489967619047619,1.499967619047619,1.8949460877714759,68933431.34780547,0.03993014233689369,0.04010577057769399,0.2355275694930816,0.0026732356589915965,0.0003817669597381502
ska_mid1_interferom,1.5049701738785053,1.499967619047619,1.509967619047619,1.9361814539028144,68956794.69753906,0.03955117005768168,0.039728473662068775,0.2355275694930816,0.0027241462728859046,0.00037596086987123125
ska_mid1_interferom,1.514970120030826,1.509967619047619,1.519967619047619,1.9780201680271485,68978133.28136712,0.03921976543403144,0.03939856047226197,0.25367095566881387,0.0024728426892579687,0.0003755730979640511
ska_mid1_interferom,1.5249700671397874,1.519967619047619,1.529967619047619,2.0204037572375793,68994389.16967624,0.0389371430686814,0.03911722992412678,0.25367095566881387,0.0024771098567355453,0.0003763262128581819
ska_mid1_interferom,1.53497001518474,1.529967619047619,1.539967619047619,2.063398379864374,69006581.05996192,0.03870437161204408,0.0389371430686814,0.25367095566881387,0.002502717705786553,0.000373882170180303
ska_mid1_interferom,1.5449699641455792,1.539967619047619,1.549967619047619,2.1075630947977935,69031981.7775453,0.038287061611325154,0.03852235474756402,0.25367095566881387,0.0025507974191709953,0.0003681464826574254
ska_mid1_interferom,1.5549699140027184,1.549967619047619,1.559967619047619,2.1526435651439737,69058394.42314708,0.038050313512002096,0.03815571624442526,0.2355275694930816,0.0027916932008976783,0.00037359581383358283
ska_mid1_interferom,1.564969864737082,1.559967619047619,1.569967619047619,2.198102653357834,69065507.1615061,0.03775893891533718,0.038050313512002096,0.2355275694930816,0.002737289136993851,0.00038241442425554934
ska_mid1_interferom,1.5749698163300851,1.569967619047619,1.579967619047619,2.2447645503641867,69081766.1867164,0.03743848950908434,0.03767908206405217,0.2355275694930816,0.0026816755952717903,0.0003917055382858955
ska_mid1_interferom,1.5849697687636233,1.579967619047619,1.589967619047619,2.2924884210007868,69102086.05278723,0.0371152734791416,0.03730415649786906,0.2355275694930816,0.0026494751983345637,0.00039777273870194826
ska_mid1_interferom,1.5949697220200476,1.589967619047619,1.599967619047619,2.3410741298899223,69119358.66132188,0.03687100211499156,0.0371152734791416,0.2355275694930816,0.0026547335941901552,0.0003982837347599932
ska_mid1_interferom,1.6049696760821632,1.599967619047619,1.609967619047619,2.3906396111337616,69138657.44795781,0.03659767735191797,0.03678921790608119,0.2355275694930816,0.0026598150992743863,0.0003987501022728683
ska_mid1_interferom,1.614969630933209,1.609967619047619,1.619967619047619,2.4408168753060746,69148818.83235446,0.036322295882095165,0.03646024660984589,0.2355275694930816,0.0026647180431093095,0.00039932292919515064
ska_mid1_interferom,1.624969586556843,1.619967619047619,1.629967619047619,2.4922718229866385,69170152.69247022,0.0361004782602609,0.03615606024584668,0.2355275694930816,0.002669440754438421,0.0003998274841708549
ska_mid1_interferom,1.6349695429371338,1.629967619047619,1.6399676190476191,2.5443689863439385,69181329.35423632,0.03579323456004062,0.035877289238356244,0.2355275694930816,0.002716971048700368,0.0003940795105169866
ska_mid1_interferom,1.644969500058546,1.6399676190476191,1.6499676190476191,2.597575689435897,69195557.29621536,0.03548333059227391,0.035708982027600554,0.2355275694930816,0.0027663789267493295,0.000388257388282109
ska_mid1_interferom,1.6549694579059304,1.6499676190476191,1.659967619047619,2.6519828684431426,69215873.2943824,0.03522774505205863,0.035455023184024846,0.2355275694930816,0.0028163363982736432,0.0003824540362657287
ska_mid1_interferom,1.6649694164645097,1.659967619047619,1.669967619047619,2.7070228540815107,69228067.79563463,0.035027666991491256,0.035113554330050284,0.2355275694930816,0.0028668464691343023,0.00037686940151198154
ska_mid1_interferom,1.674969375719872,1.669967619047619,1.679967619047619,2.762915393441199,69240257.23653117,0.03476873202173249,0.034884051515878936,0.2355275694930816,0.002887376068053162,0.0003753024639262506
ska_mid1_interferom,1.6849693356579545,1.679967619047619,1.689967619047619,2.8196129051664074,69250434.42617714,0.034507854148458535,0.0346240425383105,0.2355275694930816,0.002884760512034657,0.0003768050399644806
ska_mid1_interferom,1.6949692962650378,1.689967619047619,1.699967619047619,2.8773771475006944,69264715.55575156,0.034274295768175735,0.03433283431769235,0.2355275694930816,0.00288183429520141,0.0003783360778488246
ska_mid1_interferom,1.7049692575277342,1.699967619047619,1.709967619047619,2.936421381655845,69288173.73681366,0.034039134872635816,0.034098077141669084,0.2355275694930816,0.002878594960641593,0.0003798446860555226
ska_mid1_interferom,1.7149692194329798,1.709967619047619,1.719967619047619,2.9959029674019737,69297355.39286527,0.03371311039533444,0.034039134872635816,0.2355275694930816,0.0028837586202030766,0.00038034243918032555
ska_mid1_interferom,1.7249691819680215,1.719967619047619,1.729967619047619,3.0564302040984916,69309593.10447949,0.03347400730419215,0.033623645990662886,0.2355275694930816,0.00292533539157273,0.0003760567849841218
ska_mid1_interferom,1.7349691451204126,1.729967619047619,1.739967619047619,3.1177543132752,69317753.07844013,0.03323318398038641,0.03338390214127945,0.2355275694930816,0.0029673123772047377,0.0003718838707537216
ska_mid1_interferom,1.7449691088780015,1.739967619047619,1.749967619047619,3.180255973251137,69329995.15848538,0.03308177916572658,0.033202958249730546,0.2355275694930816,0.003009691563834297,0.0003677790177135978
ska_mid1_interferom,1.7549690732289245,1.749967619047619,1.759967619047619,3.2439332846812583,69344272.0,0.03289917365413192,0.03289917365413192,0.2355275694930816,0.0030524749390748733,0.00036367861205356005
ska_mid1_interferom,1.764969038161596,1.759967619047619,1.769967619047619,3.308718085063995,69357534.50713706,0.03262334897978697,0.03274622455215894,0.2355275694930816,0.0030603892118184744,0.0003638323558786273
ska_mid1_interferom,1.774969003664704,1.769967619047619,1.779967619047619,3.3746602975090485,69370795.9139067,0.032345172285662784,0.03262334897978697,0.2355275694930816,0.003061348014847727,0.00036479253113402707
ska_mid1_interferom,1.784968969727199,1.779967619047619,1.789967619047619,3.441683574719395,69382013.43174076,0.03209588015092141,0.032345172285662784,0.2355275694930816,0.0030620564941760877,0.00036574431778147094
ska_mid1_interferom,1.7949689363382888,1.789967619047619,1.799967619047619,3.5096640730041044,69389152.0,0.032001894941389386,0.032001894941389386,0.2355275694930816,0.003062512649325465,0.0003667447402763894
ska_mid1_interferom,1.8049689034874308,1.799967619047619,1.809967619047619,3.5788619569398668,69401393.81536745,0.031718268416985884,0.031876150270637685,0.2355275694930816,0.0030650111705785984,0.0003675160525694681
ska_mid1_interferom,1.8149688711643264,1.809967619047619,1.819967619047619,3.6488007091935883,69409553.76968348,0.031495904254139596,0.031718268416985884,0.25367095566881387,0.002739583369733175,0.0003725739655315745
ska_mid1_interferom,1.824968839358912,1.819967619047619,1.829967619047619,3.720008028927464,69423834.58709678,0.031239835743150614,0.031400123279429044,0.25367095566881387,0.002714785655449439,0.00037708874953075954
ska_mid1_interferom,1.834968808061354,1.829967619047619,1.839967619047619,3.79245540944498,69438114.52074501,0.03111101112943104,0.031207679444620176,0.25367095566881387,0.0026897234682587987,0.00038170975999026797
ska_mid1_interferom,1.8449687772620431,1.839967619047619,1.849967619047619,3.866111535541304,69448312.0,0.030981650855500475,0.030981650855500475,0.25367095566881387,0.002664055423050837,0.00038647634544291355
ska_mid1_interferom,1.854968746951588,1.849967619047619,1.859967619047619,3.9408766707439087,69450352.79706348,0.030688596599785622,0.030981650855500475,0.25367095566881387,0.0026377775348990773,0.00039147174243189104
ska_mid1_interferom,1.8649687171208085,1.859967619047619,1.869967619047619,4.0176707686446065,69462592.77598277,0.03045871623490291,0.030557448150997892,0.25367095566881387,0.0026426128464992703,0.0003918111912348503
ska_mid1_interferom,1.87496868776073,1.869967619047619,1.879967619047619,4.0958424039134,69470752.75523469,0.030326573675819184,0.03035966323686334,0.25367095566881387,0.0026479898539436214,0.00039204941214694683
ska_mid1_interferom,1.88496865886258,1.879967619047619,1.8899676190476191,4.1754998430704955,69481973.83703259,0.0300605459595795,0.030160581330779722,0.25367095566881387,0.0026532349123409207,0.00039228971883137326
ska_mid1_interferom,1.8949686304177824,1.8899676190476191,1.8999676190476191,4.25609220248157,69491153.42942351,0.02992664531190462,0.0300605459595795,0.25367095566881387,0.0026583468777518107,0.0003925547813161422
ska_mid1_interferom,1.9049686024179489,1.8999676190476191,1.9099676190476191,4.337929743938711,69505432.0,0.029792142854469093,0.029792142854469093,0.25367095566881387,0.002709287340143415,0.00038617041912121286
ska_mid1_interferom,1.914968574854878,1.9099676190476191,1.919967619047619,4.420619031557373,69511552.67544675,0.02952129957055069,0.029623155995889144,0.2355275694930816,0.0030184076317376655,0.00038473030655923157
ska_mid1_interferom,1.924968547720549,1.919967619047619,1.929967619047619,4.504518035762688,69513592.0,0.02952129957055069,0.02952129957055069,0.2355275694930816,0.0029793084565709954,0.00039085047997803257
ska_mid1_interferom,1.934968521007117,1.929967619047619,1.939967619047619,4.590778392818778,69531952.63739379,0.02911031015025175,0.029213599570515725,0.2355275694930816,0.0029492189220299077,0.00039584709531031905
ska_mid1_interferom,1.944968494706908,1.939967619047619,1.949967619047619,4.677813656537039,69536032.61880803,0.028937341832648327,0.02911031015025175,0.2355275694930816,0.0029244507896725542,0.0004002591504938531
ska_mid1_interferom,1.9549684688124136,1.949967619047619,1.959967619047619,4.7662320899646815,69538072.0,0.028937341832648327,0.028937341832648327,0.2355275694930816,0.002899096007920048,0.00040481767000731707
ska_mid1_interferom,1.964968443316292,1.959967619047619,1.969967619047619,4.856784891231413,69550312.0,0.028693434540910286,0.028693434540910286,0.2355275694930816,0.002873150860013265,0.00040949244321443836
ska_mid1_interferom,1.9749684182113565,1.969967619047619,1.979967619047619,4.949000469583032,69560512.5647504,0.028412119565893106,0.028517937882132926,0.2355275694930816,0.002858581584302277,0.0004125955824634449
ska_mid1_interferom,1.9849683934905769,1.979967619047619,1.989967619047619,5.043035761132787,69570712.5472808,0.028270412350426675,0.02837675910469241,0.2355275694930816,0.0028645741173562124,0.00041270663038600434
ska_mid1_interferom,1.9949683691470697,1.989967619047619,1.999967619047619,5.138672225769485,69577852.26503891,0.02809227313263998,0.02816366403081407,0.2355275694930816,0.002870440514005126,0.00041281958822519856
ska_mid1_interferom,2.004968345174105,1.999967619047619,2.009967619047619,5.236027003285089,69587033.02627337,0.02787700349954551,0.027984845308421116,0.2355275694930816,0.002876179707374748,0.00041294912761125193
ska_mid1_interferom,2.014968321565091,2.009967619047619,2.019967619047619,5.334630277954628,69591112.0,0.02787700349954551,0.02787700349954551,0.2355275694930816,0.0028875746629685468,0.00041225713053202683
ska_mid1_interferom,2.0249682983135755,2.019967619047619,2.029967619047619,5.434599922056895,69595192.9600429,0.027550945458294403,0.02787700349954551,0.2355275694930816,0.0029400706524028136,0.0004058640153466506
ska_mid1_interferom,2.034968275413245,2.029967619047619,2.0399676190476197,5.535967034449247,69601312.46383831,0.027404785565343585,0.027550945458294403,0.2355275694930816,0.002993102067631427,0.0003996072035782804
ska_mid1_interferom,2.0449682528579167,2.0399676190476197,2.049967619047619,5.63879093169769,69609473.34369695,0.027257841956380466,0.027404785565343585,0.2355275694930816,0.003046671508060847,0.00039353993206190177
ska_mid1_interferom,2.0549682306415398,2.049967619047619,2.059967619047619,5.743401271020642,69619672.86439839,0.027110101887591023,0.027257841956380466,0.2355275694930816,0.0031007815741092514,0.00038758273439222534
ska_mid1_interferom,2.064968208758185,2.059967619047619,2.069967619047619,5.84999224456697,69630892.6251021,0.02692428679930548,0.026998766296499173,0.2355275694930816,0.003157753637316784,0.0003814678255563047
ska_mid1_interferom,2.0749681872020505,2.069967619047619,2.0799676190476197,5.9581700182007,69635992.4015015,0.02677470627080354,0.02692428679930548,0.2355275694930816,0.0032155647010963474,0.0003754760738650785
ska_mid1_interferom,2.084968165967454,2.0799676190476197,2.089967619047619,6.068280669455519,69640072.38649553,0.026661970164735014,0.02677470627080354,0.2355275694930816,0.0032739604026135647,0.00036961888660266303
ska_mid1_interferom,2.09496814504883,2.089967619047619,2.099967619047619,6.180535052220326,69646192.0,0.026510909627958285,0.026510909627958285,0.25367095566881387,0.0029685420479526495,0.00036908374755244223
ska_mid1_interferom,2.104968124440728,2.099967619047619,2.109967619047619,6.294578499551266,69650272.0,0.026397046927245187,0.026397046927245187,0.25367095566881387,0.0029606860929607243,0.0003708702647896251
ska_mid1_interferom,2.114968104137808,2.109967619047619,2.1199676190476198,6.410436603948201,69654352.68560389,0.026167835234004577,0.026397046927245187,0.25367095566881387,0.0029525189996577744,0.00037271862834806224
ska_mid1_interferom,2.124968084134835,2.1199676190476198,2.129967619047619,6.5285875914188845,69666592.32866633,0.026052473164968903,0.026090983863248374,0.25367095566881387,0.0029440387687120753,0.0003745631301801516
ska_mid1_interferom,2.13496806442669,2.129967619047619,2.139967619047619,6.6479839529509555,69670672.31473902,0.025897857715416847,0.026052473164968903,0.25367095566881387,0.0029451165482009354,0.0003752391487036215
ska_mid1_interferom,2.144968045008352,2.139967619047619,2.149967619047619,6.769138807119144,69674752.30101654,0.025703280521047603,0.025897857715416847,0.25367095566881387,0.002960165666104899,0.0003741444184185802
ska_mid1_interferom,2.1549680258749038,2.149967619047619,2.15996761904762,6.892471136443918,69683933.00623381,0.025546551739524772,0.025703280521047603,0.25367095566881387,0.0029752233592663163,0.00037306465424344164
ska_mid1_interferom,2.1649680070215216,2.15996761904762,2.169967619047619,7.017549657420361,69691072.0,0.025546551739524772,0.025546551739524772,0.25367095566881387,0.002990289355756045,0.000371955781462947
ska_mid1_interferom,2.1749679884434827,2.169967619047619,2.179967619047619,7.144531833016401,69697192.26104346,0.02526993745924554,0.025388855468822684,0.25367095566881387,0.002991575244522435,0.0003726046293041979
ska_mid1_interferom,2.18496797013616,2.179967619047619,2.1899676190476187,7.273532455277333,69703312.49621221,0.025110504085556144,0.02526993745924554,0.25367095566881387,0.002980335046749318,0.00037481852315161146
ska_mid1_interferom,2.194967952095018,2.1899676190476187,2.199967619047619,7.404461458155993,69707392.0,0.025110504085556144,0.025110504085556144,0.25367095566881387,0.002968750308203893,0.00037707113112994006
ska_mid1_interferom,2.2049679343156097,2.199967619047619,2.209967619047619,7.537147157217238,69707392.0,0.025110504085556144,0.025110504085556144,0.25367095566881387,0.0029568189231957815,0.00037941455326112605
ska_mid1_interferom,2.214967916793577,2.209967619047619,2.219967619047619,7.672982394703264,69719632.0,0.024788561231016096,0.024788561231016096,0.2355275694930816,0.0032633582852796376,0.00038129334341867885
ska_mid1_interferom,2.224967899524644,2.219967619047619,2.2299676190476188,7.810027957895965,69719632.0,0.024788561231016096,0.024788561231016096,0.2355275694930816,0.003228198166662103,0.0003862669506565593
ska_mid1_interferom,2.2349678825046237,2.2299676190476188,2.239967619047619,7.949395473078528,69721672.18617892,0.02450339162887046,0.024788561231016096,0.2355275694930816,0.0032206706667400054,0.00038798735964827157
ska_mid1_interferom,2.244967865729412,2.239967619047619,2.249967619047619,8.091096129150541,69727792.0,0.024421302983994822,0.024421302983994822,0.2355275694930816,0.00321284145962086,0.0003897211049597102
ska_mid1_interferom,2.2549678491949803,2.249967619047619,2.259967619047619,8.235212989219038,69740032.32527956,0.024173364552558696,0.024256292290303263,0.2355275694930816,0.003204708680124439,0.0003915138749137232
ska_mid1_interferom,2.2649678328973843,2.259967619047619,2.269967619047619,8.3812824531737,69751252.07556131,0.024090151346747007,0.024131793817493946,0.2355275694930816,0.0031963417782383597,0.0003933306480677048
ska_mid1_interferom,2.2749678168327447,2.269967619047619,2.2799676190476195,8.52884050686669,69752272.0,0.024090151346747007,0.024090151346747007,0.2355275694930816,0.003212115650875567,0.000392231270750774
ska_mid1_interferom,2.2849678009972707,2.2799676190476195,2.2899676190476197,8.67889540244636,69754312.12857959,0.023796613736478168,0.024090151346747007,0.2355275694930816,0.003227899452528702,0.000391140769970251
ska_mid1_interferom,2.294967785387237,2.2899676190476197,2.299967619047619,8.83157774101555,69756352.0,0.023796613736478168,0.023796613736478168,0.2355275694930816,0.003243692929536909,0.00039002934543777
ska_mid1_interferom,2.304967769998993,2.299967619047619,2.309967619047619,8.987143405244094,69760432.0,0.023627240667494217,0.023627240667494217,0.2355275694930816,0.003259495828151101,0.00038891247973909865
ska_mid1_interferom,2.314967754828956,2.309967619047619,2.3199676190476186,9.145523123796401,69764512.0,0.02349940975295137,0.02349940975295137,0.2355275694930816,0.003252241101099412,0.00039053267080129615
ska_mid1_interferom,2.324967739873609,2.3199676190476186,2.3299676190476197,9.306583561322398,69768592.0,0.023413801418295608,0.023413801418295608,0.2355275694930816,0.0032410824596908307,0.00039262160068261395
ska_mid1_interferom,2.334967725129508,2.3299676190476197,2.339967619047619,9.47042688941978,69772672.0,0.023284798775870818,0.023284798775870818,0.2355275694930816,0.0032295883465326566,0.0003947505504995296
ska_mid1_interferom,2.344967710593271,2.339967619047619,2.349967619047619,9.6371917223302,69776752.12938637,0.023111675193921925,0.023284798775870818,0.2355275694930816,0.0032177567968801777,0.0003969368649995612
ska_mid1_interferom,2.35496769626158,2.349967619047619,2.359967619047618,9.807139846586008,69780832.0,0.023111675193921925,0.023111675193921925,0.2355275694930816,0.0032458540618738405,0.00039417286306655906
ska_mid1_interferom,2.36496768213118,2.359967619047618,2.3699676190476198,9.981245437721185,69793072.0,0.022893429746655154,0.022893429746655154,0.2355275694930816,0.00328833494675028,0.0003896979310032991
ska_mid1_interferom,2.3749676681988765,2.3699676190476198,2.379967619047619,10.157752421282208,69796132.05210108,0.022717323825697126,0.022893429746655154,0.2355275694930816,0.003331165499705625,0.00038531398141288615
ska_mid1_interferom,2.384967654461532,2.379967619047619,2.389967619047619,10.337346901732204,69799192.0,0.022717323825697126,0.022717323825697126,0.2355275694930816,0.003374347155018212,0.00038096374528186173
ska_mid1_interferom,2.3949676409160734,2.389967619047619,2.3999676190476187,10.519764778124651,69799192.0,0.022717323825697126,0.022717323825697126,0.2355275694930816,0.0033949694352366014,0.00037923492879710124
ska_mid1_interferom,2.404967627559482,2.3999676190476187,2.40996761904762,10.706162831906024,69807352.0,0.022450574962713386,0.022450574962713386,0.2355275694930816,0.003401992784513568,0.0003789939279741864
ska_mid1_interferom,2.414967614388795,2.40996761904762,2.419967619047619,10.895013940487878,69807352.0,0.022450574962713386,0.022450574962713386,0.2355275694930816,0.003408912536560547,0.00037877845494352195
ska_mid1_interferom,2.424967601401105,2.419967619047619,2.429967619047619,11.087621892149123,69813471.98752962,0.022180618352770055,0.022225838824487643,0.2355275694930816,0.0034157279023981986,0.0003785496647964497
ska_mid1_interferom,2.434967588593552,2.429967619047619,2.4399676190476187,11.283286620907163,69818571.96771823,0.022044400370358302,0.022180618352770055,0.2355275694930816,0.0034298097936030303,0.00037751255857076276
ska_mid1_interferom,2.444967575963338,2.4399676190476187,2.4499676190476194,11.481767266166113,69821632.0,0.022044400370358302,0.022044400370358302,0.2355275694930816,0.003450523177443603,0.0003757522230902656
ska_mid1_interferom,2.454967563507713,2.4499676190476194,2.459967619047619,11.68332125681377,69821632.0,0.022044400370358302,0.022044400370358302,0.2355275694930816,0.0034713033981233596,0.0003740180283446875
ska_mid1_interferom,2.4649675512239746,2.459967619047619,2.469967619047619,11.888835405143464,69823671.95207062,0.021723236892843983,0.022044400370358302,0.2355275694930816,0.0034921504968606957,0.0003722782648112088
ska_mid1_interferom,2.474967539109472,2.469967619047619,2.4799676190476188,12.098956352618488,69831831.94350958,0.0216306000661307,0.02167696796514115,0.2355275694930816,0.003496650161668214,0.0003722380642957001
ska_mid1_interferom,2.4849675271616034,2.4799676190476188,2.4899676190476194,12.312054161162685,69833872.0,0.0216306000661307,0.0216306000661307,0.25367095566881387,0.0031361477029019334,0.0003753779325639062
ska_mid1_interferom,2.4949675153778075,2.4899676190476194,2.499967619047619,12.52872669513696,69837952.0,0.021490896128321564,0.021490896128321564,0.25367095566881387,0.0030969889435252,0.00038056426031439006
ska_mid1_interferom,2.5049675037555765,2.499967619047619,2.509967619047619,12.748601157146762,69843051.79631448,0.02130319911738277,0.021490896128321564,0.25367095566881387,0.003057187236205914,0.0003859796800205678
ska_mid1_interferom,2.514967492292447,2.509967619047619,2.519967619047619,12.971197330321706,69848152.0,0.02130319911738277,0.02130319911738277,0.25367095566881387,0.003029555290352891,0.0003899452179489332
ska_mid1_interferom,2.524967480985998,2.519967619047619,2.5299676190476195,13.196179095253731,69852231.80487013,0.021113833590123067,0.02130319911738277,0.2355275694930816,0.003433158318552885,0.0003813919330919218
ska_mid1_interferom,2.534967469833852,2.5299676190476195,2.5399676190476197,13.424224599301159,69856312.0,0.021113833590123067,0.021113833590123067,0.2355275694930816,0.003432505372900945,0.0003819498961452653
ska_mid1_interferom,2.544967458833669,2.5399676190476197,2.549967619047619,13.655957253397265,69860392.0,0.02097068730511288,0.02097068730511288,0.2355275694930816,0.003431665675014476,0.00038253703436466624
ska_mid1_interferom,2.5549674479831586,2.549967619047619,2.559967619047619,13.891154108345567,69860392.0,0.02097068730511288,0.02097068730511288,0.2355275694930816,0.003449904061516877,0.00038100819627113
ska_mid1_interferom,2.564967437280067,2.559967619047619,2.5699676190476186,14.130404007602479,69860392.0,0.02097068730511288,0.02097068730511288,0.2355275694930816,0.003514540345767141,0.00037447065754372835
ska_mid1_interferom,2.574967426722183,2.5699676190476186,2.5799676190476197,14.374368348190606,69864472.0,0.02068142259138982,0.02068142259138982,0.2355275694930816,0.0035797686899958618,0.00036807996190753973
ska_mid1_interferom,2.5849674163073297,2.5799676190476197,2.589967619047619,14.62201787380037,69864472.0,0.02068142259138982,0.02068142259138982,0.25367095566881387,0.0032532473824680845,0.00036632652510760994
ska_mid1_interferom,2.594967406033375,2.589967619047619,2.599967619047619,14.874152434458992,69868552.0,0.020486310469193823,0.020486310469193823,0.25367095566881387,0.003233646232431936,0.00036895539945743693
ska_mid1_interferom,2.604967395898211,2.599967619047619,2.609967619047618,15.130234974108575,69872631.68461102,0.020338748088749563,0.020486310469193823,0.25367095566881387,0.0032356447423980183,0.0003691445440433426
ska_mid1_interferom,2.614967385899783,2.609967619047618,2.6199676190476198,15.390125942503321,69876712.0,0.020338748088749563,0.020338748088749563,0.2355275694930816,0.003568601631613266,0.00037088441678876
ska_mid1_interferom,2.624967376036063,2.6199676190476198,2.629967619047619,15.653791787378855,69880792.0,0.020190107255659326,0.020190107255659326,0.2355275694930816,0.003510291025102027,0.00037746004331751736
ska_mid1_interferom,2.6349673663050592,2.629967619047619,2.639967619047619,15.921099179363347,69883851.73208907,0.020090402412926,0.020190107255659326,0.2355275694930816,0.003455116894431853,0.0003839261841944701
ska_mid1_interferom,2.6449673567048158,2.639967619047619,2.6499676190476187,16.192273759680965,69886912.0,0.020090402412926,0.020090402412926,0.2355275694930816,0.0034158405977952506,0.00038876767328855304
ska_mid1_interferom,2.654967347233412,2.6499676190476187,2.65996761904762,16.467797231851748,69892011.9039576,0.019889493340702627,0.019939910388231844,0.2355275694930816,0.003375939061765706,0.0003938002740235585
ska_mid1_interferom,2.6649673378889505,2.65996761904762,2.669967619047619,16.747144146187637,69895071.8013117,0.01978827388804111,0.019889493340702627,0.2355275694930816,0.0033354092286929466,0.00039903514289984463
ska_mid1_interferom,2.67496732866958,2.669967619047619,2.679967619047619,17.031202478215526,69901192.0,0.019737469506683664,0.019737469506683664,0.2355275694930816,0.003316995290435973,0.00040167975409330413
ska_mid1_interferom,2.684967319573474,2.679967619047619,2.6899676190476187,17.318687286799477,69901192.0,0.019737469506683664,0.019737469506683664,0.2355275694930816,0.0034195711012687405,0.00039007073504235084
ska_mid1_interferom,2.694967310598838,2.6899676190476187,2.6999676190476194,17.610347062298136,69901192.0,0.019737469506683664,0.019737469506683664,0.2355275694930816,0.003523166377355383,0.0003790276379160161
ska_mid1_interferom,2.7049673017439084,2.6999676190476194,2.709967619047619,17.906060019723576,69901192.0,0.019737469506683664,0.019737469506683664,0.25367095566881387,0.0032266994209193245,0.00037429655375464065
ska_mid1_interferom,2.714967293006952,2.709967619047619,2.719967619047619,18.20631461528705,69901192.0,0.019737469506683664,0.019737469506683664,0.25367095566881387,0.003297099689755142,0.00036672132854002095
ska_mid1_interferom,2.724967284386259,2.719967619047619,2.7299676190476188,18.512970995454005,69909352.0,0.019326227127930837,0.019326227127930837,0.2355275694930816,0.003668537492007204,0.00036521349446331467
ska_mid1_interferom,2.7349672758801584,2.7299676190476188,2.7399676190476194,18.82396086217954,69909352.0,0.019326227127930837,0.019326227127930837,0.2355275694930816,0.003623023559569532,0.00037018699831483303
ska_mid1_interferom,2.7449672674870023,2.7399676190476194,2.749967619047619,19.14031396313621,69911391.7515603,0.019117288804559106,0.019326227127930837,0.2355275694930816,0.0035768237604350047,0.000375344310345464
ska_mid1_interferom,2.7549672592051686,2.749967619047619,2.759967619047619,19.461742237950595,69917512.0,0.019064696438602396,0.019064696438602396,0.2355275694930816,0.0035357822639578667,0.0003800582779203078
ska_mid1_interferom,2.7649672510330667,2.759967619047619,2.769967619047619,19.78687292135662,69919551.73993269,0.01895907403894859,0.019064696438602396,0.2355275694930816,0.0035382606328770994,0.00038018015257744415
ska_mid1_interferom,2.774967242969132,2.769967619047619,2.7799676190476195,20.11621095942797,69921592.0,0.01895907403894859,0.01895907403894859,0.2355275694930816,0.0035406051695643383,0.0003803135740588139
ska_mid1_interferom,2.784967235011817,2.7799676190476195,2.7899676190476197,20.4495521488231,69921592.0,0.01895907403894859,0.01895907403894859,0.2355275694930816,0.003542815071548441,0.00038048380126061416
ska_mid1_interferom,2.794967227159612,2.7899676190476197,2.799967619047619,20.788087766383754,69923631.72306186,0.01869240711385303,0.01895907403894859,0.2355275694930816,0.003540159673912553,0.0003811804742318587
ska_mid1_interferom,2.804967219411028,2.799967619047619,2.809967619047619,21.13234400411013,69925672.0,0.01869240711385303,0.01869240711385303,0.2355275694930816,0.0034992845992569683,0.0003860257345574024
ska_mid1_interferom,2.8149672117645994,2.809967619047619,2.8199676190476186,21.4829782964857,69929751.42436513,0.018530565045012437,0.01869240711385303,0.2355275694930816,0.0034577973147500367,0.00039104529799292566
ska_mid1_interferom,2.824967204218885,2.8199676190476186,2.8299676190476197,21.83933272499564,69936891.56027529,0.018476302658989287,0.018530565045012437,0.2355275694930816,0.0034156949687806065,0.00039622607778859133
ska_mid1_interferom,2.83496719677247,2.8299676190476197,2.839967619047619,22.199713682561487,69939952.0,0.018476302658989287,0.018476302658989287,0.2355275694930816,0.003381597331903653,0.0004005986593518186
ska_mid1_interferom,2.844967189423955,2.839967619047619,2.849967619047619,22.564530711636515,69939952.0,0.018476302658989287,0.018476302658989287,0.2355275694930816,0.0034144291108020816,0.00039714739437111973
ska_mid1_interferom,2.8549671821719724,2.849967619047619,2.859967619047618,22.934717668414642,69939952.0,0.018476302658989287,0.018476302658989287,0.2355275694930816,0.003447473433467803,0.00039373530616183106
ska_mid1_interferom,2.864967175015173,2.859967619047618,2.8699676190476198,23.311465523460747,69944032.0,0.01820256452377696,0.01820256452377696,0.2355275694930816,0.00348073100974898,0.00039034498622805396
ska_mid1_interferom,2.874967167952231,2.8699676190476198,2.879967619047619,23.693742008015363,69945051.84061068,0.01809190961066684,0.01820256452377696,0.2355275694930816,0.0035190429579645154,0.0003864660378861135
ska_mid1_interferom,2.8849671609818386,2.879967619047619,2.889967619047619,24.082237292527992,69946072.0,0.01809190961066684,0.01809190961066684,0.2355275694930816,0.0035915294468775428,0.00037901321175921215
ska_mid1_interferom,2.8949671541027158,2.889967619047619,2.8999676190476187,24.478098759072463,69950152.0,0.017980573724962583,0.017980573724962583,0.2355275694930816,0.003664652618613262,0.0003717657888084727
ska_mid1_interferom,2.904967147313593,2.8999676190476187,2.90996761904762,24.880343245982733,69950152.0,0.017980573724962583,0.017980573724962583,0.2355275694930816,0.0037384149602219447,0.00036473408387297467
ska_mid1_interferom,2.9149671406132303,2.90996761904762,2.919967619047619,25.29064267616137,69954232.0,0.017812265118626214,0.017812265118626214,0.25367095566881387,0.0033851264671451095,0.00036415084346349413
ska_mid1_interferom,2.924967134000404,2.919967619047619,2.929967619047619,25.706737070784897,69954232.0,0.017812265118626214,0.017812265118626214,0.2355275694930816,0.0037343639350153586,0.00036566267077727953
ska_mid1_interferom,2.9349671274739118,2.929967619047619,2.9399676190476187,26.12805924379225,69954232.0,0.017812265118626214,0.017812265118626214,0.2355275694930816,0.0036745455799681737,0.00037189225428869543
ska_mid1_interferom,2.944967121032568,2.9399676190476187,2.9499676190476194,26.555076054754856,69956271.64806436,0.01758534801739162,0.017812265118626214,0.2355275694930816,0.003613930226752906,0.0003784250812913701
ska_mid1_interferom,2.954967114675207,2.9499676190476194,2.959967619047619,26.988601352080103,69958312.0,0.01758534801739162,0.01758534801739162,0.2355275694930816,0.0035603872800120816,0.0003844040943881063
ska_mid1_interferom,2.964967108400682,2.959967619047619,2.969967619047619,27.42899096127219,69958312.0,0.01758534801739162,0.01758534801739162,0.2355275694930816,0.0035435444654292212,0.00038651773243176683
ska_mid1_interferom,2.9749671022078625,2.969967619047619,2.9799676190476188,27.876828401886996,69960351.63476136,0.01735546430175034,0.01758534801739162,0.2355275694930816,0.003526376300720092,0.00038867599098130326
ska_mid1_interferom,2.9849670960956383,2.9799676190476188,2.9899676190476194,28.331717268841746,69964431.630442,0.017297516012088798,0.01735546430175034,0.2355275694930816,0.003508881254947654,0.00039087538568967876
ska_mid1_interferom,2.994967090062917,2.9899676190476194,2.999967619047619,28.79305058970083,69966472.0,0.017297516012088798,0.017297516012088798,0.2355275694930816,0.003501987214714995,0.0003919018948363984
ska_mid1_interferom,3.0049670841086216,2.999967619047619,3.009967619047619,29.261861722541695,69970552.0,0.017181033097772205,0.017181033097772205,0.2355275694930816,0.0035358087086553146,0.0003884083103778522
ska_mid1_interferom,3.014967078231692,3.009967619047619,3.019967619047619,29.73930925655456,69978712.0,0.017122494484329138,0.017122494484329138,0.2355275694930816,0.0035698451931560756,0.00038492955849847875
ska_mid1_interferom,3.024967072431087,3.019967619047619,3.0299676190476195,30.223928113759445,69980752.0,0.01706375505054557,0.01706375505054557,0.2355275694930816,0.0036040973666878182,0.00038149484836695244
ska_mid1_interferom,3.0349670667057773,3.0299676190476195,3.0399676190476197,30.716253884677997,69980752.0,0.01706375505054557,0.01706375505054557,0.2355275694930816,0.003635534155532819,0.00037840509950851157
ska_mid1_interferom,3.044967061054753,3.0399676190476197,3.049967619047619,31.217048673157677,69980752.0,0.01706375505054557,0.01706375505054557,0.2355275694930816,0.003658333934357822,0.00037623966421752007
ska_mid1_interferom,3.054134846868258,3.049967619047619,3.059967619047619,31.68334309890446,69980752.0,0.01706375505054557,0.01706375505054557,0.2355275694930816,0.003680420822985555,0.00037415100925931605
chime_icyl,0.7791135653955662,0.7727075,0.7827075,0.004241872177111795,59328415.29481672,0.11579273052371178,0.11654466733399664,0.11651020195771912,0.02130983630953758,0.058927681291900326
chime_icyl,0.787718973798076,0.7827075,0.7927075,0.004466482753335902,59600761.46968241,0.11410695342769663,0.11513184742125615,0.11509695898184259,0.005984255966820518,0.06913180233123736
chime_icyl,0.7977187172086173,0.7927075,0.8027075,0.004503241349300961,59902653.867227435,0.112422690955993,0.11337427442969135,0.11333884496806695,0.23920771380939154,0.001853629667589685
chime_icyl,0.8077184675903505,0.8027075,0.8127075,0.004726585669870784,60191133.572025895,0.11069466970519026,0.11166098048026186,0.11162500722530759,0.39745511729609095,0.004454254634406956
chime_icyl,0.8177182246910436,0.8127075,0.8227075,0.004945233331715818,60471622.16726442,0.10904057616706317,0.11003054118042965,0.1099940346959542,1.4311662557078326,0.0009324519862956372
chime_icyl,0.8277179882704861,0.8227075,0.8327075,0.005183282807328552,60731114.52101247,0.10745448064160781,0.10841262724824298,0.10838483982570575,1.96769005007026,0.000676552807724076
chime_icyl,0.8377177580994417,0.8327075,0.8427075,0.005444037519144817,60983876.491497084,0.10587307406462144,0.10676079533393272,0.10672317038286681,0.15642070319677265,0.0028215579704429974
chime_icyl,0.8477175339592583,0.8427075,0.8527075,0.005705905037813094,61234380.50890398,0.10442164291410935,0.10524530616514882,0.10520713923509405,0.9197630447519095,0.0009593310364091708
chime_icyl,0.8577173156412453,0.8527075,0.8627075,0.006012026802401268,61472532.98561907,0.10286193891524187,0.10371735438295186,0.10367862497369154,0.3539718841820076,0.002475501242965225
chime_icyl,0.8677171029459303,0.8627075,0.8727075,0.006318584089530104,61702864.02372536,0.10143671298389914,0.1022451435429998,0.10220585626257031,0.2289819650453765,0.002849079002480294
chime_icyl,0.8777168956827925,0.8727075,0.8827075,0.006662758038893638,61924941.75921722,0.10005140423901149,0.10081119799756182,0.10077135167268604,0.13560934189371335,0.006347341690391979
chime_icyl,0.8877166936695574,0.8827075,0.8927075,0.0070125173818251455,62133680.62835154,0.09862628492210641,0.09948784326494269,0.30162245776096,1.9922406794511798,0.0006805365014690045
chime_icyl,0.8977164967318261,0.8927075,0.9027075,0.007429716764856091,62337504.19946016,0.09728353136211476,0.09807501061294847,0.09803405216029024,0.6941491225007104,0.000610600859963935
chime_icyl,0.9077163047027712,0.9027075,0.9127075,0.007821289112935035,62532571.56911569,0.09600568482416816,0.09674536301734947,0.09671422347584736,0.9504647731395992,0.0008786852142491775
chime_icyl,0.9177161174224676,0.9127075,0.9227075,0.008275812748219216,62718383.43180601,0.09476358988311794,0.09549186118437145,0.28653165491294535,2.4218150366250617,0.0006160747018880961
chime_icyl,0.9277159347377504,0.9227075,0.9327075,0.008791479373070185,62907307.88234186,0.09346203556926515,0.09423234009878277,0.09421102779723263,2.7928649096389506,0.0005803611996286076
chime_icyl,0.9377157565018328,0.9327075,0.9427075,0.0093560329889264,63079495.97619359,0.09225100014294706,0.09293414941047416,0.09289092422236354,0.15545718630699473,0.0025474190886192773
chime_icyl,0.9477155825738428,0.9427075,0.9527075,0.009960893933882142,63246756.24420187,0.0911010347283909,0.0918146164275576,0.27514478274265913,2.2483675511911647,0.0005112072619780973
chime_icyl,0.9577154128186958,0.9527075,0.9627075,0.010653208024358348,63415443.03570114,0.0899028686248129,0.09058155841209051,0.09053721003322068,1.198180813860208,0.0006312989509218765
chime_icyl,0.9677152471066875,0.9627075,0.9727075,0.011412734073622588,63577488.619200975,0.08876772843744109,0.0894101237308865,0.08936519401763185,0.5237488237843099,0.0013997201471649867
chime_icyl,0.977715085313232,0.9727075,0.9827075,0.01208775433606404,63726676.61270529,0.08764079871154717,0.08828002113437793,0.08823451596582124,0.34909398129684654,0.001028201712401434
chime_icyl,0.9877149273187228,0.9827075,0.9927075,0.01271892149568757,63870906.765003555,0.08656880541683443,0.08722739641263454,0.25367095566881387,2.6533461653484447,0.0006063166117099162
chime_icyl,0.9977147730081144,0.9927075,1.0027075,0.013391690222928524,64021060.63316001,0.0854951146249797,0.0861036284581739,0.08605697246533721,0.296010505917153,0.001180467552308319
chime_icyl,1.007714622270811,1.0027075,1.0127075,0.014067664205412216,64155708.52969665,0.0845266347821071,0.08507128605391705,0.34293331757295753,0.9841480434771995,0.0005524325103259496
chime_icyl,1.0177144750005145,1.0127075,1.0227075,0.014800696334577498,64283711.065898746,0.08345073218917927,0.08408598570972346,0.332105172613822,0.9600101445542942,0.000541162515480659
chime_icyl,1.027714331094828,1.0227075,1.0327075,0.015602267073868874,64415623.81261243,0.08249476534048694,0.08301646697516753,0.08296807497631624,0.2624856386501259,0.00128245355864318
chime_icyl,1.0377141904552367,1.0327075,1.0427075,0.016463073559192767,64540600.37481527,0.08151527361981331,0.08205544098175921,0.3330862830898876,1.1302371941633647,0.0005782032530588225
chime_icyl,1.0477140529869249,1.0427075,1.0527075,0.017400525386948387,64666598.81513812,0.08053633614080614,0.08110778730963247,0.3276614830937529,0.9114658967869445,0.0005861204279626951
chime_icyl,1.0577139185984754,1.0527075,1.0627075,0.01844776535200506,64774709.75903979,0.07960843830500076,0.08013640152188845,0.30762121893349836,1.695875485152563,0.0005379909458359006
chime_icyl,1.067713787201837,1.0627075,1.0727075,0.019607208119730442,64893823.72325362,0.07875888538014836,0.07921649411703592,0.32009737582100534,0.9305543471094448,0.0006129129712107121
chime_icyl,1.0777136587121707,1.0727075,1.0827075000000002,0.020916704709199006,65003403.99701491,0.0778742861373628,0.07829860223817732,0.0782601231127943,0.9321227067217596,0.0009737424333885148
chime_icyl,1.0877135330476069,1.0827075000000002,1.0927075,0.022610671373432006,65106978.28338208,0.07690122476813481,0.07740874322408817,0.07735684328984326,0.21237051998190554,0.002763289850188198
chime_icyl,1.097713410129206,1.0927075,1.1027075,0.023950208737660298,65215539.056766436,0.07610062702400419,0.07657412322265031,0.30162245776096,1.258955262739476,0.0006891462927893982
chime_icyl,1.1077132898808333,1.1027075,1.1127075,0.025774156286412175,65310175.91543098,0.07521146196165068,0.07574356241980777,0.30162245776096,1.3148694231411566,0.000635897472308997
chime_icyl,1.1177131722289528,1.1127075,1.1227075,0.02780599341046874,65409747.05527769,0.07440617685351866,0.07487697901816869,0.30162245776096,1.1212726514523887,0.0007145096716473114
chime_icyl,1.127713057102594,1.1227075,1.1327075,0.030093772377314573,65502395.27210978,0.07357843581216238,0.07408161183030781,0.2990147218648099,1.0182813838228917,0.0005806755422097804
chime_icyl,1.1377129444332434,1.1327075,1.1427075,0.03271075625266803,65589032.84003725,0.07282404661110971,0.07326390895198447,0.35177832221533106,0.5213067607207507,0.0005229916748969379
chime_icyl,1.1477128341546703,1.1427075,1.1527075,0.03582902671372984,65684839.43416142,0.07200600661963007,0.0724508356019018,0.07239538145248184,0.1291656380709205,0.003519050457306029
chime_icyl,1.1577127262028974,1.1527075,1.1627075,0.03934500695536687,65766827.449834965,0.07126315106308809,0.07171258808290287,0.34293331757295753,0.5060400858452677,0.0006558621672156798
chime_icyl,1.1677126205161104,1.1627075,1.1727075,0.043777642841466624,65853817.70217745,0.07052670763984151,0.07092420430896507,0.0708675555744402,0.09155370785185662,0.004357484652207763
chime_icyl,1.177712517034503,1.1727075,1.1827075,0.04854373757537056,65934825.71084158,0.06976810303175787,0.07019850873683747,0.3565974278932744,0.15782719394812147,0.0007290728049851797
chime_icyl,1.1877124157002574,1.1827075,1.1927075,0.05431626884934346,66018821.46266745,0.06907387578157603,0.06949413401700608,0.35298926666472413,0.14932823392856448,0.0009119566714895584
chime_icyl,1.1977123164574688,1.1927075,1.2027075,0.06088605226981375,66082820.70633581,0.06844598479846369,0.068797142219806,0.35874490588698066,0.13215657091527935,0.00081359738945484
chime_icyl,1.2077122192520025,1.2027075,1.2127075,0.06860997301295829,66168810.15674958,0.06766405652313363,0.06807826974527163,0.35435194543294607,0.11895749431252274,0.0008949870907100195
chime_icyl,1.2177121240314817,1.2127075,1.2227075,0.07751403240570547,66230812.83260687,0.06703793810708689,0.0673815331325241,0.34293331757295753,0.16690113382349206,0.0012341035098156381
chime_icyl,1.2277120307452316,1.2227075,1.2327075,0.09335458588747089,66311807.54244281,0.0663151359833351,0.06667751647346293,0.06661725661797753,0.004118832591896633,0.10562522526609155
chime_icyl,1.2377119393441385,1.2327075,1.2427075,0.10121930231849294,66368808.60534272,0.06570672737896582,0.06605724702478577,0.3558222917712744,0.0679730559226045,0.0010619170016628358
chime_icyl,1.2477118497806523,1.2427075,1.2527075,0.11724387401674574,66443844.67757401,0.0650772057196557,0.06538504663220507,0.35177832221533106,0.09983434409485699,0.001107165046680735
chime_icyl,1.2577117620087337,1.2527075,1.2627075,0.13793841077324465,66499015.71693994,0.0643947757421396,0.06475239767391074,0.34293331757295753,0.09682745579531428,0.001372704557100806
chime_icyl,1.267711675983733,1.2627075,1.2727075,0.1673521703820504,66572311.595402636,0.06375230054127537,0.06409784399653447,0.3455147058147569,0.06670999115738842,0.0011990743551838856
chime_icyl,1.2777115916623916,1.2727075,1.2827075,0.21948434952618312,66615782.145817906,0.06319867871542033,0.06351562492955704,0.35996030713001353,0.019230753085668257,0.0013311907786416534
chime_icyl,1.2877115090027935,1.2827075,1.2927075,0.27203872657089073,66500065.0355191,0.06255996925942686,0.06295992199218475,0.35996030713001353,0.005612290590631963,0.003598462784335516
chime_icyl,1.2977114279642672,1.2927075,1.3027075,0.3117447711285477,66252402.4253615,0.06196330171100095,0.06228653448174635,0.3565974278932744,0.005660655899776981,0.004623137177534549
chime_icyl,1.3077113485073788,1.3027075,1.3127075,0.34410854372593586,65900102.95093995,0.061377193199571245,0.06180105136257725,0.35298926666472413,0.0057141200377103475,0.005431107955206956
chime_icyl,1.3177112705938931,1.3127075,1.3227075,0.3734235691594148,65497106.47876561,0.06091743246980582,0.06114774494521792,0.3497172710965423,0.005763350051072647,0.003964702974642497
chime_icyl,1.3277111941866913,1.3227075,1.3327075000000002,0.4022653069713876,65044345.02865769,0.060271207238778,0.06060346558437867,0.34602286932933907,0.005820796977525576,0.0042987085526868946
chime_icyl,1.33771111924976,1.3327075000000002,1.3427075,0.4310486583785484,64559266.46080064,0.05973575003222221,0.06000407591960675,0.34293331757295753,0.005869333471023778,0.008910709008202677
chime_icyl,1.3477110457481558,1.3427075,1.3527075000000002,0.45677939143510893,64045862.387467206,0.05919544950251282,0.05955057465350482,0.33968269143708546,0.006070528266190146,0.006885167197034922
chime_icyl,1.357710973647943,1.3527075000000002,1.3627075,0.4786492186468193,63489394.55156234,0.05865017179597136,0.059008578625951165,0.3366095172275285,0.006034001116597715,0.007255426619483158
chime_icyl,1.3677109029161711,1.3627075,1.3727075000000002,0.5013723940807098,62929505.439140886,0.058168860959733545,0.05842719914103145,0.3342147548141166,0.006011614570974922,0.0062508209824073385
chime_icyl,1.37771083352085,1.3727075000000002,1.3827075,0.524275463966871,62348936.290236056,0.057613868080916265,0.057874683665296654,0.33131819242569877,0.006060911374859285,0.007799987125299727
chime_icyl,1.3877107654309009,1.3827075,1.3927075,0.5447582397577623,61748254.134113245,0.057071072235226956,0.05738686908182057,0.3282278819315282,0.006114876357688753,0.008066148244797941
chime_icyl,1.3977106986161278,1.3927075,1.4027075,0.5669277464754551,61141281.80832942,0.056647271280246166,0.056912516704242966,0.32495374482415024,0.00617353429077892,0.005576092436729668
chime_icyl,1.4077106330471918,1.4027075,1.4127075,0.5885026656446085,60532128.690264985,0.056130909454709506,0.05648752618968227,0.3226747538678929,0.006214355729922613,0.00849094111827772
chime_icyl,1.4177105686955866,1.4127075,1.4227075,0.6053459422399767,59903524.1733567,0.05562780536627933,0.05589788854672051,0.32009737582100534,0.0062617566404622,0.008711252489976524
chime_icyl,1.427710505533592,1.4227075,1.4327075,0.6244747284251093,59282984.81020721,0.05519292334428357,0.05541079099397796,0.3166948226168272,0.0063265654078656485,0.006091250361969681
chime_icyl,1.4377104435342651,1.4327075,1.4427075,0.6464861748576356,58651990.51554398,0.054754587430710044,0.055101890916588805,0.31376132350206826,0.006383382532637978,0.0091608713795824
chime_icyl,1.4477103826714126,1.4427075,1.4527075,0.6651991404067382,58021394.04319038,0.05418315545942799,0.05451568391276093,0.31183540459872766,0.006420647091898143,0.009375629953355865
chime_icyl,1.457710322919552,1.4527075,1.4627075,0.686240732538147,57401274.9342546,0.05384857359861096,0.053997532592998346,0.3086801591354902,0.006484266100077252,0.009599943874080242
chime_icyl,1.4677102642539004,1.4627075,1.4727075,0.7059648642635006,56769241.746035054,0.05332394032947003,0.05354941254160708,0.3058372283182043,0.006542665010080493,0.006531955749131739
chime_icyl,1.4777102066503565,1.4727075,1.4827075,0.7210759517528592,56129013.728083886,0.05298393299223229,0.05313531596642913,0.30341468444000486,0.00659319878458498,0.006725464386709697
chime_icyl,1.4877101500854588,1.4827075,1.4927075,0.7374452970854868,55503574.40929798,0.05250804825742246,0.05266079926596921,0.30162245776096,0.0066308157806164204,0.013659157888375243
chime_icyl,1.4977100945363833,1.4927075,1.5027075,0.7610767288834572,54891379.653823994,0.05204710548362044,0.05222043582440568,0.2990147218648099,0.006687242718475832,0.010373537066122996
chime_icyl,1.5077100399809134,1.5027075,1.5127075,0.775892500176579,54259666.57809609,0.051582043839328615,0.051795715430833694,0.2959772475125641,0.006754605572084152,0.007097121972077534
chime_icyl,1.5177099863974273,1.5127075,1.5227075,0.7904591994924391,53638263.39588779,0.05117164788126637,0.051406561042095206,0.2935930421289137,0.006808347784252023,0.010934880588794878
chime_icyl,1.52770993376487,1.5227075,1.5327075,0.8107226064788886,53029288.82168432,0.05077771093764537,0.051093103479049544,0.2912755048942978,0.006861558150288688,0.011096223023693964
chime_icyl,1.5377098820627415,1.5327075,1.5427075,0.8246203277822406,52411999.30093213,0.050340819891695254,0.05065893250377367,0.2890436083786873,0.0069137300483594994,0.007506290478736656
chime_icyl,1.5477098312710826,1.5427075,1.5527075,0.8447394327993403,51810364.46555713,0.05000060771004131,0.05016099499511888,0.28653165491294535,0.006973662169031341,0.01530756840932816
chime_icyl,1.557709781370447,1.5527075,1.5627075,0.8596944036446929,51213286.89937419,0.04957712246203219,0.04983970429132326,0.28458022479605405,0.007020974739985562,0.007826734533251115
chime_icyl,1.5677097323418954,1.5627075,1.5727075,0.8835726795969667,50622942.66040743,0.0491908277399248,0.049435154546428814,0.28217088670730434,0.007080542898849045,0.011840532850028373
chime_icyl,1.5777096841669769,1.5727075,1.5827075000000002,0.8826217974637606,50014205.7951844,0.04878089702867005,0.04900678325774092,0.2798663915126828,0.007138609756670323,0.008181124895882025
chime_icyl,1.5877096368277113,1.5827075000000002,1.5927075,0.9089750380979105,49431688.94898216,0.04845045531125498,0.04878089702867005,0.2777778071636216,0.007192204070984372,0.01233856758764352
chime_icyl,1.5977095903065777,1.5927075,1.6027075000000002,0.9232930457340693,48872326.73289623,0.04803420657251113,0.04826358763498789,0.2756005471477022,0.007249079528032905,0.012605312989586254
chime_icyl,1.6077095445864995,1.6027075000000002,1.6127075,0.9360957977552811,48284671.74529433,0.047698592285274795,0.04788766474223437,0.2735528034241836,0.007303550508308569,0.008596816523979391
chime_icyl,1.6177094996508332,1.6127075,1.6227075000000002,0.9548625773129193,47724783.54441379,0.047381794941558975,0.047593227472956336,0.27156357000371834,0.007357399753988844,0.013039825271572304
chime_icyl,1.6277094554833498,1.6227075000000002,1.6327075,0.9731036521563154,47168963.253025495,0.04699881950590274,0.047190695729308584,0.26933607999792214,0.0074187259784077334,0.013192899703861463
chime_icyl,1.637709412068227,1.6327075,1.6427075,0.9884868914070093,46622448.657960534,0.04669877837563155,0.046827602836591216,0.26769080741532336,0.007464966802207922,0.009000152511715967
chime_icyl,1.6477093693900382,1.6427075,1.6527075,0.9912434678337738,46055329.64677437,0.046353496165041946,0.0465048725759849,0.2655367132365966,0.0075262933611758235,0.009191199960233126
chime_icyl,1.6577093274337358,1.6527075,1.6627075,1.020046231632946,45530018.17481306,0.04598379313114459,0.04617988695520659,0.26376118781232966,0.007577871602226553,0.013870349306146973
chime_icyl,1.6677092861846443,1.6627075,1.6727075,1.0226838538403253,44988371.48907457,0.04563310131553744,0.04578685949331031,0.26215752936165865,0.0076252625394824265,0.01072185592720644
chime_icyl,1.677709245628447,1.6727075,1.6827075,1.0372676304623463,44463150.829713956,0.04527969346870968,0.04545674084387493,0.2595710688978059,0.007702441824346586,0.009621239468608383
chime_icyl,1.6877092057511782,1.6827075,1.6927075,1.0536301734074844,43944342.046199396,0.04510195110073856,0.045124207184550895,0.2579102191966431,0.007753384732574348,0.012211123726361002
chime_icyl,1.6977091665392092,1.6927075,1.7027075,1.0612278764891223,43419360.711315155,0.04483401634700003,0.04483401634700003,0.256281703236343,0.007804120157611335,0.010035569744674167
chime_icyl,1.7077091279792431,1.7027075,1.7127075,1.0708973482617092,42908974.2098904,0.04436123670554011,0.04447425914784046,0.25367095566881387,0.012140285814195287,0.013177351734256446
chime_icyl,1.7177090900583,1.7127075,1.7227075,1.0994120193359775,42428076.795386955,0.04402042830246005,0.04417979939427138,0.25232163250509493,0.007929971680050656,0.010196738697067807
chime_icyl,1.7277090527637138,1.7227075,1.7327075,1.1115188451484297,41934881.71288246,0.04374586993810593,0.04386047812491322,0.25056466354228163,0.007987463241306345,0.015579375631826695
chime_icyl,1.737709016083118,1.7327075,1.7427075,1.117869240939946,41433371.89608161,0.043446473785687965,0.04356186966964093,0.24857322975399018,0.008053465255021786,0.010657448165797482
chime_icyl,1.747708980004442,1.7427075,1.7527075,1.130007004141119,40954255.47712456,0.043121722498508805,0.0432612001322614,0.24748023900161648,0.008091190794597077,0.01071496712300272
chime_icyl,1.757708944515897,1.7527075,1.7627075,1.1516904941106452,40483939.95713319,0.04281796234067183,0.04293504749865199,0.24574177124483548,0.008150723388820268,0.010838594912367954
chime_icyl,1.7677089096059757,1.7627075,1.7727075,1.1682798472250475,40021873.479617804,0.04255924116637546,0.042700556135756365,0.24406909085477674,0.008209006949143699,0.01098238195540914
chime_icyl,1.777708875263437,1.7727075,1.7827075,1.163605739467947,39551430.16460857,0.04218008669507345,0.04237008804723929,0.24183746070989845,0.008287332704112985,0.011355686817283373
chime_icyl,1.7877088414773032,1.7827075,1.7927075,1.1876393541362789,39105121.581610866,0.04194137461022576,0.04206090000106514,0.24019193456686072,0.008346811470289055,0.01740283787121239
chime_icyl,1.7977088082368506,1.7927075,1.8027075,1.2015291623615618,38652154.54427984,0.041773464515278774,0.041773464515278774,0.2384087478074256,0.008412067992794174,0.011558946740991246
chime_icyl,1.8077087755316052,1.8027075,1.8127075,1.2108215059674343,38200891.57131226,0.04136284518277964,0.04158073700744561,0.2374804270337136,0.008447919903931485,0.011669129150226778
chime_icyl,1.8177087433513328,1.8127075,1.8227075,1.2298555743683734,37780967.654148325,0.04119257694085867,0.041216944039671646,0.2355275694930816,0.008521083638218421,0.0234040654065794
chime_icyl,1.827708711686033,1.8227075,1.8327075,1.23224945452356,37336489.06102447,0.04089903939872201,0.04097262093838765,0.23392350381801108,0.008582750819898427,0.012111823161044413
chime_icyl,1.8377086805259355,1.8327075,1.8427075,1.26518468747927,36927970.568727896,0.040628100292638976,0.04067749617749913,0.23209216108828107,0.00865382991352649,0.01812702066202756
chime_icyl,1.8477086498614896,1.8427075,1.8527075,1.2640139312937644,36492272.71419637,0.04038021451131865,0.04040507152476,0.23113847241781044,0.008693041504181915,0.012544682207681145
chime_icyl,1.8577086196833648,1.8527075,1.8627075,1.2968062382132495,36101981.93194055,0.040005505994390025,0.040180804825852,0.2295693452813954,0.008756093129530157,0.012447926225709803
chime_icyl,1.8677085899824355,1.8627075,1.8727075,1.2963183599728234,35687799.558717296,0.039778986681405254,0.03987982077646369,0.2281655065776872,0.008813719060194894,0.019127645654941964
chime_icyl,1.8777085607497843,1.8727075,1.8827075,1.3029551017121324,35281731.62200411,0.03947493901336733,0.03962725445642485,0.2262565080288303,0.008891994534474005,0.01324275788931987
chime_icyl,1.887708531976692,1.8827075,1.8927075,1.302509828503561,34874383.46380998,0.039296491491264636,0.03939856047226197,0.2247739230250988,0.008954674902481047,0.013345553736553056
chime_icyl,1.8977085036546368,1.8927075,1.9027075,1.33229337651937,34495754.55944918,0.039014424937112054,0.039194156704279094,0.22363196513954167,0.009004556092527776,0.013337382376553254
chime_icyl,1.9077084757752785,1.9027075,1.9127075,1.3363769201860332,34103095.8098249,0.03878211733139116,0.039014424937112054,0.22182881565709245,0.009082039935573381,0.020678831126301565
chime_icyl,1.917708448330468,1.9127075,1.9227075,1.3609289553143884,33736639.088422865,0.038470191751737395,0.038652454255861675,0.22067161760386958,0.009134092300575323,0.013797414204522487
chime_icyl,1.9277084213122324,1.9227075,1.9327075,1.3763529456553274,33370406.784833312,0.03823457760911821,0.03839181436963949,0.21946257395414817,0.009188947192061061,0.01399915362823019
chime_icyl,1.9377083947127756,1.9327075,1.9427075,1.376419208654906,32994040.227677055,0.03812939287720479,0.03812939287720479,0.2176248813675382,0.009271225783961614,0.014274219361145613
chime_icyl,1.9477083685244665,1.9427075,1.9527075,1.38992574873559,32625449.793083645,0.03775893891533718,0.03791814807789718,0.21625957808310065,0.009334569966311377,0.014373601626195517
chime_icyl,1.9577083427398456,1.9527075,1.9627075,1.409278345133059,32264592.694862224,0.03754560986966741,0.03775893891533718,0.214894945024326,0.009398787093650414,0.014575802587295643
chime_icyl,1.967708317351612,1.9627075,1.9727075,1.405776584561,31906894.74042566,0.03730415649786907,0.03751885845204255,0.21380823795805448,0.0094516338201322,0.014741127452104716
chime_icyl,1.9777082923526244,1.9727075,1.9827075,1.4327245272068243,31575093.06592464,0.037061130090024874,0.037196340791186146,0.21267821513479263,0.009507033163408644,0.022280441118954736
chime_icyl,1.9877082677358904,1.9827075,1.9927075,1.448096557683787,31235751.238850266,0.03687100211499155,0.0369797663692885,0.21144720889218888,0.009567688086750462,0.014957671228328756
chime_icyl,1.997708243494572,1.9927075,2.0027075,1.4468139416664143,30883541.785116073,0.036679888636385966,0.03687100211499155,0.2097308108256547,0.009651451812588448,0.015213656361169734
chime_icyl,2.0077082196219744,2.0027075,2.0127075000000003,1.4609373591266814,30548574.046506274,0.03640512904755392,0.036542767077403504,0.20889135655870417,0.009695793504411269,0.015224575748106463
chime_icyl,2.017708196111547,2.0127075000000003,2.0227075,1.4911671312647647,30235309.5170604,0.03618381922133368,0.03632229588209517,0.20758953969529123,0.009762297977446209,0.01534848416011311
chime_icyl,2.0277081729568733,2.0227075,2.0327075,1.4956215914396411,29906111.682271786,0.035961147449925165,0.03618381922133368,0.20596288470429336,0.009845241008357175,0.023597537127489628
chime_icyl,2.037708150151678,2.0327075,2.0427075,1.4880434272986989,29571349.537435126,0.03579323456004061,0.035877289238356244,0.2048876083825578,0.009902870322171416,0.016370116524974995
chime_icyl,2.047708127689816,2.0427075,2.0527075000000004,1.5099055830985746,29263668.529711906,0.03553987776853384,0.03579323456004061,0.2034121623366354,0.00998077641912036,0.01655794347666101
chime_icyl,2.0577081055652675,2.0527075000000004,2.0627075,1.5154439963180786,28951132.52458535,0.03553987776853384,0.03553987776853384,0.2024473561274574,0.010034563979770438,0.01652861214594011
chime_icyl,2.067708083772139,2.0627075,2.0727075,1.5459978267967944,28650565.097662102,0.03517069603478324,0.03531314577144648,0.2014679628567473,0.010089660440357048,0.0163703624886774
chime_icyl,2.0777080623046618,2.0727075,2.0827075,1.5470904141072623,28345886.719962616,0.034970291577066985,0.03511355433005028,0.20030842538287724,0.010154516262115996,0.016668458792961513
chime_icyl,2.0877080411571867,2.0827075,2.0927075,1.5674495057661688,28048511.708772063,0.034855257411495796,0.034855257411495796,0.19899586969030952,0.010228087815861917,0.016886530446960597
chime_icyl,2.09770802032418,2.0927075,2.1027075,1.580202141046553,27751611.218425214,0.034595032024177595,0.03471092860350068,0.19770507204895574,0.010301578332228155,0.017438415346923447
chime_icyl,2.1077079998002217,2.1027075,2.1127075,1.5792578485317619,27455282.735021766,0.03436206619554441,0.034595032024177595,0.19655909366444685,0.010368473978253842,0.017619577069653013
chime_icyl,2.117707979579997,2.1127075,2.1227075,1.5904744803445845,27181458.365265027,0.03412751010109114,0.034244988968658276,0.1955604804624919,0.010428373803947502,0.01768090187707959
chime_icyl,2.127707959658309,2.1227075,2.1327075,1.6192975001470111,26903304.66293662,0.03412751010109114,0.03412751010109114,0.19455674168543358,0.010489241141857434,0.02613244016712091
chime_icyl,2.137707940030064,2.1327075,2.1427075,1.6393903333949522,26629356.559147477,0.03380233801603957,0.03392094307524545,0.19339210822460812,0.01055961505045875,0.017944609809101442
chime_icyl,2.1477079206902663,2.1427075,2.1527075,1.6444177668862616,26350478.097261064,0.0335638705727408,0.033713110395334436,0.19233007828112234,0.010625244531372117,0.013919340416451674
chime_icyl,2.1577079016340286,2.1527075,2.1627075,1.6065489135926274,26054173.301451154,0.03347400730419215,0.03347400730419215,0.1907785812221263,0.010719100650913757,0.023741368959394073
chime_icyl,2.1677078828565524,2.1627075,2.1727075,1.6590392569215835,25809874.29341221,0.033202958249730546,0.03329355312002515,0.19022517854988838,0.010757863770475471,0.018667105907056527
chime_icyl,2.177707864353144,2.1727075,2.1827075,1.6774662112321992,25548349.73917405,0.03308177916572658,0.03317270497852847,0.18911351500290993,0.010828799520978672,0.018596887068727697
chime_icyl,2.187707846119199,2.1827075,2.1927075,1.6620473366143154,25276767.70489323,0.03283807949991904,0.03299060275210676,0.18815009674847308,0.010892047724772164,0.01463472875726521
chime_icyl,2.1977078281502065,2.1927075,2.2027075,1.7053138629965665,25041455.689934522,0.03271554892523667,0.032746224552158934,0.18705830747262708,0.010963563347996894,0.02889343168291014
chime_icyl,2.2077078104417462,2.2027075,2.2127075,1.7100452351461122,24779443.87555481,0.0324691006027678,0.03271554892523667,0.18598170395593072,0.011035093729093165,0.028842275545301273
chime_icyl,2.217707792989481,2.2127075,2.2227075000000003,1.7303689956111155,24536824.887263097,0.032438162910556366,0.032438162910556366,0.18476302658989285,0.011116077434789649,0.01970025128080982
chime_icyl,2.22770777578916,2.2227075000000003,2.2327075,1.7362393907723352,24286097.73512029,0.03218959094932549,0.032251913545813395,0.18394608953040595,0.011173743109367603,0.015099194400048846
chime_icyl,2.23770775883662,2.2327075,2.2427075,1.7384752634134295,24039449.815361097,0.03197050513987637,0.0320958801509214,0.18285116260323772,0.011249088042481589,0.015119420083184546
chime_icyl,2.247707742127776,2.2427075,2.2527075,1.7756782117273202,23810858.436033383,0.031813091553549944,0.03197050513987637,0.18197047759133275,0.011312068685524581,0.020031256174273423
chime_icyl,2.257707725658624,2.2527075,2.2627075000000003,1.768299200130591,23563491.066507176,0.03159139483480455,0.031813091553549944,0.18064139970950957,0.011403976221208301,0.02605182773013259
chime_icyl,2.2677077094252374,2.2627075000000003,2.2727075,1.775100162850444,23335599.10017359,0.03143208270070891,0.03159139483480455,0.17998991588122354,0.01145405112622425,0.02079150865023379
chime_icyl,2.27770769342376,2.2727075,2.2827075,1.7902814252946366,23103412.07571231,0.03130404924511772,0.03143208270070891,0.1788258621766734,0.011537533048382145,0.015820040130099508
chime_icyl,2.287707677650421,2.2827075,2.2927075,1.8022052266337751,22886571.846794486,0.031207679444620176,0.031207679444620176,0.1776993888426692,0.011619698917392125,0.032261850059953044
chime_icyl,2.297707662101516,2.2927075,2.3027075000000004,1.7902448617011892,22653540.26016943,0.031078721539901218,0.031078721539901218,0.1771334657849045,0.011665994375884146,0.019141223251333182
chime_icyl,2.3077076467734106,2.3027075000000004,2.3127075,1.8530594021490776,22442332.80131481,0.030786591303471066,0.031078721539901218,0.1761786227182716,0.01173849511154898,0.021445536346638518
chime_icyl,2.317707631662545,2.3127075,2.3227075,1.8419670168750553,22216037.32620372,0.030655862087429726,0.03072129623250353,0.1749949552077105,0.011827291655487213,0.022401312336120905
chime_icyl,2.327707616765416,2.3227075,2.3327075,1.8416564168689977,22001165.412252262,0.030458716234902906,0.030557448150997896,0.17439147298350935,0.011877734115605717,0.022289623104622843
chime_icyl,2.3377076020786003,2.3327075,2.3427075,1.8825300559533171,21792949.910019644,0.030425734399311972,0.030425734399311972,0.17335204434907273,0.011958596948567579,0.02250325984131828
chime_icyl,2.3477075875987343,2.3427075,2.3527075,1.8792306046312328,21584398.33247653,0.03016058133077972,0.03026028600382298,0.17253927074229267,0.012024678114923333,0.01722089955268397
chime_icyl,2.3577075733225152,2.3527075,2.3627075,1.8970890936262563,21382086.168785803,0.03002712677641884,0.03016058133077972,0.17183954793754172,0.012083474621200239,0.02209994488950563
chime_icyl,2.367707559246708,2.3627075,2.3727075,1.9078211006074408,21180926.80256749,0.029893076433911592,0.029926645311904622,0.1706375505054557,0.012178617791700671,0.02324348137531197
chime_icyl,2.3777075453681285,2.3727075,2.3827075,1.9031810264678803,20976115.19741629,0.029724663395560423,0.029893076433911592,0.16984134571854273,0.012245823046002989,0.03574432107708645
chime_icyl,2.387707531683663,2.3827075,2.3927075,1.952559991468128,20779479.39011105,0.029623155995889144,0.029724663395560423,0.16868463751040705,0.012897215026993472,0.02232700238844032
chime_icyl,2.3977075181902494,2.3927075,2.4027075,1.9208409906208768,20568035.686977264,0.029623155995889144,0.029623155995889144,0.16805849705750342,0.012396370926776768,0.024918615999556533
chime_icyl,2.4077075048848853,2.4027075,2.4127075,1.9309754570284348,20383423.88564966,0.029316525078682553,0.02935075337414502,0.1673640374874091,0.012458266658335677,0.023852353598786777
chime_icyl,2.417707491764623,2.4127075,2.4227075,1.9573617709938536,20194256.15215791,0.029213599570515728,0.029213599570515728,0.16634709304668105,0.012545021815732577,0.024763572216376196
chime_icyl,2.427707478826572,2.4227075,2.4327075,1.9416619023230233,19997552.44483432,0.029041246446427284,0.029041246446427284,0.16540889582863288,0.012626880000231225,0.024718448588474076
chime_icyl,2.4377074660678835,2.4327075,2.4427075,2.0230595172923644,19824744.549919248,0.028833062784188436,0.029041246446427284,0.1646788787499601,0.012693694719716906,0.024664960396296825
chime_icyl,2.447707453485777,2.4427075,2.4527075,1.999513175485806,19638560.731530186,0.028798219191055723,0.028798219191055723,0.16357774462618335,0.01890924356288027,0.026102244653974704
chime_icyl,2.4577074410775124,2.4527075,2.4627075,2.0161266492407077,19455101.13054376,0.028623364999101328,0.028623364999101328,0.16311674489893488,0.012837318598784663,0.025183455388680075
chime_icyl,2.467707428840405,2.4627075,2.4727075000000003,2.0093906480626194,19277905.28142675,0.028482708791621805,0.028482708791621805,0.16237642302231173,0.01290702067022213,0.02625483616130361
chime_icyl,2.4777074167718163,2.4727075000000003,2.4827075,2.040505541829782,19105249.59793426,0.028270412350426672,0.028376759104692412,0.16157057972046968,0.01298268622232424,0.025445502110209028
chime_icyl,2.4877074048691523,2.4827075,2.4927075,2.072892630554575,18932281.469234165,0.028199291703541643,0.028270412350426672,0.1609791431888825,0.013041757262772737,0.0264367961636301
chime_icyl,2.497707393129871,2.4927075,2.5027075,2.0352722698870696,18750601.782037973,0.0280565095622742,0.02809227313263998,0.15985252569938188,0.013145220439016952,0.020060549406936724
chime_icyl,2.5077073815514765,2.5027075,2.5127075000000003,2.0641259443306823,18581953.954425383,0.027984845308421113,0.027984845308421113,0.15922318260349314,0.013208830682451829,0.02728586251282668
chime_icyl,2.517707370131514,2.5127075000000003,2.5227075,2.0520932381684993,18405165.936813183,0.027984845308421113,0.027984845308421113,0.15846467166369246,0.013283814657060092,0.027757496179798714
chime_icyl,2.527707358867576,2.5227075,2.5327075,2.132038755039716,18250762.219592653,0.02766005854058338,0.027984845308421113,0.15786159911802472,0.01334641162086091,0.026914078286715697
chime_icyl,2.537707347757297,2.5327075,2.5427075,2.0597049175386477,18071754.11881873,0.02751447827426591,0.02766005854058338,0.15684065648154497,0.013445296042994097,0.014379065142538278
chime_icyl,2.546861138002697,2.5427075,2.5527075000000004,2.172156756672944,17944753.305017725,0.027368123628440478,0.02751447827426591,0.1560383972231009,0.013526095605603245,0.027564629551403787
hirax_interferom,0.7791135653955662,0.7727075,0.7827075,0.014306880885246322,68785197.53233379,0.03556811764408103,0.035877289238356244,0.10533113119236721,0.5876697476323286,0.0004108971199238905
hirax_interferom,0.7877189737980759,0.7827075,0.7927075,0.014662194751861495,68815568.22335927,0.03511355433005028,0.03553987776853384,0.10533113119236721,0.5928345373508933,0.00041068546236991323
hirax_interferom,0.7977187172086173,0.7927075,0.8027075,0.01507797954108,68839855.65647674,0.034595032024177595,0.034855257411495796,0.10533113119236721,0.5994962181445526,0.00041049414120115593
hirax_interferom,0.8077184675903504,0.8027075,0.8127075,0.015502530229890477,68872374.60073301,0.03412751010109114,0.03436206619554441,0.10533113119236721,0.6061951187592398,0.0004103025172561546
hirax_interferom,0.8177182246910435,0.8127075,0.8227075,0.015931839668682852,68898767.0983369,0.0335638705727408,0.03380233801603957,0.10533113119236721,0.6129312391949546,0.0004100804107783363
hirax_interferom,0.827717988270486,0.8227075,0.8327075,0.016366473860194037,68921140.91375369,0.03308177916572658,0.03332369667814179,0.10533113119236721,0.6197045794516975,0.0004099805169570864
hirax_interferom,0.8377177580994415,0.8327075,0.8427075,0.016809096900387677,68948554.0518302,0.03271554892523667,0.03283807949991904,0.10533113119236721,0.6265151395294676,0.00040975861064122045
hirax_interferom,0.8477175339592584,0.8427075,0.8527075,0.017257987199604308,68974969.65739648,0.0320958801509214,0.032438162910556366,0.10533113119236721,0.633362919428266,0.0004095825765938773
hirax_interferom,0.8577173156412453,0.8527075,0.8627075,0.017710491143483963,68992237.81856671,0.031813091553549944,0.03197050513987637,0.10533113119236721,0.6402479191480913,0.0004094675510261529
hirax_interferom,0.8677171029459303,0.8627075,0.8727075,0.018174212069379796,69023757.17761278,0.031207679444620176,0.03143208270070891,0.10533113119236721,0.6471701386889448,0.0004093068652025308
hirax_interferom,0.8777168956827924,0.8727075,0.8827075,0.01863974663752278,69040998.6136723,0.030786591303471066,0.031078721539901218,0.10533113119236721,0.654129578050826,0.00040913103864951325
hirax_interferom,0.8877166936695573,0.8827075,0.8927075,0.01911148307783503,69057267.41442227,0.030425734399311972,0.030655862087429726,0.10533113119236721,0.6611262372337348,0.000409061746299803
hirax_interferom,0.897716496731826,0.8927075,0.9027075,0.019594101560138768,69085721.3313942,0.029926645311904622,0.03016058133077972,0.10533113119236721,0.6681601162376715,0.0004088860086769269
hirax_interferom,0.9077163047027712,0.9027075,0.9127075,0.02007823413421724,69099932.3953565,0.029623155995889144,0.029893076433911592,0.10533113119236721,0.6752312150626358,0.0004087711348814571
hirax_interferom,0.9177161174224676,0.9127075,0.9227075,0.020568942735156664,69114174.32925314,0.029213599570515728,0.029623155995889144,0.10533113119236721,0.6823395337086279,0.000408732235456176
hirax_interferom,0.9277159347377504,0.9227075,0.9327075,0.02106852834847834,69134481.81177357,0.028798219191055723,0.029041246446427284,0.10533113119236721,0.6894850721756476,0.0004085718040239
hirax_interferom,0.9377157565018328,0.9327075,0.9427075,0.02157443049228596,69153782.52949156,0.028482708791621805,0.028623364999101328,0.10533113119236721,0.6966678304636951,0.00040844178732419857
hirax_interferom,0.9477155825738426,0.9427075,0.9527075,0.022086644170686287,69172070.2234194,0.0280565095622742,0.028270412350426672,0.10533113119236721,0.7038878085727704,0.00040832697719192436
hirax_interferom,0.9577154128186957,0.9527075,0.9627075,0.02260178972411743,69181200.0,0.027984845308421113,0.027984845308421113,0.10533113119236721,0.7111450065028733,0.0004082425166895385
hirax_interferom,0.9677152471066875,0.9627075,0.9727075,0.023127432588852206,69199504.35969183,0.027368123628440478,0.02751447827426591,0.10533113119236721,0.7184394242540039,0.00040817320972438956
hirax_interferom,0.977715085313232,0.9727075,0.9827075,0.02366028059294683,69218805.34835827,0.027035929103210826,0.027220982112667297,0.10533113119236721,0.725771061826162,0.0004080432575942189
hirax_interferom,0.9877149273187228,0.9827075,0.9927075,0.02419637216140625,69229973.22813013,0.026774706270803545,0.02688696968255056,0.10533113119236721,0.7331399192193481,0.00040795879173813354
hirax_interferom,0.9977147730081142,0.9927075,1.0027075,0.024738728227296055,69240128.0,0.026510909627958282,0.026510909627958282,0.10533113119236721,0.7405459964335619,0.00040788946624543217
hirax_interferom,1.0077146222708109,1.0027075,1.0127075,0.02529159737132039,69258426.02681047,0.02601390545593957,0.02620617640509339,0.10533113119236721,0.7479892934688035,0.00040780497958605436
hirax_interferom,1.017714475000514,1.0127075,1.0227075,0.025848516381004424,69270627.63896345,0.0257032805210476,0.02601390545593957,0.10533113119236721,0.7554698103250728,0.0004077659147191255
hirax_interferom,1.0277143310948278,1.0227075,1.0327075,0.02641223379638744,69282804.80844486,0.02550721907302625,0.025664188056566346,0.10533113119236721,0.7629875470023694,0.0004076511299971203
hirax_interferom,1.0377141904552365,1.0327075,1.0427075,0.026982851032052266,69294996.70944789,0.02523017356764155,0.025269937459245533,0.10533113119236721,0.7705425035006938,0.0004075817567549098
hirax_interferom,1.0477140529869249,1.0427075,1.0527075,0.027558349441377895,69303133.83804959,0.024909777412221508,0.02523017356764155,0.10533113119236721,0.7781346798200466,0.00040757289451151605
hirax_interferom,1.0577139185984754,1.0527075,1.0627075,0.0281417275228365,69313289.03617287,0.024544332996817433,0.024909777412221508,0.10533113119236721,0.7857640759604267,0.00040750347673357837
hirax_interferom,1.067713787201837,1.0627075,1.0727075,0.02873580901670758,69330571.91518033,0.024256292290303266,0.024421302983994825,0.10533113119236721,0.7934306919218341,0.0004074340420792796
hirax_interferom,1.0777136587121707,1.0727075,1.0827075000000002,0.02933369446950636,69341728.0,0.024214863921396775,0.024214863921396775,0.10533113119236721,0.8011345277042694,0.00040730411578050014
hirax_interferom,1.0877135330476069,1.0827075000000002,1.0927075,0.029935887869001646,69347828.24669509,0.02375438368769603,0.023922856605048823,0.10533113119236721,0.8088755833077332,0.0004072951382519248
hirax_interferom,1.097713410129206,1.0927075,1.1027075,0.030546170468407397,69355956.16017215,0.023542097180964318,0.023627240667494217,0.10533113119236721,0.8166538587322237,0.0004072558943363076
hirax_interferom,1.1077132898808333,1.1027075,1.1127075,0.031164666619827808,69366120.15105733,0.0232416387781054,0.023413801418295615,0.10533113119236721,0.8244693539777427,0.00040721662505143743
hirax_interferom,1.1177131722289528,1.1127075,1.1227075,0.031790296585573016,69376283.9781386,0.02302462526052534,0.0232416387781054,0.10533113119236721,0.8323220690442886,0.0004071773299663871
hirax_interferom,1.1277130571025942,1.1227075,1.1327075,0.032424268357380485,69388464.0,0.022849530512117158,0.022849530512117158,0.10533113119236721,0.8402120039318631,0.0004070624629759295
hirax_interferom,1.1377129444332434,1.1327075,1.1427075,0.03306064175384075,69392535.66473246,0.022584343226647076,0.022849530512117158,0.10533113119236721,0.8481391586404646,0.00040708355721157173
hirax_interferom,1.147712834154671,1.1427075,1.1527075,0.03370848724203969,69403709.6321108,0.02222583882448764,0.0223609515511905,0.10533113119236721,0.856103533170094,0.0004070139746074277
hirax_interferom,1.1577127262028972,1.1527075,1.1627075,0.03436109995539892,69410816.0,0.022180618352770055,0.022180618352770055,0.10533113119236721,0.8641051275207511,0.0004069594808839587
hirax_interferom,1.1677126205161104,1.1627075,1.1727075,0.03502037925585954,69416922.81307757,0.02176940748030318,0.022180618352770055,0.10533113119236721,0.8721439416924365,0.0004069804789541866
hirax_interferom,1.177712517034503,1.1727075,1.1827075,0.03568822956275032,69425043.53151792,0.021630600066130698,0.02176940748030318,0.10533113119236721,0.880219975685149,0.00040691082538089836
hirax_interferom,1.1877124157002574,1.1827075,1.1927075,0.036366176341874154,69437232.0,0.02144412589632519,0.02144412589632519,0.10533113119236721,0.8883332294988892,0.000406826061538235
hirax_interferom,1.1977123164574688,1.1927075,1.2027075,0.03705030299921998,69447395.39033064,0.02111383359012307,0.02125601589418854,0.10533113119236721,0.8964837031336571,0.0004067865736051536
hirax_interferom,1.2077122192520025,1.2027075,1.2127075,0.03773634211779906,69449424.0,0.02111383359012307,0.02111383359012307,0.10533113119236721,0.9046713965894534,0.00040677724854458957
hirax_interferom,1.2177121240314817,1.2127075,1.2227075,0.03843119255477852,69453488.0,0.020826557162100412,0.020826557162100412,0.10533113119236721,0.9128963098662769,0.00040676789324704403
hirax_interferom,1.2277120307452318,1.2227075,1.2327075,0.03913644137971617,69461622.37843251,0.020486310469193827,0.020632817535731447,0.10533113119236721,0.9211584429641279,0.00040675850851926344
hirax_interferom,1.2377119393441385,1.2327075,1.2427075,0.03984780934954947,69467715.12487853,0.02033874808874956,0.020486310469193827,0.10533113119236721,0.9294577958830065,0.0004067189063371144
hirax_interferom,1.2477118497806523,1.2427075,1.2527075,0.040569822651994034,69477875.0618343,0.020090402412926,0.020239775491242225,0.10533113119236721,0.9377943686229137,0.00040666418916315643
hirax_interferom,1.2577117620087337,1.2527075,1.2627075,0.04129655414707026,69483971.00005117,0.019939910388231848,0.020040363973053,0.10533113119236721,0.9461681611838477,0.0004066396297332437
hirax_interferom,1.2677116759837328,1.2627075,1.2727075,0.042031002610119425,69490064.0,0.019889493340702627,0.019889493340702627,0.10533113119236721,0.9545791735658095,0.0004065999555075905
hirax_interferom,1.2777115916623918,1.2727075,1.2827075,0.04276847918845508,69490064.0,0.019889493340702627,0.019889493340702627,0.10533113119236721,0.963027405768799,0.00040662060633862027
hirax_interferom,1.2877115090027935,1.2827075,1.2927075,0.04352008161842794,69498192.0,0.019481460361660687,0.019481460361660687,0.10533113119236721,0.9715128577928165,0.0004065808729215484
hirax_interferom,1.297711427964267,1.2927075,1.3027075,0.04427799331661279,69504290.76491547,0.019222041856125627,0.019274204887867814,0.10533113119236721,0.9800355296378624,0.00040657128915756
hirax_interferom,1.3077113485073788,1.3027075,1.3127075,0.04504382515176949,69510384.0,0.01911728880455911,0.01911728880455911,0.10533113119236721,0.9885954213039352,0.0004065315044480101
hirax_interferom,1.317711270593893,1.3127075,1.3227075,0.04581427426870298,69512418.65414158,0.01885285990327754,0.01911728880455911,0.10533113119236721,0.9971925327910356,0.000406552038792594
hirax_interferom,1.3277111941866913,1.3227075,1.3327075000000002,0.04659611952021003,69518517.20071627,0.018692407113853032,0.01885285990327754,0.10533113119236721,1.0058268640991637,0.00040654237092055135
hirax_interferom,1.33771111924976,1.3327075000000002,1.3427075,0.04738956010231567,69528672.0,0.01863861590272092,0.01863861590272092,0.10533113119236721,1.0144984152283203,0.00040645724990841985
hirax_interferom,1.347711045748156,1.3427075,1.3527075000000002,0.04818416734397343,69530706.49587145,0.018367296972196266,0.01863861590272092,0.10533113119236721,1.023207186178504,0.00040647769561926605
hirax_interferom,1.3577109736479425,1.3527075000000002,1.3627075,0.04898868020975404,69534768.0,0.01825764048783757,0.01825764048783757,0.10533113119236721,1.0319531769497152,0.0004064528618150945
hirax_interferom,1.367710902916171,1.3627075,1.3727075000000002,0.04980143175136449,69538832.0,0.018147321408444866,0.018147321408444866,0.10533113119236721,1.0407363875419542,0.00040644308494132143
hirax_interferom,1.37771083352085,1.3727075000000002,1.3827075,0.05062247137391926,69542896.0,0.017980573724962583,0.017980573724962583,0.10533113119236721,1.049556817955222,0.000406433280731951
hirax_interferom,1.3877107654309009,1.3827075,1.3927075,0.05144996167984994,69544930.2985546,0.01775580771790926,0.017980573724962583,0.10533113119236721,1.058414468189516,0.0004064536186776823
hirax_interferom,1.3977106986161276,1.3927075,1.4027075,0.05228577861462826,69546960.0,0.01775580771790926,0.01775580771790926,0.10533113119236721,1.0673093382448384,0.0004064437599126356
hirax_interferom,1.4077106330471916,1.4027075,1.4127075,0.05313593388085572,69555088.0,0.01747078427006226,0.01747078427006226,0.10533113119236721,1.0762414281211883,0.00040640370450515225
hirax_interferom,1.4177105686955864,1.4127075,1.4227075,0.053995783418902085,69564237.40017885,0.01723937293661246,0.017355464301750344,0.10533113119236721,1.0852107378185665,0.00040639379289113194
hirax_interferom,1.4277105055335924,1.4227075,1.4327075,0.054860266669902985,69569312.0,0.01723937293661246,0.01723937293661246,0.10533113119236721,1.0942172673369719,0.0004063386112663897
hirax_interferom,1.4377104435342651,1.4327075,1.4427075,0.05572830825066863,69569312.0,0.01723937293661246,0.01723937293661246,0.10533113119236721,1.1032610166764047,0.00040635881076161263
hirax_interferom,1.4477103826714128,1.4427075,1.4527075,0.05660706694532343,69571346.02912812,0.01682674694234066,0.01723937293661246,0.10533113119236721,1.1123419858368657,0.0004063789874140134
hirax_interferom,1.4577103229195525,1.4527075,1.4627075,0.05749880660614477,69577440.0,0.016766971453447056,0.016766971453447056,0.10533113119236721,1.1214601748183552,0.00040633880513617866
hirax_interferom,1.4677102642539008,1.4627075,1.4727075,0.05839299155856524,69577440.0,0.016766971453447056,0.016766971453447056,0.10533113119236721,1.1306155836208713,0.00040635892989934026
hirax_interferom,1.4777102066503562,1.4727075,1.4827075,0.05929598096757391,69577440.0,0.016766971453447056,0.016766971453447056,0.10533113119236721,1.1398082122444146,0.0004063790323124836
hirax_interferom,1.4877101500854588,1.4827075,1.4927075,0.06021790784132798,69586584.9327048,0.01628086865599655,0.016403744879616218,0.10533113119236721,1.1490380606889865,0.0004063387692589552
hirax_interferom,1.4977100945363828,1.4927075,1.5027075,0.06113999454748922,69587600.0,0.01628086865599655,0.01628086865599655,0.10533113119236721,1.1583051289545865,0.0004063437357442578
hirax_interferom,1.5077100399809134,1.5027075,1.5127075,0.06207920032202417,69595728.0,0.01609479547466274,0.01609479547466274,0.10533113119236721,1.1676094170412141,0.0004063034258093217
hirax_interferom,1.5177099863974273,1.5127075,1.5227075,0.06302076369683578,69597761.75018871,0.01590654577677497,0.01609479547466274,0.10533113119236721,1.176950924948868,0.0004063234255432449
hirax_interferom,1.52770993376487,1.5227075,1.5327075,0.06397390507838696,69601824.0,0.01584329882340718,0.01584329882340718,0.10533113119236721,1.1863296526775509,0.00040629815020881666
hirax_interferom,1.5377098820627415,1.5327075,1.5427075,0.06493160977523277,69601824.0,0.01584329882340718,0.01584329882340718,0.10533113119236721,1.1957456002272615,0.0004063181021658584
hirax_interferom,1.5477098312710826,1.5427075,1.5527075,0.06590107746322824,69603857.64099441,0.015587744989071596,0.01584329882340718,0.10533113119236721,1.2051987675979998,0.0004063380329866547
hirax_interferom,1.5577097813704477,1.5527075,1.5627075,0.06688493769081674,69609952.0,0.015523199183913875,0.015523199183913875,0.10533113119236721,1.2146891547897654,0.0004062975966381093
hirax_interferom,1.5677097323418956,1.5627075,1.5727075,0.06787345736260164,69611985.57135761,0.015327931043714865,0.015523199183913875,0.10533113119236721,1.2242167618025588,0.0004063174791052225
hirax_interferom,1.5777096841669769,1.5727075,1.5827075000000002,0.06887155703072248,69614016.0,0.015327931043714865,0.015327931043714865,0.10533113119236721,1.2337815886363797,0.000406307166658368
hirax_interferom,1.5877096368277113,1.5827075000000002,1.5927075,0.06987675801493326,69614016.0,0.015327931043714865,0.015327931043714865,0.10533113119236721,1.2433836352912295,0.0004063270048040036
hirax_interferom,1.5977095903065777,1.5927075,1.6027075000000002,0.07089691117806242,69618080.0,0.015063636556868631,0.015063636556868631,0.10533113119236721,1.2530229017671057,0.0004063166447736403
hirax_interferom,1.6077095445865,1.6027075000000002,1.6127075,0.07192432514304684,69620113.43919557,0.01486233169778021,0.015063636556868631,0.10533113119236721,1.2626993880640096,0.00040633643932369145
hirax_interferom,1.6177094996508334,1.6127075,1.6227075000000002,0.07296163668184616,69622144.0,0.01486233169778021,0.01486233169778021,0.10533113119236721,1.2724130941819418,0.00040632603282743975
hirax_interferom,1.6277094554833498,1.6227075000000002,1.6327075,0.07401171529834974,69626208.0,0.01472659979809046,0.01472659979809046,0.10533113119236721,1.2821640201209021,0.00040631560379006214
hirax_interferom,1.6377094120682267,1.6327075,1.6427075,0.07506638498153637,69626208.0,0.01472659979809046,0.01472659979809046,0.10533113119236721,1.2919521658808895,0.0004063353326745636
hirax_interferom,1.6477093693900382,1.6427075,1.6527075,0.07614106490023423,69633321.97381076,0.014451311976760766,0.014520623223213642,0.10533113119236721,1.3017775314619051,0.0004063248582930774
hirax_interferom,1.6577093274337358,1.6527075,1.6627075,0.0772204263186555,69636368.0,0.014451311976760766,0.014451311976760766,0.10533113119236721,1.3116401168639475,0.00040629927244477545
hirax_interferom,1.667709286184644,1.6627075,1.6727075,0.07831165956905561,69640433.25730512,0.014241354395810903,0.014311682499550666,0.10533113119236721,1.3215399220870185,0.00040630384492357674
hirax_interferom,1.6777092456284468,1.6727075,1.6827075,0.07941042838093645,69642464.0,0.014241354395810903,0.014241354395810903,0.10533113119236721,1.3314769471311163,0.0004062933059380033
hirax_interferom,1.6877092057511782,1.6827075,1.6927075,0.08051673829506956,69642464.0,0.014241354395810903,0.014241354395810903,0.10533113119236721,1.3414511919962424,0.00040631292688217717
hirax_interferom,1.6977091665392092,1.6927075,1.7027075,0.08163357160415222,69642464.0,0.014241354395810903,0.014241354395810903,0.10533113119236721,1.3514626566823964,0.00040633252939900643
hirax_interferom,1.707709127979243,1.7027075,1.7127075,0.08276101659969363,69642464.0,0.014241354395810903,0.014241354395810903,0.10533113119236721,1.3615113411895785,0.00040635211366744385
hirax_interferom,1.7177090900583,1.7127075,1.7227075,0.08390229365129101,69644497.11925068,0.013738981346557216,0.014241354395810903,0.10533113119236721,1.3715972455177878,0.0004063716798661231
hirax_interferom,1.7277090527637136,1.7227075,1.7327075,0.08505759364047512,69648561.09299883,0.013665706256911308,0.013738981346557216,0.10533113119236721,1.3817203696670246,0.00040636103192124537
hirax_interferom,1.737709016083118,1.7327075,1.7427075,0.08622073193645868,69650592.0,0.013665706256911308,0.013665706256911308,0.10533113119236721,1.3918807136372882,0.00040635036387390907
hirax_interferom,1.747708980004442,1.7427075,1.7527075,0.08739170035645373,69650592.0,0.013665706256911308,0.013665706256911308,0.10533113119236721,1.4020782774285816,0.0004063698704404086
hirax_interferom,1.757708944515897,1.7527075,1.7627075,0.08857373784425307,69650592.0,0.013665706256911308,0.013665706256911308,0.10533113119236721,1.4123130610409014,0.0004063893596527155
hirax_interferom,1.7677089096059757,1.7627075,1.7727075,0.0897802816558782,69658720.0,0.013368590192564664,0.013368590192564664,0.10533113119236721,1.4225850644742493,0.0004063484318830796
hirax_interferom,1.7777088752634365,1.7727075,1.7827075,0.09098492017242858,69658720.0,0.013368590192564664,0.013368590192564664,0.10533113119236721,1.4328942877286241,0.0004063678804425702
hirax_interferom,1.7877088414773032,1.7827075,1.7927075,0.09220436341899399,69660760.94799079,0.013141345475793167,0.013368590192564664,0.10533113119236721,1.4432407308040274,0.00040638731217976205
hirax_interferom,1.7977088082368506,1.7927075,1.8027075,0.09343706917732722,69663820.46225026,0.013064718901426364,0.013141345475793167,0.10533113119236721,1.4536243937004596,0.000406376453685692
hirax_interferom,1.8077087755316052,1.8027075,1.8127075,0.09468148009546093,69666880.9013885,0.012987640241107124,0.013064718901426364,0.10533113119236721,1.4640452764179177,0.0004063807121058604
hirax_interferom,1.8177087433513333,1.8127075,1.8227075,0.09593587285610423,69668920.0,0.012987640241107124,0.012987640241107124,0.10533113119236721,1.4745033789564035,0.00040636981540419383
hirax_interferom,1.827708711686033,1.8227075,1.8327075,0.0971985057242338,69668920.0,0.012987640241107124,0.012987640241107124,0.10533113119236721,1.4849987013159176,0.00040638917342678536
hirax_interferom,1.837708680525936,1.8327075,1.8427075,0.09847299113780253,69668920.0,0.012987640241107124,0.012987640241107124,0.10533113119236721,1.4955312434964605,0.00040640851549675756
hirax_interferom,1.8477086498614903,1.8427075,1.8527075,0.09975943097873113,69668920.00000001,0.012987640241107124,0.012987640241107124,0.10533113119236721,1.5061010054980295,0.00040642784178435224
hirax_interferom,1.8577086196833652,1.8527075,1.8627075,0.10105792812215782,69668920.0,0.012987640241107124,0.012987640241107124,0.10533113119236721,1.5167079873206264,0.00040644715245894065
hirax_interferom,1.8677085899824355,1.8627075,1.8727075,0.10237621521884799,69673000.0,0.012515203289889136,0.012515203289889136,0.10533113119236721,1.5273521889642512,0.00040643615951374594
hirax_interferom,1.8777085607497843,1.8727075,1.8827075,0.10370696656075559,69677080.0,0.012434718832623022,0.012434718832623022,0.10533113119236721,1.5380336104289047,0.0004064251489238543
hirax_interferom,1.8877085319766924,1.8827075,1.8927075,0.10504637682453813,69679120.0,0.01235371003000829,0.01235371003000829,0.10533113119236721,1.5487522517145849,0.0004064292635018106
hirax_interferom,1.8977085036546368,1.8927075,1.9027075,0.10639440424004115,69679120.0,0.01235371003000829,0.01235371003000829,0.10533113119236721,1.5595081128212926,0.0004064485052843635
hirax_interferom,1.9077084757752785,1.9027075,1.9127075,0.10775502073682577,69679120.0,0.01235371003000829,0.01235371003000829,0.10533113119236721,1.5703011937490283,0.0004064677322924498
hirax_interferom,1.917708448330468,1.9127075,1.9227075,0.10912833524882044,69679120.0,0.01235371003000829,0.01235371003000829,0.10533113119236721,1.5811314944977926,0.00040648694468967215
hirax_interferom,1.927708421312232,1.9227075,1.9327075,0.11051859303359812,69681160.65106991,0.012024218383831801,0.01235371003000829,0.10533113119236721,1.5919990150675838,0.0004065061426386152
hirax_interferom,1.9377083947127751,1.9327075,1.9427075,0.11192184181357709,69683200.0,0.012024218383831801,0.012024218383831801,0.10533113119236721,1.6029037554584022,0.00040649502442816976
hirax_interferom,1.9477083685244665,1.9427075,1.9527075,0.11333401996528747,69683200.0,0.012024218383831801,0.012024218383831801,0.10533113119236721,1.6138457156702488,0.0004065141907299641
hirax_interferom,1.9577083427398456,1.9527075,1.9627075,0.11475934310360306,69683200.0,0.012024218383831801,0.012024218383831801,0.10533113119236721,1.624824895703124,0.00040653334306707707
hirax_interferom,1.967708317351612,1.9627075,1.9727075,0.11620662228607492,69687281.15520673,0.011771048590482159,0.012024218383831801,0.10533113119236721,1.6358412955570258,0.0004065524815978538
hirax_interferom,1.9777082923526248,1.9727075,1.9827075,0.11766962732518746,69692380.27996857,0.011685439828206289,0.011771048590482159,0.10533113119236721,1.6468949152319552,0.00040651098816195077
hirax_interferom,1.9877082677358904,1.9827075,1.9927075,0.11913753313032782,69693400.0,0.011685439828206289,0.011685439828206289,0.10533113119236721,1.6579857547279127,0.0004065149395436426
hirax_interferom,1.9977082434945717,1.9927075,2.0027075,0.12061686454481957,69693400.0,0.011685439828206289,0.011685439828206289,0.10533113119236721,1.6691138140448987,0.00040653402953758143
hirax_interferom,2.0077082196219744,2.0027075,2.0127075000000003,0.12210992441478292,69693400.0,0.011685439828206289,0.011685439828206289,0.10533113119236721,1.680279093182911,0.00040655310635253505
hirax_interferom,2.017708196111547,2.0127075000000003,2.0227075,0.12362145851557718,69695440.49192584,0.011424765256058577,0.011685439828206289,0.10533113119236721,1.6914815921419522,0.00040657217014126784
hirax_interferom,2.0277081729568733,2.0227075,2.0327075,0.12514703984111172,69697480.0,0.011424765256058577,0.011424765256058577,0.10533113119236721,1.70272131092202,0.00040656090331318986
hirax_interferom,2.0377081501516785,2.0327075,2.0427075,0.12668212049789698,69697480.0,0.011424765256058577,0.011424765256058577,0.10533113119236721,1.7139982495231156,0.0004065799382893218
hirax_interferom,2.047708127689816,2.0427075,2.0527075000000004,0.12820660877808962,69676995.72429661,0.011424765256058577,0.011424765256058577,0.10533113119236721,1.7253124079452404,0.00040660207046314464
hirax_interferom,2.0577081055652684,2.0527075000000004,2.0627075,0.12963864038895578,69568131.50751093,0.011158002434730719,0.011424765256058577,0.10533113119236721,1.7366637861883925,0.0004069589708240414
hirax_interferom,2.0677080837721387,2.0627075,2.0727075,0.13100516319097577,69398760.61313717,0.011158002434730719,0.011158002434730719,0.10533113119236721,1.7480523842525713,0.0004075583496836452
hirax_interferom,2.077708062304662,2.0727075,2.0827075,0.132324779652837,69188331.24527857,0.011158002434730719,0.011158002434730719,0.10533113119236721,1.7594782021377775,0.00040836624102524145
hirax_interferom,2.0877080411571867,2.0827075,2.0927075,0.1336140666376048,68949994.70367055,0.011158002434730719,0.011158002434730719,0.10533113119236721,1.7709412398440127,0.00040930922899996564
hirax_interferom,2.09770802032418,2.0927075,2.1027075,0.1348706975405895,68683373.55223504,0.011158002434730719,0.011158002434730719,0.10533113119236721,1.7824414973712752,0.0004103624398978208
hirax_interferom,2.1077079998002217,2.1027075,2.1127075,0.1361035393336335,68396633.19896027,0.011158002434730719,0.011158002434730719,0.10533113119236721,1.7939789747195654,0.00041152727473101514
hirax_interferom,2.117707979579997,2.1127075,2.1227075,0.13731116809115254,68089564.82555935,0.011158002434730719,0.011158002434730719,0.10533113119236721,1.8055536718888825,0.00041278903154357276
hirax_interferom,2.1277079596583093,2.1227075,2.1327075,0.1385113054347436,67776080.7673917,0.011158002434730719,0.011158002434730719,0.10533113119236721,1.8171655888792289,0.000414101464412228
hirax_interferom,2.137707940030063,2.1327075,2.1427075,0.13968377842935983,67440545.58979383,0.010698626716973799,0.011158002434730719,0.10533113119236721,1.8288147256906016,0.0004155480766833624
hirax_interferom,2.1477079206902663,2.1427075,2.1527075,0.1408482633999335,67099412.85384591,0.010698626716973799,0.010698626716973799,0.10533113119236721,1.840501082323003,0.0004169800702733999
hirax_interferom,2.1577079016340286,2.1527075,2.1627075,0.1420016840545707,66749329.69519873,0.010604363851183312,0.010604363851183312,0.10533113119236721,1.8522246587764313,0.00041851732335862355
hirax_interferom,2.167707882856552,2.1627075,2.1727075,0.1431212989658473,66380473.96398864,0.010604363851183312,0.010604363851183312,0.10533113119236721,1.8639854550508872,0.0004201555874904738
hirax_interferom,2.177707864353144,2.1727075,2.1827075,0.14423101520203285,66006314.05569707,0.010604363851183312,0.010604363851183312,0.10533113119236721,1.8757834711463717,0.0004218350342835986
hirax_interferom,2.1877078461191988,2.1827075,2.1927075,0.14535252433416634,65638526.96503776,0.010413278581050206,0.010604363851183312,0.10533113119236721,1.8876187070628836,0.0004235386647528609
hirax_interferom,2.1977078281502065,2.1927075,2.2027075,0.1464490499984453,65256183.6872257,0.010413278581050206,0.010413278581050206,0.10533113119236721,1.8994911628004234,0.0004253062449612239
hirax_interferom,2.2077078104417462,2.2027075,2.2127075,0.1475205132820459,64861747.18121107,0.010316408767865723,0.010413278581050206,0.10533113119236721,1.9114008383589898,0.00042712663386601106
hirax_interferom,2.217707792989481,2.2127075,2.2227075000000003,0.14859367498796294,64470452.52056229,0.010316408767865723,0.010316408767865723,0.10533113119236721,1.923347733738586,0.00042903356043407843
hirax_interferom,2.22770777578916,2.2227075000000003,2.2327075,0.14964642149318985,64069817.272816986,0.010316408767865723,0.010316408767865723,0.10533113119236721,1.9353318489392088,0.0004309957308499847
hirax_interferom,2.237707758836619,2.2327075,2.2427075,0.15069091842152937,63666654.24818304,0.010316408767865723,0.010316408767865723,0.10533113119236721,1.9473531839608593,0.0004330135248361027
hirax_interferom,2.247707742127776,2.2427075,2.2527075,0.15173632107509533,63266626.03659451,0.010316408767865723,0.010316408767865723,0.10533113119236721,1.9594117388035364,0.00043497910581647705
hirax_interferom,2.257707725658624,2.2527075,2.2627075000000003,0.1527611131303485,62857610.43787907,0.010316408767865723,0.010316408767865723,0.10533113119236721,1.9715075134672433,0.0004370533445513178
hirax_interferom,2.267707709425237,2.2627075000000003,2.2727075,0.1537865401107879,62451723.165222675,0.010316408767865723,0.010316408767865723,0.10533113119236721,1.9836405079519763,0.00043916384972324815
hirax_interferom,2.27770769342376,2.2727075,2.2827075,0.15480207825589898,62042964.34144783,0.010316408767865723,0.010316408767865723,0.10533113119236721,1.9958107222577375,0.0004413569756683979
hirax_interferom,2.2877076776504204,2.2827075,2.2927075,0.15581164913428647,61632833.0907911,0.009919474083954652,0.010316408767865723,0.10533113119236721,2.008018156384526,0.00044356469590513763
hirax_interferom,2.297707662101516,2.2927075,2.3027075000000004,0.1567967873880881,61212921.21394828,0.009919474083954652,0.009919474083954652,0.10533113119236721,2.0202628103323432,0.0004457875981825713
hirax_interferom,2.3077076467734106,2.3027075000000004,2.3127075,0.15781100580469962,60812521.73685725,0.009919474083954652,0.009919474083954652,0.10533113119236721,2.0325446841011883,0.00044798580049543234
hirax_interferom,2.317707631662545,2.3127075,2.3227075,0.15879824236711876,60401290.43457769,0.009919474083954652,0.009919474083954652,0.10533113119236721,2.04486377769106,0.000450297695801424
hirax_interferom,2.327707616765416,2.3227075,2.3327075,0.15975797377775347,59979607.28966488,0.009919474083954652,0.009919474083954652,0.10533113119236721,2.0572200911019585,0.000452730745643982
hirax_interferom,2.3377076020786007,2.3327075,2.3427075,0.16073535148350004,59569928.051866435,0.009919474083954652,0.009919474083954652,0.10533113119236721,2.0696136243338876,0.0004551276551760497
hirax_interferom,2.3477075875987343,2.3427075,2.3527075,0.16170321023859197,59159076.63169483,0.009919474083954652,0.009919474083954652,0.10533113119236721,2.082044377386843,0.00045754652274838546
hirax_interferom,2.3577075733225152,2.3527075,2.3627075,0.16267227253031896,58752100.9351749,0.009919474083954652,0.009919474083954652,0.10533113119236721,2.0945123502608256,0.00045991816425094897
hirax_interferom,2.3677075592467074,2.3627075,2.3727075,0.1636051548522038,58331517.56047549,0.009919474083954652,0.009919474083954652,0.10533113119236721,2.1070175429558358,0.0004624777311252121
hirax_interferom,2.3777075453681285,2.3727075,2.3827075,0.16456698090466462,57926738.15978436,0.00950597929404431,0.009919474083954652,0.10533113119236721,2.119559955471875,0.00046498157681683946
hirax_interferom,2.387707531683663,2.3827075,2.3927075,0.16553159458708372,57526518.628232785,0.00950597929404431,0.00950597929404431,0.10533113119236721,2.1321395878089406,0.0004674200858459406
hirax_interferom,2.397707518190249,2.3927075,2.4027075,0.16647979275930166,57122183.292189024,0.009399763901180549,0.00950597929404431,0.10533113119236721,2.144756439967035,0.00047006782769476143
hirax_interferom,2.4077075048848853,2.4027075,2.4127075,0.16743294512815077,56723435.786833465,0.009399763901180549,0.009399763901180549,0.10533113119236721,2.157410511946156,0.00047253691597994366
hirax_interferom,2.417707491764623,2.4127075,2.4227075,0.16834781453961462,56312524.31640035,0.009399763901180549,0.009399763901180549,0.10533113119236721,2.1701018037463045,0.00047532657018940517
hirax_interferom,2.427707478826572,2.4227075,2.4327075,0.16929594144038332,55919424.85997783,0.009399763901180549,0.009399763901180549,0.10533113119236721,2.182830315367483,0.0004779001836905966
hirax_interferom,2.437707466067884,2.4327075,2.4427075,0.17021785034933543,55518677.454869285,0.009399763901180549,0.009399763901180549,0.10533113119236721,2.1955960468096865,0.0004805642359431219
hirax_interferom,2.447707453485777,2.4427075,2.4527075,0.17113338959483465,55118685.83939559,0.009399763901180549,0.009399763901180549,0.10533113119236721,2.2083989980729197,0.0004833746430450827
hirax_interferom,2.457707441077512,2.4527075,2.4627075,0.1720498925565152,54722610.28607102,0.009399763901180549,0.009399763901180549,0.10533113119236721,2.221239169157179,0.0004861511373985924
hirax_interferom,2.467707428840405,2.4627075,2.4727075000000003,0.17295047935893068,54323742.8473192,0.009399763901180549,0.009399763901180549,0.10533113119236721,2.2341165600624673,0.0004889514822625022
hirax_interferom,2.4777074167718167,2.4727075000000003,2.4827075,0.17387467108230215,53936559.283861004,0.009073660704222433,0.009399763901180549,0.10533113119236721,2.2470311707887833,0.0004917484983748255
hirax_interferom,2.4877074048691523,2.4827075,2.4927075,0.17477632996312661,53544059.64052658,0.009073660704222433,0.009073660704222433,0.10533113119236721,2.259983001336126,0.0004946269320215056
hirax_interferom,2.4977073931298706,2.4927075,2.5027075,0.17568736953668707,53159520.101471305,0.009073660704222433,0.009073660704222433,0.10533113119236721,2.272972051704497,0.0004974783547528498
hirax_interferom,2.507707381551476,2.5027075,2.5127075000000003,0.17661284382125453,52783220.463272065,0.008962323227516856,0.009073660704222433,0.10533113119236721,2.285998321893896,0.0005003301186664507
hirax_interferom,2.517707370131514,2.5127075000000003,2.5227075,0.1775030288125647,52397109.20922309,0.008962323227516856,0.008962323227516856,0.10533113119236721,2.2990618119043225,0.000503224171728727
hirax_interferom,2.527707358867576,2.5227075,2.5327075,0.1784016498403883,52017917.478384905,0.008962323227516856,0.008962323227516856,0.10533113119236721,2.3121625217357766,0.0005062004736673441
hirax_interferom,2.537707347757297,2.5327075,2.5427075,0.17929071808489866,51638605.91218775,0.008962323227516856,0.008962323227516856,0.10533113119236721,2.3253004513882582,0.0005091944757464524
hirax_interferom,2.546861138002697,2.5427075,2.5527075000000004,0.18009765266207856,51291876.20198522,0.008962323227516856,0.008962323227516856,0.10533113119236721,2.338003726993314,0.0005121513255219623
tianlai_icyl,0.4987765030839571,0.4923642105263156,0.5023642105263156,0.00015676479935952225,53171082.05672132,0.14535136593376494,0.14683584392796425,0.1467879712219344,0.49662493667362845,0.006738249711562159
tianlai_icyl,0.5073873489976207,0.5023642105263156,0.5123642105263156,0.0001715324102989379,53794810.41864891,0.14211006305765678,0.14408868396780616,0.14402595640753982,0.20200382285666638,0.008269263496254812
tianlai_icyl,0.5173867060417505,0.5123642105263156,0.5223642105263157,0.00018297601533459205,54488440.197944194,0.13885817654772395,0.14075413515256488,0.14071132888613244,0.35569234268658045,0.009345740194163645
tianlai_icyl,0.5273860879596689,0.5223642105263157,0.5323642105263157,0.0001955484502710304,55132314.29323546,0.13575775070040494,0.13752129399129515,0.13745556944908588,0.08702086090602215,0.013899104588936303
tianlai_icyl,0.5373854933911143,0.5323642105263157,0.5423642105263157,0.0002143591551511154,55734494.669495046,0.1327135182726401,0.13444231680799276,0.13437508630781575,0.07506321187158052,0.010874923745449556
tianlai_icyl,0.54738492107431,0.5423642105263157,0.5523642105263157,0.00021944475775979665,56293601.92153332,0.12985320812525164,0.13152037570120845,0.13145165079267457,0.28226875108341826,0.005922860231041094
tianlai_icyl,0.5573843698367585,0.5523642105263157,0.5623642105263157,0.0002372204413592965,57198519.82083914,0.1270391534988703,0.128610119002674,0.12857888779313079,0.10704853990053834,0.00772647827336292
tianlai_icyl,0.5673838385878736,0.5623642105263157,0.5723642105263156,0.0002537747621724451,57709202.52727966,0.12434718832623023,0.125887945353336,0.12585603863748876,0.19248900667862423,0.008604737320005013
tianlai_icyl,0.5773833263113488,0.5723642105263156,0.5823642105263156,0.0002728429370532962,58201972.8987744,0.12176891913508352,0.1232523116116796,0.12325231161167959,0.3985534394445877,0.00823900650709898
tianlai_icyl,0.5873828320594331,0.5823642105263156,0.5923642105263156,0.0003170820969220666,58653082.20186378,0.11927805106560346,0.12069224973052091,0.12065896908746973,0.0198069325760655,0.1424954720153532
tianlai_icyl,0.5973823549466909,0.5923642105263156,0.6023642105263156,0.00031185996008044787,59081233.39209693,0.11688876216996412,0.1182636197361862,0.1182296554564116,0.13446197787204447,0.006067789886131839
tianlai_icyl,0.6073818941452888,0.6023642105263156,0.6123642105263156,0.000325771526694517,59490031.96216881,0.1146687141323461,0.11593138374569126,0.11589673599125766,0.326805997350936,0.002509977508984157
tianlai_icyl,0.617381448880126,0.6123642105263156,0.6223642105263156,0.0003500188744157655,59873001.630129606,0.11235122070658515,0.1136219713295061,0.11358661912848564,0.07409209515586816,0.0324433283065717
tianlai_icyl,0.6273810184246831,0.6223642105263156,0.6323642105263156,0.0003705258519519012,60251612.012783006,0.11025843285653837,0.11141793561366205,0.11138188386199388,0.017123248364675152,0.046293320040382197
tianlai_icyl,0.6373806020973851,0.6323642105263156,0.6423642105263156,0.00039926604228003994,60601113.84483121,0.10812514618579598,0.10929809475553198,0.10926134354576553,0.03420984752377377,0.08913015837895766
tianlai_icyl,0.6473801992578353,0.6423642105263156,0.6523642105263157,0.0004046994052688803,60937412.82335496,0.10610043239531831,0.1072580799296704,0.10722062948162595,0.12603137625409258,0.019671587225931087
tianlai_icyl,0.6573798093041437,0.6523642105263157,0.6623642105263157,0.00042002385844599414,61245381.19781958,0.10419062129722172,0.10529299537243789,0.10533113119236721,0.9481641404202638,0.005360697899468324
tianlai_icyl,0.6673794316695364,0.6623642105263157,0.6723642105263157,0.00044952824411577527,61551771.69699785,0.10226478152331013,0.10336826730833686,0.10332940705609577,0.23967098005271423,0.00707342785883539
tianlai_icyl,0.6773790658202725,0.6723642105263157,0.6823642105263157,0.0005132065320528245,61834084.12093317,0.10045201206463,0.10148619189664297,0.10144661069704987,0.015303438153117535,0.18353892496301102
tianlai_icyl,0.6873787112529229,0.6823642105263157,0.6923642105263157,0.00048755064597420675,62106452.587010406,0.09871786467506412,0.09969955194115922,0.09965926115271202,0.1252417568521731,0.00684162978368883
tianlai_icyl,0.6973783674923303,0.6923642105263157,0.7023642105263157,0.0005117399955583419,62369063.676729135,0.09698376733762493,0.09798283001762195,0.09794183301581989,0.37636807108109893,0.004589731417943746
tianlai_icyl,0.7073780340897433,0.7023642105263157,0.7123642105263157,0.0006923996828324436,62624030.00828758,0.09531294862955719,0.09625635283521917,0.09621462018516083,0.0030108519058352173,0.3649128666606845
tianlai_icyl,0.7173777106206921,0.7123642105263157,0.7223642105263157,0.0005660322451866972,62852366.72387762,0.0937087933674872,0.09463636191361874,0.09459391456368628,0.17919166214438922,0.004839090595826739
tianlai_icyl,0.7273773966837396,0.7223642105263157,0.7323642105263157,0.0009003134315629165,63089507.62083505,0.09215299397689833,0.09303133265258591,0.09298815263974572,0.0008269663532315455,0.5134827416343576
tianlai_icyl,0.7373770918985177,0.7323642105263157,0.7423642105263157,0.0006271074598996925,63297218.70406134,0.09067019009514572,0.09149693679273928,0.09145303230998456,0.070847062305026,0.02401625213441021
tianlai_icyl,0.7473767959046214,0.7423642105263157,0.7523642105263156,0.0006528018543396934,63512418.75057629,0.0892302691384411,0.09003678558378633,0.08999216873982573,0.47403536231855564,0.0036609885833892484
tianlai_icyl,0.7573765083602568,0.7523642105263156,0.7623642105263156,0.0006844311469383329,63695188.538410366,0.08777816681890932,0.08858656961915554,0.08854122199928145,0.5134258538617641,0.0016936881730380657
tianlai_icyl,0.767376228940871,0.7623642105263156,0.7723642105263157,0.0007226403761898942,63889806.46045502,0.08634815883052378,0.08714678489962124,0.08710068768142651,0.18431702079123627,0.004682064985005796
tianlai_icyl,0.7773759573383835,0.7723642105263157,0.7823642105263157,0.0007615539646423933,64071709.6503751,0.08498862949995926,0.08582331204913128,0.085788208095635,0.9181202073251475,0.001891095347333283
tianlai_icyl,0.7873756932597521,0.7823642105263157,0.7923642105263157,0.0007922517448708283,64246144.808905944,0.08370301310387952,0.08443155417295611,0.08438397369345303,0.05597396881577429,0.015394148545212698
tianlai_icyl,0.7973754364263519,0.7923642105263157,0.8023642105263157,0.0008183794319518449,64413745.167474456,0.08243388807934329,0.08318561727973864,0.08317354652334052,1.1773906358779787,0.0029775942177575508
tianlai_icyl,0.8073751865730229,0.8023642105263157,0.8123642105263156,0.0008557362416681574,64574452.58981998,0.08116965915272091,0.0819207330555671,0.08190847589487074,1.1653118875251895,0.0015124232228092423
tianlai_icyl,0.8173749434471101,0.8123642105263156,0.8223642105263156,0.0008872810204932587,64722223.218204215,0.07997335679241004,0.0806609090476517,0.0806111029860657,0.24922056099342438,0.0035394004388706653
tianlai_icyl,0.827374706808004,0.8223642105263156,0.8323642105263156,0.0009317188932683024,64871077.71822132,0.07879712094452394,0.07945694732413755,0.07940638610532103,0.12335996550068264,0.014130343925349969
tianlai_icyl,0.8373744764261027,0.8323642105263156,0.8423642105263156,0.0009844226907772867,65011445.679486215,0.07762893084106899,0.07829860223817732,0.0782601231127943,0.3788954265899738,0.006994493586271797
tianlai_icyl,0.8473742520823994,0.8423642105263156,0.8523642105263156,0.0010036472435808836,65147898.047906145,0.07657412322265031,0.077174918662719,0.07712286137607866,0.3350216661243048,0.0026590800988994753
tianlai_icyl,0.8573740335678767,0.8523642105263156,0.8623642105263156,0.0010454063006949442,65276355.23246707,0.07547798108869945,0.07610062702400419,0.07604783435235449,0.7883771883697607,0.0011340708258080604
tianlai_icyl,0.867373820682749,0.8623642105263156,0.8723642105263156,0.0010909342742796433,65401835.47218856,0.07440617685351866,0.07499756472949659,0.07494399503356879,0.38416173488256095,0.0023248610443025518
tianlai_icyl,0.8773736132361959,0.8723642105263156,0.8823642105263156,0.001137982032739172,65524344.569129616,0.07337346252189253,0.073959532738577,0.07390521063595715,0.5618416551866457,0.0031745964836133807
tianlai_icyl,0.8873734110456718,0.8823642105263156,0.8923642105263156,0.0012057080068794642,65641959.346391045,0.07232600397468424,0.07292049321969178,0.07286539650368799,0.3070147726060887,0.0029004652374665266
tianlai_icyl,0.8973732139365105,0.8923642105263156,0.9023642105263155,0.0012389774179159744,65744877.56618339,0.0713757756312841,0.07200600661963007,0.07199206142600272,2.3934870793073735,0.0007476511492279858
tianlai_icyl,0.907373021741636,0.9023642105263155,0.9123642105263156,0.0012991348445296684,65861890.83030827,0.07041272500754946,0.07096666118454782,0.07091004636804969,0.6050279692579846,0.0014712052404841965
tianlai_icyl,0.9173728343008888,0.9123642105263156,0.9223642105263156,0.0013534981193603574,65963882.58298372,0.06949413401700608,0.07001232446251617,0.06995493730167436,0.5364229712532116,0.0016525460259130347
tianlai_icyl,0.9273726514608772,0.9223642105263156,0.9323642105263156,0.0014088449567099394,66062848.32856111,0.06854859153635147,0.06907387578157603,0.06901570829691707,0.3426128036476948,0.0025843890564511587
tianlai_icyl,0.9373724730746068,0.9323642105263156,0.9423642105263156,0.001476199937365183,66159855.5557672,0.06766405652313363,0.06815197147709137,0.06809301647343013,0.04087983763509189,0.021261094573172174
tianlai_icyl,0.9473722990010024,0.9423642105263156,0.9523642105263156,0.0015323640337392174,66248862.454035036,0.0667678042825589,0.06727714649643969,0.06721742420637641,0.21125692456744694,0.00838017219272118
tianlai_icyl,0.957372129104784,0.9523642105263156,0.9623642105263156,0.0015845431435817063,66345847.09074906,0.06593553849758618,0.06640591649946109,0.06634540995705694,0.06526540048773771,0.013484390455328659
tianlai_icyl,0.9673719632560732,0.9623642105263156,0.9723642105263156,0.0016374344386796773,66425877.92607665,0.06509263234206501,0.06556905744622213,0.0655077779398945,0.19899384367710102,0.004472468028164456
tianlai_icyl,0.9773718013301088,0.9723642105263156,0.9823642105263156,0.0017068473197703051,66505074.08109328,0.0642699190551346,0.06475239767391074,0.06469034457132557,0.3598723497029608,0.0024899422719020584
tianlai_icyl,0.9873716432071172,0.9823642105263156,0.9923642105263156,0.0017593607553718926,66590410.286158815,0.06351562492955704,0.06397240778239609,0.06390959735214831,0.901242343849393,0.0009952377424827538
tianlai_icyl,0.997371488771902,0.9923642105263156,1.0023642105263155,0.00183095141989424,66667714.62686524,0.06270424612582623,0.06319867871542033,0.06313509853965125,1.2208711877480203,0.0014683816134952524
tianlai_icyl,1.0073713379137168,1.0023642105263155,1.0123642105263158,0.0019005094088126646,66743016.05638379,0.06196330171100095,0.06241535888924035,0.06236708091974554,1.3198169369537056,0.0013560166956639887
tianlai_icyl,1.017371190526121,1.0123642105263158,1.0223642105263155,0.0019800636205103755,66810295.11798042,0.061196984849811106,0.06165466098400146,0.061589486905548274,0.8414472276022763,0.0010628291904258276
tianlai_icyl,1.0273710465065855,1.0223642105263155,1.0323642105263158,0.0020583245019284895,66890580.5303029,0.06048738276906131,0.06091743246980582,0.06086796641822992,1.234603142768083,0.0014406222188465619
tianlai_icyl,1.0373709057564635,1.0323642105263158,1.0423642105263156,0.0021432248062664776,66954840.60002116,0.05980294437296198,0.06018785606179552,0.06012109191915901,0.6985984834953127,0.0019011266034745053
tianlai_icyl,1.0473707681808206,1.0423642105263156,1.0523642105263158,0.002232773037115244,67021113.05304475,0.05905960204977382,0.05955057465350482,0.059533711967437314,3.522774273501335,0.0005019231863458431
tianlai_icyl,1.0573706336881208,1.0523642105263158,1.0623642105263156,0.002329728877398264,67081352.211076826,0.05837562296578221,0.05878696538539689,0.058718608425782734,0.6498180343664395,0.002702270593899951
tianlai_icyl,1.0673705021902002,1.0623642105263156,1.0723642105263158,0.002416877169987939,67149614.63500002,0.057753116303556465,0.058168860959733545,0.058099776777448674,2.106650379107862,0.0006227545709080357
tianlai_icyl,1.0773703736021156,1.0723642105263158,1.0823642105263156,0.002509398442168961,67203842.86983784,0.057071072235226956,0.05745681044730435,0.05738686908182057,0.920263479837409,0.0018963643991836735
tianlai_icyl,1.087370247841893,1.0823642105263156,1.0923642105263158,0.0027023712136756447,67265211.83801559,0.05648752618968227,0.056771206699204796,0.05670041963090209,0.010960826118425323,0.07379597350081932
tianlai_icyl,1.0973701248304963,1.0923642105263158,1.1023642105263156,0.002695522751045001,67316617.04264426,0.05579001217365359,0.05618454626527996,0.05614879408458974,2.2370372078554457,0.0007809714025086081
tianlai_icyl,1.1073700044916983,1.1023642105263156,1.1123642105263156,0.0027958199581916837,67374090.57862979,0.05519292334428357,0.05562780536627933,0.055555561432724325,3.106052950440473,0.0005616720891338927
tianlai_icyl,1.117369886751874,1.1123642105263156,1.1223642105263156,0.0028997397705022828,67423463.71252209,0.054589304046117955,0.055101890916588805,0.22248414593461108,8.266378925541439,0.00040797881759911875
tianlai_icyl,1.127369771539965,1.1223642105263156,1.1323642105263156,0.003020672276249134,67478901.12704155,0.053997532592998346,0.05431271400074367,0.054238718443222166,0.30236648268031313,0.005697589582725745
tianlai_icyl,1.1373696587873798,1.1323642105263156,1.1423642105263156,0.0031424061403527415,67528286.82917991,0.05341800274219536,0.05371789564027045,0.05364307959332255,0.08564502824330267,0.009985752450710142
tianlai_icyl,1.1473695484278068,1.1423642105263156,1.1523642105263157,0.0033501526184810384,67572638.36675373,0.052813108475619965,0.05319197350799127,0.05311641668930046,1.5232707186093875,0.0011273077058428765
tianlai_icyl,1.1573694403971932,1.1523642105263157,1.1623642105263157,0.0033851109417735764,67622031.74026015,0.05233567046800915,0.052584479226928306,0.05250804825742246,0.28147535343871416,0.003024230270799847
tianlai_icyl,1.1673693346336549,1.1623642105263157,1.1723642105263157,0.003519804712144184,67665359.15697277,0.051795715430833694,0.05204710548362044,0.05196988421633883,0.7756379482018886,0.0021823061003316407
tianlai_icyl,1.1773692310773156,1.1723642105263157,1.1823642105263157,0.003731340003601271,67711758.56783131,0.05117164788126637,0.051582043839328615,0.05158204383932862,5.578959644127477,0.0004529689926734093
tianlai_icyl,1.1873691296702895,1.1823642105263157,1.1923642105263157,0.003823220494742815,67756092.61208549,0.05065893250377367,0.050955359448588214,0.05087648113589795,0.31001454230120107,0.0026878426867828088
tianlai_icyl,1.1973690303566116,1.1923642105263157,1.2023642105263157,0.003982826200590662,67791383.97691064,0.05016099499511888,0.05053987491849108,0.25367095566881387,7.451986835848885,0.0004831399117179655
tianlai_icyl,1.2073689330820838,1.2023642105263157,1.2123642105263157,0.00416144759951285,67835725.43737489,0.04965806475668162,0.04992022082893859,0.049839704291323256,0.3511859318817082,0.002325072906253639
tianlai_icyl,1.217368837794271,1.2123642105263157,1.2223642105263155,0.004326161065440846,67875032.157561,0.0491908277399248,0.049435154546428814,0.04935384667141815,0.9775172082714046,0.0008290750965526647
tianlai_icyl,1.2273687444424428,1.2223642105263155,1.2323642105263155,0.004495340479201512,67907281.49895623,0.04878089702867005,0.048945281309321416,0.048863158296257925,1.153670517018501,0.0013949900111584635
tianlai_icyl,1.237368652977431,1.2323642105263155,1.2423642105263155,0.004679504408466659,67953664.81954384,0.04818030269349401,0.04845045531125498,0.04836749214197969,0.8559852388836021,0.00186559056338247
tianlai_icyl,1.2473685633516336,1.2423642105263155,1.2523642105263155,0.0048670825136571,67985908.1594066,0.047698592285274795,0.04803420657251113,0.04795052322224673,3.0026410697490267,0.0005282440970253515
tianlai_icyl,1.2573684755189598,1.2523642105263155,1.2623642105263158,0.005065157140907415,68014131.91405028,0.047254481334988434,0.047593227472956336,0.2355275694930816,8.614563225968062,0.0004386012201515643
tianlai_icyl,1.2673683894347143,1.2623642105263158,1.2723642105263155,0.0052829260478348015,68055535.04484048,0.046827602836591216,0.04704152630208919,0.046956073867676584,0.7685691176728321,0.0010132777972082154
tianlai_icyl,1.2773683050555906,1.2723642105263155,1.2823642105263158,0.005562095293756889,68086902.35407186,0.046353496165041946,0.046569597551741636,0.04648327755621081,0.03972259202136584,0.019040409116543363
tianlai_icyl,1.287368222339628,1.2823642105263158,1.2923642105263156,0.005773235492572212,68117256.43845816,0.045874489926576716,0.04617988695520659,0.2355275694930816,8.495497985189173,0.0004292510071369666
tianlai_icyl,1.2973681412461122,1.2923642105263156,1.3023642105263158,0.0060292180569539704,68153693.77980974,0.04545674084387493,0.04572102644776858,0.04563310131553744,1.2707316919904559,0.0011799475928198683
tianlai_icyl,1.3073680617355683,1.3023642105263158,1.3123642105263156,0.006305441404777214,68186074.80085757,0.04510195110073856,0.04527969346870968,0.04519090967060589,0.8046889733097141,0.0009172705581811381
tianlai_icyl,1.317367983769721,1.3123642105263156,1.3223642105263158,0.0066055012567375875,68204282.64554986,0.04483401634700003,0.04490114992542677,0.044811616137584276,2.540522985099189,0.0005718761372392426
tianlai_icyl,1.3273679073114129,1.3223642105263158,1.3323642105263156,0.006942103077831687,68238698.36776936,0.0442252285059081,0.044451677648975285,0.04436123670554012,1.1589750990524867,0.000614986485034309
tianlai_icyl,1.337367832324594,1.3323642105263156,1.3423642105263158,0.007310722319283187,68275125.07873303,0.04383758045792592,0.04402042830246005,0.04392909951465631,0.19328770481073387,0.001801950927809274
tianlai_icyl,1.347367758774285,1.3423642105263158,1.3523642105263156,0.007689106032335735,68293343.46339366,0.043446473785687965,0.04374586993810593,0.30762121893349836,4.521196945955812,0.0004164663821717981
tianlai_icyl,1.3573676866265143,1.3523642105263156,1.3623642105263156,0.008120961338842412,68319657.74885046,0.043121722498508805,0.0432612001322614,0.30762121893349836,4.158750253558962,0.0004416774244753475
tianlai_icyl,1.367367615848302,1.3623642105263156,1.3723642105263156,0.008603441621972786,68347998.32552557,0.0426299572071131,0.04293504749865199,0.30762121893349836,3.8370793224927087,0.00046585106236369833
tianlai_icyl,1.377367546407622,1.3723642105263156,1.3823642105263156,0.009114009855453372,68374300.67780073,0.04237008804723929,0.04255924116637546,0.30762121893349836,3.7696006506402058,0.00046048007842866865
tianlai_icyl,1.3873674782733665,1.3823642105263156,1.3923642105263156,0.009680723117310995,68398590.87338734,0.04194137461022576,0.04215627631400869,0.34747067008503035,1.7203256093760564,0.00046884415066961936
tianlai_icyl,1.3973674114153087,1.3923642105263156,1.4023642105263157,0.010316733930072793,68418826.24425265,0.04158073700744561,0.041773464515278774,0.35177832221533106,1.3053892461205405,0.0004982851800724202
tianlai_icyl,1.4073673458040818,1.4023642105263157,1.4123642105263157,0.011028716594722258,68452232.090377,0.04119257694085867,0.04136284518277964,0.04126563507146289,0.8239970566418603,0.000690843702698025
tianlai_icyl,1.4173672814111506,1.4123642105263157,1.4223642105263157,0.01180029770226126,68471452.30620456,0.04089903939872201,0.04099711877073393,0.04089903939872201,0.4369691453073997,0.001252372694891165
tianlai_icyl,1.4273672182087696,1.4223642105263157,1.4323642105263157,0.012638904168854393,68489666.10878894,0.040628100292638976,0.04067749617749913,0.34293331757295753,1.3578177346979685,0.0005813466749844231
tianlai_icyl,1.437367156169967,1.4323642105263157,1.4423642105263157,0.01359636884143984,68512949.29381135,0.04010577057769399,0.04038021451131865,0.34747067008503035,1.124919742683982,0.0005904171627865537
tianlai_icyl,1.4473670952685276,1.4423642105263157,1.4523642105263157,0.014668564077769664,68541283.07906964,0.039778986681405254,0.040005505994390025,0.34747067008503035,0.8987694736157248,0.0007046101141968879
tianlai_icyl,1.457367035478942,1.4523642105263157,1.4623642105263157,0.015848032331041054,68558485.9420124,0.03947493901336733,0.03962725445642485,0.3330862830898876,1.2908867137763433,0.0006693830139661488
tianlai_icyl,1.467366976776406,1.4623642105263157,1.4723642105263155,0.017156068420961068,68578721.93951246,0.039194156704279094,0.039296491491264636,0.03919415670427909,0.673233135676986,0.0012907333840554906
tianlai_icyl,1.4773669191367926,1.4723642105263155,1.4823642105263155,0.018597381691004437,68598965.69729805,0.03878211733139116,0.039014424937112054,0.34293331757295753,0.8302940426282734,0.0007450412971484275
tianlai_icyl,1.487366862536622,1.4823642105263155,1.4923642105263155,0.02021986816803377,68617179.71883008,0.038470191751737395,0.038652454255861675,0.038548409775735634,0.7836845036556829,0.0009964513887718435
tianlai_icyl,1.497366806953045,1.4923642105263155,1.5023642105263155,0.02207159998691178,68640460.19199571,0.03818202146385075,0.03836565299394753,0.34747067008503035,0.5922583837497299,0.0008173966908354839
tianlai_icyl,1.507366752363828,1.5023642105263155,1.5123642105263158,0.024125457879017667,68657659.56433827,0.03783862723242944,0.03812939287720479,0.34293331757295753,0.6511263122610575,0.000796439909172664
tianlai_icyl,1.5173666987473269,1.5123642105263158,1.5223642105263158,0.026422026169485833,68669803.48915353,0.03754560986966741,0.03775893891533718,0.34293331757295753,0.5781632091603839,0.0008414916340286905
tianlai_icyl,1.5273666460824682,1.5223642105263158,1.5323642105263158,0.029030417732031893,68688021.1229549,0.03730415649786907,0.03751885845204255,0.35177832221533106,0.3537417282802181,0.0009434507090718938
tianlai_icyl,1.5373665943487331,1.5323642105263158,1.5423642105263158,0.0320715807918636,68711299.52120706,0.036952605317978574,0.037196340791186146,0.34747067008503035,0.41918646772929224,0.0008884928607311204
tianlai_icyl,1.547366543526144,1.5423642105263158,1.5523642105263156,0.035452431232939674,68730521.6357459,0.036679888636385966,0.03687100211499155,0.34747067008503035,0.3379347136537134,0.0010234642834002525
tianlai_icyl,1.5573664935952372,1.5523642105263156,1.5623642105263156,0.039397059189642966,68740643.20147526,0.03640512904755392,0.036542767077403504,0.34293331757295753,0.3840809355494349,0.0009493543811960104
tianlai_icyl,1.5673664445370563,1.5623642105263156,1.5723642105263156,0.043949986323335785,68755825.48219442,0.03618381922133368,0.03632229588209517,0.35177832221533106,0.25829641535674513,0.0009524608047989943
tianlai_icyl,1.577366396333134,1.5723642105263156,1.5823642105263156,0.04916535522817343,68773025.53254384,0.035877289238356244,0.035961147449925165,0.03584929291006742,0.08459595630582688,0.0024306959802325038
tianlai_icyl,1.5824602878794465,1.5823642105263156,1.5923642105263156,0.05198546970570654,68779096.0,0.03579323456004061,0.03579323456004061,0.34747067008503035,0.24696744249941713,0.001024752420642492
meerkat_b1_interferom,0.4030312526376365,0.3966147783251231,0.4066147783251231,0.03849172620356474,46128286.78070977,0.17575067861132831,0.1779139676102214,0.2355275694930816,0.0003415226969836575,0.0005687924380604149
meerkat_b1_interferom,0.41164567827357,0.4066147783251231,0.4166147783251231,0.041373168359555845,47181657.28471164,0.17109589111340226,0.17391295274149796,0.1776993888426692,0.0003256329482167335,0.0005675129126592706
meerkat_b1_interferom,0.4216447014746006,0.4166147783251231,0.4266147783251232,0.04481952626441146,48326490.2521074,0.16632898461260015,0.1690413907552501,0.16984134571854273,0.0003270855545053536,0.0005724319948436802
meerkat_b1_interferom,0.4316437701221758,0.4266147783251232,0.4366147783251232,0.04839191199426142,49399557.39783621,0.16182516352466322,0.16438596418545798,0.16984134571854273,0.0003371277265163269,0.0005492115186354668
meerkat_b1_interferom,0.4416428811779503,0.4366147783251232,0.4466147783251232,0.052433490542127606,50726546.74198316,0.15747952127069798,0.1599718209884101,0.16357774462618335,0.00033981693789997253,0.0005497702627540363
meerkat_b1_interferom,0.4516420318709491,0.4466147783251232,0.4566147783251232,0.05622240996775925,51668725.36316709,0.15339062678039503,0.1557292314332567,0.15732004829686094,0.0003421067461940273,0.0005525575783794293
meerkat_b1_interferom,0.4616412196690345,0.4566147783251232,0.4666147783251232,0.06004096548631073,52535923.88928178,0.14949224993575908,0.15171230584287676,0.15539360769950608,0.00034964331469055054,0.0005421864544430893
meerkat_b1_interferom,0.4716404422531588,0.4666147783251232,0.4766147783251231,0.06390692177168221,53354844.14451541,0.14573768253783756,0.14789191190822815,0.14896071427234547,0.000351047371269632,0.0005491650235695435
meerkat_b1_interferom,0.4816396974957505,0.4766147783251231,0.4866147783251232,0.06783508047289484,54120753.713306926,0.142166573672499,0.14424190316365523,0.14896071427234547,0.0003610791469386971,0.0005341307220040707
meerkat_b1_interferom,0.491638983440728,0.4866147783251232,0.4966147783251232,0.07190159348500824,54841706.351495296,0.13877138113771345,0.14071846416814743,0.14896071427234547,0.00037131438530305035,0.0005203017515602131
meerkat_b1_interferom,0.501638298286979,0.4966147783251232,0.5066147783251231,0.07615427184613258,55516739.492991574,0.13545418249968494,0.13733864815673216,0.13757239137132957,0.0003643593726546117,0.0005475325661857612
meerkat_b1_interferom,0.5116376403726887,0.5066147783251231,0.5166147783251231,0.08064060217673694,56150919.96309156,0.13231194066461532,0.13412080028184895,0.13757239137132957,0.00037435196847234744,0.0005333545368678288
meerkat_b1_interferom,0.5216370081625243,0.5166147783251231,0.5266147783251232,0.08533939738039314,56749606.53465125,0.12929529702459344,0.13102321917672063,0.13757239137132957,0.00038453971130946135,0.0005193882274121399
meerkat_b1_interferom,0.5316364002352935,0.5266147783251232,0.5366147783251232,0.09020378145708384,57308347.83383508,0.12641324348097951,0.12807031320709136,0.13757239137132957,0.00039492466651017697,0.000505882722463353
meerkat_b1_interferom,0.5416358152738203,0.5366147783251232,0.5466147783251232,0.09521760992363523,57828832.88206147,0.12365083211901494,0.1252482666946554,0.13757239137132957,0.0004055089004448219,0.0004931360301958786
meerkat_b1_interferom,0.5516352520552465,0.5466147783251232,0.5566147783251232,0.10041880258962502,58326902.144069865,0.12094986421729109,0.1225415410208618,0.13757239137132957,0.00041544718873179755,0.00048197700528841166
meerkat_b1_interferom,0.561634709442806,0.5566147783251232,0.5666147783251232,0.10583089719055472,58802178.80669367,0.11839089900502564,0.11989096452482002,0.13757239137132957,0.00042107019551358964,0.000475932299125987
meerkat_b1_interferom,0.5716341863783246,0.5666147783251232,0.5766147783251232,0.11147567526780722,59255789.58253539,0.11593138374569126,0.11731746148237927,0.13757239137132957,0.00042673518872800607,0.0004699610017899299
meerkat_b1_interferom,0.5816336818753315,0.5766147783251232,0.5866147783251232,0.11728887951210747,59663077.337706596,0.11351588169728832,0.11488740585585203,0.13757239137132957,0.00043244225742667005,0.00046428704205240666
meerkat_b1_interferom,0.5916331950132863,0.5866147783251232,0.5966147783251232,0.12331115259890296,60063760.01573555,0.11126463499430304,0.11254765468439926,0.13757239137132957,0.0004381914907045224,0.0004586307842761466
meerkat_b1_interferom,0.6016327249317482,0.5966147783251232,0.6066147783251232,0.1295018005908449,60459324.62391917,0.10900373813352301,0.11027664384565529,0.13757239137132957,0.00044398297769967967,0.00045324482332318876
meerkat_b1_interferom,0.6116322708259598,0.6066147783251232,0.6166147783251232,0.13567728637825072,60796574.44073889,0.10687359071175728,0.10812514618579598,0.13757239137132957,0.00044981680759264767,0.000448741718997094
meerkat_b1_interferom,0.6216318319418312,0.6166147783251232,0.6266147783251232,0.14201824563758958,61143009.87379617,0.10479596683830629,0.10602470045676438,0.13757239137132957,0.0004556930696075405,0.00044444237575758854
meerkat_b1_interferom,0.6316314075724931,0.6266147783251232,0.6366147783251233,0.14839829803081894,61459129.13899517,0.10282288730452721,0.1039590862970639,0.10533113119236721,0.00043321849381067516,0.0005028147926443673
meerkat_b1_interferom,0.6416309970542121,0.6366147783251233,0.6466147783251233,0.15489008948555577,61770573.332523435,0.10089084343601508,0.10206823169425985,0.10533113119236721,0.0004434609075368061,0.0004936325730316697
meerkat_b1_interferom,0.6516305997633212,0.6466147783251233,0.6566147783251232,0.16145540351105078,62061420.5428899,0.09903265782140253,0.10009153717453605,0.10533113119236721,0.00045387656958515766,0.0004851205029035276
meerkat_b1_interferom,0.6616302151132223,0.6566147783251232,0.6666147783251232,0.16815438271568237,62333818.00037323,0.0972422395387936,0.0982386736564768,0.10533113119236721,0.00046446707128627065,0.00047692968814419843
meerkat_b1_interferom,0.6716298425514334,0.6666147783251232,0.6766147783251232,0.17501987544782738,62585876.00087875,0.09549186118437145,0.09649596531864965,0.10533113119236721,0.0004752340047278494,0.0004690563800534192
meerkat_b1_interferom,0.6816294815574722,0.6766147783251232,0.6866147783251232,0.18215903794136656,62840567.794318974,0.09383727897632561,0.09476358988311794,0.10533113119236721,0.0004861789627537455,0.00046103619868161777
meerkat_b1_interferom,0.6916291316400767,0.6866147783251232,0.6966147783251232,0.18950861183169582,63087578.05092036,0.09215299397689833,0.09319307951360459,0.10533113119236721,0.0004940530225266082,0.0004562890238980097
meerkat_b1_interferom,0.7016287923356282,0.6966147783251232,0.7066147783251232,0.19695121983669137,63305159.84111336,0.09058155841209051,0.09146401040645408,0.10533113119236721,0.0005001537326614308,0.0004534301090370779
meerkat_b1_interferom,0.7116284632058596,0.7066147783251232,0.7166147783251231,0.2045773114574953,63520364.440159746,0.08903877556729978,0.0899028686248129,0.10533113119236721,0.0005062954539048367,0.00045059216876417227
meerkat_b1_interferom,0.7216281438362736,0.7166147783251231,0.7266147783251231,0.21234644759328036,63726844.76092735,0.08750321495526653,0.08841639611959175,0.10533113119236721,0.0005124782548979508,0.0004479357031439741
meerkat_b1_interferom,0.7316278338346152,0.7266147783251231,0.7366147783251231,0.22026905624022258,63930339.16084424,0.0861036284581739,0.08690450171644015,0.10533113119236721,0.0005187022043153501,0.00044534392356990595
meerkat_b1_interferom,0.741627532829113,0.7366147783251231,0.7466147783251231,0.2282264431637145,64107320.04857962,0.08475202372488873,0.0854951146249797,0.10533113119236721,0.0005249673708649788,0.0004431040587274196
meerkat_b1_interferom,0.7516272404675104,0.7466147783251231,0.7566147783251231,0.23640821288879174,64291762.40630941,0.08336646889681779,0.08408598570972346,0.10533113119236721,0.0005312738232876092,0.0004408866830560564
meerkat_b1_interferom,0.7616269564154123,0.7566147783251231,0.7666147783251231,0.24478561528480802,64463402.72218799,0.08195749353893193,0.08282272933190071,0.10533113119236721,0.000537621630358331,0.00043879357836971533
meerkat_b1_interferom,0.7716266803553912,0.7666147783251231,0.7766147783251232,0.2534390401237201,64629024.41001733,0.08071068437423255,0.08142900752635389,0.10533113119236721,0.00054401086088505,0.0004364557150371953
meerkat_b1_interferom,0.7816264119859149,0.7766147783251232,0.7866147783251232,0.26239181099097864,64792687.89779571,0.07941902942776485,0.08013640152188845,0.10533113119236721,0.0005504415837098713,0.00043400691417977335
meerkat_b1_interferom,0.791626151020143,0.7866147783251232,0.7966147783251232,0.27151348472210074,64940764.57363926,0.07819594915931011,0.07892443904491533,0.10533113119236721,0.0005569138677087121,0.0004316481580812055
meerkat_b1_interferom,0.8016258971853487,0.7966147783251232,0.8066147783251232,0.2808335140225746,65085169.12373572,0.07704470949512804,0.07773233272618525,0.10533113119236721,0.0005618025389595763,0.0004305471191389715
meerkat_b1_interferom,0.8116256502217196,0.8066147783251232,0.8166147783251232,0.29033850093301083,65223583.287481986,0.07591569205555938,0.07657412322265031,0.10533113119236721,0.0005657538499954267,0.0004301999517315559
meerkat_b1_interferom,0.8216254098818028,0.8166147783251232,0.8266147783251232,0.30007351610390676,65357073.73035322,0.07472933223666453,0.0753848065769226,0.2355275694930816,0.00048355923997423666,0.00043679106829946213
meerkat_b1_interferom,0.8316251759297889,0.8266147783251232,0.8366147783251232,0.31006637885005317,65485536.32228558,0.07370114615819934,0.07429814604975146,0.10533113119236721,0.0005735840128911764,0.0004296704509861298
meerkat_b1_interferom,0.8416249481406222,0.8366147783251232,0.8466147783251232,0.3203285546103083,65610994.24740016,0.07260311611606822,0.07319535470383594,0.10533113119236721,0.0005774616971600921,0.00042924374256113964
meerkat_b1_interferom,0.8516247262996582,0.8466147783251232,0.8566147783251232,0.33079674332719056,65732887.382383965,0.07154438006061521,0.0722009565205218,0.10533113119236721,0.0005813136710995534,0.00042895315234699324
meerkat_b1_interferom,0.8616245102018303,0.8566147783251232,0.8666147783251232,0.3413629598481389,65841888.50785044,0.07052670763984151,0.07113623528816207,0.10533113119236721,0.0005851393501794234,0.0004288346562292917
meerkat_b1_interferom,0.8716242996512132,0.8666147783251232,0.8766147783251231,0.35209937976698114,65952909.33479613,0.06953746404346497,0.07016989715678741,0.10533113119236721,0.0005889381495797967,0.0004288568251532006
meerkat_b1_interferom,0.8816240944606212,0.8766147783251231,0.8866147783251231,0.36294230559434426,66058854.99848806,0.06860715505966564,0.06914651632723738,0.10533113119236721,0.0005927094841854082,0.0004288474364450159
meerkat_b1_interferom,0.8916238944508673,0.8866147783251231,0.8966147783251232,0.3738666430408464,66157869.26380197,0.06766405652313363,0.06819615428333817,0.10533113119236721,0.0005964527685789116,0.00042920112062848885
meerkat_b1_interferom,0.9016236994505572,0.8966147783251232,0.9066147783251232,0.3849241596980281,66256858.16884405,0.06672267564997304,0.06724729198132577,0.10533113119236721,0.0006002552932668643,0.0004295544648534333
meerkat_b1_interferom,0.9116235092956196,0.9066147783251232,0.9166147783251232,0.3961049338710984,66345853.5634287,0.06593553849758618,0.06640591649946109,0.10533113119236721,0.0006096633105218155,0.0004260997517581456
meerkat_b1_interferom,0.921623323828802,0.9166147783251232,0.9266147783251232,0.4075562076933272,66435915.88613857,0.0649691167993867,0.06549244910431788,0.10533113119236721,0.0006191776170872086,0.0004227157211335153
meerkat_b1_interferom,0.9316231428995064,0.9266147783251232,0.9366147783251232,0.4192964688800463,66526166.91076872,0.06414481933739197,0.0645971531502098,0.10533113119236721,0.0006287988914750549,0.00041916624977320955
meerkat_b1_interferom,0.9416229663632584,0.9366147783251232,0.9466147783251232,0.4312403082107349,66611496.95530583,0.063325647560067,0.06375230054127537,0.10533113119236721,0.0006385278125534575,0.0004157009680687732
meerkat_b1_interferom,0.9516227940814737,0.9466147783251232,0.9566147783251232,0.44332259896580317,66689813.33262101,0.06247967148630123,0.06295992199218475,0.10533113119236721,0.0006483650595345637,0.00041239220705648847
meerkat_b1_interferom,0.9616226259212582,0.9566147783251232,0.9666147783251232,0.45559689779044965,66768096.75233191,0.06180105136257725,0.06217359416311512,0.10533113119236721,0.0006583113119786155,0.0004090684628652675
meerkat_b1_interferom,0.9716224617548926,0.9666147783251232,0.9766147783251232,0.4681978628051481,66849465.495673984,0.06091743246980582,0.061377193199571245,0.10533113119236721,0.0006683672498052426,0.0004059414529581586
meerkat_b1_interferom,0.981622301459762,0.9766147783251232,0.9866147783251232,0.48110486065181535,66919722.94680757,0.06018785606179552,0.06060346558437867,0.10533113119236721,0.0006785335532777868,0.0004026154191912841
meerkat_b1_interferom,0.9916221449181004,0.9866147783251232,0.9966147783251232,0.49445738977277826,66987998.92761262,0.05939863814175281,0.05985329062380924,0.10533113119236721,0.0006888109030149533,0.00039923022592355746
meerkat_b1_interferom,1.0016219920166127,0.9966147783251232,1.0066147783251231,0.5081193326571598,67051232.142265886,0.058735705123896025,0.05912756479038432,0.10533113119236721,0.0006991999799917917,0.00039574068421121205
meerkat_b1_interferom,1.0116218426463943,1.0066147783251231,1.0166147783251231,0.5220942137857589,67119513.13882567,0.05796136138896727,0.05837562296578221,0.10533113119236721,0.0007102903042041028,0.0003919967791861784
meerkat_b1_interferom,1.0216216967027096,1.0166147783251231,1.0266147783251232,0.5361992432870225,67177729.68655756,0.05738686908182057,0.057753116303556465,0.10533113119236721,0.000721762407690455,0.0003881911165217919
meerkat_b1_interferom,1.0316215540846982,1.0266147783251232,1.0366147783251232,0.5506859376048319,67247067.48954257,0.056647271280246166,0.05698304029598792,0.1776993888426692,0.0006031250219393856,0.0003878474637997562
meerkat_b1_interferom,1.0416214146953109,1.0366147783251232,1.0466147783251232,0.5653212055043608,67301498.75945976,0.05596969061684223,0.05632732806162814,0.1776993888426692,0.000616040336514733,0.00038213793041827146
meerkat_b1_interferom,1.0516212784410752,1.0466147783251232,1.0566147783251232,0.580298969775886,67357959.66411719,0.05533826374955091,0.05575400699909102,0.14896071427234547,0.0006762242054254715,0.00038221295959623997
meerkat_b1_interferom,1.0616211452319069,1.0566147783251232,1.0666147783251232,0.5956303432995087,67417406.23205698,0.054754587430710044,0.055101890916588805,0.16984134571854273,0.000631489460808803,0.0003872317542625889
meerkat_b1_interferom,1.0716210149810412,1.0666147783251232,1.0766147783251232,0.6112318082431006,67470849.37676573,0.05403470817922166,0.05438660888389738,0.16984134571854273,0.0006253173645391311,0.00039348927475863025
meerkat_b1_interferom,1.081620887604798,1.0766147783251232,1.0866147783251232,0.62719179742647,67526277.86545928,0.05341800274219536,0.05384857359861096,0.16984134571854273,0.0006422795831545581,0.00038532521340261025
meerkat_b1_interferom,1.0916207630224706,1.0866147783251232,1.0966147783251232,0.6433915315710468,67572641.07694305,0.052813108475619965,0.05319197350799127,0.16357774462618335,0.0006534671267012157,0.00038824599831618564
meerkat_b1_interferom,1.1016206411562477,1.0966147783251232,1.1066147783251232,0.6600039957036867,67624054.70787746,0.05222043582440568,0.052584479226928306,0.2355275694930816,0.0006385811232500299,0.0003970314289555417
meerkat_b1_interferom,1.1116205219310034,1.1066147783251232,1.1166147783251232,0.6768871726500667,67671420.05560589,0.05165984485464381,0.05204710548362044,0.16357774462618335,0.0006552862457736577,0.00039162010243846653
meerkat_b1_interferom,1.1216204052742196,1.1166147783251232,1.1266147783251232,0.6940552752085862,67722841.40204546,0.051093103479049544,0.051406561042095206,0.15732004829686094,0.0006785016386665526,0.00038738102113203743
meerkat_b1_interferom,1.131620291115916,1.1266147783251232,1.1366147783251233,0.7112557293594041,67762139.24964243,0.05053987491849108,0.050876481135897954,0.15732004829686094,0.0006726790038524862,0.0003930567501136082
meerkat_b1_interferom,1.1416201793884635,1.1366147783251233,1.146614778325123,0.7287510910535877,67805488.51736417,0.05000060771004131,0.05030091436034117,0.15732004829686094,0.0006666304188598904,0.00039907378086970934
meerkat_b1_interferom,1.1516200700265264,1.146614778325123,1.1566147783251233,0.7466237869420687,67845811.71645895,0.04951632891070128,0.04983970429132326,0.15539360769950608,0.0006746813432737147,0.000399263985252103
meerkat_b1_interferom,1.1616199629669968,1.1566147783251233,1.166614778325123,0.7650853710133663,67889149.72456875,0.048945281309321416,0.04927240462472279,0.15539360769950608,0.000691345136103196,0.0003918381410198919
meerkat_b1_interferom,1.17161985814884,1.166614778325123,1.1766147783251233,0.7839508553013119,67925437.2853621,0.04845045531125498,0.04878089702867005,0.14896071427234547,0.0007118018830522282,0.0003895479068250652
meerkat_b1_interferom,1.18161975551304,1.1766147783251233,1.186614778325123,0.8032797855340676,67970788.16559161,0.04803420657251113,0.04822196314459244,0.14896071427234547,0.0007061149417630636,0.0003947151633232172
meerkat_b1_interferom,1.1916196550025433,1.186614778325123,1.1966147783251233,0.8226279045122553,68000025.02845258,0.04744532363369998,0.04771963733032491,0.14896071427234547,0.000700208372268473,0.0004003048892037748
meerkat_b1_interferom,1.2016195565621364,1.1966147783251233,1.206614778325123,0.8423203444536753,68036343.39832924,0.04699881950590274,0.047254481334988434,0.14896071427234547,0.0007163907075509522,0.00039348026762538836
meerkat_b1_interferom,1.211619460138384,1.206614778325123,1.216614778325123,0.8623248305554931,68076781.13031697,0.0465048725759849,0.046827602836591216,0.14896071427234547,0.0007396735585035757,0.0003831890316469148
meerkat_b1_interferom,1.2216193656795815,1.216614778325123,1.2266147783251231,0.882433306679018,68106130.47357926,0.04607104898405667,0.046353496165041946,0.13757239137132957,0.0007782788010903921,0.00037780199192940844
meerkat_b1_interferom,1.231619273135671,1.2266147783251231,1.2366147783251231,0.902970097068416,68137503.75732625,0.04563310131553744,0.045830695654134085,0.13757239137132957,0.0007733421044070408,0.0003824271878077087
meerkat_b1_interferom,1.24161918245816,1.2366147783251231,1.2466147783251231,0.9242353529349743,68180007.43944074,0.045124207184550895,0.045368303521112166,0.13757239137132957,0.000768199467948036,0.00038706493641440013
meerkat_b1_interferom,1.2516190936000895,1.2466147783251231,1.2566147783251231,0.945768425606998,68200241.07676016,0.04483401634700003,0.04510195110073856,0.13757239137132957,0.0007628490560043447,0.00039188395412356655
meerkat_b1_interferom,1.261619006515976,1.2566147783251231,1.2666147783251231,0.9680026837164486,68230603.85811628,0.04436123670554011,0.044564470719539784,0.13757239137132957,0.000757289031912318,0.00039677193707496767
meerkat_b1_interferom,1.2716189211617188,1.2666147783251231,1.2766147783251232,0.9908467096619289,68270073.07107928,0.04383758045792592,0.044088800740716604,0.13757239137132957,0.0007515175580612433,0.0004017414966547078
meerkat_b1_interferom,1.2816188374945854,1.2766147783251232,1.2866147783251232,1.0138319635930093,68293344.53806719,0.043446473785687965,0.04374586993810593,0.13757239137132957,0.0007694360462272341,0.000394333836901794
meerkat_b1_interferom,1.2916187554731555,1.2866147783251232,1.2966147783251232,1.0372595146844055,68319659.15405747,0.043121722498508805,0.0432612001322614,0.13757239137132957,0.0007930588181881612,0.0003844922984169038
meerkat_b1_interferom,1.3016186750572478,1.2966147783251232,1.3066147783251232,1.0611839602850353,68353061.7588582,0.04260639823476554,0.04281796234067183,0.13757239137132957,0.0008170358100367827,0.0003750432141467329
meerkat_b1_interferom,1.3116185962078966,1.3066147783251232,1.3166147783251232,1.0853652493946928,68378354.70739223,0.042227667180246134,0.04255924116637546,0.13757239137132957,0.0008413694545068742,0.0003659751796930061
meerkat_b1_interferom,1.3216185188873142,1.3166147783251232,1.3266147783251232,1.1100076803166568,68402639.86790785,0.041797492969676026,0.04206090000106514,0.25367095566881387,0.0006825053507607225,0.0003781301736648713
meerkat_b1_interferom,1.331618443058816,1.3266147783251232,1.3366147783251232,1.1351879729794891,68426932.84735003,0.041411364665950356,0.041773464515278774,0.25367095566881387,0.0007074756142849715,0.00036655899925531284
meerkat_b1_interferom,1.3416183686868075,1.3366147783251232,1.3466147783251232,1.1610472964934406,68458298.29331312,0.04119257694085867,0.04128995905534433,0.25367095566881387,0.0007328313835122537,0.00035545668593040214
meerkat_b1_interferom,1.3516182957367513,1.3466147783251232,1.3566147783251232,1.1873140625604826,68481575.39853242,0.04067749617749913,0.04089903939872201,0.15539360769950608,0.0008659709829274755,0.0003451041240591489
meerkat_b1_interferom,1.3616182241750954,1.3566147783251232,1.3666147783251232,1.2139892881410956,68497767.24800944,0.04038021451131865,0.040628100292638976,0.15539360769950608,0.0008779772164426584,0.00034194735974336135
meerkat_b1_interferom,1.3716181539692662,1.3666147783251232,1.3766147783251232,1.2415121058915615,68526105.46711779,0.040005505994390025,0.040180804825852,0.2355275694930816,0.000840601938888601,0.0003477197389100191
meerkat_b1_interferom,1.3816180850876427,1.3766147783251232,1.3866147783251233,1.2695414845629176,68549375.47772628,0.03962725445642485,0.03980421915250039,0.2355275694930816,0.0008054628068467285,0.00036438772252034247
meerkat_b1_interferom,1.3916180174994863,1.3866147783251233,1.3966147783251233,1.2981726641242177,68570630.81328747,0.039296491491264636,0.03947493901336733,0.2355275694930816,0.0007695746815082449,0.00038296667540620367
meerkat_b1_interferom,1.4016179511749407,1.3966147783251233,1.4066147783251233,1.3273692640841022,68586822.67378023,0.039014424937112054,0.039194156704279094,0.2355275694930816,0.0007329319753136139,0.0004037374288156488
meerkat_b1_interferom,1.4116178860850006,1.4066147783251233,1.4166147783251233,1.3574448892072493,68611110.53686991,0.03860046707126424,0.03878211733139116,0.2355275694930816,0.0007518152301351395,0.0003950740696118712
meerkat_b1_interferom,1.4216178222014653,1.4166147783251233,1.4266147783251233,1.3882100312105585,68634393.87207708,0.03823457760911821,0.038470191751737395,0.2355275694930816,0.0007774472823185954,0.0003834722202718596
meerkat_b1_interferom,1.4316177594969226,1.4266147783251233,1.4366147783251233,1.419626278776795,68655634.09020141,0.03791814807789718,0.03812939287720479,0.2355275694930816,0.0008034558524189204,0.00037229342169402355
meerkat_b1_interferom,1.4416176979447255,1.4366147783251233,1.4466147783251233,1.4514531565201065,68665756.09409012,0.03762575000326045,0.03783862723242944,0.10533113119236721,0.0009595766561321592,0.0003629233972443766
meerkat_b1_interferom,1.4477954808675195,1.4466147783251233,1.456614778325123,1.4716196258227625,68681944.0,0.03751885845204255,0.03751885845204255,0.10533113119236721,0.0009684283323213534,0.0003606049905985087
