entered_mK2,exited_mK2,density_change_mK2,other_response_change_mK2,entered_modes,exited_modes,interpolation_groups_changed,parallel_floor_changed,redshift_weight_change_mK2,telescope,z_before,z_after,variance_before,variance_after,relative_change,abs_log_ratio
0.0013517752623030586,0.0,-0.0003791298152741444,0.001351544216021378,1734451.2653485446,0.0,1702.5158657000625,0.0,1.791541316939634e-06,ska_mid1_interferom,0.3563869481730751,0.3650037837364613,0.019794946260032822,0.022120927464400055,0.11750378979626369,0.11109743881640335
0.0015754358410062755,0.0,-0.0004538575097641622,0.001721134314647238,1882918.4234561007,0.0,1833.0342019575419,0.0,-3.445089056636218e-07,ska_mid1_interferom,0.3650037837364613,0.3750025448430996,0.022120927464400055,0.024963295601383745,0.12849226785621928,0.12088246555168725
0.0016169649818837852,0.0,-0.000463359573629849,0.001898556163021523,1797925.7618230947,0.0,1929.809121375978,0.0,-3.4560172556115163e-07,ska_mid1_interferom,0.3750025448430996,0.3850013702336446,0.024963295601383745,0.02801511157093364,0.12225212641317795,0.11533749345483287
0.0015859631897896108,0.0,-0.00047718776016717087,0.0020839724885856406,1644662.4062893318,0.0,2409.1099617615664,0.0,-3.498109642166092e-07,ska_mid1_interferom,0.3850013702336446,0.3950002550884818,0.02801511157093364,0.031207509678177505,0.11395271795226604,0.1079146971144551
0.0015874450149197315,0.0,-0.0005001426830507661,0.002271915836844,1539587.5802819626,0.0,2242.4640256355356,0.0,-3.505594729743217e-07,ska_mid1_interferom,0.3950002550884818,0.4049991950622724,0.031207509678177505,0.034566377287417495,0.10763010710812171,0.10222269423859454
0.0015976019918147954,0.0,-0.0005285924983258932,0.002464128384297916,1451435.3093192773,0.0,2078.512916052915,0.0,-3.4547203082853956e-07,ska_mid1_interferom,0.4049991950622724,0.4149981862267459,0.034566377287417495,0.038099169693173486,0.10220314314054435,0.0973110341600325
0.0015388846828000274,0.0,-0.000560870847742347,0.002660905541221387,1312895.825457117,0.0,2128.1255459284585,0.0,-3.4589375160032807e-07,ska_mid1_interferom,0.4149981862267459,0.4249972250217319,0.038099169693173486,0.041737743175700955,0.09550269761336608,0.09121334249979658
0.0015730245610524021,0.0,-0.0005898920552850227,0.0028573626321917516,1263034.479823466,0.0,2559.3757722708133,0.0,-3.4751636312792635e-07,ska_mid1_interferom,0.4249972250217319,0.4349963082127737,0.041737743175700955,0.045577890797296954,0.09200659473681537,0.08801691644075561
0.0015595487451501061,0.0,-0.0006140178028834369,0.003060004492610317,1180105.800164379,0.0,2420.4797107890645,0.0,-3.4452624380384724e-07,ska_mid1_interferom,0.4349963082127737,0.4449954328546551,0.045577890797296954,0.049583081705930135,0.08787574059637515,0.08422693290072071
0.0015496734926147265,0.0,-0.0006345894080792851,0.0032661144843228246,1106960.9847769325,0.0,2244.5981572459314,0.0,-3.400197316705594e-07,ska_mid1_interferom,0.4449954328546551,0.4549945962595065,0.049583081705930135,0.053763940255056736,0.08432026419661952,0.080953306057528
0.001516041752016877,0.0,-0.0006531381326549138,0.0034762247929242974,1023973.8530881932,0.0,2307.02794985578,0.0,-3.3920337568392165e-07,ska_mid1_interferom,0.4549945962595065,0.4649937959692968,0.053763940255056736,0.05810272946396731,0.08070072967731359,0.07760965451627441
0.0014960095961349424,0.0,-0.000676375872424354,0.003689040681038046,957024.5010602808,0.0,2689.0466702662625,0.0,-3.378221091037243e-07,ska_mid1_interferom,0.4649937959692968,0.4749930297314835,0.05810272946396731,0.06261106604660684,0.0775925094093109,0.07472939491067318
0.0014874191757284659,0.0,-0.0007086884369007011,0.0039051905173879548,902168.1329780153,0.0,2527.7008141811475,0.0,-3.3232890345016974e-07,ska_mid1_interferom,0.4749930297314835,0.4849922954780549,0.06261106604660684,0.06729465497391912,0.07480449101163497,0.07213877621309962
0.0014907241195994492,0.0,-0.0007467253281333078,0.004124876308257288,858728.6779556144,0.0,2354.551571357116,0.0,-3.3551888773084037e-07,ska_mid1_interferom,0.4849922954780549,0.4949915913066636,0.06729465497391912,0.07216319455475481,0.07234660141615339,0.06984933260780703
0.0014658234283895437,0.0,-0.0007888586793328455,0.004348559018962423,802934.0183708463,0.0,2510.4042001047137,0.0,-3.354944326773728e-07,ska_mid1_interferom,0.4949915913066636,0.5049909154645286,0.07216319455475481,0.07718838282834126,0.06963644423714523,0.06731881899733284
0.001434450851129209,0.0,-0.0008297872039401911,0.004574408261008241,747686.6003130099,0.0,2777.5842017503073,0.0,-3.2834021662016965e-07,ska_mid1_interferom,0.5049909154645286,0.5149902663335991,0.07718838282834126,0.08236712639632189,0.06709226671450817,0.06493744160307212
0.001436088799892639,0.0,-0.0008679805720335574,0.0048021565419540885,713631.2368558347,0.0,2600.6490605104336,0.0,-3.30827668631526e-07,ska_mid1_interferom,0.5149902663335991,0.5249896424181375,0.08236712639632189,0.08773706033846643,0.06519511092697694,0.06315798513014954
0.0014035854603253422,0.0,-0.0009056650521150462,0.005033934946898706,665264.2366741672,0.0,2448.102963462284,0.0,-3.2527702634002483e-07,ska_mid1_interferom,0.5249896424181375,0.5349890423328459,0.08773706033846643,0.09326859041654909,0.06304667670358996,0.06113900874722834
0.001373576434027896,0.0,-0.0009532073601589968,0.005267905732806411,621882.0989957843,0.0,2729.5867873072793,0.0,-3.244229697433286e-07,ska_mid1_interferom,0.5349890423328459,0.5449884647932806,0.09326859041654909,0.09895654080025465,0.06098462899784882,0.05919737224872241
0.0013765398845661603,0.0,-0.0010530660181743469,0.005503728418508916,595818.1647318887,0.0,2798.194259846735,0.0,-3.2113638735619276e-07,ska_mid1_interferom,0.5449884647932806,0.5549879086062155,0.09895654080025465,0.10478342194876802,0.058883234007492506,0.057214799923966435
0.0013612028028088202,0.0,-0.0011949374150758917,0.005740401887665025,563676.4086638435,0.0,2635.1954930503493,0.0,-3.14398020658247e-07,ska_mid1_interferom,0.5549879086062155,0.5649873726621528,0.10478342194876802,0.11068977482614532,0.056367245576930146,0.054835895258648466
0.0013207253895988048,0.0,-0.0013582954105113444,0.0059747138587097565,523883.77699723525,0.0,2573.25322632622,0.0,-3.0688557569430386e-07,ska_mid1_interferom,0.5649873726621528,0.5749868559275676,0.11068977482614532,0.11662661177836685,0.05363491760233686,0.05224601213006214
0.0013437919420721284,0.0,-0.001507093488379484,0.00620419728264488,510917.2765407482,0.0,2887.3635054706606,0.0,-2.993254142117717e-07,ska_mid1_interferom,0.5749868559275676,0.58498635743881,0.11662661177836685,0.12266720818929017,0.05179432308642094,0.050497584826748806
0.0013185941471083261,0.0,-0.0015918922671394682,0.006432937912308444,480894.05690671044,0.0,2831.275480378791,0.0,-2.9140822528968353e-07,ska_mid1_interferom,0.58498635743881,0.5949858762960337,0.12266720818929017,0.1288265565733422,0.05021185755322164,0.048991912915091376
0.001298759953035921,0.0,-0.0016294826044398218,0.006661772437700348,454614.6379955606,0.0,2675.207231801107,0.0,-2.864164634406346e-07,ska_mid1_interferom,0.5949858762960337,0.6049854116579813,0.1288265565733422,0.1351573199431752,0.049141757244973404,0.04797245588471408
0.0012485295804853381,0.0,-0.001633735441357616,0.00689341171886725,419861.9090874366,0.0,2706.7990680395787,0.0,-2.8860490171346937e-07,ska_mid1_interferom,0.6049854116579813,0.6149849627373841,0.1351573199431752,0.14166523719626845,0.04815068289182854,0.04702735694863032
0.0012451412754597739,0.0,-0.0016372126465521854,0.007128077359282924,402783.5517056676,0.0,2985.7188299778654,0.0,-2.8871252291118615e-07,ska_mid1_interferom,0.6149849627373841,0.6249845287963656,0.14166523719626845,0.14840095447193602,0.047546719357379495,0.04645097263806955
0.0012686183733313556,0.0,-0.0016603039699468764,0.00736819832320674,394836.69401174074,0.0,2833.2686503675864,0.0,-2.871640756825169e-07,ska_mid1_interferom,0.6249845287963656,0.6349841091429956,0.14840095447193602,0.15537718003445158,0.047009303864247266,0.045937818061188115
0.001173451571793538,0.0,-0.0016913025733260242,0.007614223262368162,351443.32734035864,0.0,2697.279918299759,0.0,-2.812263218080788e-07,ska_mid1_interferom,0.6349841091429956,0.6449837031272238,0.15537718003445158,0.16247327106896545,0.04567009797024541,0.04465792198571244
0.0012252002494153446,0.0,-0.0017314443479711172,0.007860101973058803,353665.7514771699,0.0,2946.652266388218,0.0,-2.870648096886546e-07,ska_mid1_interferom,0.6449837031272238,0.6549833101382365,0.16247327106896545,0.16982684187865876,0.04526018809932082,0.044265838252546666
0.001197800274072762,0.0,-0.0018068136908275933,0.008112481209189792,333370.22386587446,0.0,2976.740117166224,0.0,-2.8158782531793654e-07,ska_mid1_interferom,0.6549833101382365,0.6649829296010924,0.16982684187865876,0.17733002808326842,0.04418139159633365,0.043233221108013455
0.0011522195918700884,0.0,-0.0019087999988382843,0.00836604855898081,309214.55851139006,0.0,2829.342130925188,0.0,-2.7808242656712617e-07,ska_mid1_interferom,0.6649829296010924,0.6749825609743139,0.17733002808326842,0.18493921815285447,0.04290976633699634,0.04201465869701764
0.0011860958970738526,0.0,-0.0020251857097647796,0.008618771042113074,307277.7798177396,0.0,2825.967336661636,0.0,-2.7159079117710127e-07,ska_mid1_interferom,0.6749825609743139,0.6849822037474782,0.18493921815285447,0.19271862779148546,0.04206468328530091,0.04120401749407465
0.0011439609995631162,0.0,-0.0021134278952227472,0.008873662127157959,285992.0697381003,0.0,3069.4038196940664,0.0,-2.698402242860775e-07,ska_mid1_interferom,0.6849822037474782,0.6949818574387783,0.19271862779148546,0.20062255318275948,0.04101277329468005,0.04019405977338439
0.0011326167922718574,0.0,-0.0021361315857577447,0.009128601241461112,273715.97644624236,0.0,2956.8266246075837,0.0,-2.7211651230071287e-07,ska_mid1_interferom,0.6949818574387783,0.7049815215933805,0.20062255318275948,0.2087473675142224,0.04049801082962754,0.039699455105013055
0.0011279586917497674,0.0,-0.0021127925657225943,0.009387967535503083,263587.7366075439,0.0,2811.3518517693337,0.0,-2.7026020685361486e-07,ska_mid1_interferom,0.7049815215933805,0.714981195781088,0.2087473675142224,0.2171502309155458,0.04025374547897423,0.03946466943100379
0.0010971386645319179,0.0,-0.0020681171387153746,0.009654178077049998,247881.4776838526,0.0,3050.4731396046454,0.0,-2.699926785611033e-07,ska_mid1_interferom,0.714981195781088,0.7249808795950998,0.2171502309155458,0.2258331605257338,0.03998581799143911,0.039207076513609655
0.0011148471816382897,0.0,-0.0020752404769812842,0.009927132668215218,243510.09840106347,0.0,3062.856407694589,0.0,-2.664314148241719e-07,ska_mid1_interferom,0.7249808795950998,0.7349805726501474,0.2258331605257338,0.23479963346719118,0.039703969605631294,0.038936028024345294
0.0010593862323620754,0.0,-0.0021293622872955616,0.010206777690336311,224308.86138676808,0.0,2932.274223721398,0.0,-2.724726561289119e-07,ska_mid1_interferom,0.7349805726501474,0.7449802745811362,0.23479963346719118,0.2439361626299379,0.03891202480954199,0.03817403558655378
0.0010375562258605482,0.0,-0.0022074602390204055,0.010488080290041954,212560.86066722477,0.0,2934.9562147000606,0.0,-2.6725164323097825e-07,ska_mid1_interferom,0.7449802745811362,0.7549799850419799,0.2439361626299379,0.25325407165517677,0.0381981454687986,0.03748665811465384
0.0010762851005030518,0.0,-0.002296159618439069,0.010771483523671098,213656.22827122992,0.0,3146.8995300531715,0.0,-2.6799491228382717e-07,ska_mid1_interferom,0.7549799850419799,0.7649797037040454,0.25325407165517677,0.26280541266599955,0.03771446179877258,0.037020661928605
0.001045959248469073,0.0,-0.0023889610553581393,0.011059162074531347,201416.32128616358,0.0,3045.815881492005,0.0,-2.6546238046322596e-07,ska_mid1_interferom,0.7649797037040454,0.7749794302554139,0.26280541266599955,0.27252130747126135,0.03696991894763512,0.036302921061599186
0.0028730353166380434,0.0,-0.0024871481106952423,0.011348147994884848,570785.0084284386,0.0,2940.9640051550105,0.9999999999999999,-2.6231228083199015e-07,ska_mid1_interferom,0.7749794302554139,0.7849791643995323,0.27252130747126135,0.2842550803598082,0.04305635033614465,0.04215520172714453
0.001047419703433548,0.0,-0.0026010464584785087,0.011714800243163277,189452.60707180732,0.0,3144.273690518849,0.0,-2.6203210196454826e-07,ska_mid1_interferom,0.7849791643995323,0.7949789058543857,0.2842550803598082,0.29441599181582456,0.03574575146785335,0.03512170007736775
0.000978542210919739,0.0,-0.0026859608952188255,0.012010347090762881,171676.00623306306,0.0,3125.8814950143556,0.0,-2.5846355758122976e-07,ska_mid1_interferom,0.7949789058543857,0.8049786543517098,0.29441599181582456,0.30471866175873075,0.03499358129075795,0.03439522504666055
0.0009975047311814738,0.0,-0.002759435370250125,0.012306195118609406,170122.56685605197,0.0,3001.801887620628,0.0,-2.580789649825731e-07,ska_mid1_interferom,0.8049786543517098,0.8149784096358794,0.30471866175873075,0.31526266815930654,0.03460243077899933,0.03401722807127518
0.0009434242068308002,0.0,-0.00282625455844722,0.012606365985950852,156331.95073555334,0.0,3096.8966178525434,0.0,-2.5404656801813664e-07,ska_mid1_interferom,0.8149784096358794,0.8249781714634683,0.31526266815930654,0.32598594974707296,0.034013800778808986,0.03344812297860715
0.0010155987103252497,0.0,-0.0028708468380764358,0.012908311653209246,163344.0,0.0,3194.3444811917275,0.0,-2.482682881320075e-07,ska_mid1_interferom,0.8249781714634683,0.8349779396023108,0.32598594974707296,0.3370387650042429,0.03390580258365626,0.033343671920572596
0.0009631726193585091,0.0,-0.002893178335008177,0.013217902301435804,150420.3806343426,0.0,3071.9300612898946,0.0,-2.4846141351165526e-07,ska_mid1_interferom,0.8349779396023108,0.8449777138308954,0.3370387650042429,0.34832641312861545,0.03349065240086093,0.03294205549390746
0.0009446259087189776,0.0,-0.0028972488376372823,0.013531282895461275,143440.0547321975,0.0,3061.662486211236,0.0,-2.52492980383839e-07,ska_mid1_interferom,0.8449777138308954,0.8549774939379134,0.34832641312861545,0.3599048206021781,0.033240107660992835,0.032699600360479426
0.0009936510717818631,0.0,-0.0028978262781821254,0.013850548966724857,146839.8953906664,0.0,3257.4949801666667,0.0,-2.534172611810726e-07,ska_mid1_interferom,0.8549774939379134,0.8649772797213726,0.3599048206021781,0.3718509409452415,0.033192443277296625,0.032653468311617515
0.000819674451792931,0.0,-0.002906860131981671,0.014178507409094203,117967.25751688924,0.0,3158.865755819246,0.0,-2.547324272272982e-07,ska_mid1_interferom,0.8649772797213726,0.8749770709883379,0.3718509409452415,0.38394200794171973,0.032515897272554536,0.03199844260866496
0.0009357665410655191,0.0,-0.002916689500974732,0.014506552347593526,130990.38866985329,0.0,3052.533639655514,0.0,-2.503914031887592e-07,ska_mid1_interferom,0.8749770709883379,0.8849768675543649,0.38394200794171973,0.3964673869380009,0.032623101242368946,0.03210226513101124
0.0009113545887564664,0.0,-0.002935952454536754,0.014845546205903792,124031.35079613308,0.0,3245.159889060279,0.0,-2.494991213512633e-07,ska_mid1_interferom,0.8849768675543649,0.8949766692429124,0.3964673869380009,0.409288085779003,0.032337335335496355,0.03182548897236433
0.0008592091278009184,0.0,-0.002983055520558933,0.015190076229572042,113975.45521189393,0.0,3250.424831586425,0.0,-2.5462158652833365e-07,ska_mid1_interferom,0.8949766692429124,0.9049764758851316,0.409288085779003,0.4223540609942305,0.031923663720527996,0.031424695060455886
0.000921334278275884,0.0,-0.003050619533737059,0.015538220352886165,118984.98611314796,0.0,3088.831844467257,0.0,-2.503117881591871e-07,ska_mid1_interferom,0.9049764758851316,0.9149762873192346,0.4223540609942305,0.43576274577986734,0.031747498186882606,0.03125396482268825
0.0008441190376030186,0.0,-0.003131159797467308,0.01589346656044837,106214.25432499015,0.0,3222.2821499995557,0.0,-2.472353606776038e-07,ska_mid1_interferom,0.9149762873192346,0.9249761033902332,0.43576274577986734,0.44936892434509074,0.031223822359740628,0.03074627396613147
0.0009252400666221852,0.0,-0.0032090394822853942,0.016250420804587738,113477.99569062449,0.0,3297.913692926214,0.0,-2.47516410286396e-07,ska_mid1_interferom,0.9249761033902332,0.9349759239496664,0.44936892434509074,0.463335298217605,0.031079972636890326,0.030606770054600496
0.000821705186970767,0.0,-0.0032858943269326955,0.016614917388441022,98358.06984530194,0.0,3164.416920686953,0.0,-2.51412656733074e-07,ska_mid1_interferom,0.9349759239496664,0.9449757488550348,0.463335298217605,0.4774857750534274,0.030540467972670238,0.030083390807957137
0.000878831407447911,0.0,-0.003362229048156467,0.01698056872525449,102419.0723187431,0.0,3181.7219426441284,0.0,-2.448237541640069e-07,ska_mid1_interferom,0.9449757488550348,0.9549755779696892,0.4774857750534274,0.4919827013142191,0.030360959463493202,0.029909186930720567
0.0007856395344400179,0.0,-0.0034535943472772494,0.017353089985309128,89342.44967574264,0.0,3337.8812322176645,0.0,-2.4617458608797814e-07,ska_mid1_interferom,0.9549755779696892,0.964975411162517,0.4919827013142191,0.506667590312105,0.02984838482869117,0.029411592211234155
0.0008869185771989453,0.0,-0.0035573796560352056,0.017726830501250058,98376.0794525703,0.0,3226.957714349456,0.0,-2.426751411542292e-07,ska_mid1_interferom,0.964975411162517,0.9749752483075328,0.506667590312105,0.5217237170593776,0.029715985460996488,0.029283021946777236
0.0007895870107891769,0.0,-0.003673406956061331,0.01810816051025045,85352.99058389277,0.0,3197.1060983943435,0.0,-2.385872531649774e-07,ska_mid1_interferom,0.9749752483075328,0.984975089283782,0.5217237170593776,0.5369478190371026,0.029180390846583644,0.02876274843261939
0.0008083321690183087,0.0,-0.0037845647114575077,0.018489934811246823,85332.36769687981,0.0,3353.491131121873,0.0,-2.398405715122539e-07,ska_mid1_interferom,0.984975089283782,0.9949749339750112,0.5369478190371026,0.5524612814653388,0.02889193675477836,0.028482433606142585
0.0008483079408514893,0.0,-0.0038765713434359703,0.018876347629164594,87393.6277693437,0.0,3270.9404460923106,0.0,-2.3741148709951737e-07,ska_mid1_interferom,0.9949749339750112,1.0049747822694182,0.5524612814653388,0.5683091282804318,0.028685895911218312,0.028282158466142904
0.000780394652193828,0.0,-0.003958198269777096,0.019268854620380988,78580.10692314227,0.0,3225.982989500092,0.0,-2.362468237720287e-07,ska_mid1_interferom,1.0049747822694182,1.0149746340595482,0.5683091282804318,0.5843999430364057,0.028313489886500568,0.027920071796250966
0.0007888767883353219,0.0,-0.004020807349398843,0.019664284753713457,77608.80316688873,0.0,3356.6035258731276,0.0,-2.357115248924517e-07,ska_mid1_interferom,1.0149746340595482,1.0249744892419546,0.5843999430364057,0.6008320615175308,0.028117933064379798,0.027729881332783268
0.0007138454157323129,0.0,-0.00404385813074996,0.020065902627898126,68553.39810603147,0.0,3331.4498860913504,0.0,-2.3412271152161128e-07,ska_mid1_interferom,1.0249744892419546,1.0349743477170723,0.6008320615175308,0.6175677173076998,0.027854132397494732,0.027473262410022434
0.0008478360282970587,0.0,-0.00403717290061735,0.0204723541229012,79615.89142535548,0.0,3209.409823030264,0.0,-2.3655966254919159e-07,ska_mid1_interferom,1.0349743477170723,1.0449742093891068,0.6175677173076998,0.634850497998618,0.027985239847482527,0.027600808804877443
0.0007367947914087309,0.0,-0.004027556677006609,0.020891607282886,67538.25400744696,0.0,3377.1654727689247,0.0,-2.3389387451230248e-07,ska_mid1_interferom,1.0449742093891068,1.0549740741657054,0.634850497998618,0.6524511095020318,0.027724025670453293,0.02734667347278891
0.0008093916677667578,0.0,-0.004085346275775736,0.021315923608025353,72562.75294236874,0.0,3380.918958146105,0.0,-2.3471276004604404e-07,ska_mid1_interferom,1.0549740741657054,1.0649739419579114,0.6524511095020318,0.670490843789288,0.02764917405232809,0.02727383840987338
0.0007370473774970965,0.0,-0.004195883804645663,0.02174918710947949,64516.325403012524,0.0,3256.967816941871,0.0,-2.311000153786152e-07,ska_mid1_interferom,1.0649739419579114,1.0749738126800437,0.670490843789288,0.6887809633716035,0.027278701494189938,0.026913268516826978
0.0007537594674569439,0.0,-0.004319346893511576,0.022185162144363592,64516.23710854729,0.0,3361.6355622526294,0.0,-2.3099747799663003e-07,ska_mid1_interferom,1.0749738126800437,1.084973686249406,0.6887809633716035,0.7074003070924346,0.027032314641346682,0.026673395535482432
0.0006503880723083554,0.0,-0.004367480131399072,0.022626364009611218,54436.15074680396,0.0,3402.9423507388337,0.0,-2.3126903226897459e-07,ska_mid1_interferom,1.084973686249406,1.094973562586271,0.7074003070924346,0.7263093477739229,0.0267303258026681,0.026379312047051875
0.0008856590917743166,0.0,-0.004337164917149835,0.02307147173677073,72559.73494359857,0.0,3306.9455411057984,0.0,-2.3277038217996152e-07,ska_mid1_interferom,1.094973562586271,1.104973441613772,0.7263093477739229,0.7459290809149359,0.02701291564144933,0.02665450695444058
0.0005801493368226684,0.0,-0.00426431582597748,0.02353374236392159,46387.91804287596,0.0,3367.633379751401,0.0,-2.299538174474443e-07,ska_mid1_interferom,1.104973441613772,1.1149733232576469,0.7459290809149359,0.7657784268358852,0.026610232029836627,0.026262338004426327
0.0007589321092418601,0.0,-0.004205537627161818,0.02399777538662924,59538.35932722344,0.0,3452.444827475074,0.0,-2.3645593315776868e-07,ska_mid1_interferom,1.1149733232576469,1.1249732074462362,0.7657784268358852,0.7863293602486613,0.026836657566458755,0.026482870163000136
0.0006585961693454923,0.0,-0.004187223973155911,0.024478303216859426,50599.99999999999,0.0,3321.9298251570654,0.0,-2.3486717921950999e-07,ska_mid1_interferom,1.1249732074462362,1.1349730941103835,0.7863293602486613,0.8072788007945311,0.02664206833030491,0.026293348611807668
0.0007545194455414279,0.0,-0.004179936758452106,0.024965657404294527,56683.28293623974,0.0,3376.6551589552073,0.0,-2.3550754260738885e-07,ska_mid1_interferom,1.1349730941103835,1.1449729831832212,0.8072788007945311,0.8288188053783723,0.02668223736662146,0.026332474468556587
0.0008103009915898637,0.0,-0.0042313216769692885,0.02546565299476581,59687.73333899205,0.0,3460.4226254857313,0.0,-2.389748763187297e-07,ska_mid1_interferom,1.1449729831832212,1.154972874600165,0.8288188053783723,0.8508631987128823,0.026597361439508267,0.026249800947414165
0.0005768216456671557,0.0,-0.004336552109985982,0.025975482246765737,41501.025789906795,0.0,3375.4331092645243,0.0,-2.3307119024913297e-07,ska_mid1_interferom,1.154972874600165,1.164972768298837,0.8508631987128823,0.873078717424139,0.026109389552706672,0.025774358563101136
0.0007739646849032071,0.0,-0.004477591065844151,0.02648486919885481,54633.850632237605,0.0,3357.6092311617035,0.0,-2.348153074388016e-07,ska_mid1_interferom,1.164972768298837,1.174972664218868,0.873078717424139,0.8958597254267455,0.02609273087061126,0.025758123629972565
0.0005720180904672299,0.0,-0.004599420894407484,0.027005782703958085,39476.66471119184,0.0,3507.981163671322,0.0,-2.2982929912512666e-07,ska_mid1_interferom,1.174972664218868,1.1849725623019067,0.8958597254267455,0.9188378754974642,0.0256492723342072,0.025325848477817055
0.0007043293201579931,0.0,-0.004681943854100781,0.027526997477090413,47582.67747212742,0.0,3407.958054545168,0.0,-2.319057511472292e-07,ska_mid1_interferom,1.1849725623019067,1.1949724624915468,0.9188378754974642,0.9423870265348606,0.025629277661901737,0.02530635363904338
0.0007317812187731789,0.0,-0.004749250077906375,0.02805969438953749,48559.363188612726,0.0,3372.0805537310257,0.0,-2.3729170482022247e-07,ska_mid1_interferom,1.1949724624915468,1.204972364733159,0.9423870265348606,0.9664290147735601,0.025511798827602135,0.025191803903021115
0.0004827454162608879,0.0,-0.004840740817593277,0.028601420141859693,31367.109666719916,0.0,3524.4702005383133,0.0,-2.321336109074404e-07,ska_mid1_interferom,1.204972364733159,1.2149722689738969,0.9664290147735601,0.9906722073804766,0.025085331914001724,0.024775859773035112
0.0008114546037613409,0.0,-0.004977350821342284,0.02914345899050398,51616.79167185543,0.0,3424.4597537442974,0.0,-2.299578011719867e-07,ska_mid1_interferom,1.2149722689738969,1.2249721751626317,0.9906722073804766,1.0156495401955983,0.025212509878687797,0.024899917812073964
0.0005670425166498259,0.0,-0.005142063324370019,0.029701441477883523,35409.04498358001,0.0,3408.5548987977,0.0,-2.3060834447468547e-07,ska_mid1_interferom,1.2249721751626317,1.2349720832498203,1.0156495401955983,1.0407757302574172,0.02473903553087812,0.02443798069235103
0.0006795174672157321,0.0,-0.005296836195816575,0.03025812961338436,41499.66714729499,0.0,3519.981817041988,0.0,-2.2600410969467164e-07,ska_mid1_interferom,1.2349720832498203,1.244971993187495,1.0407757302574172,1.066416315138091,0.024636032658382646,0.024337459441574536
0.0006758859045796271,0.0,-0.005417465849456864,0.030824142540281034,40483.004978016244,0.0,3443.479956915405,0.0,-2.2789344505848912e-07,ska_mid1_interferom,1.244971993187495,1.2549719049292063,1.066416315138091,1.0924986498400497,0.02445792917054287,0.024163623110390206
0.0006368449953364222,0.0,-0.005518546542469755,0.03139729134320717,37436.63917395404,0.0,3443.0450959698474,0.0,-2.284073231583958e-07,ska_mid1_interferom,1.2549719049292063,1.2649718184299303,1.0924986498400497,1.1190140112288005,0.024270383668330228,0.023980538314264485
0.00063271969305923,0.0,-0.005617100281651075,0.03197725607928237,36432.0,0.0,3546.480757927535,0.0,-2.255260467145185e-07,ska_mid1_interferom,1.2649718184299303,1.2749717336460331,1.1190140112288005,1.1460066611934443,0.024121815896659675,0.0238354803786185
0.000645679405091171,0.0,-0.00570934565809871,0.03256521794918041,36437.65322741977,0.0,3464.46159492242,0.0,-2.2526994444219483e-07,ska_mid1_interferom,1.2749717336460331,1.284971650535233,1.1460066611934443,1.1735079876196726,0.023997527551531467,0.023714112113943506
0.0006577086666207942,0.0,-0.005797606000184324,0.03316197935444949,36432.0,0.0,3450.064311191489,0.0,-2.270505899964658e-07,ska_mid1_interferom,1.284971650535233,1.2949715690565256,1.1735079876196726,1.2015298425899688,0.023878708339374267,0.02359807071436283
0.000559320182767263,0.0,-0.0058898340666549585,0.03376778260903934,30362.713475130284,0.0,3564.9852528525535,0.0,-2.2681359459099444e-07,ska_mid1_interferom,1.2949715690565256,1.304971489170141,1.2015298425899688,1.2299668845015257,0.023667362144130528,0.02339163218871399
0.0006648041949476431,0.0,-0.005986686582538555,0.034379578435123966,35497.40090289334,0.0,3491.9763567380733,0.0,-2.275117414485057e-07,ska_mid1_interferom,1.304971489170141,1.3149714108375186,1.2299668845015257,1.2590243530373173,0.0236245942081342,0.023349852181842018
0.000523700037910962,0.0,-0.006086456764913636,0.03500303225871941,27433.30749508596,0.0,3456.030885710692,0.0,-2.24683024451322e-07,ska_mid1_interferom,1.3149714108375186,1.32497133402124,1.2590243530373173,1.2884644038860096,0.02338322589048417,0.02311402668435383
0.0005922851670602,0.0,-0.006150359970314021,0.03563141656724746,30474.876078844718,0.0,3585.490543944718,0.0,-2.2494367058225847e-07,ska_mid1_interferom,1.32497133402124,1.334971258684994,1.2884644038860096,1.3185375207063328,0.02334027756577727,0.023072058802868264
0.0007460955086165818,0.0,-0.006146703559306497,0.03627160079170186,37598.27486995625,0.0,3530.974060576952,0.0,-2.232010557026968e-07,ska_mid1_interferom,1.334971258684994,1.3449711847935426,1.3185375207063328,1.349408290246289,0.0234128866681161,0.023143009324541452
0.0006359577181445098,0.0,-0.006098894262341774,0.03692794083831049,31492.31160753403,0.0,3466.048404100603,0.0,-2.264332019718709e-07,ska_mid1_interferom,1.3449711847935426,1.3549711123126835,1.349408290246289,1.3808730681072001,0.02331746298606802,0.023049764328068587
0.0003754990436055893,0.0,-0.006024194290794496,0.037594703564930054,18280.77336546045,0.0,3600.497036321137,0.0,-2.2588858046103443e-07,ska_mid1_interferom,1.3549711123126835,1.3649710412091978,1.3808730681072001,1.4128188505363608,0.023134481486375594,0.02287093628309622
0.0006827741312798832,0.0,-0.005938544527174704,0.03826871245428502,32521.439099545896,0.0,3521.9674834169186,0.0,-2.2390113900812102e-07,ska_mid1_interferom,1.3649710412091978,1.3749709714508327,1.4128188505363608,1.445831568693612,0.02336656121534502,0.023097742646857385
0.0007159222655685792,0.0,-0.005834784861817205,0.038965685397765834,33526.84420180771,0.0,3494.0227519329196,0.0,-2.2910592021541608e-07,ska_mid1_interferom,1.3749709714508327,1.384970903006268,1.445831568693612,1.479678162389209,0.02340977637262354,0.023139970179481495
0.00046331939490663594,0.0,-0.005751593665376988,0.03967909528585962,21330.33919688,0.0,3619.035658602331,0.0,-2.2983615370764443e-07,ska_mid1_interferom,1.384970903006268,1.3949708358450654,1.479678162389209,1.5140687535684445,0.023241940074121007,0.02297595956885343
0.0005413101282102325,0.0,-0.005701504789444199,0.04040100824426644,24392.87171464696,0.0,3535.9497909850197,0.0,-2.2825086766099716e-07,ska_mid1_interferom,1.3949708358450654,1.4049707699376537,1.5140687535684445,1.5493093389006094,0.023275419461043532,0.02300867796898774
0.0005949350565619099,0.0,-0.005683491815806737,0.041139461701067054,26409.48280478655,0.0,3545.0523855914466,0.0,-2.33040813722718e-07,ska_mid1_interferom,1.4049707699376537,1.4149707052553049,1.5493093389006094,1.585360010801618,0.023268866323745325,0.023002273868823475
0.0007464678298263936,0.0,-0.005726013322534581,0.041893233633269356,32509.87228918894,0.0,3628.4753931082378,0.0,-2.3056627498437533e-07,ska_mid1_interferom,1.4149707052553049,1.4249706417700834,1.585360010801618,1.6222734683759041,0.02328395905206501,0.023017023283676514
0.0004040739771808403,0.0,-0.005869077693244837,0.04266352648045736,17273.041923384164,0.0,3543.478976939591,0.0,-2.2944194733141656e-07,ska_mid1_interferom,1.4249706417700834,1.4349705794548349,1.6222734683759041,1.65947176169835,0.022929730435452433,0.022670794908828937
0.0004594497814263558,0.0,-0.006062433537632235,0.04343502707551482,19305.02039384893,0.0,3539.0431859601417,0.0,-2.2947343811190627e-07,ska_mid1_interferom,1.4349705794548349,1.4449705182831671,1.65947176169835,1.697303575544221,0.02279750383167275,0.022541523907544866
0.0006906055544195927,0.0,-0.0063009186039777575,0.044216857327600625,28455.994062100446,0.0,3648.9665602717255,0.0,-2.2919892643863938e-07,ska_mid1_interferom,1.4449705182831671,1.4549704582294014,1.697303575544221,1.735909890623337,0.022745674748689184,0.02249084877779211
0.0006999713676385576,0.0,-0.006581466315974454,0.045012573932598374,28438.21493663419,0.0,3564.479293419058,0.0,-2.321175688510005e-07,ska_mid1_interferom,1.4549704582294014,1.464970399268568,1.735909890623337,1.7750407374900306,0.022541980478400465,0.02229166479460848
0.0004087006556414937,0.0,-0.006890723261299945,0.04581560351843739,16259.83252409091,0.0,3567.55799710423,0.0,-2.2594617689880236e-07,ska_mid1_interferom,1.464970399268568,1.4749703413763782,1.7750407374900306,1.8143740924566325,0.02215912803343358,0.021917182237869863
0.0003629130542310529,0.0,-0.0071689919091207695,0.04661759355643109,14222.12375299264,0.0,3676.4884581261854,0.0,-2.2671013189095107e-07,ska_mid1_interferom,1.4749703413763782,1.4849702845292008,1.8143740924566325,1.8541853804480422,0.021942160746743152,0.02170489599873266
0.0007395477841134173,0.0,-0.007404285374193461,0.04742566971742747,28449.836951370322,0.0,3571.4642915457043,0.0,-2.24803913524183e-07,ska_mid1_interferom,1.4849702845292008,1.4949702287040365,1.8541853804480422,1.8949460877714759,0.021983080954712513,0.021744936805646736
0.0006171391125907305,0.0,-0.007633345940094833,0.048251798026739276,23363.504101549464,0.0,3594.0424809302413,0.0,-2.2506789676634986e-07,ska_mid1_interferom,1.4949702287040365,1.5049701738785053,1.8949460877714759,1.9361814539028144,0.02176070675437144,0.021527322246956936
0.0005746841132894542,0.0,-0.00781950697868334,0.049083758935706726,21338.64068355781,0.0,3645.97140992211,0.0,-2.2194597862046272e-07,ska_mid1_interferom,1.5049701738785053,1.514970120030826,1.9361814539028144,1.9780201680271485,0.021608880737907444,0.021378718668169355
0.00044504441923375266,0.0,-0.007985991547605199,0.0499247593824249,16256.0,0.0,3607.975406723901,0.0,-2.2304362300778823e-07,ska_mid1_interferom,1.514970120030826,1.5249700671397874,1.9780201680271485,2.0204037572375793,0.021427278596812066,0.02120094194038729
0.00033940994080485475,0.0,-0.00811783411669266,0.05077326955589999,12192.0,0.0,3623.5634985379006,0.0,-2.2275321741929891e-07,ska_mid1_interferom,1.5249700671397874,1.53497001518474,2.0204037572375793,2.063398379864374,0.021280213161739347,0.02105695124576238
0.0007193540368215941,0.0,-0.008185309661424018,0.05163089317917543,25400.825363615317,0.0,3667.9675053694764,0.0,-2.226211531970768e-07,ska_mid1_interferom,1.53497001518474,1.5449699641455792,2.063398379864374,2.1075630947977935,0.021403872060964963,0.021178026159177882
0.000760327724118181,0.0,-0.008191124754532288,0.05251149087887256,26412.769137204246,0.0,3597.48926755715,0.0,-2.2350227858070087e-07,ska_mid1_interferom,1.5449699641455792,1.5549699140027184,2.1075630947977935,2.1526435651439737,0.02138985563822724,0.021164303361278163
0.0002084671011453826,0.0,-0.008157669528630028,0.053408512814484096,7112.790376523963,0.0,3666.5501764623973,0.0,-2.2217313894893687e-07,ska_mid1_interferom,1.5549699140027184,1.564969864737082,2.1526435651439737,2.198102653357834,0.02111779625291563,0.020897905938807155
0.00048486282899123603,0.0,-0.0081312612918432,0.0543085187679172,16259.093358198577,0.0,3664.466128336654,0.0,-2.2329871276712855e-07,ska_mid1_interferom,1.564969864737082,1.5749698163300851,2.198102653357834,2.2447645503641867,0.021228261080105434,0.02100608038544491
0.0006155286080899167,0.0,-0.008123236203038809,0.055231804124901564,20320.0,0.0,3611.5048404425424,0.0,-2.2589335243181682e-07,ska_mid1_interferom,1.5749698163300851,1.5849697687636233,2.2447645503641867,2.2924884210007868,0.0212600785364583,0.02103723596732842
0.0005320722908073105,0.0,-0.008120821658303797,0.05617468465611778,17272.74014687501,0.0,3686.5236759581085,0.0,-2.263994857688677e-07,ska_mid1_interferom,1.5849697687636233,1.5949697220200476,2.2924884210007868,2.3410741298899223,0.021193436984918504,0.02097197959693173
0.00060291002073846,0.0,-0.008169281563470607,0.05713208006080096,19298.932147619787,0.0,3682.9800478252746,0.0,-2.272742295200358e-07,ska_mid1_interferom,1.5949697220200476,1.6049696760821632,2.3410741298899223,2.3906396111337616,0.02117211096009586,0.0209510959457707
0.00032383528935351117,0.0,-0.00825308550402401,0.058106738564495566,10161.41617722802,0.0,3620.505923969704,0.0,-2.2417751206310317e-07,ska_mid1_interferom,1.6049696760821632,1.614969630933209,2.3906396111337616,2.4408168753060746,0.020989054116992763,0.020771818377747275
0.0006899385609104038,0.0,-0.008324342839394662,0.05908957714902109,21333.92258930675,0.0,3708.0074972170687,0.0,-2.2518997299381658e-07,ska_mid1_interferom,1.614969630933209,1.624969586556843,2.4408168753060746,2.4922718229866385,0.021081035697981865,0.02086190498301119
0.0003678951210204831,0.0,-0.008367125928769873,0.06009661821593536,11176.677118155501,0.0,3696.976007624412,0.0,-2.2405088584704621e-07,ska_mid1_interferom,1.624969586556843,1.6349695429371338,2.4922718229866385,2.5443689863439385,0.02090348367172439,0.020688003540546066
0.00047666135932408836,0.0,-0.008382084413431775,0.061112351073751695,14227.972161518384,0.0,3621.028018855855,0.0,-2.2492768554117158e-07,ska_mid1_interferom,1.6349695429371338,1.644969500058546,2.5443689863439385,2.597575689435897,0.020911551499616498,0.020695906144604974
0.0006890619466738558,0.0,-0.00842955862598728,0.06214790413519082,20316.11685284886,0.0,3736.48885251392,0.0,-2.2844863163547813e-07,ska_mid1_interferom,1.644969500058546,1.6549694579059304,2.597575689435897,2.6519828684431426,0.02094536810939324,0.020729029532884507
0.0004218261645682664,0.0,-0.008586896685060135,0.06320528155068103,12194.530423084663,0.0,3662.9993773565243,0.0,-2.253918213504966e-07,ska_mid1_interferom,1.6549694579059304,1.6649694164645097,2.6519828684431426,2.7070228540815107,0.020754276467358758,0.020541840743289498
0.0004269408792145712,0.0,-0.008804955383621402,0.0642707811335776,12189.526937660989,0.0,3671.022515577398,0.0,-2.2726948240052924e-07,ska_mid1_interferom,1.6649694164645097,1.674969375719872,2.7070228540815107,2.762915393441199,0.020647235864823456,0.020436971023161776
0.00036299710099174805,0.0,-0.009014835903369156,0.06534957538600693,10177.217845787662,0.0,3763.980971159568,0.0,-2.248584211732623e-07,ska_mid1_interferom,1.674969375719872,1.6849693356579545,2.762915393441199,2.8196129051664074,0.020520900444436593,0.020313183650332585
0.0005168471533964945,0.0,-0.009192806368063106,0.06644042719502925,14281.185250520037,0.0,3672.987798891705,0.0,-2.256460753112435e-07,ska_mid1_interferom,1.6849693356579545,1.6949692962650378,2.8196129051664074,2.8773771475006944,0.020486586023366882,0.020279558667278423
0.0008613184468389463,0.0,-0.009366258762170798,0.06754940106876078,23458.263186346114,0.0,3671.0249737911017,0.0,-2.2659827829904454e-07,ska_mid1_interferom,1.6949692962650378,1.7049692575277342,2.8773771475006944,2.936421381655845,0.02052015816085723,0.020312456292520393
0.0003433574835101465,0.0,-0.009542884617774992,0.06868133789851202,9181.696432638833,0.0,3776.993901712736,0.0,-2.2501811909015707e-07,ska_mid1_interferom,1.7049692575277342,1.7149692194329798,2.936421381655845,2.9959029674019737,0.02025648843102594,0.020054054931706377
0.0004635033315836467,0.0,-0.00975242313892334,0.06981638271676248,12237.791041043298,0.0,3674.9918788273653,0.0,-2.2621290428190258e-07,ska_mid1_interferom,1.7149692194329798,1.7249691819680215,2.9959029674019737,3.0564302040984916,0.020203336808670657,0.020001957241068458
0.0003145473714980363,0.0,-0.00995890256892747,0.07096868840638754,8160.0,0.0,3739.012687530949,0.0,-2.2403224971664692e-07,ska_mid1_interferom,1.7249691819680215,1.7349691451204126,3.0564302040984916,3.1177543132752,0.02006396517560797,0.01986533628640836
0.000479857115284286,0.0,-0.010110321849799054,0.07213234856497502,12242.10565692453,0.0,3749.998967815233,0.0,-2.2385452353733312e-07,ska_mid1_interferom,1.7349691451204126,1.7449691088780015,3.1177543132752,3.180255973251137,0.020047012591662083,0.019848717010171824
0.0005662712465872232,0.0,-0.010204798774193289,0.07331606489910755,14276.917091733249,0.0,3674.4866508057075,0.0,-2.259413800050174e-07,ska_mid1_interferom,1.7449691088780015,1.7549690732289245,3.180255973251137,3.2439332846812583,0.020022700048582854,0.019824881998133037
0.0005363672128119855,0.0,-0.010270983749175625,0.07451964022081933,13262.50713706003,0.0,3760.0231049885924,0.0,-2.2330171960581325e-07,ska_mid1_interferom,1.7549690732289245,1.764969038161596,3.2439332846812583,3.308718085063995,0.019971064352238086,0.019774258611672937
0.0005444373061964513,0.0,-0.0103433302283113,0.07574133143063998,13261.467715009592,0.0,3766.9832124100208,0.0,-2.2606347130600123e-07,ska_mid1_interferom,1.764969038161596,1.774969003664704,3.308718085063995,3.3746602975090485,0.019929837099971093,0.019733837773343758
0.0004662346388445154,0.0,-0.010424876823031066,0.07698214726789465,11217.613765429427,0.0,3714.513802729379,0.0,-2.2787336120168384e-07,ska_mid1_interferom,1.774969003664704,1.784968969727199,3.3746602975090485,3.441683574719395,0.019860747838773184,0.0196660962495475
0.00030141834363985867,0.0,-0.010560900674930271,0.07824020629574083,7138.603652006682,0.0,3769.4974902241947,0.0,-2.2567974128078836e-07,ska_mid1_interferom,1.784968969727199,1.7949689363382888,3.441683574719395,3.5096640730041044,0.019752105854255346,0.01955956428253837
0.0005265104986422386,0.0,-0.010840965824621657,0.07951256327678091,12241.815367451016,0.0,3754.993325854959,0.0,-2.2401503890132058e-07,ska_mid1_interferom,1.7949689363382888,1.8049689034874308,3.5096640730041044,3.5788619569398668,0.019716383818047932,0.019524533551353217
0.00035593195069597895,0.0,-0.011221944742359742,0.08080499046006011,8160.0,0.0,3712.0099761568695,0.0,-2.2541467509956488e-07,ska_mid1_interferom,1.8049689034874308,1.8149688711643264,3.5788619569398668,3.6488007091935883,0.0195421765620497,0.01935368002663925
0.0006329871728310394,0.0,-0.011532060024803233,0.08210661730656485,14280.862365593675,0.0,3803.0,0.0,-2.247207169420149e-07,ska_mid1_interferom,1.8149688711643264,1.824968839358912,3.6488007091935883,3.720008028927464,0.01951526690796247,0.019327285817712214
0.0006420578149191379,0.0,-0.011623677710682845,0.08342922608586992,14280.0,0.0,3745.988467179681,0.0,-2.2567259031847772e-07,ska_mid1_interferom,1.824968839358912,1.834968808061354,3.720008028927464,3.79245540944498,0.019475060256362885,0.01928784801256992
0.0004640873586741841,0.0,-0.01157975289759227,0.0847720177649538,10197.544550456272,0.0,3736.01685112432,0.0,-2.261297114696545e-07,ska_mid1_interferom,1.834968808061354,1.8449687772620431,3.79245540944498,3.866111535541304,0.019421751383783107,0.01923555613366009
9.50319538836302e-05,0.0,-0.011463815804045707,0.08613414308198594,2040.7970634877295,0.0,3834.490818141195,0.0,-2.2402921964717902e-07,ska_mid1_interferom,1.8449687772620431,1.854968746951588,3.866111535541304,3.9408766707439087,0.019338587238181375,0.01915397308137826
0.0005758574734204836,0.0,-0.011294762014532552,0.0875132283589271,12240.0,0.0,3724.4914413665074,0.0,-2.2591711645857058e-07,ska_mid1_interferom,1.854968746951588,1.8649687171208085,3.9408766707439087,4.0176707686446065,0.019486551931654737,0.01929912009854077
0.00038975205687513887,0.0,-0.011147418653819546,0.08892952910855705,8160.0,0.0,3789.0159191624903,0.0,-2.272428190267668e-07,ska_mid1_interferom,1.8649687171208085,1.87496868776073,4.0176707686446065,4.0958424039134,0.019456953984102875,0.019270087467211892
0.0005447425125549329,0.0,-0.011255431064369523,0.09036835563107398,11221.102219553642,0.0,3827.989554128413,0.0,-2.2792216395628326e-07,ska_mid1_interferom,1.87496868776073,1.88496865886258,4.0958424039134,4.1754998430704955,0.019448365269373265,0.01926166263782076
0.0004514310310336876,0.0,-0.011690762383905113,0.09183191988755253,9179.642644120435,0.0,3733.997197208788,0.0,-2.291236067748068e-07,ska_mid1_interferom,1.88496865886258,1.8949686304177824,4.1754998430704955,4.25609220248157,0.01930124833912341,0.0191173418938479
0.0007120052246836241,0.0,-0.012182198652451442,0.09330796246323443,14278.610150142755,0.0,3810.0122633810934,0.0,-2.2757832555435277e-07,ska_mid1_interferom,1.8949686304177824,1.9049686024179489,4.25609220248157,4.337929743938711,0.019228329078356005,0.019045800856026848
0.00031072001377435926,0.0,-0.012424396699515113,0.09480318951010096,6120.67544674764,0.0,3802.4902325102667,0.0,-2.2520569881473738e-07,ska_mid1_interferom,1.9049686024179489,1.914968574854878,4.337929743938711,4.420619031557373,0.019061924120417646,0.018882521894115774
0.00010441634777197226,0.0,-0.012514067177370601,0.09630888131478922,2039.3437284512302,0.0,3781.006755736531,0.0,-2.2627987527172543e-07,ska_mid1_interferom,1.914968574854878,1.924968547720549,4.420619031557373,4.504518035762688,0.018979017102895998,0.018801162372930058
0.000959139111998253,0.0,-0.01253132554035126,0.09783276939116764,18360.63739378813,0.0,3792.004374271095,0.0,-2.2590672478902058e-07,ska_mid1_interferom,1.924968547720549,1.934968521007117,4.504518035762688,4.590778392818778,0.019149741741789815,0.018968693142075246
0.00021624913484249428,0.0,-0.012580420466978548,0.09939966235523523,4080.0,0.0,3829.4892315267152,0.0,-2.273048376845678e-07,ska_mid1_interferom,1.934968521007117,1.944968494706908,4.590778392818778,4.677813656537039,0.018958715989081155,0.018781239179511612
0.00010916973342904343,0.0,-0.012665473105277818,0.10097496449823246,2039.3994909939663,0.0,3770.009125381954,0.0,-2.2769874085434754e-07,ska_mid1_interferom,1.944968494706908,1.9549684688124136,4.677813656537039,4.7662320899646815,0.018901657893978147,0.018725241137791893
0.0006675887645848425,0.0,-0.012686296943213732,0.10257173649605972,12240.0,0.0,3852.4984295572576,0.0,-2.2705070014299717e-07,ska_mid1_interferom,1.9549684688124136,1.964968443316292,4.7662320899646815,4.856784891231413,0.018998823296370957,0.018820599476791405
0.0005651187143142358,0.0,-0.012555255021946562,0.1042059425465518,10200.564750416625,0.0,3820.9919716852537,0.0,-2.2788729989621227e-07,ska_mid1_interferom,1.964968443316292,1.9749684182113565,4.856784891231413,4.949000469583032,0.018986959566215777,0.018808956873339455
0.0005727611799038877,0.0,-0.012404439252685369,0.10586719943706502,10200.0,0.0,3806.013413745499,0.0,-2.2981452938443563e-07,ska_mid1_interferom,1.9749684182113565,1.9849683934905769,4.949000469583032,5.043035761132787,0.01900086535204504,0.018822603457150665
0.00040658694347124277,0.0,-0.012328553397730712,0.10755866176196296,7139.734961086486,0.0,3837.989606317117,0.0,-2.3067100597573445e-07,ska_mid1_interferom,1.9849683934905769,1.9949683691470697,5.043035761132787,5.138672225769485,0.018964066321674387,0.018786489950188147
0.0005316362339481246,0.0,-0.012452086153517582,0.10927545822198262,9180.76970503568,0.0,3793.001006150373,0.0,-2.307868088225723e-07,ska_mid1_interferom,1.9949683691470697,2.004968345174105,5.138672225769485,5.236027003285089,0.018945512233177274,0.018768281008346058
0.00023815482169287005,0.0,-0.012654538954876542,0.11101989120630604,4079.00709450108,0.0,3867.0080308533006,0.0,-2.3240358303387165e-07,ska_mid1_interferom,2.004968345174105,2.014968321565091,5.236027003285089,5.334630277954628,0.01883169712602237,0.018656575855544734
0.00024402283147400989,0.0,-0.013055989149795465,0.11278184080529283,4080.9600428895064,0.0,3832.4895289439746,0.0,-2.303847040416223e-07,ska_mid1_interferom,2.014968321565091,2.0249682983135755,5.334630277954628,5.434599922056895,0.018739751190516813,0.018566325341243584
0.0003689220839778463,0.0,-0.013565248252462699,0.11456367037060472,6119.536161686285,0.0,3799.0065937799495,0.0,-2.3180976816504682e-07,ska_mid1_interferom,2.0249682983135755,2.034968275413245,5.434599922056895,5.535967034449247,0.018652175660795745,0.018480357071103022
0.0005006997550976998,0.0,-0.014042493973637226,0.11636592155787304,8160.895797976382,0.0,3894.001976024948,0.0,-2.3009088982041919e-07,ska_mid1_interferom,2.034968275413245,2.0449682528579167,5.535967034449247,5.63879093169769,0.018573791463820034,0.018403405178402457
0.0006327041766634749,0.0,-0.014211823444924367,0.11818969046213595,10199.567800808756,0.0,3844.9925848177973,0.0,-2.3187092374757088e-07,ska_mid1_interferom,2.0449682528579167,2.0549682306415398,5.63879093169769,5.743401271020642,0.018551909547647773,0.018381922050324385
0.0007064979399528299,0.0,-0.014157030479341736,0.1200417375327571,11219.791632632876,0.0,3794.505822029375,0.0,-2.314470408592679e-07,ska_mid1_interferom,2.0549682306415398,2.064968208758185,5.743401271020642,5.84999224456697,0.01855885885671119,0.018388744761363096
0.0003255566563705189,0.0,-0.014073456480265693,0.12192590525187146,5099.799249242294,0.0,3897.0009840723415,0.0,-2.3179424585307508e-07,ska_mid1_interferom,2.064968208758185,2.0749681872020505,5.84999224456697,5.9581700182007,0.018491951631935455,0.018323054475725443
0.0002643391169085845,0.0,-0.013987236232677797,0.123833780438045,4080.0,0.0,3844.9950740767026,0.0,-2.3206745635201797e-07,ska_mid1_interferom,2.0749681872020505,2.084968165967454,5.9581700182007,6.068280669455519,0.018480615846553458,0.01831192444328097
0.0004016566259711338,0.0,-0.013919421727631031,0.12577238068425703,6119.628287184478,0.0,3861.504281985865,0.0,-2.3281779027494527e-07,ska_mid1_interferom,2.084968165967454,2.09496814504883,6.068280669455519,6.180535052220326,0.018498548251045004,0.01832953130427207
0.0002719351159190533,0.0,-0.013974110985021217,0.1277458557592564,4080.0,0.0,3902.0063026391076,0.0,-2.3255921411549863e-07,ska_mid1_interferom,2.09496814504883,2.104968124440728,6.180535052220326,6.294578499551266,0.018452034713397576,0.01828386152902629
0.000277061884452284,0.0,-0.01416537075969589,0.1297466461141537,4080.685603895361,0.0,3805.991934071819,0.0,-2.328419760178177e-07,ska_mid1_interferom,2.104968124440728,2.114968104137808,6.294578499551266,6.410436603948201,0.018406014700618048,0.0182386742732912
0.0008383246110680576,0.0,-0.01446219690768833,0.13177509468943915,12239.671333687389,0.0,3909.5039472179706,0.0,-2.3492213452576277e-07,ska_mid1_interferom,2.114968104137808,2.124968084134835,6.410436603948201,6.5285875914188845,0.018431035945026653,0.018263242998022462
0.00028349303535561904,0.0,-0.014727733791709208,0.13384083624730655,4080.0,0.0,3883.995217201087,0.0,-2.3395888161608606e-07,ska_mid1_interferom,2.124968084134835,2.13496806442669,6.5285875914188845,6.6479839529509555,0.01828823767165267,0.018123019182735102
0.00028757294902949674,0.0,-0.015054664799731884,0.1359221800201484,4080.0,0.0,3830.5064187349944,0.0,-2.340012580345343e-07,ska_mid1_interferom,2.13496806442669,2.144968045008352,6.6479839529509555,6.769138807119144,0.01822430003225403,0.018060227878251595
0.0006578120882457122,0.0,-0.015354758809503634,0.13802950995992763,9180.718738435711,0.0,3896.4982383861866,0.0,-2.3391389539797303e-07,ska_mid1_interferom,2.144968045008352,2.1549680258749038,6.769138807119144,6.892471136443918,0.018219796171865286,0.018055804618711063
0.0005150869821154998,0.0,-0.01560750471431434,0.14017117512832505,7139.0403975498775,0.0,3874.4977824313128,0.0,-2.3641968388735628e-07,ska_mid1_interferom,2.1549680258749038,2.1649680070215216,6.892471136443918,7.017549657420361,0.018147122925925713,0.017984429224337083
0.00045032338546284717,0.0,-0.01580612778720116,0.1423382131942445,6120.261043460765,0.0,3878.0024312871346,0.0,-2.3319646570776965e-07,ska_mid1_interferom,2.1649680070215216,2.1749679884434827,7.017549657420361,7.144531833016401,0.018094945072710634,0.017933180058978357
0.00045676911405822434,0.0,-0.015989537857324185,0.1445336254579637,6120.248106102175,0.0,3915.4989662245744,0.0,-2.344537658528969e-07,ska_mid1_interferom,2.1749679884434827,2.18496797013616,7.144531833016401,7.273532455277333,0.01805585380203527,0.01789478283348625
0.000306888833562861,0.0,-0.016137206585329075,0.14675955638130528,4079.5292863063855,0.0,3865.4975195234283,0.0,-2.3575087946436013e-07,ska_mid1_interferom,2.18496797013616,2.194967952095018,7.273532455277333,7.404461458155993,0.01800074498652496,0.0178406499419384
0.0,0.0,-0.016328068844936726,0.14901400201639803,0.0,0.0,3893.502894118941,0.0,-2.341102155165515e-07,ska_mid1_interferom,2.194967952095018,2.2049679343156097,7.404461458155993,7.537147157217238,0.01791969609283236,0.017761031021571852
0.0009503166471578107,0.0,-0.016408166589473347,0.15129332183137703,12239.999999999998,0.0,3916.999896857774,0.0,-2.344030357075147e-07,ska_mid1_interferom,2.2049679343156097,2.214967916793577,7.537147157217238,7.672982394703264,0.018022102348891497,0.01786162943378975
0.0,0.0,-0.016579461996992496,0.15362525999150461,0.0,0.0,3878.0009716009135,0.0,-2.3480181051886386e-07,ska_mid1_interferom,2.214967916793577,2.224967899524644,7.672982394703264,7.810027957895965,0.017860794687513542,0.017703164856136124
0.00016340421750547587,0.0,-0.016766371662935375,0.15597071779330052,2040.1861789345326,0.0,3946.0000912641835,0.0,-2.3516530858438395e-07,ska_mid1_interferom,2.224967899524644,2.2349678825046237,7.810027957895965,7.949395473078528,0.017844688384458633,0.01768734105137744
0.0004940915857492664,0.0,-0.017144976911772813,0.15835177770270392,6119.825675717498,0.0,3884.9973509545307,0.0,-2.3630466627159048e-07,ska_mid1_interferom,2.2349678825046237,2.244967865729412,7.949395473078528,8.091096129150541,0.017825337354506664,0.017668329099825478
0.0010050525464184233,0.0,-0.01765639869478002,0.16076844117436787,12240.3252795693,0.0,3899.002312036154,0.0,-2.3495750993094363e-07,ska_mid1_interferom,2.244967865729412,2.2549678491949803,8.091096129150541,8.235212989219038,0.017811784431688262,0.01765501344285144
0.0009315025478018645,0.0,-0.018083914109015456,0.16322211218644667,11219.773316020783,0.0,3916.998888804023,0.0,-2.3667057243540138e-07,ska_mid1_interferom,2.2549678491949803,2.2649678328973843,8.235212989219038,8.3812824531737,0.017737181071805417,0.017581712961084052
8.552804727604367e-05,0.0,-0.018230637232825454,0.1657033982904828,1019.9301149271199,0.0,3906.4994861391697,0.0,-2.3541194247869794e-07,ska_mid1_interferom,2.2649678328973843,2.2749678168327447,8.3812824531737,8.52884050686669,0.017605665304492226,0.01745248090788931
0.00017498334196610254,0.0,-0.018322817439750214,0.16820296508880528,2040.1285795843398,0.0,3923.001512700992,0.0,-2.3541135117372529e-07,ska_mid1_interferom,2.2749678168327447,2.2849678009972707,8.52884050686669,8.67889540244636,0.017593821277213307,0.017440841727202443
0.000175827169509049,0.0,-0.018233803791551387,0.17074055201861568,2039.882451663019,0.0,3957.999366160928,0.0,-2.3682738286530728e-07,ska_mid1_interferom,2.2849678009972707,2.294967785387237,8.67889540244636,8.83157774101555,0.017592369937556064,0.017439415479654566
0.000357855596558656,0.0,-0.018110441076599787,0.17331848627840568,4080.0,0.0,3874.9993725069253,0.0,-2.365698207326511e-07,ska_mid1_interferom,2.294967785387237,2.304967769998993,8.83157774101555,8.987143405244094,0.017614708129224353,0.017461367242607877
0.0003627020783298245,0.0,-0.017924257101258778,0.17594151113649772,4079.9999999999995,0.0,3962.0006114684556,0.0,-2.3756126026767738e-07,ska_mid1_interferom,2.304967769998993,2.314967754828956,8.987143405244094,9.145523123796401,0.017622921034050845,0.017469437951117592
0.00036738668406426436,0.0,-0.017914696255834042,0.17860798527585076,4080.0,0.0,3927.4999372169736,0.0,-2.3817808484845958e-07,ska_mid1_interferom,2.314967754828956,2.324967739873609,9.145523123796401,9.306583561322398,0.017610850177276562,0.017457576063854088
0.0003723595066514767,0.0,-0.01784382378078028,0.1813150313328303,4080.0,0.0,3906.0009186961106,0.0,-2.3896132000433346e-07,ska_mid1_interferom,2.324967739873609,2.334967725129508,9.306583561322398,9.47042688941978,0.01760509933831198,0.017451924733373925
0.000378909481768296,0.0,-0.017678217212705107,0.18406438029914243,4080.129386363949,0.0,3958.000190274064,0.0,-2.396577840700333e-07,ska_mid1_interferom,2.334967725129508,2.344967710593271,9.47042688941978,9.6371917223302,0.017609009061326213,0.01745576680875862
0.00038074017056296714,0.0,-0.01729081871192514,0.1868584454319026,4079.890869381282,0.0,3938.9993580551836,0.0,-2.4263473423902424e-07,ska_mid1_interferom,2.344967710593271,2.35496769626158,9.6371917223302,9.807139846586008,0.017634610699092227,0.017480925111694932
0.0011628091452513826,0.0,-0.016758997585753617,0.18970202159398347,12240.0,0.0,3937.0003933501566,0.0,-2.420183037387893e-07,ska_mid1_interferom,2.35496769626158,2.36496768213118,9.807139846586008,9.981245437721185,0.01775294263758109,0.01759719971348081
0.000295748762721078,0.0,-0.01640210184630636,0.19261358000907466,3060.052101075078,0.0,3957.499804195306,0.0,-2.433644670158607e-07,ska_mid1_interferom,2.36496768213118,2.3749676681988765,9.981245437721185,10.157752421282208,0.017683863668352087,0.017529323404040457
0.0002971789674863428,0.0,-0.01626131807845853,0.1955588652012651,3059.962460717565,0.0,3930.499871188737,0.0,-2.456402969205989e-07,ska_mid1_interferom,2.3749676681988765,2.384967654461532,10.157752421282208,10.337346901732204,0.017680533350440324,0.017526050950305346
0.0,0.0,-0.0161327483483332,0.19855086973608294,0.0,0.0,3978.000249990011,0.0,-2.449953018467822e-07,ska_mid1_interferom,2.384967654461532,2.3949676409160734,10.337346901732204,10.519764778124651,0.01764648880670535,0.017492597315221087
0.0008171423818876065,0.0,-0.016003071996011135,0.20158422919273727,8160.0,0.0,3953.499930707997,0.0,-2.457972419141297e-07,ska_mid1_interferom,2.3949676409160734,2.404967627559482,10.519764778124651,10.706162831906024,0.01771884236128346,0.017563693696298864
0.0,0.0,-0.015829459479925655,0.20468081475645455,0.0,0.0,3929.999990316815,0.0,-2.466946724511889e-07,ska_mid1_interferom,2.404967627559482,2.414967614388795,10.706162831906024,10.895013940487878,0.017639476584369585,0.017485706664516307
0.0006299692812467896,0.0,-0.015832859254940032,0.20781108911939714,6119.987529619164,0.0,3997.4999358142163,0.0,-2.4748445960304195e-07,ska_mid1_interferom,2.414967614388795,2.424967601401105,10.895013940487878,11.087621892149123,0.017678541093506823,0.017524093303658457
0.0005315841757773305,0.0,-0.01586627769337444,0.21099967113274057,5099.98923940976,0.0,3943.5002584651575,0.0,-2.488571057001295e-07,ska_mid1_interferom,2.424967601401105,2.434967588593552,11.087621892149123,11.283286620907163,0.01764713214982421,0.01749322950225509
0.0003215695205698727,0.0,-0.016073580132888687,0.214232905606215,3060.0456699880515,0.0,3953.999701503346,0.0,-2.49734944411509e-07,ska_mid1_interferom,2.434967588593552,2.444967575963338,11.283286620907163,11.481767266166113,0.017590676540218265,0.017437751356773216
0.0,0.0,-0.015951723565334072,0.21750596303022343,0.0,0.0,3974.4998749426777,0.0,-2.4881723443945816e-07,ska_mid1_interferom,2.444967575963338,2.454967563507713,11.481767266166113,11.68332125681377,0.017554265469357313,0.01740196906912054
0.00022187307224692118,0.0,-0.015530935164544055,0.22082346017917084,2039.9520706086118,0.0,3980.5005286329933,0.0,-2.4975717791005613e-07,ska_mid1_interferom,2.454967563507713,2.4649675512239746,11.68332125681377,11.888835405143464,0.01759038751158515,0.01743746732442039
0.0008953305686120339,0.0,-0.014975986979943097,0.22420185581752353,8160.0,0.0,3975.49973693183,0.0,-2.5193116831059476e-07,ska_mid1_interferom,2.4649675512239746,2.474967539109472,11.888835405143464,12.098956352618488,0.01767380406192855,0.017519438550303947
0.0002258069916720699,0.0,-0.014780695287739846,0.22765294990399793,2040.064933709006,0.0,3962.500079575624,0.0,-2.530637343378341e-07,ska_mid1_interferom,2.474967539109472,2.4849675271616034,12.098956352618488,12.312054161162685,0.017612908281802103,0.0174595985486223
0.0004592129844565619,0.0,-0.014932112460258763,0.2311456863024112,4080.0,0.0,3973.9993535790272,0.0,-2.528523336933468e-07,ska_mid1_interferom,2.4849675271616034,2.4949675153778075,12.312054161162685,12.52872669513696,0.0175984064996847,0.017445347662719407
0.000583924031637541,0.0,-0.015400228134319797,0.23469101942030834,5099.796314491938,0.0,4022.000559136688,0.0,-2.5330782310750783e-07,ska_mid1_interferom,2.4949675153778075,2.5049675037555765,12.52872669513696,12.748601157146762,0.017549625541368574,0.017397409176125186
0.0005867544382291448,0.0,-0.016271991261037684,0.23828166530922862,5100.223937325194,0.0,3934.0001317278384,0.0,-2.5531147647274056e-07,ska_mid1_interferom,2.5049675037555765,2.514967492292447,12.748601157146762,12.971197330321706,0.017460439026297278,0.017309757014908753
0.00047932153287019746,0.0,-0.017405728226503183,0.24190842390677975,4079.8048701297976,0.0,4010.499354349695,0.0,-2.522811215358573e-07,ska_mid1_interferom,2.514967492292447,2.524967480985998,12.971197330321706,13.196179095253731,0.01734471839435389,0.01719601577374246
0.00048164534320853044,0.0,-0.018000695319395094,0.24556480761118704,4080.210891794644,0.0,3983.999586486678,0.0,-2.5358757379738593e-07,ska_mid1_interferom,2.524967480985998,2.534967469833852,13.196179095253731,13.424224599301159,0.01728117680135523,0.017133555551281626
0.0004897366620917178,0.0,-0.018020095284173643,0.24926326490899797,4080.0,0.0,3981.000221998961,0.0,-2.521908095723731e-07,ska_mid1_interferom,2.534967469833852,2.544967458833669,13.424224599301159,13.655957253397265,0.017262274806410034,0.01711497448344465
0.0,0.0,-0.017817977664384952,0.2530150854910631,0.0,0.0,4028.0007111016093,0.0,-2.5287837466659487e-07,ska_mid1_interferom,2.544967458833669,2.5549674479831586,13.655957253397265,13.891154108345567,0.017223022200790163,0.017076387224364935
0.0,0.0,-0.017565680847678823,0.2568158339651059,0.0,0.0,3983.001007458029,0.0,-2.538605169087424e-07,ska_mid1_interferom,2.5549674479831586,2.564967437280067,13.891154108345567,14.130404007602479,0.017223183717555504,0.017076546006410925
0.000508769948565982,0.0,-0.017220264860121192,0.2606760902690352,4080.0,0.0,3978.4977681132405,0.0,-2.5476935242595876e-07,ska_mid1_interferom,2.564967437280067,2.574967426722183,14.130404007602479,14.374368348190606,0.01726520632084322,0.017117856247844884
0.0,0.0,-0.016957896775914548,0.26460767817561587,0.0,0.0,4030.0010534694447,0.0,-2.5578993647426483e-07,ska_mid1_interferom,2.574967426722183,2.5849674163073297,14.374368348190606,14.62201787380037,0.017228550125539106,0.01708182153877602
0.0005218616853575329,0.0,-0.01697830645981182,0.2685912619984544,4080.0000000000005,0.0,3976.0005165320918,0.0,-2.565653782082691e-07,ska_mid1_interferom,2.5849674163073297,2.594967406033375,14.62201787380037,14.874152434458992,0.017243486010942072,0.01709650435096305
0.0005306122555093345,0.0,-0.017089022635634193,0.2726412070088072,4079.6846110130437,0.0,4022.4981061200538,0.0,-2.5697909918403477e-07,ska_mid1_interferom,2.594967406033375,2.604967395898211,14.874152434458992,15.130234974108575,0.01721661390643784,0.017070087411641503
0.0005331852161086208,0.0,-0.01738924687149628,0.27674728926797654,4080.3295203005478,0.0,4025.0008884125746,0.0,-2.592178425843258e-07,ska_mid1_interferom,2.604967395898211,2.614967385899783,15.130234974108575,15.390125942503321,0.017176928768091262,0.017031073191905548
0.0005421275716561233,0.0,-0.01778268028358809,0.2809066552051961,4080.0,0.0,3996.498863547421,0.0,-2.5761773038673113e-07,ska_mid1_interferom,2.614967385899783,2.624967376036063,15.390125942503321,15.653791787378855,0.01713214341848636,0.01698704315711449
0.00041306679443919994,0.0,-0.01822378637446926,0.2851183694001489,3059.7320890714864,0.0,4033.0008755259105,0.0,-2.578356280301378e-07,ska_mid1_interferom,2.624967376036063,2.6349673663050592,15.653791787378855,15.921099179363347,0.017076207197288328,0.016932047589728084
0.0004150692987968108,0.0,-0.018619938706449766,0.28937970915429917,3060.2780873315205,0.0,4002.0013631731945,0.0,-2.594290299387003e-07,ska_mid1_interferom,2.6349673663050592,2.6449673567048158,15.921099179363347,16.192273759680965,0.017032403181628943,0.016888978094379937
0.0007039289567021146,0.0,-0.0188746968531754,0.2936944984720988,5099.903957612391,0.0,4013.4991054875663,0.0,-2.584048433441544e-07,ska_mid1_interferom,2.6449673567048158,2.654967347233412,16.192273759680965,16.467797231851748,0.017015737027423556,0.01687259091663691
0.00042797744701590927,0.0,-0.019151941586764705,0.2980711376415989,3059.900655855862,0.0,4037.9991234340223,0.0,-2.591659594002873e-07,ska_mid1_interferom,2.654967347233412,2.6649673378889505,16.467797231851748,16.747144146187637,0.016963222852633915,0.016820954025757427
0.0008646180422840857,0.0,-0.019305808112566922,0.302499782075697,6120.205203402884,0.0,4006.0009053091308,0.0,-2.5997752439972866e-07,ska_mid1_interferom,2.6649673378889505,2.67496732866958,16.747144146187637,17.031202478215526,0.016961598320783148,0.016819356590263346
0.0,0.0,-0.019511082041960073,0.3069961502144116,0.0,0.0,4080.9913895063855,0.0,-2.595885004335405e-07,ska_mid1_interferom,2.67496732866958,2.684967319573474,17.031202478215526,17.318687286799477,0.016879889071348336,0.0167390069170118
0.0,0.0,-0.019876690157613248,0.3115367256611533,0.0,0.0,4023.008975382532,0.0,-2.6000488174994293e-07,ska_mid1_interferom,2.684967319573474,2.694967310598838,17.318687286799477,17.610347062298136,0.01684075534529485,0.016700522058075318
0.0,0.0,-0.0204214910181173,0.31613470860242965,0.0,0.0,3981.4975268623293,0.0,-2.6015887315653747e-07,ska_mid1_interferom,2.694967310598838,2.7049673017439084,17.610347062298136,17.906060019723576,0.01679200054259748,0.0166525735751787
0.0,0.0,-0.02053273745860345,0.3207875931703705,0.0,0.0,4078.001016494202,0.0,-2.601482906768546e-07,ska_mid1_interferom,2.7049673017439084,2.714967293006952,17.906060019723576,18.20631461528705,0.01676832286012343,0.016629286651055918
0.0012277797133496493,0.0,-0.02007493599732818,0.32550379743771807,8160.0,0.0,3991.0026663922017,0.0,-2.609867860715165e-07,ska_mid1_interferom,2.714967293006952,2.724967284386259,18.20631461528705,18.512970995454005,0.016843407721267762,0.016703130502415914
0.0,0.0,-0.019326026157985284,0.33031615500066197,0.0,0.0,4060.4949477404434,0.0,-2.621171413574782e-07,ska_mid1_interferom,2.724967284386259,2.7349672758801584,18.512970995454005,18.82396086217954,0.016798485062278816,0.01665895098471849
0.00031578423631609,0.0,-0.01914968878124985,0.3351872687632883,2039.7515602927065,0.0,4068.0034099567674,0.0,-2.632616808261108e-07,ska_mid1_interferom,2.7349672758801584,2.7449672674870023,18.82396086217954,19.14031396313621,0.01680587328420756,0.01666621711974461
0.00095444050525522,0.0,-0.019661020073699312,0.34013511893269366,6120.2542922858465,0.0,4015.997756244536,0.0,-2.6454986972872883e-07,ska_mid1_interferom,2.7449672674870023,2.7549672592051686,19.14031396313621,19.461742237950595,0.016793260310852105,0.01665381253798872
0.00032359991295536695,0.0,-0.020346826221379406,0.3451541734353306,2039.7399326798602,0.0,4043.999107612137,0.0,-2.637208797127627e-07,ska_mid1_interferom,2.7549672592051686,2.7649672510330667,19.461742237950595,19.78687292135662,0.01670614477526143,0.01656813212379632
0.00032516637142391153,0.0,-0.021206579545894576,0.35021971578592004,2040.265765915588,0.0,4065.5031917965352,0.0,-2.6454009742714584e-07,ska_mid1_interferom,2.7649672510330667,2.774967242969132,19.78687292135662,20.11621095942797,0.01664426912631995,0.01650727134098435
0.0,0.0,-0.0219989753321138,0.3553404281976853,0.0,0.0,4048.497272804963,0.0,-2.6347044452956504e-07,ska_mid1_interferom,2.774967242969132,2.784967235011817,20.11621095942797,20.4495521488231,0.016570774191394088,0.016434977035274308
0.00033584026288708505,0.0,-0.02231235335815037,0.3605123941686691,2039.7230618651804,0.0,4047.001357539876,0.0,-2.6351274881069626e-07,ska_mid1_interferom,2.784967235011817,2.794967227159612,20.4495521488231,20.788087766383754,0.01655467147138176,0.016419136674762393
0.00033746521527125043,0.0,-0.021837252705881237,0.3657562902528694,2040.2824138788537,0.0,4056.9986156182413,0.0,-2.650358828253315e-07,ska_mid1_interferom,2.794967227159612,2.804967219411028,20.788087766383754,21.13234400411013,0.01656026478217351,0.016424638882917883
0.0006882889081201636,0.0,-0.02113468959436582,0.37108095840951305,4079.424365135821,0.0,4048.001834130695,0.0,-2.653476976350591e-07,ska_mid1_interferom,2.804967219411028,2.8149672117645994,21.13234400411013,21.4829782964857,0.01659230477732966,0.016456156434171722
0.0012139183968972252,0.0,-0.021356676317286397,0.3764974543597386,7140.146574906403,0.0,4124.505101381546,0.0,-2.679294123109534e-07,ska_mid1_interferom,2.8149672117645994,2.824967204218885,21.4829782964857,21.83933272499564,0.016587757227694663,0.016451683097333466
0.0005248258467249745,0.0,-0.022137379672151916,0.3819937789806705,3060.447618031431,0.0,4008.990930615049,0.0,-2.675893937956127e-07,ska_mid1_interferom,2.824967204218885,2.83496719677247,21.83933272499564,22.199713682561487,0.01650146376282749,0.01636679408800914
0.0,0.0,-0.02272261845448669,0.3875399136542329,0.0,0.0,4091.0032741720615,0.0,-2.6612471837218963e-07,ska_mid1_interferom,2.83496719677247,2.844967189423955,22.199713682561487,22.564530711636515,0.016433411452581096,0.01629984426969315
0.0,0.0,-0.022955490068264712,0.39314271338868834,0.0,0.0,4043.5009836980616,0.0,-2.665422960494803e-07,ska_mid1_interferom,2.844967189423955,2.8549671821719724,22.564530711636515,22.934717668414642,0.01640570156361471,0.016272582014858948
0.0007283559992539535,0.0,-0.022798349496904374,0.3988181154606532,4080.0,0.0,4077.9960007488653,0.0,-2.6691690064607e-07,ska_mid1_interferom,2.8549671821719724,2.864967175015173,22.934717668414642,23.311465523460747,0.016426967207229092,0.01629350419300153
0.0001849566908395564,0.0,-0.022494594856419373,0.4045863902592508,1019.8406106929971,0.0,4073.502578356437,0.0,-2.675390561509834e-07,ska_mid1_interferom,2.864967175015173,2.874967167952231,23.311465523460747,23.693742008015363,0.016398646587443916,0.01626564088825494
0.00018584981668350636,0.0,-0.02211942816389125,0.4104291317146501,1020.1618522137869,0.0,4065.0003173572813,0.0,-2.688548092871475e-07,ska_mid1_interferom,2.874967167952231,2.8849671609818386,23.693742008015363,24.082237292527992,0.01639653560763872,0.01626356396498823
0.0007551051677982751,0.0,-0.021251239120011256,0.41635786994205237,4080.0,0.0,4104.000161061639,0.0,-2.6944536972210327e-07,ska_mid1_interferom,2.8849671609818386,2.8949671541027158,24.082237292527992,24.478098759072463,0.01643790241479328,0.016304262613522105
0.0,0.0,-0.02014716969758237,0.42239192698452455,0.0,0.0,4050.9982024519386,0.0,-2.703766722583553e-07,ska_mid1_interferom,2.8949671541027158,2.904967147313593,24.478098759072463,24.880343245982733,0.01643283209490213,0.01629927427874487
0.0007737425344064373,0.0,-0.018987816717438346,0.4285137763551602,4080.0000000000005,0.0,4081.4997513982,0.0,-2.719934914035395e-07,ska_mid1_interferom,2.904967147313593,2.9149671406132303,24.880343245982733,25.29064267616137,0.016490907143931158,0.01635640878696469
0.0,0.0,-0.018657018241444827,0.4347516862426931,0.0,0.0,4097.00084012642,0.0,-2.7337772276397806e-07,ska_mid1_interferom,2.9149671406132303,2.924967134000404,25.29064267616137,25.706737070784897,0.016452503795632404,0.016318627756664823
0.0,0.0,-0.01974379813626294,0.44106624449707904,0.0,0.0,4044.001021716764,0.0,-2.7335346059736485e-07,ska_mid1_interferom,2.924967134000404,2.9349671274739118,25.706737070784897,26.12805924379225,0.01638956246555993,0.016256703290286147
0.0004022198250083242,0.0,-0.02083246299726214,0.44744732716929664,2039.6480643521202,0.0,4132.493358077234,0.0,-2.730344379949724e-07,ska_mid1_interferom,2.9349671274739118,2.944967121032568,26.12805924379225,26.555076054754856,0.016343227293625348,0.016211114246634073
0.00040415797950901663,0.0,-0.020781139363138766,0.4539025526793944,2040.3564282468412,0.0,4078.507250868747,0.0,-2.739705172874685e-07,ska_mid1_interferom,2.944967121032568,2.954967114675207,26.555076054754856,26.988601352080103,0.016325515183287193,0.016193686802635665
0.0,0.0,-0.020055522855663248,0.460445406000593,0.0,0.0,4083.495489221158,0.0,-2.7395284410734944e-07,ska_mid1_interferom,2.954967114675207,2.964967108400682,26.988601352080103,27.42899096127219,0.016317615108948434,0.016185913599143884
0.0004169640738494862,0.0,-0.019660705261936612,0.46708145666073664,2039.6347613710327,0.0,4118.502775097426,0.0,-2.74857841358181e-07,ska_mid1_interferom,2.964967108400682,2.9749671022078625,27.42899096127219,27.876828401886996,0.016327156957655492,0.01619530220342768
0.0008408104534421248,0.0,-0.019771788867070688,0.4738201217811539,4080.0,0.0,4081.003260805841,0.0,-2.7641277689344123e-07,ska_mid1_interferom,2.9749671022078625,2.9849670960956383,27.876828401886996,28.331717268841746,0.016317812786907943,0.01618610810324122
0.0004238690313760226,0.0,-0.019744402747300042,0.4806541313528772,2040.3738211791729,0.0,4092.491662321739,0.0,-2.767778694846677e-07,ska_mid1_interferom,2.9849670960956383,2.994967090062917,28.331717268841746,28.79305058970083,0.016283281259708238,0.016152130430687424
0.0008610603492323848,0.0,-0.01962233940081931,0.48757268808707527,4080.0,0.0,4130.006115174051,0.0,-2.7619462133119906e-07,ska_mid1_interferom,2.994967090062917,3.0049670841086216,28.79305058970083,29.261861722541695,0.01628209318704695,0.01615096139309946
0.0017422328526693189,0.0,-0.018887212499216592,0.4945927910969924,8160.0,0.0,4047.498407574873,0.0,-2.7743758287419586e-07,ska_mid1_interferom,3.0049670841086216,3.014967078231692,29.261861722541695,29.73930925655456,0.016316375852636372,0.016184694239123807
0.0004406422802510753,0.0,-0.017554956410327574,0.5017334494958406,2039.9999999999998,0.0,4135.999242585916,0.0,-2.7816087743408533e-07,ska_mid1_interferom,3.014967078231692,3.024967072431087,29.73930925655456,30.223928113759445,0.016295565341621906,0.01616421761926991
0.0,0.0,-0.016643273365532958,0.5089693239422246,0.0,0.0,4094.5014350262,0.0,-2.796581411135055e-07,ska_mid1_interferom,3.024967072431087,3.0349670667057773,30.223928113759445,30.716253884677997,0.016289271502549003,0.016158024678184515
0.0,0.0,-0.015513844362234306,0.5163089134634677,0.0,0.0,4108.998840233606,0.0,-2.806215532236718e-07,ska_mid1_interferom,3.0349670667057773,3.044967061054753,30.716253884677997,31.217048673157677,0.016303901848183675,0.016172420422327128
0.0,0.0,-0.013488929641601614,0.47977887617039816,0.0,0.0,3787.0315430105147,0.0,4.4792179878257025e-06,ska_mid1_interferom,3.044967061054753,3.054134846868258,31.217048673157677,31.68334309890446,0.01493717201228346,0.01482671108261065
0.00019785957494203408,0.0,-0.00013853059351991184,0.00016536752161830536,272276.9240650921,0.0,14029.472982189112,0.0,-8.592681632038489e-08,chime_icyl,0.7791135653955662,0.787718973798076,0.004241872177111795,0.004466482753335902,0.052950812010804246,0.05159651982033593
2.4271198430479457e-05,0.0,-0.00018899218821802712,0.00020147325389463115,301900.48112027114,0.0,14219.046629060587,0.0,6.3318579753523945e-09,chime_icyl,0.787718973798076,0.7977187172086173,0.004466482753335902,0.004503241349300961,0.008229875272126584,0.008196194514736023
2.887401390239686e-05,0.0,-6.57152437650957e-06,0.00020104652370144237,288486.0662457972,0.0,14270.049390701683,0.0,-4.692657506709324e-09,chime_icyl,0.7977187172086173,0.8077184675903505,0.004503241349300961,0.004726585669870784,0.049596346996701055,0.04840565882501243
2.2339608978082674e-05,0.0,-1.2585163303888582e-05,0.0002088981996943052,280495.27415647067,0.0,14317.527863564675,0.0,-4.983523465522059e-09,chime_icyl,0.8077184675903505,0.8177182246910436,0.004726585669870784,0.004945233331715818,0.04625911326198636,0.045221053189334316
1.757188629658243e-05,0.0,4.090227321405595e-06,0.00021639333993874745,259499.27941140946,0.0,14363.054498652098,0.0,-5.9779440009481584e-09,chime_icyl,0.8177182246910436,0.8277179882704861,0.004945233331715818,0.005183282807328552,0.048137157469602995,0.04701445278350059
2.532737153940566e-05,0.0,1.0843049242121473e-05,0.00022459014687171508,252768.17056847445,0.0,14390.544418873555,0.0,-5.855836977135815e-09,chime_icyl,0.8277179882704861,0.8377177580994417,0.005183282807328552,0.005444037519144817,0.05030686565039216,0.049082374472216236
1.7613330563163385e-05,0.0,1.0650390614916792e-05,0.00023360936326575642,250510.0587652537,0.0,14437.51911725996,0.0,-5.565775560929348e-09,chime_icyl,0.8377177580994417,0.8477175339592583,0.005444037519144817,0.005705905037813094,0.048101710862090516,0.04698063353889883
3.379219120501648e-05,0.0,2.9826001361707688e-05,0.0002425092822599153,238157.2745286412,0.0,14468.56290440058,0.0,-5.7102384647021596e-09,chime_icyl,0.8477175339592583,0.8577173156412453,0.005705905037813094,0.006012026802401268,0.05364999286870394,0.05226031989290177
2.9556361765494426e-05,0.0,2.3897303186883685e-05,0.0002531101695679651,230336.0,0.0,14504.019959348305,0.0,-6.547391506552226e-09,chime_icyl,0.8577173156412453,0.8677171029459303,0.006012026802401268,0.006318584089530104,0.05099067206526656,0.049733216560724935
3.974025224876388e-05,0.0,4.089982241528136e-05,0.00026354016584386223,222082.57066020157,0.0,14543.019528559962,0.0,-6.2911443737484766e-09,chime_icyl,0.8677171029459303,0.8777168956827925,0.006318584089530104,0.006662758038893638,0.05447010667054823,0.05303837219020289
2.9259297463079985e-05,0.0,4.516425053320566e-05,0.000275341106363358,208743.12108494516,0.0,14572.038217366673,0.0,-5.31142813709999e-09,chime_icyl,0.8777168956827925,0.8877166936695574,0.006662758038893638,0.0070125173818251455,0.05249467876362891,0.05116323075509044
5.479659726744115e-05,0.0,7.525373468573212e-05,0.000287157251363334,203827.78308744615,0.0,14599.542073550887,0.0,-8.200285561035987e-09,chime_icyl,0.8877166936695574,0.8977164967318261,0.0070125173818251455,0.007429716764856091,0.059493525693388186,0.0577909879887054
2.091337483976011e-05,0.0,6.916199339493776e-05,0.0003015071821157662,195071.2158890939,0.0,14629.513725173292,0.0,-1.0202271520710491e-08,chime_icyl,0.8977164967318261,0.9077163047027712,0.007429716764856091,0.007821289112935035,0.052703536416240274,0.05136165164656812
1.4559670049084069e-05,0.0,0.00012538581120985915,0.0003145860747258188,185815.42696678973,0.0,14663.525373883025,0.0,-7.92070057944479e-09,chime_icyl,0.9077163047027712,0.9177161174224676,0.007821289112935035,0.008275812748219216,0.05811364708823756,0.05648774457492163
2.3246016598630948e-05,0.0,0.00016248058498938972,0.0003299488148461551,188928.00000000003,0.0,14689.516070333766,0.0,-8.791583207364452e-09,chime_icyl,0.9177161174224676,0.9277159347377504,0.008275812748219216,0.008791479373070185,0.06231008851208361,0.06044586561657592
2.9492112822086415e-05,0.0,0.00018760155510590446,0.0003474699590866168,172191.55687813403,0.0,14709.530031429402,0.0,-1.0011158393067267e-08,chime_icyl,0.9277159347377504,0.9377157565018328,0.008791479373070185,0.0093560329889264,0.06421599731957954,0.062238375316330766
1.2934681494237487e-05,0.0,0.00022531808650285134,0.00036661793427929766,167263.46947476675,0.0,14737.51819925712,0.0,-9.757320644771877e-09,chime_icyl,0.9377157565018328,0.9477155825738428,0.0093560329889264,0.009960893933882142,0.06464929587910208,0.06264544528631921
1.8047798783296972e-05,0.0,0.0002872632323736586,0.0003870142434383206,168689.56897268476,0.0,14763.0,0.0,-1.1184119069757277e-08,chime_icyl,0.9477155825738428,0.9577154128186958,0.009960893933882142,0.010653208024358348,0.06950320875531946,0.06719424977455055
3.038183575024594e-05,0.0,0.0003187061972618751,0.00041044985368883144,162047.90883416712,0.0,14781.520127573593,0.0,-1.1837436713258647e-08,chime_icyl,0.9577154128186958,0.9677152471066875,0.010653208024358348,0.011412734073622588,0.07129552408322441,0.06886868625396078
3.0623893790099666e-05,0.0,0.00020832948050350611,0.0004360782468382897,149190.59609802684,0.0,14812.530217740194,0.0,-1.1358690443217484e-08,chime_icyl,0.9677152471066875,0.977715085313232,0.011412734073622588,0.01208775433606404,0.059146235957742765,0.057463145808980355
1.8613740301325913e-05,0.0,0.00015446590792443318,0.00045809769348186034,144232.74785663493,0.0,14823.010291594714,0.0,-1.018208408861065e-08,chime_icyl,0.977715085313232,0.9877149273187228,0.01208775433606404,0.01271892149568757,0.052215419181744195,0.05089786443808918
3.370722711687043e-05,0.0,0.00016094923912512925,0.00047812248951822173,150156.08631529182,0.0,14852.523934717196,0.0,-1.022851926816897e-08,chime_icyl,0.9877149273187228,0.9977147730081144,0.01271892149568757,0.013391690222928524,0.05289510808515174,0.0515436157354416
2.0641392565699414e-05,0.0,0.00015595135484038037,0.0004993912911576254,134649.6506078728,0.0,14863.01233613491,0.0,-1.005608001450702e-08,chime_icyl,0.9977147730081144,1.007714622270811,0.013391690222928524,0.014067664205412216,0.0504771220981744,0.049244462958369775
1.6293213854880895e-05,0.0,0.00019629415638609658,0.000520454722518261,128003.95322049207,0.0,14883.992751366837,0.0,-9.963593954740044e-09,chime_icyl,1.007714622270811,1.0177144750005145,0.014067664205412216,0.014800696334577498,0.05210759358922321,0.0507953843606858
2.572458767444049e-05,0.0,0.0002325632656825347,0.0005432941266307267,131914.87313200356,0.0,14903.513014983644,0.0,-1.1240696326034069e-08,chime_icyl,1.0177144750005145,1.027714331094828,0.014800696334577498,0.015602267073868874,0.05415763699027731,0.0527419996479203
1.7237085984024616e-05,0.0,0.0002752886912016694,0.0005682921718386318,124978.205396726,0.0,14928.020858775111,0.0,-1.1463700433612047e-08,chime_icyl,1.027714331094828,1.0377141904552367,0.015602267073868874,0.016463073559192767,0.05517188503750177,0.053703677863485594
1.9627601714259467e-05,0.0,0.0003227743711062953,0.0005950620607928024,125999.76302762245,0.0,14931.018160170073,0.0,-1.2205857736181144e-08,chime_icyl,1.0377141904552367,1.0477140529869249,0.016463073559192767,0.017400525386948387,0.05694269811678992,0.05538049360854944
1.739165055559188e-05,0.0,0.00040567100881662535,0.000624190570501007,108112.56024005142,0.0,14953.986659193592,0.0,-1.3264816553328932e-08,chime_icyl,1.0477140529869249,1.0577139185984754,0.017400525386948387,0.01844776535200506,0.0601843876416614,0.05844284360166451
1.777417560706322e-05,0.0,0.00048487610408389273,0.0006568069553607577,119115.22849765916,0.0,14974.99564409879,0.0,-1.4467326330497418e-08,chime_icyl,1.0577139185984754,1.067713787201837,0.01844776535200506,0.019607208119730442,0.06285003877715549,0.060954015821124925
2.9000657005496814e-05,0.0,0.0005875891936551608,0.0006929221550862885,109581.24906715887,0.0,14980.55866961314,0.0,-1.54162783805248e-08,chime_icyl,1.067713787201837,1.0777136587121707,0.019607208119730442,0.020916704709199006,0.06678648900303341,0.06465084826898655
0.0002920290537532105,0.0,0.000668164145069095,0.000733789642704459,103575.6738025608,0.0,14997.50522477249,0.0,-1.617729376697886e-08,chime_icyl,1.0777136587121707,1.0877135330476069,0.020916704709199006,0.022610671373432006,0.08098630677173572,0.07787387139065839
1.6256908922924543e-05,0.0,0.0005358536028677007,0.0007874550378051568,108561.96086050244,0.0,15017.00614198644,0.0,-2.8185367487797558e-08,chime_icyl,1.0877135330476069,1.097713410129206,0.022610671373432006,0.023950208737660298,0.059243590873744464,0.05755505987959867
2.9051251278142672e-05,0.0,0.0009667712774478731,0.0008281450553186893,94637.97885774303,0.0,15033.49699148967,0.0,-2.0035292829302252e-08,chime_icyl,1.097713410129206,1.1077132898808333,0.023950208737660298,0.025774156286412175,0.07615581011132593,0.07339525619254648
2.3483412281967062e-05,0.0,0.001123486356834524,0.0008848908846870437,99572.60118692569,0.0,15032.015719341984,0.0,-2.3529746969540995e-08,chime_icyl,1.1077132898808333,1.1177131722289528,0.025774156286412175,0.02780599341046874,0.07883234281184698,0.07587929219355284
2.602948879587375e-05,0.0,0.001313820295278509,0.0009479533102822557,92649.09070325915,0.0,15060.007700147227,0.0,-2.412751080298497e-08,chime_icyl,1.1177131722289528,1.127713057102594,0.02780599341046874,0.030093772377314573,0.08227646943138893,0.07906666481992741
1.5725143140297473e-05,0.0,0.0015824659383502598,0.0010188209736970767,86638.85075920075,0.0,15059.506601024497,0.0,-2.8179834179238536e-08,chime_icyl,1.127713057102594,1.1377129444332434,0.030093772377314573,0.03271075625266803,0.08696097792399754,0.08338570862072504
9.534317552407803e-05,0.0,0.001923149621356793,0.0010998087133026954,95807.58339328368,0.0,15077.489837070403,0.0,-3.104912175960601e-08,chime_icyl,1.1377129444332434,1.1477128341546703,0.03271075625266803,0.03582902671372984,0.09532859579813188,0.09105440573809846
2.39981994480609e-05,0.0,0.002295554485621733,0.0011964611911178666,81989.13754126107,0.0,15090.519009302794,0.0,-3.363455062439664e-08,chime_icyl,1.1477128341546703,1.1577127262028974,0.03582902671372984,0.03934500695536687,0.09813217282538386,0.09361071182213451
0.00010851646172648497,0.0,0.0030191437488583236,0.001305018325559884,86991.1310059361,0.0,15092.984035810685,0.0,-4.265004494523252e-08,chime_icyl,1.1577127262028974,1.1677126205161104,0.03934500695536687,0.043777642841466624,0.11266069646723288,0.10675417088958267
3.381215545081717e-05,0.0,0.0032899513320350862,0.0014423751020080846,81008.68975866292,0.0,15114.031283131186,0.0,-4.385559005146441e-08,chime_icyl,1.1677126205161104,1.177712517034503,0.043777642841466624,0.04854373757537056,0.1088705198487627,0.10334194758330084
1.9248314352883218e-05,0.0,0.0041644815185250305,0.001588853633054779,83996.59430295983,0.0,15118.001702848522,0.0,-5.219195979248239e-08,chime_icyl,1.177712517034503,1.1877124157002574,0.04854373757537056,0.05431626884934346,0.11891402603704093,0.11235859531203675
1.2393211551298545e-05,0.0,0.004791270286265005,0.0017661809834554941,64000.0,0.0,15130.989989181142,0.0,-6.106080150311538e-08,chime_icyl,1.1877124157002574,1.1977123164574688,0.05431626884934346,0.06088605226981375,0.12095424740408517,0.11418032916619103
2.1087124936665068e-05,0.0,0.005735891004523067,0.001967012873630163,85990.19121891004,0.0,15145.016347968483,0.0,-7.025994534856068e-08,chime_icyl,1.1977123164574688,1.2077122192520025,0.06088605226981375,0.06860997301295829,0.1268586228733691,0.1194337816459819
1.7821033392321525e-05,0.0,0.006683941594257314,0.002202373123091586,62003.2036229849,0.0,15144.0,0.0,-7.635799405812902e-08,chime_icyl,1.2077122192520025,1.2177121240314817,0.06860997301295829,0.07751403240570547,0.1297779171413677,0.12202107990579514
0.005020389340501927,0.0,0.008347833331512438,0.0024724243987515274,80995.29151143768,0.0,15167.510201725217,0.0,-9.358900045462075e-08,chime_icyl,1.2177121240314817,1.2277120307452316,0.07751403240570547,0.09335458588747089,0.20435723687882187,0.18594601124852006
1.2891284685581237e-05,0.0,0.004892423960316915,0.0029593525782522874,57001.537833919996,0.0,15173.506920252641,0.0,4.8607767254110476e-08,chime_icyl,1.2277120307452316,1.2377119393441385,0.09335458588747089,0.10121930231849294,0.08424563567238284,0.08088447852107127
2.929039264023835e-05,0.0,0.012807033337068193,0.0031883756056979057,75036.56864251815,0.0,15177.50075340411,0.0,-1.2763715352225663e-07,chime_icyl,1.2377119393441385,1.2477118497806523,0.10121930231849294,0.11724387401674574,0.1583153739573355,0.14696668573118551
1.4423759666760399e-05,0.0,0.017009849973613163,0.0036704234395415164,55171.61803549916,0.0,15177.491879782765,0.0,-1.6041632255149987e-07,chime_icyl,1.2477118497806523,1.2577117620087337,0.11724387401674574,0.13793841077324465,0.1765084694620645,0.16255112802215163
0.00010080716159031602,0.0,0.025021192463488606,0.0042919671552278105,73296.35716883668,0.0,15201.0,0.0,-2.071715009414109e-07,chime_icyl,1.2577117620087337,1.267711675983733,0.13793841077324465,0.1673521703820504,0.2132383535805607,0.1932931099004778
1.6212078703834523e-05,0.0017366040429862442,0.048730816269780625,0.0051220640686695535,57226.57693699629,13755.469316154356,15161.449682533235,0.0,-3.0923003506806264e-07,chime_icyl,1.267711675983733,1.2777115916623916,0.1673521703820504,0.21948434952618312,0.31151181980562,0.2711805327169816
1.7120881528029252e-05,0.028725792374182744,0.07539892290312494,0.005864705439429068,56224.0,171940.98614124474,14907.390982394536,0.0,-5.798051916833839e-07,chime_icyl,1.2777115916623916,1.2877115090027935,0.21948434952618312,0.27203872657089073,0.23944475839922336,0.21466350385106917
2.9635002660825384e-05,0.06034218782656725,0.09354884908274214,0.0064700776746220824,65253.169352584344,312917.4565654694,14640.390464717737,0.0,-3.2937580081184345e-07,chime_icyl,1.2877115090027935,1.2977114279642672,0.27203872657089073,0.3117447711285477,0.14595732401103542,0.13624037851628987
1.8710479144434383e-05,0.08188405907829913,0.10724518291113365,0.006984239647544252,49205.36946297653,401507.3031590437,14367.912011303863,0.0,-3.013621350658972e-07,chime_icyl,1.2977114279642672,1.3077113485073788,0.3117447711285477,0.34410854372593586,0.10381496530071062,0.09877232991351736
1.4961961870253807e-05,0.09768493772167913,0.11954099811651607,0.007444264973664634,59234.68860327236,462233.9353520161,14115.89811858092,0.0,-2.618968928388516e-07,chime_icyl,1.3077113485073788,1.3177112705938931,0.34410854372593586,0.3734235691594148,0.08519121645763851,0.08175620783110588
1.6592986425787823e-05,0.11048110932421407,0.13140869329940436,0.007897760787011012,51195.0062416347,503959.72941100266,13855.408501177702,0.0,-1.999366543150562e-07,chime_icyl,1.3177112705938931,1.3277111941866913,0.3734235691594148,0.4022653069713876,0.07723598667565688,0.07439848900558149
2.141076784673517e-05,0.1224746405704383,0.14288064843507783,0.00835616236502282,50200.0,535282.1171675056,13604.90722287785,0.0,-2.2959034832111741e-07,chime_icyl,1.3277111941866913,1.33771111924976,0.4022653069713876,0.4310486583785484,0.0715531538721734,0.06910914167467307
1.3579414987341867e-05,0.1358670889456331,0.1528181266103375,0.008766310275270625,56226.466392648166,569634.3077525416,13371.420775734161,0.0,-1.942984018883542e-07,chime_icyl,1.33771111924976,1.3477110457481558,0.4310486583785484,0.45677939143510893,0.05969333753026955,0.05797956205071095
1.1684353458290528e-05,0.14796860177217788,0.16070691459695874,0.009120008722127383,44171.16751930992,600642.8590573007,13129.42840323679,0.0,-1.7868865609215127e-07,chime_icyl,1.3477110457481558,1.357710973647943,0.45677939143510893,0.4786492186468193,0.04787831417481376,0.04676746672866774
1.6974589656427022e-05,0.1555631745289568,0.16878052713594627,0.009489054213259596,54227.83519959368,614120.8866934222,12890.918662472912,0.0,-2.059760150046241e-07,chime_icyl,1.357710973647943,1.3677109029161711,0.4786492186468193,0.5013723940807098,0.04747354544551592,0.046381117550629423
2.6542529538568743e-05,0.16442754474219518,0.17746219962843932,0.009842015820093801,48178.08738530368,628751.122378223,12675.926095008253,0.0,-1.4334971535010158e-07,chime_icyl,1.3677109029161711,1.37771083352085,0.5013723940807098,0.524275463966871,0.04568075577466739,0.04466811425393287
2.462950777689896e-05,0.1744664873065913,0.1847622920809771,0.01016252885071927,44185.08562527661,644871.3209869012,12457.416858384233,0.0,-1.873419906851183e-07,chime_icyl,1.37771083352085,1.3877107654309009,0.524275463966871,0.5447582397577623,0.03906872855714189,0.03832485868502855
1.0684267780226674e-05,0.1810443722871437,0.1926935280733731,0.010509805753152902,41228.72022193705,648205.0127426833,12242.431855962544,0.0,-1.390894697349043e-07,chime_icyl,1.3877107654309009,1.3977106986161278,0.5447582397577623,0.5669277464754551,0.04069604661244026,0.03988976487713852
1.2867656383109595e-05,0.18958848417961027,0.20030501411661744,0.010845707060209018,46368.0,655525.0168334402,12023.941392753277,0.0,-1.8548444584372313e-07,chime_icyl,1.3977106986161278,1.4077106330471918,0.5669277464754551,0.5885026656446085,0.03805585333101617,0.03734959190012778
1.8496128694137395e-05,0.19964997066864684,0.2053569807938762,0.011117873702486892,41326.9284684476,669935.4569648893,11822.425056572973,0.0,-1.0336104224441693e-07,chime_icyl,1.4077106330471918,1.4177105686955866,0.5885026656446085,0.6053459422399767,0.028620561262741536,0.028218643720178783
2.297458195492914e-05,0.20423845724512396,0.21193599533896276,0.011408374404929214,47379.14842966849,667922.542217226,11625.943778041634,0.0,-1.0089559022949135e-07,chime_icyl,1.4177105686955866,1.427710505533592,0.6053459422399767,0.6244747284251093,0.03159975949347221,0.03111076188570042
8.05959835276949e-06,0.20984093799518033,0.22011220546211324,0.011732302737664041,33258.86086229202,664256.8519229507,11425.953095171713,0.0,-1.83370423474716e-07,chime_icyl,1.427710505533592,1.4377104435342651,0.6244747284251093,0.6464861748576356,0.035247937875785514,0.034640951532147864
2.447124732751434e-05,0.21909989811341402,0.22575711661656206,0.01203130286634893,41333.03287681509,671933.505868698,11241.939086213151,0.0,-2.7067721933158657e-08,chime_icyl,1.4377104435342651,1.4477103826714126,0.6464861748576356,0.6651991404067382,0.028945654643308425,0.028534641699499208
2.4053222411776586e-05,0.2229918010021476,0.23162407182196149,0.012385305445683491,44346.0857332675,664469.0491719685,11054.450616655095,0.0,-3.735650034104344e-08,chime_icyl,1.4477103826714126,1.457710322919552,0.6651991404067382,0.686240732538147,0.031632019425856174,0.0311420331492745
1.829553240627377e-05,0.2312826959816045,0.23831023561639716,0.012678403725715628,33266.89567849593,665303.8467894974,10867.95116415235,0.0,-1.0716756094114134e-07,chime_icyl,1.457710322919552,1.4677102642539004,0.686240732538147,0.7059648642635006,0.028742292303753855,0.028336980688247845
1.1421289065692079e-05,0.24175290019007994,0.243980800352265,0.012871861528563946,34266.329327540836,674497.9785102808,10692.449837801494,0.0,-9.549045606549458e-08,chime_icyl,1.4677102642539004,1.4777102066503565,0.7059648642635006,0.7210759517528592,0.021404871905520834,0.021179005051165465
3.211938324776983e-05,0.24669826238452963,0.249946743443213,0.013088859259932584,43346.77608199219,668789.7368872782,10526.959607272602,0.0,-1.1436923620058833e-07,chime_icyl,1.4777102066503565,1.4877101500854588,0.7210759517528592,0.7374452970854868,0.022701277573930218,0.02244743804576059
0.0002676415070432006,0.24673780524846717,0.2566284486447255,0.01347321706250837,36289.811927915056,648488.1222332324,10347.955960085397,0.0,-7.016783945337152e-08,chime_icyl,1.4877101500854588,1.4977100945363833,0.7374452970854868,0.7610767288834572,0.03204499627479626,0.03154226715034237
0.00044596126753905757,0.2587689486193193,0.2594138984891817,0.013724906961827009,29231.113085799985,660947.6445304197,10193.947207488094,0.0,-4.6806106800269995e-08,chime_icyl,1.4977100945363833,1.5077100399809134,0.7610767288834572,0.775892500176579,0.019466856271978392,0.01927980071674649
3.182286749733882e-05,0.26554847630662776,0.2662059479125488,0.01387744389335623,40323.47281536423,661730.060383246,10012.471146003298,0.0,-3.9050914437770135e-08,chime_icyl,1.5077100399809134,1.5177099863974273,0.775892500176579,0.7904591994924391,0.018774120528997344,0.018600061885530088
1.1832920537684561e-05,0.2659127341273535,0.27196869080710334,0.014195710206942078,30236.600697885056,639214.3205828837,9861.458267496357,0.0,-9.282078015701765e-08,chime_icyl,1.5177099863974273,1.52770993376487,0.7904591994924391,0.8107226064788886,0.025634981539162015,0.025311914967609137
2.816675032617531e-05,0.2751291019376134,0.27457243449806057,0.014426332808319548,28224.0,645516.6473616022,9706.961216975264,0.0,-1.1081574097308139e-07,chime_icyl,1.52770993376487,1.5377098820627415,0.8107226064788886,0.8246203277822406,0.01714238778133034,0.01699711491752538
9.17901522305502e-05,0.27919451734932177,0.2845994423397591,0.0146224151003298,36283.11578039877,637921.1217991635,9557.460024988384,0.0,-2.5225897864062982e-08,chime_icyl,1.5377098820627415,1.5477098312710826,0.8246203277822406,0.8447394327993403,0.0243980221433646,0.02410514459494656
1.713163926204059e-05,0.2844752511938117,0.28446258856563233,0.014950533429048722,29239.169510019026,626319.8936536531,9420.977081592751,0.0,-3.159477896326212e-08,chime_icyl,1.5477098312710826,1.557709781370447,0.8447394327993403,0.8596944036446929,0.01770364950975952,0.017548765246225312
1.5926095664317007e-05,0.28922596576333814,0.2979354840298841,0.015152899156944712,31245.661522908442,621592.760933022,9261.958241480508,0.0,-6.756688114207753e-08,chime_icyl,1.557709781370447,1.5677097323418954,0.8596944036446929,0.8835726795969667,0.027775306959125723,0.02739657014545522
4.205910801106628e-05,0.30612500375730683,0.2898637553062239,0.015268364458878258,28224.000000000004,636963.7427500042,9127.477679779764,0.0,-5.7249012413084815e-08,chime_icyl,1.5677097323418954,1.5777096841669769,0.8835726795969667,0.8826217974637606,-0.0010761787402026627,0.001076758236341405
1.1671420681121071e-05,0.29272575456831185,0.30354027881254564,0.015527059263660384,22177.492281166447,604697.1605205584,8979.467060261952,0.0,-1.4294425393790291e-08,chime_icyl,1.5777096841669769,1.5877096368277113,0.8826217974637606,0.9089750380979105,0.02985790823416859,0.02942083955442039
9.906745705406478e-05,0.30642249840793967,0.30485244482075646,0.015789058892334167,43341.810311199806,602706.7053556525,8847.467777396956,0.0,-6.512604609597757e-08,chime_icyl,1.5877096368277113,1.5977095903065777,0.9089750380979105,0.9232930457340693,0.015751816096204616,0.015629043820310107
2.4477409124790544e-05,0.31194058143029246,0.3087703683109767,0.015948579205010437,19149.85820500817,606807.4107230711,8716.469190449028,0.0,-9.147360782948197e-08,chime_icyl,1.5977095903065777,1.6077095445864995,0.9232930457340693,0.9360957977552811,0.013866401442494162,0.013771142487185375
1.0869621477292067e-05,0.3105089406478905,0.3130169485362872,0.016248002151361567,22174.603518073876,582065.3594300088,8581.980604417693,0.0,-1.001035972735183e-07,chime_icyl,1.6077095445864995,1.6177094996508332,0.9360957977552811,0.9548625773129193,0.02004792629412528,0.019849612755213714
3.036804974436001e-05,0.3216994909642046,0.323537250855663,0.016373045331326674,34297.381894578095,590120.1571566383,8449.974258826485,0.0,-9.842913330447732e-08,chime_icyl,1.6177094996508332,1.6277094554833498,0.9548625773129193,0.9731036521563154,0.019103350866182593,0.018923172911262442
1.918121728880671e-05,0.32508864585813446,0.32376818205976576,0.016684578717870727,26309.318767273006,572826.3282037047,8319.980791563961,0.0,-5.688609706620082e-08,chime_icyl,1.6277094554833498,1.637709412068227,0.9731036521563154,0.9884868914070093,0.015808428235374403,0.01568477649114007
1.3549251916900814e-05,0.3356562366542657,0.3216629466757846,0.016736423030375484,20242.62138645395,587364.028493331,8198.475068335356,0.0,-1.0587704673749472e-07,chime_icyl,1.637709412068227,1.6477093693900382,0.9884868914070093,0.9912434678337738,0.0027886828350761643,0.002784801672978029
1.1512775814411695e-05,0.3230766838932614,0.3348112973526266,0.017056672061356058,24286.718723770122,549600.4878851168,8091.485123522035,0.0,-3.4497363629395575e-08,chime_icyl,1.6477093693900382,1.6577093274337358,0.9912434678337738,1.020046231632946,0.029057204141901286,0.0286430472813728
4.390425917123353e-05,0.34512647084967374,0.33056401021183524,0.017156306845139982,26313.252355082375,567962.1462174768,7959.973393642024,0.0,-1.282590931821797e-07,chime_icyl,1.6577093274337358,1.6677092861846443,1.020046231632946,1.0226838538403253,0.002585786923752414,0.0025824495287019005
5.182013635709688e-05,0.3386207985910602,0.33583682321767333,0.01731603747360483,29348.611959873488,554571.3718263386,7849.981254193598,0.0,-1.0561455408715244e-07,chime_icyl,1.6677092861846443,1.677709245628447,1.0226838538403253,1.0372676304623463,0.014260298104107876,0.014159576470776633
4.0497281960282896e-05,0.3412924070133133,0.34006997911583864,0.0175444623941758,21249.010098921928,540059.9220025805,7728.482568758536,0.0,1.1166476808025322e-08,chime_icyl,1.677709245628447,1.6877092057511782,1.0372676304623463,1.0536301734074844,0.015774658790658314,0.015651532027810305
8.38261666144324e-06,0.3503965737429309,0.34033153220004175,0.017654387583885305,14166.831532419763,539150.3262354848,7626.4783510206225,0.0,-2.557601999124259e-08,chime_icyl,1.6877092057511782,1.6977091665392092,1.0536301734074844,1.0612278764891223,0.0072109771278346954,0.007185102346111223
5.3939584148796134e-05,0.35128978593934557,0.34315535227870975,0.017750054973412865,26315.424295610617,536703.9453840731,7518.980825749215,0.0,-8.912433878951317e-08,chime_icyl,1.6977091665392092,1.7077091279792431,1.0612278764891223,1.0708973482617092,0.009111588553983897,0.00907032847154157
2.0679360606627766e-05,0.3440211363280463,0.3544151164358925,0.018099957581563714,27326.787110503916,508226.1999452319,7407.986780503539,0.0,5.4024251786753654e-08,chime_icyl,1.7077091279792431,1.7177090900583,1.0708973482617092,1.0994120193359775,0.026626894837823243,0.026278568772678895
1.8047443144649247e-05,0.3625203539062583,0.35633353893893693,0.018275592968140044,21249.27826076824,514446.21849795745,7298.4825184733145,0.0,3.6848893615697685e-10,chime_icyl,1.7177090900583,1.7277090527637138,1.0994120193359775,1.1115188451484297,0.011012091553960292,0.010951899960840132
1.183665015078385e-05,0.3682602032990851,0.3562388033855054,0.018359985717810074,14166.937022326101,515678.6031825212,7197.985819961859,0.0,-2.6662864981965364e-08,chime_icyl,1.7277090527637138,1.737709016083118,1.1115188451484297,1.117869240939946,0.005713259670975968,0.0056970009005990405
1.9005840305797152e-05,0.36566285344122385,0.3592739726185788,0.018507725215304513,24290.07536336253,503408.2101986001,7095.98667009698,0.0,-8.703179226430339e-08,chime_icyl,1.737709016083118,1.747708980004442,1.117869240939946,1.130007004141119,0.010857945416735064,0.010799421181586047
5.1036130398557326e-05,0.36510887281885107,0.3679950071103809,0.018746249460322606,18212.961601649633,488530.22059543256,6993.985988940414,0.0,7.008727521498551e-08,chime_icyl,1.747708980004442,1.757708944515897,1.130007004141119,1.1516904941106452,0.019188810237514488,0.019007026809160527
1.4415615260919457e-05,0.37489680212267074,0.3725080303414067,0.01896370567679922,23279.45913018935,485347.6777207898,6907.481688681239,0.0,3.603606242832498e-09,chime_icyl,1.757708944515897,1.7677089096059757,1.1516904941106452,1.1682798472250475,0.014404350126387844,0.01430159306543433
4.1197981195575885e-05,0.3874016492308549,0.3636964806005742,0.018989872834930137,22262.071511632224,492707.00717150234,6806.485946045739,0.0,-9.942945377799496e-09,chime_icyl,1.7677089096059757,1.777708875263437,1.1682798472250475,1.163605739467947,-0.004000846002952613,0.004008870798454364
3.531894171222147e-05,0.3710175757760371,0.37581517482982085,0.01920070368668808,17203.529722214364,463513.73009974055,6702.490473621932,0.0,-7.0138523409612064e-09,chime_icyl,1.777708875263437,1.7877088414773032,1.163605739467947,1.1876393541362789,0.020654431181579603,0.020444020757037135
8.648990816343138e-05,0.3839630625749959,0.378371020829404,0.01939559434444279,16190.165500891082,469158.5512646043,6619.98504484422,0.0,-2.3428173116522938e-07,chime_icyl,1.7877088414773032,1.7977088082368506,1.1876393541362789,1.2015291623615618,0.011695308156392685,0.011627446635078012
1.4264969066328717e-05,0.3916468502926281,0.3814530843419923,0.019471832708673507,14172.47159394755,465436.9809227829,6545.487407072381,0.0,1.1878768341851382e-08,chime_icyl,1.7977088082368506,1.8077087755316052,1.2015291623615618,1.2108215059674343,0.007733764520212507,0.007704012262897194
3.90581612178085e-05,0.38722257744025046,0.3864898189313489,0.0197276936736562,29344.94885364666,449270.28965189354,6439.491601164047,0.0,7.507496637238486e-08,chime_icyl,1.8077087755316052,1.8177087433513328,1.2108215059674343,1.2298555743683734,0.015719962279436967,0.015597683486281046
1.1479027839103083e-05,0.4015365039416692,0.38415162821610527,0.019767107664027485,13155.575222761123,457635.70521669154,6350.488037399893,0.0,1.691888840680514e-07,chime_icyl,1.8177087433513328,1.827708711686033,1.2298555743683734,1.23224945452356,0.0019464725818851083,0.0019445806587823215
3.555214927810949e-05,0.3872027643319725,0.4000103448712672,0.020092085233640273,16192.0,424711.9051244862,6278.485891356788,0.0,1.503349690642036e-08,chime_icyl,1.827708711686033,1.8377086805259355,1.23224945452356,1.26518468747927,0.026727731819888814,0.026376785593911413
2.9115159425342914e-05,0.4152506220898223,0.39391633473444077,0.020134399102035138,12144.0,447843.242421672,6190.495020953691,0.0,1.6908415294864376e-08,chime_icyl,1.8377086805259355,1.8477086498614896,1.26518468747927,1.2640139312937644,-0.0009253638595944864,0.0009257922730434465
3.2292095905659426e-05,0.3986609691494054,0.41099563735933015,0.02042548129733262,24290.355144789897,414582.37841697165,6105.987200300055,0.0,-1.3468367797164222e-07,chime_icyl,1.8477086498614896,1.8577086196833648,1.2640139312937644,1.2968062382132495,0.025942994857596997,0.025612184637388125
3.0336912109747657e-05,0.42404843310059304,0.40300404782442506,0.020526213119357598,17202.853664109694,431386.4488972867,6021.493392332648,0.0,-4.299572543856815e-08,chime_icyl,1.8577086196833648,1.8677085899824355,1.2968062382132495,1.2963183599728234,-0.00037621521708460306,0.00037628600378400315
3.9455968242350006e-05,0.41876724583852776,0.4047994064395217,0.02056516189342188,15180.37186395807,421249.5004647329,5951.49173227366,0.0,-3.6723349249029274e-08,chime_icyl,1.8677085899824355,1.8777085607497843,1.2963183599728234,1.3029551017121324,0.005119685059037569,0.00510662403141697
1.3309624090064454e-05,0.41818404119262664,0.39706462681844396,0.020661102562408634,14167.2764458815,421516.42140184663,5856.997855076725,0.0,-2.710208873121474e-07,chime_icyl,1.8777085607497843,1.887708531976692,1.3029551017121324,1.302509828503561,-0.00034174102237770495,0.0003417994291479438
1.3097458884114091e-05,0.40528482172914737,0.41417702102668186,0.02087832219579043,14168.703696557393,392798.72055171384,5806.485571439164,0.0,-7.093639990434239e-08,chime_icyl,1.887708531976692,1.8977085036546368,1.302509828503561,1.33229337651937,0.022866275066827754,0.022608760015345505
1.0550486353872371e-05,0.4261446217718605,0.4092053153067773,0.021012376847409184,12144.0,404803.78964191535,5701.495436750631,0.0,-7.720201671930672e-08,chime_icyl,1.8977085036546368,1.9077084757752785,1.33229337651937,1.3363769201860332,0.003065048388464844,0.0030603607038638967
0.00015839684303934918,0.41723909779822305,0.4203931863423122,0.021239794096860276,18215.335093107533,384672.9618811172,5649.493265518135,0.0,-2.443556335681101e-07,chime_icyl,1.9077084757752785,1.917708448330468,1.3363769201860332,1.3609289553143884,0.018372088560866067,0.018205360737859173
6.362142091861768e-05,0.4339451931770172,0.4279581797498285,0.02134756714837216,21253.61490871143,387486.8561595214,5573.493138233736,0.0,-1.8480116316225043e-07,chime_icyl,1.917708448330468,1.9277084213122324,1.3609289553143884,1.3763529456553274,0.011333428009381944,0.011269685873304191
6.596512237496771e-05,0.4410576841649668,0.41959259784456604,0.02146558835289087,15177.17708836645,391544.57772368076,5484.995350936045,0.0,-2.0415528636124716e-07,chime_icyl,1.9277084213122324,1.9377083947127756,1.3763529456553274,1.376419208654906,4.814390072535587e-05,4.814274184499033e-05
3.9589156363362176e-05,0.4341458601562898,0.4260604385711437,0.021552545501760164,8097.217904356452,376688.5824759966,5428.9924783574825,0.0,-1.7299229343897966e-07,chime_icyl,1.9377083947127756,1.9477083685244665,1.376419208654906,1.38992574873559,0.009812809931563743,0.009764976974777224
1.2136154647273957e-05,0.4373650694942999,0.4349910233475519,0.021714640130572407,8096.000000000001,368953.9949997193,5353.495475028487,0.0,-1.3374100266047263e-07,chime_icyl,1.9477083685244665,1.9577083427398456,1.38992574873559,1.409278345133059,0.013923474987835848,0.013827433867293586
3.5519581459989996e-05,0.4483111600534797,0.42294070698026326,0.021833366761017766,18216.573073141728,375915.3500995123,5298.995469777536,0.0,-1.9384132039893697e-07,chime_icyl,1.9577083427398456,1.967708317351612,1.409278345133059,1.405776584561,-0.0024847898813973924,0.002487882095171189
0.0006241564654188371,0.43368211881915597,0.43799295968439045,0.02201296094067455,18215.444454502933,350018.0138699522,5216.492451827486,0.0,-1.5625503698787128e-08,chime_icyl,1.967708317351612,1.9777082923526244,1.405776584561,1.4327245272068243,0.019169434846035456,0.018988016027786526
3.0330028329924252e-05,0.45087563044363854,0.44405659906178874,0.0221608294143364,15180.807428795611,354523.4712883908,5157.995744775781,0.0,-9.758385371787006e-08,chime_icyl,1.9777082923526244,1.9877082677358904,1.4327245272068243,1.448096557683787,0.010729229649562359,0.010672079883685041
7.275715666042101e-06,0.45964186196732554,0.4361147254089308,0.02223728392989128,9106.696776382654,361316.9323457499,5101.994076256285,0.0,-3.910453539915688e-08,chime_icyl,1.9877082677358904,1.997708243494572,1.448096557683787,1.4468139416664143,-0.0008857254791242664,0.0008861179657104563
3.1386678123757885e-05,0.4483747714984039,0.4400776317045646,0.022389141173296587,10120.5045515532,345089.08488555317,5025.9955128814445,0.0,2.9402686099034127e-08,chime_icyl,1.997708243494572,2.0077082196219744,1.4468139416664143,1.4609373591266814,0.009761737189233904,0.009714399250460547
3.366605341316161e-05,0.44888248421713883,0.4564569667736784,0.02262148031016386,15180.732101383826,328446.10946151207,4973.494815487566,0.0,1.4321796682226053e-07,chime_icyl,2.0077082196219744,2.017708196111547,1.4609373591266814,1.4911671312647647,0.020692038538978875,0.020480866395895032
8.346317645801749e-05,0.4730694014681022,0.4547564624780655,0.022683873613474348,11131.292250414679,340329.8748862912,4899.997435689908,0.0,6.237498078856132e-08,chime_icyl,2.017708196111547,2.0277081729568733,1.4911671312647647,1.4956215914396411,0.0029872306607900087,0.002982777752984169
3.23160205416953e-05,0.474352923985315,0.44406019229059057,0.022682306090239013,10119.544156444512,344882.3775212581,4854.995720836188,0.0,-5.4556998738901935e-08,chime_icyl,2.0277081729568733,2.037708150151678,1.4956215914396411,1.4880434272986989,-0.005066899397759924,0.005079779659595059
0.0001101864312842104,0.45429467871994555,0.453159699361785,0.022887148190418996,15182.42052126649,322864.06610119157,4777.498151775892,0.0,-1.9946366696803973e-07,chime_icyl,2.037708150151678,2.047708127689816,1.4880434272986989,1.5099055830985746,0.014691880222583898,0.014585000125011066
1.0743181496702337e-05,0.46975562039639396,0.45232658645447654,0.022956950258079006,13153.240213754018,325689.79063054087,4745.993287233211,0.0,-2.462781542318014e-07,chime_icyl,2.047708127689816,2.0577081055652675,1.5099055830985746,1.5154439963180786,0.0036680526792531327,0.0036613417796400403
1.1034422176455956e-05,0.4611296214221817,0.46847496148301876,0.023197511241369293,8096.818605184441,308664.9464111322,4658.504752278121,0.0,-5.524566709170876e-08,chime_icyl,2.0577081055652675,2.067708083772139,1.5154439963180786,1.5459978267967944,0.020161636162701762,0.019961081567816674
1.4603096699652821e-05,0.4820644651786079,0.45980537482601175,0.023336993838929974,14167.605748989281,318846.6785578771,4629.990844961707,0.0,8.072743452547988e-08,chime_icyl,2.067708083772139,2.0777080623046618,1.5459978267967944,1.5470904141072623,0.0007067198229713402,0.0007064702141126631
1.1953580137705806e-05,0.47084721520489886,0.4676594998057686,0.023534778819534516,6071.620576206556,303447.2816442804,4558.997750451817,0.0,7.465836444710174e-08,chime_icyl,2.0777080623046618,2.0877080411571867,1.5470904141072623,1.5674495057661688,0.013159600417183472,0.013073765094584236
8.704349202509072e-06,0.4838494056751051,0.47296987332392726,0.0236234476702086,8112.732518049585,305013.8500306852,4514.997476561837,0.0,1.561215115917786e-08,chime_icyl,2.0877080411571867,2.09770802032418,1.5674495057661688,1.580202141046553,0.008135914575538871,0.008102996448066934
1.5852453896485115e-05,0.491899949549537,0.46728567446143754,0.023654362481684003,12192.703624197911,308521.6911912316,4456.996710418366,0.0,-2.3236227218947199e-07,chime_icyl,2.09770802032418,2.1077079998002217,1.580202141046553,1.5792578485317619,-0.0005975770379387765,0.0005977556582600057
8.289519943353307e-05,0.4820709770580017,0.46942879143673977,0.023776027619533922,22351.662421027097,296176.5688338598,4403.9960128467765,0.0,-1.0538488281071967e-07,chime_icyl,2.1077079998002217,2.117707979579997,1.5792578485317619,1.5904744803445845,0.00710247020348877,0.007077366457642859
5.614480611111011e-06,0.47859964348367,0.4833943801282276,0.024022695008507997,6095.02933203524,284249.2980454805,4340.998885387837,0.0,-2.633125026551151e-08,chime_icyl,2.117707979579997,2.127707959658309,1.5904744803445845,1.6192975001470111,0.018122277445270278,0.017960026283692573
1.1563536961647786e-05,0.4947146754130529,0.4905705218869528,0.024225247528971885,8128.619479117575,282077.37818877405,4302.49855190659,0.0,1.7570810754272338e-07,chime_icyl,2.127707959658309,2.137707940030064,1.6192975001470111,1.6393903333949522,0.012408364272850986,0.012332011480909252
2.356468006863651e-05,0.5098118933843718,0.4905546349880365,0.024261217417499058,10159.703873829716,289038.6685980848,4243.498178357713,0.0,-9.020992290541278e-08,chime_icyl,2.137707940030064,2.1477079206902663,1.6393903333949522,1.6444177668862616,0.003066648246545582,0.003061955672014158
4.792784500849542e-05,0.5208313316322805,0.45885264296069606,0.024062172351468517,6095.717287618937,302400.96166731196,4191.99874782902,0.0,-2.648185268906535e-07,chime_icyl,2.1477079206902663,2.1577079016340286,1.6444177668862616,1.6065489135926274,-0.023028730324009847,0.023298034049333678
4.7671314135890164e-05,0.46079257421094016,0.48876940840738275,0.024465921830093704,12192.538989626484,256492.04721464246,4144.496087550693,0.0,-8.401171607410363e-08,chime_icyl,2.1577079016340286,2.1677078828565524,1.6065489135926274,1.6590392569215835,0.03267273276577376,0.03215032751761675
1.1804623560865456e-05,0.5024353921059961,0.4962239741429963,0.02462657761687699,10159.743529837422,271684.76688617514,4093.9988640593197,0.0,-9.966822474568038e-09,chime_icyl,2.1677078828565524,2.177707864353144,1.6590392569215835,1.6774662112321992,0.011107003184968435,0.011045773394234746
2.3766162642468428e-05,0.5194699966921461,0.4794417376947828,0.02458552265443832,10160.243635189574,281742.7914159887,4047.499100755944,0.0,9.556239857684358e-08,chime_icyl,2.177707864353144,2.187707846119199,1.6774662112321992,1.6620473366143154,-0.009191764647561957,0.009234269580282574
5.19905768821395e-05,0.4825550362330394,0.5007988832012299,0.02497078477001273,13207.653519922562,248520.09912422163,4003.497328647697,0.0,-9.59328342553547e-08,chime_icyl,2.187707846119199,2.1977078281502065,1.6620473366143154,1.7053138629965665,0.026032066252930867,0.02569899991801986
2.1692481589174076e-05,0.5230293144467038,0.5027797587384775,0.024959290245241194,5080.327782455311,267092.59061064455,3958.498440667453,0.0,-5.4869058164593204e-08,chime_icyl,2.1977078281502065,2.2077078104417462,1.7053138629965665,1.7100452351461122,0.002774487589769386,0.0027706458034282093
1.6300223334680305e-05,0.511565968656645,0.5066432323054844,0.025230084333390808,12191.587526216228,254811.03255410754,3911.4996447691333,0.0,1.1225943831337784e-07,chime_icyl,2.2077078104417462,2.217707792989481,1.7100452351461122,1.7303689956111155,0.011884925642488487,0.011814854560381583
8.348395789264322e-06,0.5260128978043261,0.5065919030908429,0.025283099470869354,5080.097064746051,255807.6667698482,3857.498614725573,0.0,-5.799195561041329e-08,chime_icyl,2.217707792989481,2.22770777578916,1.7303689956111155,1.7362393907723352,0.0033925683921229395,0.0033868266145593213
1.8995525964963704e-05,0.5251244282161426,0.5019867601411596,0.025354678786998586,9144.273294760043,255792.5781511197,3830.498789540925,0.0,-1.3359688638646875e-07,chime_icyl,2.22770777578916,2.23770775883662,1.7362393907723352,1.7384752634134295,0.0012877674893089902,0.0012869390279232574
1.4259854320086537e-05,0.5086061614360438,0.5201184065905917,0.025676409525338943,8128.0,236719.77856862225,3785.999161244781,0.0,3.377968352303574e-08,chime_icyl,2.23770775883662,2.247707742127776,1.7384752634134295,1.7756782117273202,0.02139975707266846,0.02117399739377148
0.0010941836000190209,0.5481703704576728,0.5141400024750995,0.025557112409052916,8128.0,255495.74797850073,3738.498710187737,0.0,6.037677217551317e-08,chime_icyl,2.247707742127776,2.257707725658624,1.7756782117273202,1.768299200130591,-0.004155601813433923,0.00416426032251918
4.192168018243781e-05,0.5225199864436479,0.5034120948146483,0.025867042205179075,8128.0,236020.32123824937,3685.4998186324246,0.0,-1.0953650898155644e-07,chime_icyl,2.257707725658624,2.2677077094252374,1.768299200130591,1.775100162850444,0.003846047501096311,0.003838670369554956
1.4848477182740063e-05,0.5288500551202722,0.518209583287357,0.025806833846542754,9144.068076019294,241331.4669165261,3655.9991289485724,0.0,5.195338211101571e-08,chime_icyl,2.2677077094252374,2.27770769342376,1.775100162850444,1.7902814252946366,0.008552341305526524,0.008515977219578794
4.4090966023405284e-05,0.5332915048538847,0.5192116485436614,0.02595958573643231,17271.68737725186,234112.23631325844,3611.998646121957,0.0,-1.905309379623082e-08,chime_icyl,2.27770769342376,2.287707677650421,1.7902814252946366,1.8022052266337751,0.006660294393199181,0.006638212625652716
6.836073499197948e-06,0.5401834202173417,0.5022224779776049,0.0259938280346816,4064.0,237095.9501355924,3570.500028076806,0.0,-8.680102988662664e-08,chime_icyl,2.287707677650421,2.297707662101516,1.8022052266337751,1.7902448617011892,-0.006636516616326713,0.006658636211750257
1.71516446036974e-05,0.5059060538459423,0.5423200160392688,0.026383442981493862,2032.1033146031264,213239.91580266596,3544.4989577020847,0.0,-1.6371535610981107e-08,chime_icyl,2.297707662101516,2.3077076467734106,1.7902448617011892,1.8530594021490776,0.03508712232146754,0.034485599330725814
2.7081645324463294e-05,0.5659776618028997,0.5284880520895691,0.026370142725315564,8128.0,234423.80442756426,3488.4996579306744,0.0,6.866817526769898e-11,chime_icyl,2.3077076467734106,2.317707631662545,1.8530594021490776,1.8419670168750553,-0.005985984724050398,0.006003972549764548
8.267960173044513e-05,0.5482491920069772,0.5214194601838116,0.02643663597095643,8128.0,223000.21648158503,3459.9993528203736,0.0,-1.8375557875060529e-07,chime_icyl,2.317707631662545,2.327707616765416,1.8419670168750553,1.8416564168689977,-0.00016862408675725286,0.00016863830539696188
1.337969054507653e-05,0.5325855846101548,0.5467650288358614,0.02668078404921158,6095.9281463169,214311.75586721057,3418.499876236274,0.0,3.111885590994283e-08,chime_icyl,2.327707616765416,2.3377076020786003,1.8416564168689977,1.8825300559533171,0.022193954697483,0.021951253323091745
3.6603897632845016e-05,0.5598152049538483,0.5295901662722512,0.02688907549560652,9144.154153065105,217696.02816024498,3389.499468960898,0.0,-9.203372649189138e-08,chime_icyl,2.3377076020786003,2.3477075875987343,1.8825300559533171,1.8792306046312328,-0.0017526686023684565,0.0017542063229890807
2.2308165371376536e-05,0.5485910367674101,0.5394464233529316,0.026980902055581513,9143.974193941049,211456.4096457862,3329.9996952040283,0.0,-1.0781145081446101e-07,chime_icyl,2.3477075875987343,2.3577075733225152,1.8792306046312328,1.8970890936262563,0.009503085438802728,0.009458215169058825
0.0004731014699188339,0.5628950270052444,0.5461697968065029,0.026983816465029453,13207.937443879535,214367.65520248562,3313.999876858031,0.0,3.192449778842332e-07,chime_icyl,2.3577075733225152,2.367707559246708,1.8970890936262563,1.9078211006074408,0.005657091708155055,0.005641150457345855
9.047323093173421e-06,0.559581886641469,0.5277344583489665,0.027198349640942893,3048.0159674365896,207859.9016179596,3270.9998271242102,0.0,-4.281109395277669e-08,chime_icyl,2.367707559246708,2.3777075453681285,1.9078211006074408,1.9031810264678803,-0.0024321327288408185,0.002435095167984411
6.372251432232679e-06,0.5430139986253684,0.5650169074801463,0.02736978138627527,4064.0000000000005,200700.0493899418,3238.4999615856013,0.0,-9.749223794005752e-08,chime_icyl,2.3777075453681285,2.387707531683663,1.9031810264678803,1.952559991468128,0.025945490372973196,0.025614617045771025
1.998412869904491e-06,0.5910324269761921,0.531983212616675,0.027328221515127073,2031.987195784561,213475.95006860083,3198.4998708236144,0.0,-6.415731141856048e-09,chime_icyl,2.387707531683663,2.3977075181902494,1.952559991468128,1.9208409906208768,-0.016244827808543656,0.016378221636435448
5.4253361724314256e-05,0.5545481809270852,0.5372730107814326,0.027355650173398957,14224.003438497439,198836.0337284109,3177.999984770435,0.0,-2.6698191275452485e-07,chime_icyl,2.3977075181902494,2.4077075048848853,1.9208409906208768,1.9309754570284348,0.005276056923526093,0.005262187298427995
1.4965733135901918e-05,0.5473704592338787,0.5461081415792499,0.02763345067628735,6096.005796926524,195264.0464210573,3127.9999971471816,0.0,2.1521062434553912e-07,chime_icyl,2.4077075048848853,2.417707491764623,1.9309754570284348,1.9573617709938536,0.013664758849925787,0.013572237930567757
0.00020323400646856865,0.5703764790392687,0.5268408781247911,0.027632602005509217,4064.0,200767.9463687414,3096.0001686978867,0.0,-1.0376833032905945e-07,chime_icyl,2.417707491764623,2.427707478826572,1.9573617709938536,1.9416619023230233,-0.008020933535888286,0.008053274274648173
3.396953220855166e-05,0.5289789235484782,0.5822668983141939,0.028075532920997587,4063.9522299971,176872.11519341252,3070.4999118417763,0.0,1.377504193865092e-07,chime_icyl,2.427707478826572,2.4377074660678835,1.9416619023230233,2.0230595172923644,0.04192162130387184,0.04106672102399825
1.7563364114726503e-05,0.5987960131403448,0.5469957290646186,0.02823643972275674,8128.065483230609,194312.08778362215,3033.500153073497,0.0,-6.081770381137695e-08,chime_icyl,2.4377074660678835,2.447707453485777,2.0230595172923644,1.999513175485806,-0.011638976315473192,0.01170723939215033
5.123625894123471e-05,0.5798228414918708,0.5683076510350373,0.028077622403832533,8128.0,191587.79613145237,3011.500398021293,0.0,-1.9445103867810668e-07,chime_icyl,2.447707453485777,2.4577074410775124,1.999513175485806,2.0161266492407077,0.008308759331313382,0.008274431606625431
8.885747759963311e-05,0.5852789676363472,0.5502239374185895,0.02823011120748649,10160.0,187356.08390998514,2969.5001848780516,0.0,6.03545834264095e-08,chime_icyl,2.4577074410775124,2.467707428840405,2.0161266492407077,2.0093906480626194,-0.0033410605333872305,0.003346654339101968
4.07709309125769e-05,0.5665420065471213,0.5692176629041635,0.028398573779349245,6095.9414152277695,178751.84223628265,2942.000172986532,0.0,-1.0730014158211174e-07,chime_icyl,2.467707428840405,2.4777074167718163,2.0093906480626194,2.040505541829782,0.015484741007012462,0.01536607583679551
6.791753626568167e-06,0.5753932214497848,0.5790053664822479,0.028767997603552656,3048.0334815609517,176016.3907060892,2906.000395451507,0.0,1.5433515080320002e-07,chime_icyl,2.4777074167718163,2.4877074048691523,2.040505541829782,2.072892630554575,0.015872090548575902,0.015747446101478685
2.1936652587471466e-05,0.6147842612537591,0.5485796870661136,0.028562439963812386,7111.962386767011,188791.83088853513,2883.0004812716816,0.0,-1.6309626002760116e-07,chime_icyl,2.4877074048691523,2.497707393129871,2.072892630554575,2.0352722698870696,-0.01814872613900933,0.018315434377776066
1.142248052382164e-05,0.5692269764423671,0.5694189356362882,0.028650284391873018,6096.083376561424,174744.1040565747,2842.49973329348,0.0,8.377294904584393e-09,chime_icyl,2.497707393129871,2.5077073815514765,2.0352722698870696,2.0641259443306823,0.014176813034068286,0.01407726179646088
0.0,0.58790089395524,0.5470870808723325,0.02878122633021974,0.0,176788.2060439559,2827.500697310331,0.0,-1.1940949521103858e-07,chime_icyl,2.5077073815514765,2.517707370131514,2.0641259443306823,2.0520932381684993,-0.005829443787202986,0.0058465013175501915
9.949163990293696e-06,0.5493237298385816,0.6000286891037521,0.029230692254545103,4063.8013122347857,158467.6865192051,2781.4996822169114,0.0,-8.381248922527078e-08,chime_icyl,2.517707370131514,2.527707358867576,2.0520932381684993,2.132038755039716,0.038958033379890934,0.03821831994415839
1.206160398772823e-05,0.6368988548327265,0.535538427438756,0.029014546751651098,6096.107164467873,185104.38266996993,2755.0013711989,0.0,-1.8462736676179883e-08,chime_icyl,2.527707358867576,2.537707347757297,2.132038755039716,2.0597049175386477,-0.03392707441648781,0.034515955296544616
3.753336146790593e-05,0.49572897967697466,0.5804799573592709,0.02766311480550785,8127.810206411476,135128.38145522418,2636.503012225999,0.0,2.1328502416963108e-07,chime_icyl,2.537707347757297,2.546861138002697,2.0597049175386477,2.172156756672944,0.05459609198228092,0.053157842420168286
8.174198147446022e-06,0.0,-0.0001421622176409805,0.0004892111034775539,30360.0,0.0,0.0,0.0,9.078263115488615e-08,hirax_interferom,0.7791135653955662,0.7877189737980759,0.014306880885246322,0.014662194751861495,0.024835173331287277,0.024531793153557843
6.7130166799087325e-06,0.0,-0.00016907873167406267,0.000578161165413901,24288.332635643026,0.0,0.0,0.0,-1.066120124212546e-08,hirax_interferom,0.7877189737980759,0.7977187172086173,0.014662194751861495,0.01507797954108,0.02835760922939029,0.02796297544080109
9.247312090493136e-06,0.0,-0.00017284371502485548,0.0005881575285697667,32519.470687480425,0.0,0.0,0.0,-1.0436824927815644e-08,hirax_interferom,0.7977187172086173,0.8077184675903504,0.01507797954108,0.015502530229890477,0.028157001251645622,0.02776788032466774
7.689236462851065e-06,0.0,-0.00017666508466607694,0.0005982956972671654,26393.352494632814,0.0,0.0,0.0,-1.0410271564138371e-08,hirax_interferom,0.8077184675903504,0.8177182246910435,0.015502530229890477,0.015931839668682852,0.027692862547342243,0.027316350550668188
6.721414249929176e-06,0.0,-0.00018049658246421023,0.0006084195016485275,22374.148252211653,0.0,0.0,0.0,-1.0141923062335005e-08,hirax_interferom,0.8177182246910435,0.827717988270486,0.015931839668682852,0.016366473860194037,0.02728085397228442,0.026915363835104518
8.426469197094468e-06,0.0,-0.00018434430567662255,0.0006185510431902671,27413.948169787476,0.0,0.0,0.0,-1.0166517101461745e-08,hirax_interferom,0.827717988270486,0.8377177580994415,0.016366473860194037,0.016809096900387677,0.02704449620453505,0.026685256399812535
8.34648545934424e-06,0.0,-0.00018823797188564125,0.0006287917127337631,26416.0,0.0,0.0,0.0,-9.927090833648466e-09,hirax_interferom,0.8377177580994415,0.8477175339592584,0.016809096900387677,0.017257987199604308,0.026705200277968417,0.02635484035131873
5.596519543185694e-06,0.0,-0.00019215755123778462,0.0006390747866335152,17268.545358324933,0.0,0.0,0.0,-9.811059263032936e-09,hirax_interferom,0.8477175339592584,0.8577173156412453,0.017257987199604308,0.017710491143483963,0.026219972158168594,0.025882121583629927
1.0501136338237266e-05,0.0,-0.00019607328148421344,0.0006493027422755645,31519.65848085665,0.0,0.0,0.0,-9.671233749711647e-09,hirax_interferom,0.8577173156412453,0.8677171029459303,0.017710491143483963,0.018174212069379796,0.026183402941168294,0.02584648607703518
5.858769607675461e-06,0.0,-0.00020006890128621008,0.000659754429918722,17242.238474617727,0.0,0.0,0.0,-9.730097207158745e-09,hirax_interferom,0.8677171029459303,0.8777168956827924,0.018174212069379796,0.01863974663752278,0.025615116978156334,0.02529254671892932
5.699624242967098e-06,0.0,-0.0002040402970244626,0.0006700865133730544,16268.942948180727,0.0,0.0,0.0,-9.400279308330817e-09,hirax_interferom,0.8777168956827924,0.8877166936695573,0.01863974663752278,0.01911148307783503,0.025308092941704413,0.024993145905422037
1.0204376972841509e-05,0.0,-0.00020803548522887525,0.0006804589781807134,28454.332848548314,0.0,0.0,0.0,-9.387620940886582e-09,hirax_interferom,0.8877166936695573,0.897716496731826,0.01911148307783503,0.019594101560138768,0.02525280117394274,0.024939217472539396
5.20915530199764e-06,0.0,-0.00021210485144859925,0.0006910376006146916,14211.60464349917,0.0,0.0,0.0,-9.330389620456054e-09,hirax_interferom,0.897716496731826,0.9077163047027712,0.019594101560138768,0.02007823413421724,0.024708077203364348,0.024407769297947378
5.374246973054666e-06,0.0,-0.00021614636167253699,0.0007014898429549708,14242.19755187307,0.0,0.0,0.0,-9.127316061066133e-09,hirax_interferom,0.9077163047027712,0.9177161174224676,0.02007823413421724,0.020568942735156664,0.024439828605403235,0.024145954522417575
7.814130801428111e-06,0.0,-0.00022021458701796905,0.0007119952377025848,20308.125484287164,0.0,0.0,0.0,-9.168164369135138e-09,hirax_interferom,0.9177161174224676,0.9277159347377504,0.020568942735156664,0.02106852834847834,0.024288346744617932,0.023998075596473233
7.61170402085059e-06,0.0,-0.00022433374551119982,0.0007226331551729269,19301.094101688403,0.0,0.0,0.0,-8.969874957272194e-09,hirax_interferom,0.9277159347377504,0.9377157565018328,0.02106852834847834,0.02157443049228596,0.024012220286100786,0.02372846041925329
7.384959532146206e-06,0.0,-0.00022847582491621765,0.0007333133895728628,18288.0,0.0,0.0,0.0,-8.845788466609484e-09,hirax_interferom,0.9377157565018328,0.9477155825738426,0.02157443049228596,0.022086644170686287,0.023741701018873747,0.023464249699414182
3.7589754696973556e-06,0.0,-0.00023264043432227595,0.0007440357597229584,9130.07530952388,0.0,0.0,0.0,-8.747439234739031e-09,hirax_interferom,0.9477155825738426,0.9577154128186957,0.022086644170686287,0.02260178972411743,0.023323848994445763,0.023056004804443725
7.755909985313088e-06,0.0,-0.00023679186250395032,0.0007546873460882062,18304.35969181559,0.0,0.0,0.0,-8.528834791528139e-09,hirax_interferom,0.9577154128186957,0.9677152471066875,0.02260178972411743,0.023127432588852206,0.023256692109381274,0.02299037642213494
8.344256446564908e-06,0.0,-0.0002410090697358416,0.0007655213958212477,19301.330328344866,0.0,0.0,0.0,-8.578437350277806e-09,hirax_interferom,0.9677152471066875,0.977715085313232,0.023127432588852206,0.02366028059294683,0.023039652241877647,0.022778246963059606
4.930410540306581e-06,0.0,-0.0002452570268501024,0.0007764266459119359,11168.15780482849,0.0,0.0,0.0,-8.461142716477613e-09,hirax_interferom,0.977715085313232,0.9877149273187228,0.02366028059294683,0.02419637216140625,0.022657870279832213,0.02240499337862222
4.585736104938211e-06,0.0,-0.0002494943803644632,0.0007872730063701674,10154.880489963685,0.0,0.0,0.0,-8.296220838533012e-09,hirax_interferom,0.9877149273187228,0.9977147730081142,0.02419637216140625,0.024738728227296055,0.022414767894621605,0.022167248878189612
8.468998961209823e-06,0.0,-0.0002537522807946766,0.0007981605827547247,18298.026810454754,0.0,0.0,0.0,-8.156896923073958e-09,hirax_interferom,0.9977147730081142,1.0077146222708109,0.024738728227296055,0.02529159737132039,0.022348325222891367,0.02210226074144428
5.775469980963544e-06,0.0,-0.0002580737412306611,0.0008092254451251455,12201.819481725786,0.0,0.0,0.0,-8.164191415288075e-09,hirax_interferom,1.0077146222708109,1.017714475000514,0.02529159737132039,0.025848516381004424,0.0220199223286528,0.02178098506378044
5.858830536564898e-06,0.0,-0.00026239222086474594,0.0008202589775399526,12177.574665400287,0.0,0.0,0.0,-8.171828755142327e-09,hirax_interferom,1.017714475000514,1.0277143310948278,0.025848516381004424,0.02641223379638744,0.021808501775261637,0.02157409827068969
6.010718788555634e-06,0.0,-0.00026673561643839766,0.0008313500750835845,12191.999999999998,0.0,0.0,0.0,-7.941768919149608e-09,hirax_interferom,1.0277143310948278,1.0377141904552365,0.02641223379638744,0.026982851032052266,0.021604277777628703,0.021374213058698764
4.1097127285033445e-06,0.0,-0.0002711044604989264,0.0008425010137994862,8137.2253663965475,0.0,0.0,0.0,-7.856703429598511e-09,hirax_interferom,1.0377141904552365,1.0477140529869249,0.026982851032052266,0.027558349441377895,0.021328302507470732,0.021104037454765516
5.21532017086432e-06,0.0,-0.00027547821282146353,0.0008536488418620872,10155.481913563437,0.0,0.0,0.0,-7.867752882609471e-09,hirax_interferom,1.0477140529869249,1.0577139185984754,0.027558349441377895,0.0281417275228365,0.021168832433145813,0.02094788538784622
9.088527718041752e-06,0.0,-0.00027988671400103486,0.0008648874176727668,17283.06398906742,0.0,0.0,0.0,-7.737518692278848e-09,hirax_interferom,1.0577139185984754,1.067713787201837,0.0281417275228365,0.02873580901670758,0.021110342049506126,0.02089060586956428
5.9490051501874445e-06,0.0,-0.00028435729723824585,0.0008763015208540159,11156.491820271012,0.0,0.0,0.0,-7.775967178723756e-09,hirax_interferom,1.067713787201837,1.0777136587121707,0.02873580901670758,0.02933369446950636,0.020806285720063,0.020592791230557773
3.3424385956945457e-06,0.0,-0.00028882127251304965,0.0008876797161195994,6100.246695079439,0.0,0.0,0.0,-7.482706958196261e-09,hirax_interferom,1.0777136587121707,1.0877135330476069,0.02933369446950636,0.029935887869001646,0.020529067694534383,0.020321186639211168
4.535396380793686e-06,0.0,-0.00029328349357216684,0.0008990381476455746,8128.0,0.0,0.0,0.0,-7.451048451247823e-09,hirax_interferom,1.0877135330476069,1.097713410129206,0.029935887869001646,0.030546170468407397,0.020386320328173505,0.020181301010016167
5.792731388696204e-06,0.0,-0.00029778096556752143,0.0009104917591635928,10164.075528662854,0.0,0.0,0.0,-7.3735643583053695e-09,hirax_interferom,1.097713410129206,1.1077132898808333,0.030546170468407397,0.031164666619827808,0.020247911339985967,0.02004564809755217
5.908625568396819e-06,0.0,-0.00030231435464583704,0.0009220430395934934,10163.992712863384,0.0,0.0,0.0,-7.344770838929069e-09,hirax_interferom,1.1077132898808333,1.1177131722289528,0.031164666619827808,0.031790296585573016,0.020074977004476146,0.019876131461815803
7.192627691074083e-06,0.0,-0.00030687273790042655,0.0009336591990567412,12180.2649756236,0.0,0.0,0.0,-7.3170399230044915e-09,hirax_interferom,1.1177131722289528,1.1277130571025942,0.031790296585573016,0.032424268357380485,0.019942304410433733,0.019746061392862748
2.4724374862784723e-06,0.0,-0.00031146743374425796,0.0009453754954592215,4071.6647324452233,0.0,0.0,0.0,-7.102740980556035e-09,hirax_interferom,1.1277130571025942,1.1377129444332434,0.032424268357380485,0.03306064175384075,0.019626453539248797,0.01943633820017436
6.875764680472144e-06,0.0,-0.00031604098871765946,0.0009570178357433199,11174.122629732887,0.0,0.0,0.0,-7.12350719340964e-09,hirax_interferom,1.1377129444332434,1.147712834154671,0.03306064175384075,0.03370848724203969,0.019595671887514966,0.019406148598607877
4.449173299663194e-06,0.0,-0.00032068014043959046,0.0009688507095421532,7106.481870960619,0.0,0.0,0.0,-7.0290429943308086e-09,hirax_interferom,1.147712834154671,1.1577127262028972,0.03370848724203969,0.03436109995539892,0.019360486534836865,0.019175456680344094
3.927373547495908e-06,0.0,-0.00032532044839980306,0.0009806792639270783,6106.8130775627205,0.0,0.0,0.0,-6.8886141511531145e-09,hirax_interferom,1.1577127262028972,1.1677126205161104,0.03436109995539892,0.03502037925585954,0.019186792661363347,0.019005047217030235
5.27877781261251e-06,0.0,-0.0003299797106471559,0.0009925581988680628,8120.936964158785,0.0,0.0,0.0,-6.959142740409302e-09,hirax_interferom,1.1677126205161104,1.177712517034503,0.03502037925585954,0.03568822956275032,0.019070333362510284,0.01889077380422771
8.087297447558635e-06,0.0,-0.00033467569110840763,0.0010045419707694716,12188.539811807183,0.0,0.0,0.0,-6.797984788176519e-09,hirax_interferom,1.177712517034503,1.1877124157002574,0.03568822956275032,0.036366176341874154,0.018996369039035836,0.01881819097519693
6.883552349136513e-06,0.0,-0.0003394220165190378,0.0010166718067169318,10163.390330653288,0.0,0.0,0.0,-6.685201199371728e-09,hirax_interferom,1.1877124157002574,1.1977123164574688,0.036366176341874154,0.03705030299921998,0.01881216905825978,0.018637408553459155
1.3906347934490443e-06,0.0,-0.0003441815830349834,0.0010288367328399606,2028.678092804197,0.0,0.0,0.0,-6.666019350059293e-09,hirax_interferom,1.1977123164574688,1.2077122192520025,0.03705030299921998,0.03773634211779906,0.018516423970770947,0.018347082201020718
2.852398457518388e-06,0.0,-0.00034891482587648783,0.0010409194187160655,4064.0,0.0,0.0,0.0,-6.554317634962425e-09,hirax_interferom,1.2077122192520025,1.2177121240314817,0.03773634211779906,0.03843119255477852,0.018413295989589754,0.018245823939374562
5.829067812465199e-06,0.0,-0.00035368556470042223,0.001053111812019543,8134.378432505744,0.0,0.0,0.0,-6.490193938581604e-09,hirax_interferom,1.2177121240314817,1.2277120307452318,0.03843119255477852,0.03913644137971617,0.018350948228640415,0.018184601575376533
4.426249698365998e-06,0.0,-0.00035850780845874243,0.0010654560481337338,6092.875121474582,0.0,0.0,0.0,-6.519540057017712e-09,hirax_interferom,1.2277120307452318,1.2377119393441385,0.03913644137971617,0.03984780934954947,0.018176613528331494,0.018013393776367556
7.5270480783445495e-06,0.0,-0.0003633419232595634,0.001077834589204886,10160.0,0.0,0.0,0.0,-6.411579103557639e-09,hirax_interferom,1.2377119393441385,1.2477118497806523,0.03984780934954947,0.040569822651994034,0.018119272156493747,0.017957074483816872
4.597144068157669e-06,0.0,-0.00036822876741237937,0.0010903694694689688,6096.0,0.0,0.0,0.0,-6.351048519398106e-09,hirax_interferom,1.2477118497806523,1.2577117620087337,0.040569822651994034,0.04129655414707026,0.017913105051261667,0.017754555989273675
4.6686716281892465e-06,0.0,-0.0003731140909916014,0.0011029001734142473,6093.060502298761,0.0,0.0,0.0,-6.291001667226822e-09,hirax_interferom,1.2577117620087337,1.2677116759837328,0.04129655414707026,0.042031002610119425,0.01778473962824019,0.0176284415725127
0.0,0.0,-0.00037802491514250434,0.001115507679816525,0.0,0.0,0.0,0.0,-6.1863383607563434e-09,hirax_interferom,1.2677116759837328,1.2777115916623918,0.042031002610119425,0.04276847918845508,0.017546014430740758,0.01739386033983766
6.459961577646977e-06,0.0,-0.00038291888231687445,0.0011280674782900859,8128.0,0.0,0.0,0.0,-6.1275780021673636e-09,hirax_interferom,1.2777115916623918,1.2877115090027935,0.04276847918845508,0.04352008161842794,0.017573746933132645,0.017421114266530608
4.93974853594808e-06,0.0,-0.00038789516755442517,0.0011408731878453375,6098.764915447931,0.0,0.0,0.0,-6.070642012042109e-09,hirax_interferom,1.2877115090027935,1.297711427964267,0.04352008161842794,0.04427799331661279,0.01741521775694289,0.01726531079116907
5.004062943534579e-06,0.0,-0.0003928832923983013,0.001153717124205325,6093.29101468863,0.0,0.0,0.0,-6.059593862212938e-09,hirax_interferom,1.297711427964267,1.3077113485073788,0.04427799331661279,0.04504382515176949,0.017295992383407326,0.01714811934593806
1.710787919260209e-06,0.0,-0.0003978973949644218,0.0011666416829431627,2034.6541415842405,0.0,0.0,0.0,-5.9589645056747874e-09,hirax_interferom,1.3077113485073788,1.317711270593893,0.04504382515176949,0.04581427426870298,0.017104433611878186,0.01695979971166399
5.198305652991969e-06,0.0,-0.0004029080125443016,0.0011795609073802244,6098.60035813863,0.0,0.0,0.0,-5.948981865881687e-09,hirax_interferom,1.317711270593893,1.3277111941866913,0.04581427426870298,0.04659611952021003,0.017065538284454614,0.01692155774765348
8.771114587013084e-06,0.0,-0.00040797459351160284,0.001192650001087895,10154.904780751123,0.0,0.0,0.0,-5.94005767326981e-09,hirax_interferom,1.3277111941866913,1.33771111924976,0.04659611952021003,0.04738956010231567,0.01702803989421258,0.016884687870428017
1.7989138208798627e-06,0.0,-0.0004130982037670642,0.0012059123294394275,2034.4958714447514,0.0,0.0,0.0,-5.797835468521975e-09,hirax_interferom,1.33771111924976,1.347711045748156,0.04738956010231567,0.04818416734397343,0.016767558929481136,0.016628535318709985
3.6251680443363616e-06,0.0,-0.00041818746931895846,0.0012190809570548648,4061.554880288286,0.0,0.0,0.0,-5.789999638944954e-09,hirax_interferom,1.347711045748156,1.3577109736479425,0.04818416734397343,0.04898868020975404,0.01669662277314896,0.016558766539894687
3.6964290704776026e-06,0.0,-0.00042331846434532825,0.0012323792707425061,4063.9999999999995,0.0,0.0,0.0,-5.6938572116828065e-09,hirax_interferom,1.3577109736479425,1.367710902916171,0.04898868020975404,0.04980143175136449,0.016590598851214326,0.016454478349910404
3.7574649009351288e-06,0.0,-0.0004284762512436856,0.0012457640520574741,4064.0,0.0,0.0,0.0,-5.6431599541296365e-09,hirax_interferom,1.367710902916171,1.37771083352085,0.04980143175136449,0.05062247137391926,0.016486265428147493,0.01635184236502315
1.9206694590204185e-06,0.0,-0.0004336609333597649,0.0012592361630643185,2034.298554601851,0.0,0.0,0.0,-5.5932328889111135e-09,hirax_interferom,1.37771083352085,1.3877107654309009,0.05062247137391926,0.05144996167984994,0.01634630399251917,0.016214141466331447
1.9294906498414533e-06,0.0,-0.0004388564770205376,0.0012727495092023596,2029.7484766811106,0.0,0.0,0.0,-5.588053341811004e-09,hirax_interferom,1.3877107654309009,1.3977106986161276,0.05144996167984994,0.05228577861462826,0.016245239208908156,0.01611469720362911
7.888600871604388e-06,0.0,-0.0004440787451933496,0.0012863509057734449,8127.999999999999,0.0,0.0,0.0,-5.495224248898331e-09,hirax_interferom,1.3977106986161276,1.4077106330471916,0.05228577861462826,0.05313593388085572,0.01625978016878193,0.016129005615894133
9.046009414277837e-06,0.0,-0.0004493781870675783,0.001300187163633362,9149.400178855374,0.0,0.0,0.0,-5.447933692181989e-09,hirax_interferom,1.4077106330471916,1.4177105686955864,0.05313593388085572,0.053995783418902085,0.016182072568337064,0.016052538384737677
5.061389658973496e-06,0.0,-0.0004547146843600899,0.0013141420567696414,5074.7109713241,0.0,0.0,0.0,-5.511067627750841e-09,hirax_interferom,1.4177105686955864,1.4277105055335924,0.053995783418902085,0.054860266669902985,0.016010199246378073,0.0158833877342284
0.0,0.0,-0.0004600454922786433,0.0013280924283107852,0.0,0.0,0.0,0.0,-5.355266493302058e-09,hirax_interferom,1.4277105055335924,1.4377104435342651,0.054860266669902985,0.05572830825066863,0.01582277362938635,0.015698898536518274
2.112753377663395e-06,0.0,-0.00046536155215303723,0.0013420128027034712,2034.029128112747,0.0,0.0,0.0,-5.309273295798883e-09,hirax_interferom,1.4377104435342651,1.4477103826714128,0.05572830825066863,0.05660706694532343,0.01576862320496255,0.015645590155196117
6.3909099181625844e-06,0.0,-0.0004707226190983958,0.0013560766776536915,6094.012931547546,0.0,0.0,0.0,-5.307652118830456e-09,hirax_interferom,1.4477103826714128,1.4577103229195525,0.05660706694532343,0.05749880660614477,0.015753150780319934,0.015630357805889263
0.0,0.0,-0.00047614694910685424,0.0013703371216329508,0.0,0.0,0.0,0.0,-5.220105628303894e-09,hirax_interferom,1.4577103229195525,1.4677102642539008,0.05749880660614477,0.05839299155856524,0.015551365414337288,0.015431682161703385
0.0,0.0,-0.0004815468080576019,0.0013845413931872991,0.0,0.0,0.0,0.0,-5.176121024350353e-09,hirax_interferom,1.4677102642539008,1.4777102066503562,0.05839299155856524,0.05929598096757391,0.015464003211806918,0.015345654055827126
1.0064964691637852e-05,0.0,-0.0004869747547159056,0.0013988417965626447,9144.932704796318,0.0,0.0,0.0,-5.132784306714952e-09,hirax_interferom,1.4777102066503562,1.4877101500854588,0.05929598096757391,0.06021790784132798,0.015547881301739988,0.015428251396217204
1.1288566868822122e-06,0.0,-0.0004925133188471715,0.0014134762807662645,1015.0868458523339,0.0,0.0,0.0,-5.1124447392908814e-09,hirax_interferom,1.4877101500854588,1.4977100945363828,0.06021790784132798,0.06113999454748922,0.015312499872810284,0.015196446756010855
9.217849160596909e-06,0.0,-0.000498008220535919,0.0014280011948582328,8128.0,0.0,0.0,0.0,-5.048947953323142e-09,hirax_interferom,1.4977100945363828,1.5077100399809134,0.06113999454748922,0.06207920032202417,0.015361561306739192,0.015244767099365288
2.3517282103228605e-06,0.0,-0.0005035975512679514,0.0014428142060927203,2033.750188695465,0.0,0.0,0.0,-5.00822348542307e-09,hirax_interferom,1.5077100399809134,1.5177099863974273,0.06207920032202417,0.06302076369683578,0.015167131179645065,0.015053260199307316
4.737592388113327e-06,0.0,-0.0005091608862524391,0.0014575696856051214,4062.2868596484195,0.0,0.0,0.0,-5.0101896200270194e-09,hirax_interferom,1.5177099863974273,1.52770993376487,0.06302076369683578,0.06397390507838696,0.01512424359273578,0.015011012483094081
0.0,0.0,-0.0005147728108153991,0.0014724824352777323,0.0,0.0,0.0,0.0,-4.927616519807033e-09,hirax_interferom,1.52770993376487,1.5377098820627415,0.06397390507838696,0.06493160977523277,0.014970239751228806,0.014859291621758973
2.4592460669642353e-06,0.0,-0.0005203764559502458,0.0014873897857882214,2033.6409944162865,0.0,0.0,0.0,-4.887909475872769e-09,hirax_interferom,1.5377098820627415,1.5477098312710826,0.06493160977523277,0.06590107746322824,0.01493059684414689,0.01482023266245193
7.437187502616166e-06,0.0,-0.0005260293977516936,0.0015024573290871738,6094.394130912846,0.0,0.0,0.0,-4.891249594008606e-09,hirax_interferom,1.5477098312710826,1.5577097813704477,0.06590107746322824,0.06688493769081674,0.014929349647393628,0.014819003812397164
2.532713774109751e-06,0.0,-0.0005317520263861343,0.0015177437953114744,2033.5713576223745,0.0,0.0,0.0,-4.81091454475784e-09,hirax_interferom,1.5577097813704477,1.5677097323418956,0.06688493769081674,0.06787345736260164,0.014779406334419324,0.014671255212697605
2.54451833035944e-06,0.0,-0.0005374663467833177,0.0015330263116907989,2030.4625529653656,0.0,0.0,0.0,-4.815116998034177e-09,hirax_interferom,1.5677097323418956,1.5777096841669769,0.06787345736260164,0.06887155703072248,0.014705301702676971,0.014598227185946031
0.0,0.0,-0.0005432113668970552,0.0015484170868530376,0.0,0.0,0.0,0.0,-4.735745214702416e-09,hirax_interferom,1.5777096841669769,1.5877096368277113,0.06887155703072248,0.06987675801493326,0.01459529924323297,0.01448981302640702
5.265353663028311e-06,0.0,-0.0005489671851108938,0.0015638596933594845,4064.0,0.0,0.0,0.0,-4.698782453856199e-09,hirax_interferom,1.5877096368277113,1.5977095903065777,0.06987675801493326,0.07089691117806242,0.014599320176118409,0.014493776108949072
2.683967357687783e-06,0.0,-0.000554795141589238,0.0015795298019048401,2033.4391955765204,0.0,0.0,0.0,-4.66268887278709e-09,hirax_interferom,1.5977095903065777,1.6077095445865,0.07089691117806242,0.07192432514304684,0.014491660467463759,0.01438765991230487
2.696506356205143e-06,0.0,-0.0005606344147188239,0.0015952541156683993,2030.5924348839858,0.0,0.0,0.0,-4.668506450192646e-09,hirax_interferom,1.6077095445865,1.6177094996508334,0.07192432514304684,0.07296163668184616,0.014422263076313398,0.01431925149894411
5.497204501441956e-06,0.0,-0.000566505422320643,0.0016110914259934168,4064.0,0.0,0.0,0.0,-4.591670653322428e-09,hirax_interferom,1.6177094996508334,1.6277094554833498,0.07296163668184616,0.07401171529834974,0.01439220204286966,0.014289617410699337
0.0,0.0,-0.0005724299236768728,0.001627104163936909,0.0,0.0,0.0,0.0,-4.557073401192344e-09,hirax_interferom,1.6277094554833498,1.6377094120682267,0.07401171529834974,0.07506638498153637,0.01425003702366756,0.014149459607911686
9.917235541356508e-06,0.0,-0.0005783443314307641,0.0016431115372062704,7113.973810748924,0.0,0.0,0.0,-4.522619004592733e-09,hirax_interferom,1.6377094120682267,1.6477093693900382,0.07506638498153637,0.07614106490023423,0.01431639366891313,0.014214881813726725
4.281670072442678e-06,0.0,-0.0005843670758560091,0.0016594513750813646,3046.0704891557994,0.0,0.0,0.0,-4.550876521864542e-09,hirax_interferom,1.6477093693900382,1.6577093274337358,0.07614106490023423,0.0772204263186555,0.01417581195949297,0.014076274715060042
5.830482553508552e-06,0.0,-0.0005903798239898058,0.0016757870477998624,4065.2573051024638,0.0,0.0,0.0,-4.4559634565167136e-09,hirax_interferom,1.6577093274337358,1.667709286184644,0.0772204263186555,0.07831165956905561,0.014131406707042304,0.014032489185876818
2.935723823465385e-06,0.0,-0.0005964373270531677,0.0016922748792103893,2030.7712426255584,0.0,0.0,0.0,-4.464099850772407e-09,hirax_interferom,1.667709286184644,1.6777092456284468,0.07831165956905561,0.07941042838093645,0.014030718004538525,0.013933198600218194
0.0,0.0,-0.0006025062864246659,0.0017088205913545697,0.0,0.0,0.0,0.0,-4.390796790267212e-09,hirax_interferom,1.6777092456284468,1.6877092057511782,0.07941042838093645,0.08051673829506956,0.013931544467007144,0.013835392502495747
0.0,0.0,-0.0006085865442543215,0.0017254242119713395,0.0,0.0,0.0,0.0,-4.3586343511099684e-09,hirax_interferom,1.6877092057511782,1.6977091665392092,0.08051673829506956,0.08163357160415222,0.01387082155501385,0.013775502137409924
0.0,0.0,-0.000614700459028994,0.0017421497814786879,0.0,0.0,0.0,0.0,-4.326908280230362e-09,hirax_interferom,1.6977091665392092,1.707709127979243,0.08163357160415222,0.08276101659969363,0.013811045791411533,0.013716542431173739
3.131131512709112e-06,0.0,-0.0006208483175160148,0.001758998533211519,2033.1192507003864,0.0,0.0,0.0,-4.2956108462282285e-09,hirax_interferom,1.707709127979243,1.7177090900583,0.08276101659969363,0.08390229365129101,0.013790031810720894,0.0136958145070041
6.3199819985310005e-06,0.0,-0.0006270537860590425,0.0017760380984086865,4064.0,0.0,0.0,0.0,-4.30516405653807e-09,hirax_interferom,1.7177090900583,1.7277090527637136,0.08390229365129101,0.08505759364047512,0.013769587682378353,0.013675648265630384
3.189058281395689e-06,0.0,-0.000633317695732337,0.001793271208333198,2030.9328208333186,0.0,0.0,0.0,-4.27489869838121e-09,hirax_interferom,1.7277090527637136,1.737709016083118,0.08505759364047512,0.08622073193645868,0.013674714345905024,0.013582059172753468
0.0,0.0,-0.0006395935187668777,0.0018105661436053318,0.0,0.0,0.0,0.0,-4.2048434088006425e-09,hirax_interferom,1.737709016083118,1.747708980004442,0.08622073193645868,0.08739170035645373,0.013581054042292347,0.013489658100190333
0.0,0.0,-0.0006458810149237906,0.0018279226779054642,0.0,0.0,0.0,0.0,-4.175182325204716e-09,hirax_interferom,1.747708980004442,1.757708944515897,0.08739170035645373,0.08857373784425307,0.013525740808086337,0.01343508452334666
1.3343225386523854e-05,0.0,-0.0006522039350234678,0.0018454086671756496,8128.0,0.0,0.0,0.0,-4.14591356393494e-09,hirax_interferom,1.757708944515897,1.7677089096059757,0.08857373784425307,0.0897802816558782,0.013621913684468231,0.01352996944822203
0.0,0.0,-0.0006586604786074258,0.0018633031128028627,0.0,0.0,0.0,0.0,-4.117645070753979e-09,hirax_interferom,1.7677089096059757,1.7777088752634365,0.0897802816558782,0.09098492017242858,0.013417629064338186,0.01332840986685877
3.4489626942800472e-06,0.0,-0.0006650561147459384,0.0018810544877535073,2040.9479907931818,0.0,0.0,0.0,-4.089136435756386e-09,hirax_interferom,1.7777088752634365,1.7877088414773032,0.09098492017242858,0.09220436341899399,0.01340269622981918,0.013313674634206093
5.212721593555378e-06,0.0,-0.0006715131905505885,0.001899010327986225,3059.5377497304607,0.0,0.0,0.0,-4.100695966006848e-09,hirax_interferom,1.7877088414773032,1.7977088082368506,0.09220436341899399,0.09343706917732722,0.013369277902083474,0.01328069773481604
5.297308085710619e-06,0.0,-0.0006780199144257224,0.0019171375777946443,3060.4506942516305,0.0,0.0,0.0,-4.053320919979384e-09,hirax_interferom,1.7977088082368506,1.8077087755316052,0.09343706917732722,0.09468148009546093,0.01331817156820314,0.013230264369864202
3.5582416866572725e-06,0.0,-0.0006845644239777745,0.0019354029886649513,2039.121352546469,0.0,0.0,0.0,-4.045730528262535e-09,hirax_interferom,1.8077087755316052,1.8177087433513333,0.09468148009546093,0.09593587285610423,0.013248554621015493,0.013161560047114416
0.0,0.0,-0.0006911339649768119,0.0019537708126114153,0.0,0.0,0.0,0.0,-3.979505048985362e-09,hirax_interferom,1.8177087433513333,1.827708711686033,0.09593587285610423,0.0971985057242338,0.01316121728546121,0.01307536096061254
0.0,0.0,-0.0006977157005738678,0.001972205066931831,0.0,0.0,0.0,0.0,-3.952789222277153e-09,hirax_interferom,1.827708711686033,1.837708680525936,0.0971985057242338,0.09847299113780253,0.013112191427969334,0.013026970790470016
0.0,0.0,-0.0007043353693168095,0.0019907791366597736,0.0,0.0,0.0,0.0,-3.9264143684618445e-09,hirax_interferom,1.837708680525936,1.8477086498614903,0.09847299113780253,0.09975943097873113,0.013063885092394202,0.012979288522236877
0.0,0.0,-0.0007109932946666572,0.0020094943384680046,0.0,0.0,0.0,0.0,-3.900374663963143e-09,hirax_interferom,1.8477086498614903,1.8577086196833652,0.09975943097873113,0.10105792812215782,0.013016284582692984,0.012932300737229514
7.628778755552636e-06,0.0,-0.0007176898025374047,0.0020283519951364085,4080.0,0.0,0.0,0.0,-3.874664388330697e-09,hirax_interferom,1.8577086196833652,1.8677085899824355,0.10105792812215782,0.10237621521884799,0.013044865664538845,0.012960514181670024
7.72792629134212e-06,0.0,-0.000724479210601978,0.002047506475784204,4080.0000000000005,0.0,0.0,0.0,-3.849565960581507e-09,hirax_interferom,1.8677085899824355,1.8777085607497843,0.10237621521884799,0.10370696656075559,0.012998637809210652,0.012914880556077174
3.914005119385988e-06,0.0,-0.0007313088773066814,0.0020668089607516326,2040.0000000000002,0.0,0.0,0.0,-3.824781801910942e-09,hirax_interferom,1.8777085607497843,1.8877085319766924,0.10370696656075559,0.10504637682453813,0.0129153354707165,0.012832643758622092
0.0,0.0,-0.000738151639860109,0.0020861828555273675,0.0,0.0,0.0,0.0,-3.800164232839332e-09,hirax_interferom,1.8877085319766924,1.8977085036546368,0.10504637682453813,0.10639440424004115,0.01283268834445066,0.012751047108554996
0.0,0.0,-0.0007450070709589794,0.002105627343454591,0.0,0.0,0.0,0.0,-3.775710989281808e-09,hirax_interferom,1.8977085036546368,1.9077084757752785,0.10639440424004115,0.10775502073682577,0.012788421595132719,0.0127073402681121
0.0,0.0,-0.0007519027580347934,0.002125221021588991,0.0,0.0,0.0,0.0,-3.751559525726677e-09,hirax_interferom,1.9077084757752785,1.917708448330468,0.10775502073682577,0.10912833524882044,0.012744784443490278,0.01266425319205802
4.135303256463912e-06,0.0,-0.0007588390414590119,0.002144965250684965,2040.6510699152805,0.0,0.0,0.0,-3.72770473417616e-09,hirax_interferom,1.917708448330468,1.927708421312232,0.10912833524882044,0.11051859303359812,0.012739659059288238,0.012659192294929539
4.154838985316848e-06,0.0,-0.0007658448926844821,0.002164942575911481,2039.3677273021033,0.0,0.0,0.0,-3.742233351831817e-09,hirax_interferom,1.927708421312232,1.9377083947127751,0.11051859303359812,0.11192184181357709,0.012696947558429128,0.012617017189842572
0.0,0.0,-0.00077289238540756,0.002185074218258828,0.0,0.0,0.0,0.0,-3.6811408924254925e-09,hirax_interferom,1.9377083947127751,1.9477083685244665,0.11192184181357709,0.11333401996528747,0.012617538532492869,0.012538600700430962
0.0,0.0,-0.0007799530533490267,0.002205279849809009,0.0,0.0,0.0,0.0,-3.658144394595763e-09,hirax_interferom,1.9477083685244665,1.9577083427398456,0.11333401996528747,0.11475934310360306,0.012576304438439073,0.012497879567288383
8.696972661602294e-06,0.0,-0.0007870557057049524,0.002225641550939966,4081.155206728383,0.0,0.0,0.0,-3.635424740558069e-09,hirax_interferom,1.9577083427398456,1.967708317351612,0.11475934310360306,0.11620662228607492,0.012611427909318757,0.012532566199369207
1.0939610772564951e-05,0.0,-0.000794260082062194,0.002246329198672947,5099.160094258384,0.0,0.0,0.0,-3.6882707896864606e-09,hirax_interferom,1.967708317351612,1.9777082923526248,0.11620662228607492,0.11766962732518746,0.012589687320150672,0.012511096144859176
2.211934490998746e-06,0.0,-0.000801522867193322,0.0022672203479463656,1019.7287294560203,0.0,0.0,0.0,-3.6101036840190944e-09,hirax_interferom,1.9777082923526248,1.9877082677358904,0.11766962732518746,0.11913753313032782,0.012474806273361536,0.012397636996001521
0.0,0.0,-0.0008087698470741339,0.0022881048311145956,0.0,0.0,0.0,0.0,-3.569548709855564e-09,hirax_interferom,1.9877082677358904,1.9977082434945717,0.11913753313032782,0.12061686454481957,0.012417005586925035,0.012340546848158948
0.0,0.0,-0.0008160453454638074,0.0023091087633131404,0.0,0.0,0.0,0.0,-3.5478859797714865e-09,hirax_interferom,1.9977082434945717,2.0077082196219744,0.12061686454481957,0.12210992441478292,0.012378533263966216,0.012302545655223499
4.626419041250747e-06,0.0,-0.0008233646196373263,0.0023302758278675104,2040.4919258310301,0.0,0.0,0.0,-3.5264771763803816e-09,hirax_interferom,2.0077082196219744,2.017708196111547,0.12210992441478292,0.12362145851557718,0.012378470530043722,0.012302483688357959
4.648302592617386e-06,0.0,-0.0008307590950704335,0.002351695660430404,2039.5244370375324,0.0,0.0,0.0,-3.5424180436223825e-09,hirax_interferom,2.017708196111547,2.0277081729568733,0.12362145851557718,0.12514703984111172,0.012340748474038654,0.012265222170162668
0.0,0.0,-0.000838198457171411,0.0023732825986226337,0.0,0.0,0.0,0.0,-3.484665964448135e-09,hirax_interferom,2.0277081729568733,2.0377081501516785,0.12514703984111172,0.12668212049789698,0.0122662162743459,0.012191595830804897
0.0,2.450930768376739e-05,-0.0008454883701049217,0.0023944894219734064,0.0,20484.2757033942,0.0,0.0,-3.463992068870854e-09,hirax_interferom,2.0377081501516785,2.047708127689816,0.12668212049789698,0.12820660877808962,0.01203396559988862,0.011962133147793893
4.8582583849250425e-06,0.00013453518090561907,-0.0008520907386115586,0.002413802532968211,2040.427938882776,110904.79543277464,0.0,0.0,-3.260969795605036e-09,hirax_interferom,2.047708127689816,2.0577081055652684,0.12820660877808962,0.12963864038895578,0.011169717571617855,0.011107796940296276
4.881247010079079e-06,0.00021201880793298165,-0.0008582522527497201,0.0024319156765478115,2039.5874618141647,171410.7874638988,0.0,0.0,-3.0608552234927204e-09,hirax_interferom,2.0577081055652684,2.0677080837721387,0.12963864038895578,0.13100516319097577,0.010541014607373222,0.010485845466720744
0.0,0.00026546414519650145,-0.0008640992793439541,0.0024491827543808384,0.0,210429.78659598337,0.0,0.0,-2.8679791152277147e-09,hirax_interferom,2.0677080837721387,2.077708062304662,0.13100516319097577,0.132324779652837,0.0100730110914601,0.010022616449867914
0.0,0.000306766335824223,-0.0008696790089025455,0.0024657350825265235,0.0,238337.02129487484,0.0,0.0,-2.753031977034272e-09,hirax_interferom,2.077708062304662,2.0877080411571867,0.132324779652837,0.1336140666376048,0.009743352591633458,0.009696192217763234
0.0,0.0003499827717253096,-0.0008750107049672732,0.002481627050822067,0.0,266621.6633062406,0.0,0.0,-2.67114478187878e-09,hirax_interferom,2.0877080411571867,2.09770802032418,0.1336140666376048,0.1348706975405895,0.00940492969496241,0.009360978699460426
0.0,0.00038402786854233734,-0.0008801540538409705,0.0024970262683260483,0.0,286740.923160488,0.0,0.0,-2.5528987627399444e-09,hirax_interferom,2.09770802032418,2.1077079998002217,0.1348706975405895,0.1361035393336335,0.00914091656323627,0.009099391246571144
0.0,0.0004191785170510751,-0.0008851017323089247,0.002511911476923738,0.0,307068.9722008609,0.0,0.0,-2.4700446876640646e-09,hirax_interferom,2.1077079998002217,2.117707979579997,0.1361035393336335,0.13731116809115254,0.008872868137240354,0.00883373555124869
0.0,0.00043649951769929925,-0.0008899694755807329,0.002526608718842368,0.0,313484.6885118569,0.0,0.0,-2.3819712836389368e-09,hirax_interferom,2.117707979579997,2.1277079596583093,0.13731116809115254,0.1385113054347436,0.008740274809943821,0.008702299722778988
5.348503400801081e-06,0.00047893689694583245,-0.0008945945788565826,0.0025406582749634057,2040.3109590058689,337576.13901696727,0.0,0.0,-2.307945539575587e-09,hirax_interferom,2.1277079596583093,2.137707940030063,0.1385113054347436,0.13968377842935983,0.00846481802287694,0.008429192352826664
5.373822120153387e-06,0.0004963275564772555,-0.0008991731646046731,0.0025546141708837535,2039.7027079786496,343173.0720000535,0.0,0.0,-2.3013483093312777e-09,hirax_interferom,2.137707940030063,2.1477079206902663,0.13968377842935983,0.1408482633999335,0.008336579835306845,0.008302022480890587
1.0914847968422519e-05,0.0005221011820498477,-0.0009036170911890689,0.0025682262421756093,4080.0,354163.8447307986,0.0,0.0,-2.162267921121416e-09,hirax_interferom,2.1477079206902663,2.1577079016340286,0.1408482633999335,0.1420016840545707,0.008189100999861802,0.008155752252735762
0.0,0.0005539448022230774,-0.0009079227689802074,0.002581484622125397,0.0,368856.399998207,0.0,0.0,-2.1396455272966185e-09,hirax_interferom,2.1577079016340286,2.167707882856552,0.1420016840545707,0.1431212989658473,0.007884518544486676,0.007853598150088207
0.0,0.0005725400691260038,-0.0009120696156602331,0.0025943279971206625,0.0,374160.58665025374,0.0,0.0,-2.0761488670441857e-09,hirax_interferom,2.167707882856552,2.177707864353144,0.1431212989658473,0.14423101520203285,0.007753676386422142,0.007723771122025915
8.510758994708517e-06,0.0005779800785608696,-0.0009162109830034479,0.002607191432612556,3060.3668915748513,370848.15538937296,0.0,0.0,-1.997909456506478e-09,hirax_interferom,2.177707864353144,2.1877078461191988,0.14423101520203285,0.14535252433416634,0.007775783388631964,0.007745707791920388
8.551049165148811e-06,0.0006115247301458419,-0.0009202224685973849,0.0026197238188849043,3059.6521558277677,385403.6066860013,0.0,0.0,-2.0050278642469488e-09,hirax_interferom,2.1877078461191988,2.1977078281502065,0.14535252433416634,0.1464490499984453,0.00754390520083458,0.007515592252302969
2.904109765158902e-06,0.00063922789685097,-0.0009240876920270263,0.0026318767150031227,1020.1096909791397,395457.2801582507,0.0,0.0,-1.9522896934182608e-09,hirax_interferom,2.1977078281502065,2.2077078104417462,0.1464490499984453,0.1475205132820459,0.007316287020038605,0.007289652822219243
2.917857599215672e-06,0.0006457747327419405,-0.0009279037953989627,0.0026439241960731228,1019.8964755759233,392315.2777649003,0.0,0.0,-1.8196143919900415e-09,hirax_interferom,2.2077078104417462,2.217707792989481,0.1475205132820459,0.14859367498796294,0.007274660872859409,0.007248328158044974
0.0,0.0006712943951438623,-0.0009315873944830297,0.0026556301349347595,0.0,400635.9216603427,0.0,0.0,-1.8400809623583302e-09,hirax_interferom,2.217707792989481,2.22770777578916,0.14859367498796294,0.14964642149318985,0.007084732949179624,0.007059754138110904
0.0,0.0006874303181397209,-0.0009351787860063944,0.0026671078472503473,0.0,403163.6840253496,0.0,0.0,-1.8147646831131304e-09,hirax_interferom,2.22770777578916,2.237707758836619,0.14964642149318985,0.15069091842152937,0.006979765489327491,0.006955519680844485
0.0,0.0006944139927124498,-0.0009387536921817643,0.0026785721557916983,0.0,400028.8411037334,0.0,0.0,-1.8173315258909985e-09,hirax_interferom,2.237707758836619,2.247707742127776,0.15069091842152937,0.15173632107509533,0.006937396523403194,0.006913443505389223
0.0,0.0007226727030082585,-0.0009421793695588604,0.0026896458129771895,0.0,409016.2764106766,0.0,0.0,-1.6851569047511106e-09,hirax_interferom,2.247707742127776,2.257707725658624,0.15173632107509533,0.1527611131303485,0.006753768959153893,0.0067310644316703775
0.0,0.0007296868680288322,-0.0009455878488024315,0.002700703314931415,0.0,405887.96053441556,0.0,0.0,-1.617660761403494e-09,hirax_interferom,2.257707725658624,2.267707709425237,0.1527611131303485,0.1537865401107879,0.006712617887016917,0.006690188584512912
0.0,0.0007471068634319849,-0.0009489147480707764,0.002711561347294519,0.0,408759.4988104091,0.0,0.0,-1.590680670749967e-09,hirax_interferom,2.267707709425237,2.27770769342376,0.1537865401107879,0.15480207825589898,0.006603556750671926,0.006581848783913719
6.37116398508403e-06,0.0007668319264012589,-0.0009521459872669775,0.002722179261879303,2040.125541418545,412172.00073847885,0.0,0.0,-1.6338086624433368e-09,hirax_interferom,2.27770769342376,2.2877076776504204,0.15480207825589898,0.15581164913428647,0.006521688143737939,0.006500513946762682
6.401315137505519e-06,0.0007984739051852255,-0.0009552473498131812,0.002732459830879258,2039.8854466312262,421952.36702000897,0.0,0.0,-1.6372167019688864e-09,hirax_interferom,2.2877076776504204,2.297707662101516,0.15581164913428647,0.1567967873880881,0.006322622597701923,0.006302718672063399
0.0,0.0007705669471681524,-0.0009585455997238531,0.0027433324689989233,0.0,400400.1187711186,0.0,0.0,-1.5054954308734658e-09,hirax_interferom,2.297707662101516,2.3077076467734106,0.1567967873880881,0.15781100580469962,0.006468362225440321,0.006447532146578961
0.0,0.0008047428144409496,-0.0009616216509428187,0.002753602478760723,0.0,411231.94709327765,0.0,0.0,-1.4509577973622276e-09,hirax_interferom,2.3077076467734106,2.317707631662545,0.15781100580469962,0.15879824236711876,0.006255815666246401,0.0062363292780304195
0.0,0.0008391305548526918,-0.0009645130261155347,0.002763376423726133,0.0,421683.7746196951,0.0,0.0,-1.4321232056162474e-09,hirax_interferom,2.317707631662545,2.327707616765416,0.15879824236711876,0.15975797377775347,0.006043715574735083,0.006025525579074086
0.0,0.0008285614386068071,-0.0009674932212380197,0.0027734338242475045,0.0,409679.83026689035,0.0,0.0,-1.4586561240710663e-09,hirax_interferom,2.327707616765416,2.3377076020786007,0.15975797377775347,0.16073535148350004,0.006117864934280201,0.006099226777125874
0.0,0.0008450485162832301,-0.0009703984499153001,0.00278330719855479,0.0,410851.9802150002,0.0,0.0,-1.4772643400449356e-09,hirax_interferom,2.3377076020786007,2.3477075875987343,0.16073535148350004,0.16170321023859197,0.006021442987862413,0.00600338654766278
0.0,0.0008508240297723788,-0.0009732936099145202,0.0027931813863499477,0.0,406976.245462356,0.0,0.0,-1.454936010561298e-09,hirax_interferom,2.3477075875987343,2.3577075733225152,0.16170321023859197,0.16267227253031896,0.005992845103675751,0.005974959429269107
0.0,0.0008935789454209443,-0.000975955551495374,0.002802418145243974,0.0,420583.96305740916,0.0,0.0,-1.3264428256308434e-09,hirax_interferom,2.3577075733225152,2.3677075592467074,0.16267227253031896,0.1636051548522038,0.005734734674656843,0.005718353681025943
7.055814157356906e-06,0.0008785071454868209,-0.000978731862582257,0.0028120105619247526,2040.0320606010264,406820.00421188294,0.0,0.0,-1.3155522253198955e-09,hirax_interferom,2.3677075592467074,2.3777075453681285,0.1636051548522038,0.16456698090466462,0.005878947110986194,0.00586173353361114
7.089180098647976e-06,0.000882676275846225,-0.000981549911690978,0.0028217520080791314,2039.9776098930656,402260.06422887545,0.0,0.0,-1.3182214934789796e-09,hirax_interferom,2.3777075453681285,2.387707531683663,0.16456698090466462,0.16553159458708372,0.005861526274082329,0.005844414364329999
7.215769588548719e-06,0.0009059572265859953,-0.0009842535784756893,0.002831194403117336,2040.0128546257363,406375.9331055359,0.0,0.0,-1.1954262340870992e-09,hirax_interferom,2.387707531683663,2.397707518190249,0.16553159458708372,0.16647979275930166,0.0057282005564147,0.0057118567994502425
7.2498843225914945e-06,0.0009078298777745637,-0.0009869712380948309,0.002840704911547644,2039.9965479651714,400788.0196359864,0.0,0.0,-1.3111517523312188e-09,hirax_interferom,2.397707518190249,2.4077075048848853,0.16647979275930166,0.16743294512815077,0.0057253337059782455,0.00570900627331303
0.0,0.0009453132458021338,-0.0009894904885995415,0.002849674275020568,0.0,410912.0429748529,0.0,0.0,-1.1291550333718436e-09,hirax_interferom,2.4077075048848853,2.417707491764623,0.16743294512815077,0.16834781453961462,0.00546409436185704,0.0054492203556421774
0.0,0.0009187897393476213,-0.0009921476025614967,0.0028590655018433655,0.0,393099.9534980608,0.0,0.0,-1.2591655554728657e-09,hirax_interferom,2.417707491764623,2.427707478826572,0.16834781453961462,0.16929594144038332,0.005631952534469021,0.005616152385826157
0.0,0.000951453260483071,-0.0009946359937769663,0.0028679993287322094,0.0,400747.92331409967,0.0,0.0,-1.165520057789039e-09,hirax_interferom,2.427707478826572,2.437707466067884,0.16929594144038332,0.17021785034933543,0.005445546426620939,0.005430773047160033
0.0,0.0009641980913291342,-0.0009970725850725142,0.002876810992383634,0.0,399992.1549426047,0.0,0.0,-1.0704827616649406e-09,hirax_interferom,2.437707466067884,2.447707453485777,0.17021785034933543,0.17113338959483465,0.00537863240324254,0.005364219219025664
0.0,0.0009696194585929939,-0.0009995007068538194,0.0028856242714141705,0.0,396076.0440068671,0.0,0.0,-1.144286804147251e-09,hirax_interferom,2.447707453485777,2.457707441077512,0.17113338959483465,0.1720498925565152,0.00535548886076769,0.005341199226246733
0.0,0.0009917472229830453,-0.001001822637491508,0.0028941578035441935,0.0,398867.9135263725,0.0,0.0,-1.1406541714422865e-09,hirax_interferom,2.457707441077512,2.467707428840405,0.1720498925565152,0.17295047935893068,0.005234451408446245,0.005220799287856996
7.885451317681748e-06,0.000982410193913292,-0.0010042219121467978,0.002902939455519573,2039.9411845790598,389223.9875449697,0.0,0.0,-1.0774057084764264e-09,hirax_interferom,2.467707428840405,2.4777074167718167,0.17295047935893068,0.17387467108230215,0.005343678299112746,0.00532945150998174
7.922691861807382e-06,0.0010112034695507475,-0.0010065226867472642,0.0029114634254820177,2040.0672267562425,394540.1801940702,0.0,0.0,-1.080221329411763e-09,hirax_interferom,2.4777074167718167,2.4877074048691523,0.17387467108230215,0.17477632996312661,0.005185682740401422,0.005172283390880037
0.0,0.0010003110140981673,-0.001008909976785835,0.0029202616447184518,0.0,384539.988301396,0.0,0.0,-1.080273983206561e-09,hirax_interferom,2.4877074048691523,2.4977073931298706,0.17477632996312661,0.17568736953668707,0.005212602723450354,0.005199064137008989
4.074695075104419e-06,0.0009963866202507975,-0.001011297498478148,0.0029290847602282816,1019.9581475921989,377320.0407035181,0.0,0.0,-1.0520069707128836e-09,hirax_interferom,2.4977073931298706,2.507707381551476,0.17568736953668707,0.17661284382125453,0.00526773374209012,0.005253907765821189
4.093929339041198e-06,0.0010377935612612844,-0.0010134931177678554,0.002937378795659624,1020.0458875185644,387131.7302533713,0.0,0.0,-1.0546593762513857e-09,hirax_interferom,2.507707381551476,2.517707370131514,0.17661284382125453,0.1775030288125647,0.005040318541108456,0.005027658657687361
0.0,0.0010314972094308918,-0.0010157476008380204,0.0029458667885856014,0.0,379192.18265194166,0.0,0.0,-9.504930942438042e-10,hirax_interferom,2.517707370131514,2.527707358867576,0.1775030288125647,0.1784016498403883,0.0050625672915842156,0.005049795584740656
0.0,0.0010471361632881791,-0.0010179118349538706,0.0029541172088419993,0.0,379311.99746855587,0.0,0.0,-9.660895968341207e-10,hirax_interferom,2.527707358867576,2.537707347757297,0.1784016498403883,0.17929071808489866,0.004983520305477989,0.004971143670603179
0.0,0.0009710415184822567,-0.0009331915767610837,0.0027111661747234728,0.0,346729.033403673,0.0,0.0,1.4976997695313628e-09,hirax_interferom,2.537707347757297,2.546861138002697,0.17929071808489866,0.18009765266207856,0.0045007046979297196,0.00449060681360123
1.1181639739101893e-05,0.0,-5.228046278881744e-06,8.808556913574133e-06,623400.7854806816,0.0,8751.116714005935,0.0,5.46056562139619e-09,tianlai_icyl,0.4987765030839571,0.5073873489976207,0.00015676479935952225,0.0001715324102989379,0.09420234006454353,0.09002564125300003
1.0738741498693417e-05,0.0,-1.0356431498491459e-05,1.1063071526353358e-05,693675.8622880348,0.0,10234.218194903784,0.0,-1.7764909011757229e-09,tianlai_icyl,0.5073873489976207,0.5173867060417505,0.0001715324102989379,0.00018297601533459205,0.0667139522828999,0.06458285042023265
1.0635825549788246e-05,0.0,-9.678029158768576e-06,1.1616018550548293e-05,643917.1827703058,0.0,10316.27282834797,0.0,-1.3800051296326666e-09,tianlai_icyl,0.5173867060417505,0.5273860879596689,0.00018297601533459205,0.0001955484502710304,0.06871083575324474,0.06645309568814707
1.60940976145083e-05,0.0,-9.507636699391051e-06,1.2224331876719469e-05,602215.2254680458,0.0,10430.18431501581,0.0,-8.791175169566204e-11,tianlai_icyl,0.5273860879596689,0.5373854933911143,0.0001955484502710304,0.0002143591551511154,0.09619459961975331,0.09184472716249245
7.0203283162570145e-06,0.0,-1.5127959158530443e-05,1.3194891570258088e-05,559139.8081111021,0.0,10489.711643156134,0.0,-1.6581193034266691e-09,tianlai_icyl,0.5373854933911143,0.54738492107431,0.0002143591551511154,0.00021944475775979665,0.0237246811553072,0.023447624407086753
9.756539369699047e-06,0.0,-5.288057283129084e-06,1.330802314417808e-05,904948.6123937122,0.0,10595.069833899863,1.0,-8.216312481632369e-10,tianlai_icyl,0.54738492107431,0.5573843698367585,0.00021944475775979665,0.0002372204413592965,0.08100299948361968,0.07788931338367465
8.513752327847546e-06,0.0,-6.134730368796986e-06,1.4175965496653773e-05,510709.6867125243,0.0,10656.217579519183,0.0,-6.666425557221374e-10,tianlai_icyl,0.5573843698367585,0.5673838385878736,0.0002372204413592965,0.0002537747621724451,0.06978454604624598,0.06745726936311869
1.0219823531684925e-05,0.0,-6.097960597394517e-06,1.4947166938348722e-05,492794.97069408745,0.0,10737.602639483805,0.0,-8.549917880851952e-10,tianlai_icyl,0.5673838385878736,0.5773833263113488,0.0002537747621724451,0.0002728429370532962,0.07513818441840905,0.07244919696363147
3.595187097724403e-05,0.0,-7.555021356163082e-06,1.584329289423905e-05,451131.97591701837,0.0,10799.083858947834,0.0,-9.826465495478683e-10,tianlai_icyl,0.5773833263113488,0.5873828320594331,0.0002728429370532962,0.0003170820969220666,0.16214148823698113,0.1502644136996736
1.1086552332976612e-05,0.0,-3.447260702528459e-05,1.8161639999707227e-05,428172.768759377,0.0,10877.616280114467,0.0,2.2778509819912336e-09,tianlai_icyl,0.5873828320594331,0.5973823549466909,0.0003170820969220666,0.00031185996008044787,-0.01646935255036573,0.01660648002223311
6.170275781407354e-06,0.0,-9.87130449600648e-06,1.7613766799864933e-05,408817.80503960606,0.0,10932.637830169355,0.0,-1.1714711967325463e-09,tianlai_icyl,0.5973823549466909,0.6073818941452888,0.00031185996008044787,0.000325771526694517,0.0446083768191353,0.043642056152310815
1.2699354254086889e-05,0.0,-6.604511512770642e-06,1.8153217036054395e-05,382986.78908662486,0.0,11002.610473507164,0.0,-7.120561220960684e-10,tianlai_icyl,0.6073818941452888,0.617381448880126,0.000325771526694517,0.0003500188744157655,0.07443053101441179,0.07179078262732176
1.5534501143125933e-05,0.0,-1.427517019769032e-05,1.9247771172066405e-05,378626.404669467,0.0,11070.543668200911,0.0,-1.2458136627114973e-10,tianlai_icyl,0.617381448880126,0.6273810184246831,0.0003500188744157655,0.0003705258519519012,0.0585882049085637,0.056936138218863175
2.596307456067775e-05,0.0,-1.733489208736746e-05,2.0111560678940844e-05,349517.4868414748,0.0,11115.616403239024,0.0,4.471758875674345e-10,tianlai_icyl,0.6273810184246831,0.6373806020973851,0.0003705258519519012,0.00039926604228003994,0.07756595167850684,0.07470474917692792
1.2446793936496322e-05,0.0,-2.8411439842806894e-05,2.139626458833326e-05,336312.0,0.0,11173.132927817634,0.0,1.7443068176931426e-09,tianlai_icyl,0.6373806020973851,0.6473801992578353,0.00039926604228003994,0.0004046994052688803,0.013608377406234527,0.013516614992841871
7.770361233184937e-06,0.0,-1.3856540460587265e-05,2.1411070248247583e-05,307980.9794154832,0.0,11223.10266792779,0.0,-4.3784373146449316e-10,tianlai_icyl,0.6473801992578353,0.6573798093041437,0.0004046994052688803,0.00042002385844599414,0.03786626068039891,0.03716693316754362
1.649603234581485e-05,0.0,-8.93675021107951e-06,2.1945835106987246e-05,306402.2454503219,0.0,11262.089636897585,0.0,-7.315719414605592e-10,tianlai_icyl,0.6573798093041437,0.6673794316695364,0.00042002385844599414,0.00044952824411577527,0.07024454700964265,0.06788717096770326
5.840618111744457e-05,0.0,-1.7925722212535004e-05,2.3199401385928346e-05,282322.3193184285,0.0,11335.533449161063,0.0,-1.5723537886101558e-09,tianlai_icyl,0.6673794316695364,0.6773790658202725,0.00044952824411577527,0.0005132065320528245,0.14165581088748905,0.1324796742891824
9.707663395728381e-06,0.0,-6.154653056335492e-05,2.617772183272995e-05,272378.20714046166,0.0,11388.532650793799,0.0,5.259256278839408e-09,tianlai_icyl,0.6773790658202725,0.6873787112529229,0.0005132065320528245,0.00048755064597420675,-0.04999134749122214,0.05128418652505054
9.746912252742694e-06,0.0,-1.0122412927585106e-05,2.4565582948908458e-05,262620.7758618161,0.0,11423.629959097418,0.0,-7.32689930988991e-10,tianlai_icyl,0.6873787112529229,0.6973783674923303,0.00048755064597420675,0.0005117399955583419,0.04961402427393127,0.048422500659897186
0.00016500148965220145,0.0,-9.82349291066773e-06,2.5482725494074536e-05,254975.27310733317,0.0,11458.478451197221,0.0,-1.0349615064517689e-09,tianlai_icyl,0.6973783674923303,0.7073780340897433,0.0005117399955583419,0.0006923996828324436,0.35303022793242905,0.3023466903525584
1.163382344141016e-05,0.0,-0.00017212537559867106,3.410836990400976e-05,228343.22093706473,0.0,11509.628605671514,0.0,1.574460750468051e-08,tianlai_icyl,0.7073780340897433,0.7173777106206921,0.0006923996828324436,0.0005660322451866972,-0.18250649267892075,0.2015123183571551
0.00031751921687424637,0.0,-1.078218136893126e-05,2.7545320690890586e-05,237148.49473382017,0.0,11541.621047201457,0.0,-1.1698199862870317e-09,tianlai_icyl,0.7173777106206921,0.7273773966837396,0.0005660322451866972,0.0009003134315629165,0.5905691578859819,0.4640919131139896
1.4368718212433101e-05,0.0,-0.00033097824245072427,4.337295619114626e-05,207718.563407567,0.0,11591.488844404437,0.0,3.0596383920796975e-08,tianlai_icyl,0.7273773966837396,0.7373770918985177,0.0009003134315629165,0.0006271074598996925,-0.30345650979453553,0.36162504664133843
8.33580720944884e-06,0.0,-1.2485486213452312e-05,2.984433411422849e-05,215206.81835586723,0.0,11622.069755246906,0.0,-2.6067022401573547e-10,tianlai_icyl,0.7373770918985177,0.7473767959046214,0.0006271074598996925,0.0006528018543396934,0.040972873204396076,0.04015573089214934
5.684370406695337e-06,0.0,-4.782186317154069e-06,3.072797531319446e-05,182775.7910264938,0.0,11669.489349763395,0.0,-8.668040962007752e-10,tianlai_icyl,0.7473767959046214,0.7573765083602568,0.0006528018543396934,0.0006844311469383329,0.048451597354349396,0.04731440658834708
9.626142383468184e-06,0.0,-3.286583948655515e-06,3.1870658572053064e-05,194623.6599760516,0.0,11718.083266018546,0.0,-9.877553044040403e-10,tianlai_icyl,0.7573765083602568,0.767376228940871,0.0006844311469383329,0.0007226403761898942,0.05582625721006811,0.05432364259053067
1.6485601902062546e-05,0.0,-1.0864497307956368e-05,3.3293465236047543e-05,181908.4884594462,0.0,11727.546795973258,0.0,-9.813776547289314e-10,tianlai_icyl,0.767376228940871,0.7773759573383835,0.0007226403761898942,0.0007615539646423933,0.05384917551614005,0.05244934264652101
1.5405953196152393e-05,0.0,-1.9424732562949127e-05,3.4718364816357064e-05,174440.6809665984,0.0,11771.003977735545,0.0,-1.805221125356452e-09,tianlai_icyl,0.7773759573383835,0.7873756932597521,0.0007615539646423933,0.0007922517448708283,0.0403093958585718,0.03951816492797308
8.825186648458656e-06,0.0,-1.844389685912354e-05,3.5747091992356395e-05,167605.5657871025,0.0,11800.478611787854,0.0,-6.947006749787091e-10,tianlai_icyl,0.7873756932597521,0.7973754364263519,0.0007922517448708283,0.0008183794319518449,0.032979021188872894,0.032446881304824496
1.2133123616316609e-05,0.0,-1.132498517345559e-05,3.654964547244094e-05,160711.54359279943,0.0,11845.589352031646,0.0,-9.741989893727606e-10,tianlai_icyl,0.7973754364263519,0.8073751865730229,0.0008183794319518449,0.0008557362416681574,0.045647297888726394,0.044636117469989425
8.356145408130597e-06,0.0,-1.4643536000638417e-05,3.783350658071485e-05,147774.8057600501,0.0,11858.55019290315,0.0,-1.3371631056883802e-09,tianlai_icyl,0.8073751865730229,0.8173749434471101,0.0008557362416681574,0.0008872810204932587,0.036862735606018576,0.03619955366454647
1.564420260472949e-05,0.0,-1.00453887944275e-05,3.8839875266058916e-05,148857.83407139825,0.0,11908.05817629816,0.0,-8.163013172614501e-10,tianlai_icyl,0.8173749434471101,0.827374706808004,0.0008872810204932587,0.0009317188932683024,0.05008319996559794,0.04886939909273681
2.941725251870111e-05,0.0,-1.7099729603512324e-05,4.038656873328074e-05,140370.8962335782,0.0,11922.43421007794,0.0,-2.941394850911537e-10,tianlai_icyl,0.827374706808004,0.8373744764261027,0.0009317188932683024,0.0009844226907772867,0.056566200266808836,0.05502421608896896
7.728755520537808e-06,0.0,-3.0758026170786274e-05,4.2255823836404675e-05,136455.46458307654,0.0,11960.585223178088,0.0,-2.00038255924195e-09,tianlai_icyl,0.8373744764261027,0.8473742520823994,0.0009844226907772867,0.0010036472435808836,0.019528758310535778,0.019340518884194795
6.942774624505718e-06,0.0,-7.854271636422068e-06,4.267138882411113e-05,128460.27566854353,0.0,11994.051042021205,0.0,-8.346981343835475e-10,tianlai_icyl,0.8473742520823994,0.8573740335678767,0.0010036472435808836,0.0010454063006949442,0.04160730513748005,0.04076500582841139
7.743077731218379e-06,0.0,-6.241599897238979e-06,4.4027462434201544e-05,125482.7370415245,0.0,12004.44174152276,0.0,-9.666834819844113e-10,tianlai_icyl,0.8573740335678767,0.867373820682749,0.0010454063006949442,0.0010909342742796433,0.04355050620455785,0.04262884713485736
7.90470266261235e-06,0.0,-6.373035661204954e-06,4.551701053717265e-05,122511.24416547132,0.0,12051.110744604443,0.0,-9.190790509720326e-10,tianlai_icyl,0.867373820682749,0.8773736132361959,0.0010909342742796433,0.001137982032739172,0.0431261163653466,0.042222085645825205
2.5863690746654763e-05,0.0,-5.180129478752419e-06,4.704325153370493e-05,117616.93984278837,0.0,12073.498406423301,0.0,-8.386613153202432e-10,tianlai_icyl,0.8773736132361959,0.8873734110456718,0.001137982032739172,0.0012057080068794642,0.05951409793111826,0.05781040484922188
6.140013592036958e-06,0.0,-2.2256616617737835e-05,4.9388069919156994e-05,102920.60524395926,0.0,12089.507797181948,0.0,-2.055856945924814e-09,tianlai_icyl,0.8873734110456718,0.8973732139365105,0.0012057080068794642,0.0012389774179159744,0.0275932571125707,0.027219424449823445
1.0756578066495359e-05,0.0,-8.944384460373743e-07,5.029644017805708e-05,117015.26147261178,0.0,12126.009156883567,0.0,-1.1531848208925472e-09,tianlai_icyl,0.8973732139365105,0.907373021741636,0.0012389774179159744,0.0012991348445296684,0.048554094484532184,0.0474121622889285
8.083856789935195e-06,0.0,-5.989657869884699e-06,5.2270369803829106e-05,101994.02527371448,0.0,12139.047797810284,0.0,-1.293893190640978e-09,tianlai_icyl,0.907373021741636,0.9173728343008888,0.0012991348445296684,0.0013534981193603574,0.041845752240115136,0.04099390189384645
9.504268054712476e-06,0.0,-8.137024855845787e-06,5.398061217976248e-05,98967.8357194477,0.0,12174.539474344314,0.0,-1.0180290473968094e-09,tianlai_icyl,0.9173728343008888,0.9273726514608772,0.0013534981193603574,0.0014088449567099394,0.040891698745572,0.04007774843357937
2.357748288622192e-05,0.0,-1.1922832379348076e-05,5.5701268111208515e-05,97008.58669206392,0.0,12183.5357778836,0.0,-9.379628384947486e-10,tianlai_icyl,0.9273726514608772,0.9373724730746068,0.0014088449567099394,0.001476199937365183,0.04780865370206311,0.04670098688330511
2.4941929739517848e-05,0.0,-2.664410443495245e-05,5.786621153572712e-05,89008.40578946788,0.0,12226.028019298226,0.0,5.953374183654591e-11,tianlai_icyl,0.9373724730746068,0.9473722990010024,0.001476199937365183,0.0015323640337392174,0.03804640208444918,0.03734048710141898
1.976085086522089e-05,0.0,-2.7137319389341195e-05,5.955697393229162e-05,96986.28461976926,0.0,12216.978055391632,0.0,-1.3955656822904108e-09,tianlai_icyl,0.9473722990010024,0.957372129104784,0.0015323640337392174,0.0015845431435817063,0.03405137988990997,0.03348446526748329
1.2776096332669564e-05,0.0,-2.0955771206917837e-05,6.107136603348653e-05,80032.15671619482,0.0,12265.016113746206,0.0,-3.9606126731550035e-10,tianlai_icyl,0.957372129104784,0.9673719632560732,0.0015845431435817063,0.0016374344386796773,0.03337952350001362,0.03283452198527192
2.0292389170654715e-05,0.0,-1.346566563946052e-05,6.258705095090805e-05,79197.78260529692,0.0,12271.517091955193,0.0,-8.933914744913952e-10,tianlai_icyl,0.9673719632560732,0.9773718013301088,0.0016374344386796773,0.0017068473197703051,0.042391242941364975,0.04151734593112805
7.336182949693788e-06,0.0,-1.9526662142073253e-05,6.470555051065472e-05,85337.41494481839,0.0,12305.51673591502,0.0,-1.6357166878898405e-09,tianlai_icyl,0.9773718013301088,0.9873716432071172,0.0017068473197703051,0.0017593607553718926,0.030766334512365375,0.030302539689944927
9.743043080529563e-06,0.0,-4.309403518621321e-06,6.615805975776614e-05,77305.46865673797,0.0,12320.0,0.0,-1.034797327053318e-09,tianlai_icyl,0.9873716432071172,0.997371488771902,0.0017593607553718926,0.00183095141989424,0.04069129330284202,0.03988519743358104
7.214319733564296e-06,0.0,-5.9546259993635225e-06,6.829949619381044e-05,75302.47887541848,0.0,12330.034565991891,0.0,-1.2010095865711612e-09,tianlai_icyl,0.997371488771902,1.0073713379137168,0.00183095141989424,0.0019005094088126646,0.037990078907960564,0.03728622680588178
1.072951868329477e-05,0.0,-1.5083188895147627e-06,7.03340670664888e-05,67280.13807315646,0.0,12376.00241794286,0.0,-1.0551625578184018e-09,tianlai_icyl,1.0073713379137168,1.017371190526121,0.0019005094088126646,0.0019800636205103755,0.0418594148120593,0.041007015622372196
8.849117284673889e-06,0.0,-3.2916826491839457e-06,7.270484919212383e-05,80286.71464661964,0.0,12365.498815973486,0.0,-1.4024094997768446e-09,tianlai_icyl,1.017371190526121,1.0273710465065855,0.0019800636205103755,0.0020583245019284895,0.03952442770396523,0.038763327514536275
9.12772260404142e-06,0.0,7.788804067304375e-07,7.499477435522411e-05,64260.65714587995,0.0,12394.533629788475,0.0,-1.0730280078266785e-09,tianlai_icyl,1.0273710465065855,1.0373709057564635,0.0020583245019284895,0.0021432248062664776,0.04124728839327481,0.0404193103113947
9.691187958020307e-06,0.0,2.3669910032234804e-06,7.749110431938319e-05,66273.12289883556,0.0,12428.492049266451,0.0,-1.0524318607145975e-09,tianlai_icyl,1.0373709057564635,1.0473707681808206,0.0021432248062664776,0.002232773037115244,0.041782005595932065,0.04093271376274844
1.315891457730375e-05,0.0,3.680631786133794e-06,8.011771241144298e-05,60240.0,0.0,12432.004450097036,0.0,-1.4184918601838493e-09,tianlai_icyl,1.0473707681808206,1.0573706336881208,0.002232773037115244,0.002329728877398264,0.04342395696800758,0.042507571825610845
6.831365910782466e-06,0.0,-2.6531199951709514e-06,8.297145857409802e-05,68263.24714284945,0.0,12448.51634622227,0.0,-1.4119000349402622e-09,tianlai_icyl,1.0573706336881208,1.0673705021902002,0.002329728877398264,0.002416877169987939,0.03740705342803598,0.03672438205224147
8.991566943858716e-06,0.0,-1.90785547378788e-06,8.543871159731383e-05,54228.86095134917,0.0,12475.01921456875,0.0,-1.1508863625509115e-09,tianlai_icyl,1.0673705021902002,1.0773703736021156,0.002416877169987939,0.002509398442168961,0.03828132986232135,0.0375667787173908
0.00011062397681253684,0.0,-5.71018416038211e-06,8.806013519968797e-05,61369.84295530537,0.0,12465.50522846866,0.0,-1.15634515901795e-09,tianlai_icyl,1.0773703736021156,1.087370247841893,0.002509398442168961,0.0027023712136756447,0.07690001247465927,0.07408655493655854
8.027344557768072e-06,0.0,-0.00010903272214687918,9.415362172110298e-05,51405.93483473299,0.0,12505.983609799468,0.0,3.2932373645222116e-09,tianlai_icyl,1.087370247841893,1.0973701248304963,0.0027023712136756447,0.002695522751045001,-0.002534242000501747,0.0025374586273835442
8.177104322750057e-06,0.0,-1.1123572059164067e-06,9.323373077536076e-05,57474.20830672783,0.0,12513.044155946649,0.0,-1.2707455114989175e-09,tianlai_icyl,1.0973701248304963,1.1073700044916983,0.002695522751045001,0.0027958199581916837,0.037208814916438536,0.0365332734087324
6.439205878813955e-06,0.0,1.4647498644957427e-06,9.601721602268323e-05,49374.16170632868,0.0,12543.0157304177,0.0,-1.3594553944223298e-09,tianlai_icyl,1.1073700044916983,1.117369886751874,0.0027958199581916837,0.0028997397705022828,0.03716970830189425,0.03649556899354383
1.7108228198957614e-05,0.0,4.9380216493231855e-06,9.888762411459199e-05,55438.058197230304,0.0,12553.51637432891,0.0,-1.3682160209215802e-09,tianlai_icyl,1.117369886751874,1.127369771539965,0.0028997397705022828,0.003020672276249134,0.041704606384697696,0.04085841598629532
2.2467805540154268e-05,0.0,-3.030405509713939e-06,0.00010229745245198113,49386.292705022366,0.0,12570.478295670557,0.0,-9.883788143196845e-10,tianlai_icyl,1.127369771539965,1.1373696587873798,0.003020672276249134,0.0031424061403527415,0.04030025536393782,0.03950937856612115
0.00010613755895115373,0.0,-4.079637516971755e-06,0.0001056893933045382,44352.0,0.0,12581.014792826541,0.0,-8.366104229266319e-10,tianlai_icyl,1.1373696587873798,1.1473695484278068,0.0031424061403527415,0.0033501526184810384,0.0661106390611167,0.0640171093458629
1.0902249525330382e-05,0.0,-8.784237405323007e-05,0.00011190352768479608,49393.82617385873,0.0,12580.51539928353,0.0,-5.079864358671151e-09,tianlai_icyl,1.1473695484278068,1.1573694403971932,0.0033501526184810384,0.0033851109417735764,0.0104348449977148,0.010380777799285177
8.51227108239412e-06,0.0,1.3865843998520114e-05,0.00011231687483703578,43327.89681125644,0.0,12607.989349742893,0.0,-1.2195473423635753e-09,tianlai_icyl,1.1573694403971932,1.1673693346336549,0.0033851109417735764,0.003519804712144184,0.03979006085396919,0.03901882821239677
7.484549605727121e-05,0.0,2.0682821330420165e-05,0.00011600823709894092,46399.555498351365,0.0,12622.017391698826,0.0,-1.2630295456304629e-09,tianlai_icyl,1.1673693346336549,1.1773692310773156,0.003519804712144184,0.003731340003601271,0.06009858749470917,0.05836191086956664
1.2437322111940897e-05,0.0,-4.271793626448672e-05,0.0001221650965551188,44334.82326209786,0.0,12638.482107564687,0.0,-3.991261028671264e-09,tianlai_icyl,1.1773692310773156,1.1873691296702895,0.003731340003601271,0.003823220494742815,0.02462399327128226,0.02432570945675253
6.847900800928172e-06,0.0,2.8398509008487962e-05,0.00012436082558845124,35291.78096707765,0.0,12660.529218668345,0.0,-1.529550020101306e-09,tianlai_icyl,1.1873691296702895,1.1973690303566116,0.003823220494742815,0.003982826200590662,0.041746403605890874,0.040898539052302826
1.1791733377438452e-05,0.0,3.81161923343485e-05,0.00012871527244644865,44342.10582697908,0.0,12677.551532151152,0.0,-1.799236047676994e-09,tianlai_icyl,1.1973690303566116,1.2073689330820838,0.003982826200590662,0.00416144759951285,0.04484790194854553,0.04387132644898414
6.632635743010468e-06,0.0,2.4453863150688407e-05,0.00013362854801714122,39307.15273169725,0.0,12667.479963342003,0.0,-1.5809828446647691e-09,tianlai_icyl,1.2073689330820838,1.217368837794271,0.00416144759951285,0.004326161065440846,0.03958080979976225,0.038817564399513366
6.303212083403437e-06,0.0,2.483907231278742e-05,0.00013803864869665005,32249.667362500462,0.0,12677.990576432292,0.0,-1.519332174023093e-09,tianlai_icyl,1.217368837794271,1.2273687444424428,0.004326161065440846,0.004495340479201512,0.039106129245196464,0.03836085246862977
1.2074560832874946e-05,0.0,2.955255753690343e-05,0.0001425382825152647,46383.51221490055,0.0,12715.513080736771,0.0,-1.4716198961693774e-09,tianlai_icyl,1.2273687444424428,1.237368652977431,0.004495340479201512,0.004679504408466659,0.04096773762014553,0.04015079743321796
8.38788437988248e-06,0.0,3.173466655160483e-05,0.00014745717204009192,32243.840593401634,0.0,12711.003015725842,0.0,-1.6177811380939201e-09,tianlai_icyl,1.237368652977431,1.2473685633516336,0.004679504408466659,0.0048670825136571,0.040085036537427975,0.03930247571200517
5.40025244175157e-06,0.0,4.025050441753583e-05,0.00015242569232005917,28224.0,0.0,12740.500738718396,0.0,-1.8219290324061126e-09,tianlai_icyl,1.2473685633516336,1.2573684755189598,0.0048670825136571,0.005065157140907415,0.040696788413698434,0.03989047767026985
8.295059644999984e-06,0.0,5.1811399331401865e-05,0.00015766427262983718,41403.37126236933,0.0,12736.007238081664,0.0,-1.8246788519040366e-09,tianlai_icyl,1.2573684755189598,1.2673683894347143,0.005065157140907415,0.0052829260478348015,0.042993514489142515,0.04209495786808745
5.840429928708347e-05,0.0,5.731413901467632e-05,0.00016345263070804408,31367.693778441833,0.0,12744.002836773096,0.0,-1.8230877165535705e-09,tianlai_icyl,1.2673683894347143,1.2773683050555906,0.0052829260478348015,0.005562095293756889,0.0528436785588745,0.051494768721164555
2.4413713366742012e-05,0.0,1.5660375312800202e-05,0.00017106664035473228,30354.374361231152,0.0,12769.011117863181,0.0,-5.302189520182627e-10,tianlai_icyl,1.2773683050555906,1.287368222339628,0.005562095293756889,0.005773235492572212,0.0379605504156527,0.037257778641563356
1.780480271297898e-05,0.0,6.167254637441647e-05,0.00017650778213206298,36437.511923899525,0.0,12783.987745228485,0.0,-2.5668376996733053e-09,tianlai_icyl,1.287368222339628,1.2973681412461122,0.005773235492572212,0.0060292180569539704,0.04433953278211206,0.043384659558291655
8.940389177915349e-06,0.0,8.402879886490905e-05,0.00018325649103109585,32381.299785609004,0.0,12788.006670490096,0.0,-2.3312506771072356e-09,tianlai_icyl,1.2973681412461122,1.3073680617355683,0.0060292180569539704,0.006305441404777214,0.04581412468647624,0.04479564878747204
3.308749376742838e-06,0.0,0.00010621095763619558,0.00019054236401344515,18208.06335038609,0.0,12792.516338623218,0.0,-2.2190660097320937e-09,tianlai_icyl,1.3073680617355683,1.317367983769721,0.006305441404777214,0.0066055012567375875,0.047587445937256424,0.0464898499382031
9.877637307062542e-06,0.0,0.00012826212163217574,0.00019846442727561883,34415.77582701799,0.0,12832.974387921548,0.0,-2.365120757278868e-09,tianlai_icyl,1.317367983769721,1.3273679073114129,0.0066055012567375875,0.006942103077831687,0.05095780138574146,0.04970194017127673
1.7264700459752544e-05,0.0,0.00014396483437506113,0.0002073922837611122,36426.921266962636,0.0,12811.026347182258,0.0,-2.577144425451656e-09,tianlai_icyl,1.3273679073114129,1.337367832324594,0.006942103077831687,0.007310722319283187,0.053099073482302056,0.051737315603725485
3.940422698201795e-06,0.0,0.0001572700952476791,0.00021717568707774475,18218.487797883652,0.0,12834.008604044066,0.0,-2.491971078508593e-09,tianlai_icyl,1.337367832324594,1.347367758774285,0.007310722319283187,0.007689106032335735,0.05175736357192791,0.05046244472086873
5.7842131845304595e-06,0.0,0.0001989322412029195,0.00022714180468876607,26314.437212617042,0.0,12843.507827016805,0.0,-2.952569539019248e-09,tianlai_icyl,1.347367758774285,1.3573676866265143,0.007689106032335735,0.008120961338842412,0.056164566425609734,0.054644012560559965
1.1642410268524533e-05,0.0,0.00023226717925455193,0.0002385738895880403,28340.775175187766,0.0,12850.0,0.0,-3.1959807423793312e-09,tianlai_icyl,1.3573676866265143,1.367367615848302,0.008120961338842412,0.008603441621972786,0.05941172023842537,0.05771377315792386
4.22314163720401e-06,0.0,0.00025498419802125443,0.0002513645202988254,26302.644398557735,0.0,12867.495955458864,0.0,-3.62647669777685e-09,tianlai_icyl,1.367367615848302,1.377367546407622,0.008603441621972786,0.009114009855453372,0.05934465018936369,0.05765046238749246
4.889962295431304e-06,0.0,0.00029698845441701854,0.0002648385027261424,24290.291129106074,0.0,12878.012451788622,0.0,-3.657580969911253e-09,tianlai_icyl,1.377367546407622,1.3873674782733665,0.009114009855453372,0.009680723117310995,0.06218045304378612,0.06032382650562434
4.920057295440835e-06,0.0,0.00035129936495698565,0.00027979536874053333,20235.511494724975,0.0,12886.502772051183,0.0,-3.978231161046892e-09,tianlai_icyl,1.3873674782733665,1.3973674114153087,0.009680723117310995,0.010316733930072793,0.06569868852301834,0.06363062961909215
1.2655449021078206e-05,0.0,0.0004027409202609529,0.0002965906786578419,33405.89212664036,0.0,12913.002172184157,0.0,-4.3832904083996884e-09,tianlai_icyl,1.3973674114153087,1.4073673458040818,0.010316733930072793,0.011028716594722258,0.06901240930272222,0.06673524030361647
9.93026440744065e-06,0.0,0.0004462679821778054,0.0003153875758579917,19220.46414201832,0.0,12880.520743821378,0.0,-4.714904234812722e-09,tianlai_icyl,1.4073673458040818,1.4173672814111506,0.011028716594722258,0.01180029770226126,0.06996109664366922,0.067622289535892
5.898236948107995e-06,0.0,0.0004970230661273793,0.00033569005592874463,18213.891211068505,0.0,12918.983329731767,0.0,-4.892411099619013e-09,tianlai_icyl,1.4173672814111506,1.4273672182087696,0.01180029770226126,0.012638904168854393,0.07106655168813518,0.06865492929984868
1.020988199473815e-05,0.0,0.0005895751791699151,0.0003576850767876875,23283.22851992666,0.0,12930.510714209378,0.0,-5.465366893748357e-09,tianlai_icyl,1.4273672182087696,1.437367156169967,0.012638904168854393,0.01359636884143984,0.07575535503662523,0.07302307068060795
1.0304385212526102e-05,0.0,0.0006790896577257844,0.00038280747431640607,28333.977408672614,0.0,12934.498501043978,0.0,-6.280924891875683e-09,tianlai_icyl,1.437367156169967,1.4473670952685276,0.01359636884143984,0.014668564077769664,0.07885894012097712,0.07590394568253152
9.412544491206504e-06,0.0,0.0007591661855028823,0.00041089631697749265,17203.009664596815,0.0,12932.992171261632,0.0,-6.793700195001779e-09,tianlai_icyl,1.4473670952685276,1.457367035478942,0.014668564077769664,0.015848032331041054,0.08040788771266874,0.07733864364335412
1.4004475792612843e-05,0.0,0.0008523384469330555,0.00044170032504690254,20236.12097509507,0.0,12949.50047912857,0.0,-7.1578525515892146e-09,tianlai_icyl,1.457367035478942,1.467366976776406,0.015848032331041054,0.017156068420961068,0.08253618257441363,0.0793066053469102
2.130142928920463e-05,0.0,0.0009442489922002408,0.0004757705235468795,20243.798198700664,0.0,12957.505160596062,0.0,-7.67499295761526e-09,tianlai_icyl,1.467366976776406,1.4773669191367926,0.017156068420961068,0.018597381691004437,0.08401186301416184,0.08066884669757379
1.724614753242259e-05,0.0,0.001092059805815282,0.0005131893390048531,18214.14058496348,0.0,12981.49862197502,0.0,-8.815323227459101e-09,tianlai_icyl,1.4773669191367926,1.487366862536622,0.018597381691004437,0.02021986816803377,0.08724273685333508,0.08364489218204438
7.989192002466373e-06,0.0,0.0012885259409903737,0.0005552263513039705,23280.551108729902,0.0,12979.516639429152,0.0,-9.66541880057378e-09,tianlai_icyl,1.487366862536622,1.497366806953045,0.02021986816803377,0.02207159998691178,0.09157981661846198,0.0876260199581907
1.9546766574585566e-05,0.0,0.0014311922446968023,0.0006031294439492875,17199.544577183507,0.0,12983.49427663077,0.0,-1.0563114785012404e-08,tianlai_icyl,1.497366806953045,1.507366752363828,0.02207159998691178,0.024125457879017667,0.09305432743089781,0.08897591283646308
8.356274116726438e-06,0.0,0.0016321454089359743,0.0006560785342126424,12144.0,0.0,12995.496121247306,0.0,-1.1926797178522176e-08,tianlai_icyl,1.507366752363828,1.5173666987473269,0.024125457879017667,0.026422026169485833,0.09519273383265117,0.09093036041261637
5.262862665946481e-06,0.0,0.0018880379147170323,0.0007151037286564066,18217.70765163394,0.0,13010.015186625202,0.0,-1.2943493326076716e-08,tianlai_icyl,1.5173666987473269,1.5273666460824682,0.026422026169485833,0.029030417732031893,0.09872034588923498,0.09414618070126433
1.3506638306803363e-05,0.0,0.0022456886496310807,0.0007819821947817743,23278.507069016952,0.0,13022.998348439385,0.0,-1.4422887951825888e-08,tianlai_icyl,1.5273666460824682,1.5373665943487331,0.029030417732031893,0.0320715807918636,0.10475781257794696,0.09962613680995015
7.081956032070862e-06,0.0,0.00251393622676299,0.0008598488754823852,19222.2748893817,0.0,13001.002424524544,0.0,-1.6617201374370468e-08,tianlai_icyl,1.5373665943487331,1.547366543526144,0.0320715807918636,0.035452431232939674,0.10541577177055711,0.10022152824590454
8.02111638868618e-06,0.0,0.002990550666570382,0.0009460740359431869,10121.600737626375,0.0,13043.995254730358,0.0,-1.7862198957306904e-08,tianlai_icyl,1.547366543526144,1.5573664935952372,0.035452431232939674,0.039397059189642966,0.11126537220494619,0.10549934100559331
3.9953517529674965e-06,0.0,0.0035024602695394955,0.0010464926617432205,15182.349511889304,0.0,13027.013156028366,0.0,-2.1149342865267445e-08,tianlai_icyl,1.5573664935952372,1.5673664445370563,0.039397059189642966,0.043949986323335785,0.11556515200225227,0.1093611392828206
6.35253014557766e-05,0.0,0.003989767583485631,0.0011620992353036466,17200.168640393604,0.0,13041.99469970015,0.0,-2.3215407413019387e-08,tianlai_icyl,1.5673664445370563,1.577366396333134,0.043949986323335785,0.04916535522817343,0.11866599608174355,0.11213690048650074
3.5176826987701405e-06,0.0,0.002171505047094798,0.0006462240027029657,6071.970878447423,0.0,7329.941713730488,0.0,-1.132254963421146e-06,tianlai_icyl,1.577366396333134,1.5824602878794465,0.04916535522817343,0.05198546970570654,0.05735979053634675,0.055775037366791944
0.0011690848618874546,0.0,-0.0006535525117164923,0.0023639964248231404,1052630.751747403,0.0,2295.3999699634714,0.0,1.91338099700093e-06,meerkat_b1_interferom,0.4030312526376365,0.41164567827357,0.03849172620356474,0.041373168359555845,0.0748587408304971,0.07218924906677268
0.0013478354250281033,0.0,-0.0008060417722934792,0.0029048962344881335,1144949.718292816,0.0,2482.9350702741312,0.0,-3.3198236714265437e-07,meerkat_b1_interferom,0.41164567827357,0.4216447014746006,0.041373168359555845,0.04481952626441146,0.08329934693192581,0.08001133511858531
0.0013409966189289117,0.0,-0.0008522585897492835,0.00308397589436358,1073171.546197615,0.0,2342.809181991108,0.0,-3.2819369324824967e-07,meerkat_b1_interferom,0.4216447014746006,0.4316437701221758,0.04481952626441146,0.04839191199426142,0.07970601270470312,0.07668879362152839
0.0016831024625082267,0.0,-0.0009060385409900667,0.0032648325688229927,1327077.4480478363,0.0,2741.9359292835607,1.0,-3.1794247496475663e-07,meerkat_b1_interferom,0.4316437701221758,0.4416428811779503,0.04839191199426142,0.052433490542127606,0.08351764543515991,0.08021282745018647
0.0013223952705913949,0.0,-0.0010032539108252223,0.0034700945917237563,942259.4555784515,0.0,2745.499632023797,0.0,-3.165258582922533e-07,meerkat_b1_interferom,0.4416428811779503,0.4516420318709491,0.052433490542127606,0.05622240996775925,0.07226143799424227,0.06976991164100026
0.0012859479768278423,0.0,-0.0011186537740748496,0.0036515708687395038,867272.1173275536,0.0,2571.964166312424,0.0,-3.0955294101251474e-07,meerkat_b1_interferom,0.4516420318709491,0.4616412196690345,0.05622240996775925,0.06004096548631073,0.06791874486954992,0.06571165606083429
0.001281496219409725,0.0,-0.0012438415538797583,0.0038286006224855997,818985.8761856646,0.0,2557.6690672774475,0.0,-2.9900264408486833e-07,meerkat_b1_interferom,0.4616412196690345,0.4716404422531588,0.06004096548631073,0.06390692177168221,0.06438864288837783,0.06240059009864935
0.001262234231080401,0.0,-0.001336341728719539,0.004002559013516803,765970.8624201769,0.0,2926.45252260343,0.0,-2.9281466503758806e-07,meerkat_b1_interferom,0.4716404422531588,0.4816396974957505,0.06390692177168221,0.06783508047289484,0.06146687388960168,0.059651794787371995
0.0012509445070895383,0.0,-0.0013587112748147247,0.0041745616278716785,721004.0367688005,0.0,2795.026253262652,0.0,-2.818480330918265e-07,meerkat_b1_interferom,0.4816396974957505,0.491638983440728,0.06783508047289484,0.07190159348500824,0.059947050755519864,0.05821895475889303
0.0012306041708260176,0.0,-0.0013269615247751808,0.004349321048673678,675081.5549704451,0.0,2607.0315156573433,0.0,-2.8533360018345755e-07,meerkat_b1_interferom,0.491638983440728,0.501638298286979,0.07190159348500824,0.07615427184613258,0.059145815203817904,0.05746274855127023
0.0012141404974404827,0.0,-0.0012571193405643412,0.0045295947184847765,634222.638585971,0.0,2877.7631834715576,0.0,-2.855447565511764e-07,meerkat_b1_interferom,0.501638298286979,0.5116376403726887,0.07615427184613258,0.08064060217673694,0.05891107907470845,0.057241096214447125
0.0012020027985771746,0.0,-0.0012208259362873125,0.004717909013807813,598725.3957172513,0.0,2966.0957163178614,0.0,-2.9067244145861234e-07,meerkat_b1_interferom,0.5116376403726887,0.5216370081625243,0.08064060217673694,0.08533939738039314,0.05826835461072126,0.05663394457344276
0.001174920440890208,0.0,-0.0012229412363472534,0.004912697592386754,558777.357617594,0.0,2789.677927876044,0.0,-2.9272023902411334e-07,meerkat_b1_interferom,0.5216370081625243,0.5316364002352935,0.08533939738039314,0.09020378145708384,0.057000450272786836,0.05543513287929346
0.0011454021572332193,0.0,-0.0012423183223526893,0.005111033562996108,520516.5347115853,0.0,2763.634004913245,0.0,-2.8893132525487467e-07,meerkat_b1_interferom,0.5316364002352935,0.5416358152738203,0.09020378145708384,0.09521760992363523,0.05558335122499068,0.05409355366304004
0.0011462345581701914,0.0,-0.0012566275532840702,0.005311873115676823,498097.98609349073,0.0,3075.0425538489526,0.0,-2.874545731532203e-07,meerkat_b1_interferom,0.5416358152738203,0.5516352520552465,0.09521760992363523,0.10041880258962502,0.05462427244457359,0.0531845636322043
0.0011421394013679306,0.0,-0.0012469659415758599,0.005517212866172906,475304.8124813328,0.0,2958.654782915216,0.0,-2.9172503527590443e-07,meerkat_b1_interferom,0.5516352520552465,0.561634709442806,0.10041880258962502,0.10583089719055472,0.05389523138457402,0.052493044215165124
0.0011379911452711969,0.0,-0.0012210985363602148,0.005728174292004985,453634.99362079165,0.0,2794.180650524903,0.0,-2.8882366346740005e-07,meerkat_b1_interferom,0.561634709442806,0.5716341863783246,0.10583089719055472,0.11147567526780722,0.05333771353264393,0.051963897339131794
0.0010658320973245304,0.0,-0.0011980304680078869,0.005945691566136065,407309.31976955914,0.0,3056.8709347901504,0.0,-2.8895115245757646e-07,meerkat_b1_interferom,0.5716341863783246,0.5816336818753315,0.11147567526780722,0.11728887951210747,0.0521477374354065,0.05083353928000213
0.0010919970807544538,0.0,-0.001235574615961285,0.006166139966285723,400702.59538697865,0.0,3093.2097223795877,0.0,-2.893442833950991e-07,meerkat_b1_interferom,0.5816336818753315,0.5916331950132863,0.11728887951210747,0.12331115259890296,0.051345644291655376,0.05007090965673455
0.0011232797482958255,0.0,-0.0013238889308631306,0.006391542476745166,395582.5780160276,0.0,2933.7326738633155,0.0,-2.8530223592120275e-07,meerkat_b1_interferom,0.5916331950132863,0.6016327249317482,0.12331115259890296,0.1295018005908449,0.05020347196071066,0.04898392821569118
0.000996353545401244,0.0,-0.0014402287813613441,0.006619641722448779,337266.3302646031,0.0,2949.7150304447305,0.0,-2.806990828628644e-07,meerkat_b1_interferom,0.6016327249317482,0.6116322708259598,0.1295018005908449,0.13567728637825072,0.04768648589618444,0.04658438646394998
0.0010642431161017167,0.0,-0.0015641126735546046,0.006841104996013004,346450.9496393469,0.0,3195.2902821128037,0.0,-2.761792212722092e-07,meerkat_b1_interferom,0.6116322708259598,0.6216318319418312,0.13567728637825072,0.14201824563758958,0.04673559907191163,0.045676368069347315
0.0010081253952865777,0.0,-0.001693019270549119,0.007065218493561261,316134.0434031858,0.0,3049.2321348775704,0.0,-2.7222506932097033e-07,meerkat_b1_interferom,0.6216318319418312,0.6316314075724931,0.14201824563758958,0.14839829803081894,0.04492417410584237,0.0439443221198563
0.0010324022318027471,0.0,-0.0018260632142002688,0.007285714093657382,311456.2686688232,0.0,2979.660122478051,0.0,-2.616565230427289e-07,meerkat_b1_interferom,0.6316314075724931,0.6416309970542121,0.14839829803081894,0.15489008948555577,0.04374572714700967,0.04281590342318075
0.0010001475517695392,0.0,-0.0019408454954060207,0.007506268774007044,290858.5110798704,0.0,3223.17538262277,0.0,-2.5680487554228894e-07,meerkat_b1_interferom,0.6416309970542121,0.6516305997633212,0.15489008948555577,0.16145540351105078,0.04238692125042163,0.04151319998311538
0.0009715327788733524,0.0,-0.001997383079663009,0.007725085150712354,272408.55693367927,0.0,3156.8181863512064,0.0,-2.5564529113239443e-07,meerkat_b1_interferom,0.6516305997633212,0.6616302151132223,0.16145540351105078,0.16815438271568237,0.041491204747279166,0.040653536889453064
0.0009319012992920479,0.0,-0.0020112627430361263,0.007945107392368242,252067.99226797884,0.0,2998.8173559625775,0.0,-2.53216479125635e-07,meerkat_b1_interferom,0.6616302151132223,0.6716298425514334,0.16815438271568237,0.17501987544782738,0.04082850902407508,0.04001703929382018
0.0009742265671796893,0.0,-0.0020026575763685654,0.008167847871124352,254701.3789243289,0.0,3231.027161631103,0.0,-2.543683963188619e-07,meerkat_b1_interferom,0.6716298425514334,0.6816294815574722,0.17501987544782738,0.18215903794136656,0.04079058149979851,0.039980598886011263
0.0009796675124050312,0.0,-0.0020280335409457164,0.008398190648794693,247018.248060034,0.0,3257.7812260973437,0.0,-2.507299247482542e-07,meerkat_b1_interferom,0.6816294815574722,0.6916291316400767,0.18215903794136656,0.18950861183169582,0.04034701749300486,0.03955432816395552
0.0008928635900892039,0.0,-0.00208299961867837,0.008632997826348715,217590.3488770533,0.0,3086.2936796851936,0.0,-2.5379276399699517e-07,meerkat_b1_interferom,0.6916291316400767,0.7016287923356282,0.18950861183169582,0.19695121983669137,0.039273191508602215,0.03852161452211768
0.0009123004158431792,0.0,-0.0021528327957408247,0.008866875587792467,215212.58047518018,0.0,3172.0475371916827,0.0,-2.5158709086637476e-07,meerkat_b1_interferom,0.7016287923356282,0.7116284632058596,0.19695121983669137,0.2045773114574953,0.03872071280963563,0.037989872142280806
0.0009052538747221382,0.0,-0.002239779940189443,0.009103909747286316,206487.4256105102,0.0,3322.8240619426997,0.0,-2.475460339825821e-07,meerkat_b1_interferom,0.7116284632058596,0.7216281438362736,0.2045773114574953,0.21234644759328036,0.03797652867971745,0.03727317242611103
0.0009221573689537124,0.0,-0.0023415441809035704,0.009342240653289143,203501.19025749207,0.0,3183.7693493812576,0.0,-2.451943970705626e-07,meerkat_b1_interferom,0.7216281438362736,0.7316278338346152,0.21234644759328036,0.22026905624022258,0.0373098242835541,0.03663065442550112
0.0008282584722010775,0.0,-0.002452948054511835,0.009582316718963544,176986.86290165834,0.0,3181.8733454870126,0.0,-2.402131608750453e-07,meerkat_b1_interferom,0.7316278338346152,0.741627532829113,0.22026905624022258,0.2282264431637145,0.036125759374996735,0.03548852582830443
0.0008902640894485366,0.0,-0.0025272600088482484,0.009819001243212448,184447.67679940426,0.0,3376.887757668315,0.0,-2.3559873546200405e-07,meerkat_b1_interferom,0.741627532829113,0.7516272404675104,0.2282264431637145,0.23640821288879174,0.03584935037176299,0.035221718564478394
0.0008555690866451191,0.0,-0.0025384341468936422,0.010060501983072088,171645.2940571714,0.0,3246.843911273712,0.0,-2.3452680728466446e-07,meerkat_b1_interferom,0.7516272404675104,0.7616269564154123,0.23640821288879174,0.24478561528480802,0.03543617327692874,0.03482276139937772
0.0008511699699532613,0.0,-0.0025029874079597514,0.010305481373405083,165627.18999681657,0.0,3184.1690423533287,0.0,-2.3909648655933665e-07,meerkat_b1_interferom,0.7616269564154123,0.7716266803553912,0.24478561528480802,0.2534390401237201,0.03535103494069214,0.03474053340806416
0.0008679760608813902,0.0,-0.0024721950346054374,0.0105572269031923,163668.00666549808,0.0,3398.5624652838646,0.0,-2.3706220968130783e-07,meerkat_b1_interferom,0.7716266803553912,0.7816264119859149,0.2534390401237201,0.26239181099097864,0.03532514510348568,0.03471552724103799
0.0008090856161650907,0.0,-0.002503686166253966,0.01081651067728427,148080.8010308997,0.0,3311.375902060764,0.0,-2.3639607330152723e-07,meerkat_b1_interferom,0.7816264119859149,0.791626151020143,0.26239181099097864,0.27151348472210074,0.03476356101462221,0.03417295715601653
0.0008121171603113167,0.0,-0.002569666661418853,0.011077814240837574,144408.491161734,0.0,3233.9807415691666,0.0,-2.354392561495424e-07,meerkat_b1_interferom,0.791626151020143,0.8016258971853487,0.27151348472210074,0.2808335140225746,0.03432621149558411,0.03375021133670782
0.0008017079974864707,0.0,-0.0026387906363034607,0.011342302352899737,138417.7425036014,0.0,3432.7278511950817,0.0,-2.3280364654400989e-07,meerkat_b1_interferom,0.8016258971853487,0.8116256502217196,0.2808335140225746,0.29033850093301083,0.03384562894324702,0.03328546991475231
0.0007969677455834402,0.0,-0.0026711011413317626,0.011609377459468148,133493.34518199528,0.0,3364.845319070808,0.0,-2.2889282392812826e-07,meerkat_b1_interferom,0.8116256502217196,0.8216254098818028,0.29033850093301083,0.30007351610390676,0.033529880259118856,0.03298001143836261
0.0007888698152780999,0.0,-0.0026765424530848635,0.011880768464986948,128466.06285716014,0.0,3255.9819908204418,0.0,-2.3308103372419417e-07,meerkat_b1_interferom,0.8216254098818028,0.8316251759297889,0.30007351610390676,0.31006637885005317,0.03330138186099094,0.03275890156524743
0.0007925828936326154,0.0,-0.0026876699311165577,0.01215749422927802,125460.91164280155,0.0,3436.6743849077634,0.0,-2.314315389810546e-07,meerkat_b1_interferom,0.8316251759297889,0.8416249481406222,0.31006637885005317,0.3203285546103083,0.033096705932176756,0.032560802340618304
0.0007918293337599704,0.0,-0.0027632927985114433,0.012439878592602656,121895.27811983088,0.0,3416.9035097749693,0.0,-2.264109688503737e-07,meerkat_b1_interferom,0.8416249481406222,0.8516247262996582,0.3203285546103083,0.33079674332719056,0.03267953657649163,0.032156916040861655
0.0007278838904847987,0.0,-0.002886792604047127,0.012725351065849926,109003.37122098194,0.0,3309.8482950558123,0.0,-2.2583133925048362e-07,meerkat_b1_interferom,0.8516247262996582,0.8616245102018303,0.33079674332719056,0.3413629598481389,0.031941718696115846,0.031442191332976585
0.0007623219129565609,0.0,-0.0030354316350830676,0.013009753587959236,111023.08798876085,0.0,3450.313336990326,0.0,-2.239469905740106e-07,meerkat_b1_interferom,0.8616245102018303,0.8716242996512132,0.3413629598481389,0.35209937976698114,0.0314516253421827,0.030967155039421067
0.000746415199289712,0.0,-0.0031991364075808475,0.013295871763330644,105948.364735959,0.0,3470.327344585863,0.0,-2.2472767638836012e-07,meerkat_b1_interferom,0.8716242996512132,0.8816240944606212,0.35209937976698114,0.36294230559434426,0.0307950722166536,0.03033041924201289
0.0007178177249488995,0.0,-0.0033745972343477973,0.013581330958427291,99015.78959295727,0.0,3315.9368416281714,0.0,-2.1400252628140472e-07,meerkat_b1_interferom,0.8816240944606212,0.8916238944508673,0.36294230559434426,0.3738666430408464,0.030099377444061604,0.02965528054276309
0.0007366339047527457,0.0,-0.0035441264569192757,0.01386522264001235,98990.72889449261,0.0,3499.7704072439647,0.0,-2.1343066403562684e-07,meerkat_b1_interferom,0.8916238944508673,0.9016236994505572,0.3738666430408464,0.3849241596980281,0.029576098491283873,0.029147162666767413
0.000679855965159555,0.0,-0.003648417457622891,0.014149545288774379,88996.97550310011,0.0,3493.3593608941555,0.0,-2.0962324074495795e-07,meerkat_b1_interferom,0.9016236994505572,0.9116235092956196,0.3849241596980281,0.3961049338710984,0.0290466937223207,0.028632833589448244
0.0007066463700966611,0.0,-0.003689115899794087,0.014433951624106479,90063.80040444923,0.0,3376.8845502769254,0.0,-2.082721803137864e-07,meerkat_b1_interferom,0.9116235092956196,0.921623323828802,0.3961049338710984,0.4075562076933272,0.02890969751453607,0.028499695483538572
0.0007248781104646561,0.0,-0.003708193503227382,0.014723788858137118,90252.97008532025,0.0,3519.243396179303,0.0,-2.1227865528333235e-07,meerkat_b1_interferom,0.921623323828802,0.9316231428995064,0.4075562076933272,0.4192964688800463,0.02880648353552568,0.02839937651822418
0.0007032120803656275,0.0,-0.0037787991735231557,0.015019634606204705,85331.45670412587,0.0,3521.929089509677,0.0,-2.0818235852672885e-07,meerkat_b1_interferom,0.9316231428995064,0.9416229663632584,0.4192964688800463,0.4312403082107349,0.028485427894470373,0.02808726170177259
0.0006623123462574108,0.0,-0.003898141920765235,0.015318325636322527,78317.57569281966,0.0,3393.8639397668503,0.0,-2.0530674642244252e-07,meerkat_b1_interferom,0.9416229663632584,0.9516227940814737,0.4312403082107349,0.44332259896580317,0.02801753575680131,0.0276322250166693
0.0006778479562973497,0.0,-0.004020875847696923,0.015617531135143648,78284.7063900719,0.0,3543.225634424705,0.0,-2.0441909760517818e-07,meerkat_b1_interferom,0.9516227940814737,0.9616226259212582,0.44332259896580317,0.45559689779044965,0.02768705870912141,0.02731070309039975
0.000724419978198901,0.0,-0.00404241228033959,0.015919155624877446,81369.42849853996,0.0,3559.882888801514,0.0,-1.9830803833414943e-07,meerkat_b1_interferom,0.9616226259212582,0.9716224617548926,0.45559689779044965,0.4681978628051481,0.02765814489916523,0.027282567855591296
0.0006396136243977844,0.0,-0.003960219517517814,0.016227811497317668,70259.06788282799,0.0,3429.410089885155,0.0,-2.077575303794367e-07,meerkat_b1_interferom,0.9716224617548926,0.981622301459762,0.4681978628051481,0.48110486065181535,0.027567400178498527,0.027194261517687758
0.0006375244309384607,0.0,-0.00382748295028289,0.016542693768599036,68277.12414022743,0.0,3577.713080532366,0.0,-2.06128291680623e-07,meerkat_b1_interferom,0.981622301459762,0.9916221449181004,0.48110486065181535,0.49445738977277826,0.027753885302410995,0.027375727185115734
0.0006038824054860562,0.0,-0.0038101580461436632,0.016868427474187854,63234.43775867294,0.0,3587.9350287031157,0.0,-2.0894914869055865e-07,meerkat_b1_interferom,0.9916221449181004,1.0016219920166127,0.49445738977277826,0.5081193326571598,0.02763017232012596,0.02725534775337335
0.0006687690470218645,0.0,-0.0038938881271491626,0.01720020533552503,68281.82776513288,0.0,3457.9070081984446,0.0,-2.0512679859104515e-07,meerkat_b1_interferom,1.0016219920166127,1.0116218426463943,0.5081193326571598,0.5220942137857589,0.027503147844264983,0.027131730978951434
0.0005829069494482275,0.0,-0.004015699867402354,0.01753802824334136,58217.56290390578,0.0,3603.18693451118,0.0,-2.058241237070389e-07,meerkat_b1_interferom,1.0116218426463943,1.0216216967027096,0.5220942137857589,0.5361992432870225,0.027016253252428436,0.026657756772923875
0.0007113718752627906,0.0,-0.0041001916055749404,0.017875715603213452,69338.49741225479,0.0,3607.8239606023412,0.0,-2.0155509196376313e-07,meerkat_b1_interferom,1.0216216967027096,1.0316215540846982,0.5361992432870225,0.5506859376048319,0.02701737180567926,0.026658845901394848
0.000570648261731171,0.0,-0.004156795757507668,0.018221616938943384,54432.0,0.0,3485.0229890606856,0.0,-2.0154363780319084e-07,meerkat_b1_interferom,1.0316215540846982,1.0416214146953109,0.5506859376048319,0.5653212055043608,0.026576432954115343,0.026229414475065067
0.0006061488519273389,0.0,-0.004196119841783622,0.018567936515561406,56461.618319199144,0.0,3649.6407316385494,0.0,-2.0125418005108826e-07,meerkat_b1_interferom,1.0416214146953109,1.0516212784410752,0.5653212055043608,0.580298969775886,0.026494255169788882,0.026149360938822253
0.0006514458183510465,0.0,-0.004240889132185106,0.018921020905402507,59447.54473733304,0.0,3612.4150858935172,0.0,-2.040679456560562e-07,meerkat_b1_interferom,1.0516212784410752,1.0616211452319069,0.580298969775886,0.5956303432995087,0.026419784149442356,0.026076809415521478
0.0006010109256072136,0.0,-0.004280485891236233,0.019281138227521796,53443.599520605276,0.0,3519.5097219844274,0.0,-1.983183009442759e-07,meerkat_b1_interferom,1.0616211452319069,1.0716210149810412,0.5956303432995087,0.6112318082431006,0.026193200395344608,0.0258560335004082
0.0006361132474343772,0.0,-0.004321384042970078,0.01964546271404851,55429.3337645429,0.0,3689.0571405470914,0.0,-2.0273514333231293e-07,meerkat_b1_interferom,1.0716210149810412,1.081620887604798,0.6112318082431006,0.62719179742647,0.026111188861790608,0.025776112087164658
0.0005444366441656003,0.0,-0.004361294236904553,0.020016791801703855,46363.82050949098,0.0,3615.9689026003794,0.0,-2.0006438820244849e-07,meerkat_b1_interferom,1.081620887604798,1.0916207630224706,0.62719179742647,0.6433915315710468,0.02582899554976397,0.025501061853293726
0.0006174879171079301,0.0,-0.0043960639432510575,0.02039123910761931,51414.14157549284,0.0,3546.997969055723,0.0,-1.9894883617960786e-07,meerkat_b1_interferom,1.0916207630224706,1.1016206411562477,0.6433915315710468,0.6600039957036867,0.025820147324717328,0.02549243637746377
0.0005808104461569826,0.0,-0.004471655683456102,0.0207742224867374,47365.97219705981,0.0,3698.0835650245017,0.0,-2.0030305834491043e-07,meerkat_b1_interferom,1.1016206411562477,1.1116205219310034,0.6600039957036867,0.6768871726500667,0.025580416264570298,0.025258712096118317
0.0006459258541190393,0.0,-0.004638803944984223,0.021161177354440487,51421.75378342827,0.0,3641.8966906857004,0.0,-1.9670505571413557e-07,meerkat_b1_interferom,1.1116205219310034,1.1216204052742196,0.6768871726500667,0.6940552752085862,0.025363314969177285,0.025047003414989964
0.0005031119248404352,0.0,-0.0048549486512352745,0.0215524891610364,39298.52525029935,0.0,3604.074477783209,0.0,-1.982838237929005e-07,meerkat_b1_interferom,1.1216204052742196,1.131620291115916,0.6940552752085862,0.7112557293594041,0.024782542205516032,0.024480436136701728
0.000568016637140593,0.0,-0.005012799453375817,0.021940336988296113,43349.65785326989,0.0,3728.992516067103,0.0,-1.9247787720200165e-07,meerkat_b1_interferom,1.131620291115916,1.1416201793884635,0.7112557293594041,0.7287510910535877,0.02459784993217689,0.024300194074712796
0.0005394027570862072,0.0,-0.004999365047011494,0.022332851740901473,40323.695527861724,0.0,3645.4569221702623,0.0,-1.9356249525922611e-07,meerkat_b1_interferom,1.1416201793884635,1.1516200700265264,0.7287510910535877,0.7466237869420687,0.024525103437775444,0.024229191508163626
0.0005916097613223419,0.0,-0.004862326709118597,0.02273249679554923,43338.568857810315,0.0,3624.07902455567,0.0,-1.9577645537864461e-07,meerkat_b1_interferom,1.1516200700265264,1.1616199629669968,0.7466237869420687,0.7650853710133663,0.024726755822916294,0.024425997366731487
0.0005062538326858666,0.0,-0.004786149467422242,0.023145576345104044,36288.0,0.0,3748.455127584867,0.0,-1.9642242203678215e-07,meerkat_b1_interferom,1.1616199629669968,1.17161985814884,0.7650853710133663,0.7839508553013119,0.02465801203721626,0.02435891012493681
0.0006454506733414387,0.0,-0.004882634839631189,0.02356631076720901,45351.3102917104,0.0,3648.982758515299,0.0,-1.9636816354696068e-07,meerkat_b1_interferom,1.17161985814884,1.18161975551304,0.7839508553013119,0.8032797855340676,0.024655793283530052,0.024356744762384377
0.0004253255457577083,0.0,-0.00507339498822966,0.023996380992556444,29237.108535773066,0.0,3691.585311195946,0.0,-1.92571896900846e-07,meerkat_b1_interferom,1.18161975551304,1.1916196550025433,0.8032797855340676,0.8226279045122553,0.024086400936037373,0.023800898971967757
0.0005390570788463192,0.0,-0.005268875703992532,0.024422450946082426,36318.713612293745,0.0,3759.4528259491194,0.0,-1.923795162085182e-07,meerkat_b1_interferom,1.1916196550025433,1.2016195565621364,0.8226279045122553,0.8423203444536753,0.023938453623325428,0.02365642092753393
0.0006106317902043303,0.0,-0.0054601855399771925,0.024854232752603282,40438.20416076531,0.0,3656.460265221647,0.0,-1.9290101242665998e-07,meerkat_b1_interferom,1.2016195565621364,1.211619460138384,0.8423203444536753,0.8623248305554931,0.023749261469865873,0.023471634787925414
0.0004527198562256276,0.0,-0.005634778677011552,0.025290723343376356,29349.608175473233,0.0,3739.580249863042,0.0,-1.8839906562214492e-07,meerkat_b1_interferom,1.211619460138384,1.2216193656795815,0.8623248305554931,0.882433306679018,0.023318911170134515,0.02305117951259765
0.0004936087628549914,0.0,-0.005682426278768509,0.0257257957855893,31373.57573262438,0.0,3756.942389222231,0.0,-1.8788027775441822e-07,meerkat_b1_interferom,1.2216193656795815,1.231619273135671,0.882433306679018,0.902970097068416,0.02327290939038436,0.023006224989379157
0.0006822186313878055,0.0,-0.005585689840296077,0.026168916091051715,42504.0,0.0,3676.4641475437384,0.0,-1.8901558517396226e-07,meerkat_b1_interferom,1.231619273135671,1.24161918245816,0.902970097068416,0.9242353529349743,0.023550343400737257,0.023277312404155953
0.0003306636673858338,0.0,-0.005426030133501875,0.026628629836688813,20233.948826562504,0.0,3769.110619277267,0.0,-1.9069854913291076e-07,meerkat_b1_interferom,1.24161918245816,1.2516190936000895,0.9242353529349743,0.945768425606998,0.023298256881912137,0.023030995680911378
0.0005069362165379772,0.0,-0.005363981333064844,0.02709149335519684,30362.964529071098,0.0,3767.452397631022,0.0,-1.9012921938219174e-07,meerkat_b1_interferom,1.2516190936000895,1.261619006515976,0.945768425606998,0.9680026837164486,0.023509198983017992,0.02323711384923075
0.000671865488871286,0.0,-0.005397478874408144,0.027569830803104153,39469.45234214267,0.0,3700.0114809655543,0.0,-1.9147208689809416e-07,meerkat_b1_interferom,1.261619006515976,1.2716189211617188,0.9680026837164486,0.9908467096619289,0.023599134929848876,0.023324980177942985
0.000403532705698273,0.0,-0.00547892139343913,0.028060834449857082,23271.730966401417,0.0,3824.0154675130384,0.0,-1.918310358913883e-07,meerkat_b1_interferom,1.2716189211617188,1.2816188374945854,0.9908467096619289,1.0138319635930093,0.023197588190935058,0.02293261415592484
0.00046580977394107266,0.0,-0.005589205690913242,0.02855113687149962,26314.788514372423,0.0,3758.4703789234154,0.0,-1.898631312828648e-07,meerkat_b1_interferom,1.2816188374945854,1.2916187554731555,1.0138319635930093,1.0372595146844055,0.023107923139816165,0.022844978120465084
0.0006030555336437421,0.0,-0.005727635330841894,0.029049215584524675,33402.83033007946,0.0,3731.0175482788604,0.0,-1.9018669660412795e-07,meerkat_b1_interferom,1.2916187554731555,1.3016186750572478,1.0372595146844055,1.0611839602850353,0.023065052922564888,0.02280307529234738
0.000464433957746655,0.0,-0.005839457651977761,0.029556504704749437,25293.30787985568,0.0,3826.537692771564,0.0,-1.9190086086817062e-07,meerkat_b1_interferom,1.3016186750572478,1.3116185962078966,1.0611839602850353,1.0853652493946928,0.022787085005659558,0.022531337258632655
0.0004547093834464829,0.0,-0.005878341472565531,0.030066252196804748,24285.37736404438,0.0,3767.4384509842425,0.0,-1.8918572169293733e-07,meerkat_b1_interferom,1.3116185962078966,1.3216185188873142,1.0853652493946928,1.1100076803166568,0.022704274838085153,0.022450368774242828
0.0004643588505058515,0.0,-0.005867954593224008,0.030584076850986987,24293.138940009405,0.0,3781.0825175643804,0.0,-1.8844543642140803e-07,meerkat_b1_interferom,1.3216185188873142,1.331618443058816,1.1100076803166568,1.1351879729794891,0.022684791384190335,0.022431317676124385
0.0006096835699534,0.0,-0.005862158922476261,0.03111198974531535,31365.70668687841,0.0,3849.4558473091265,0.0,-1.9087884102950804e-07,meerkat_b1_interferom,1.331618443058816,1.3416183686868075,1.1351879729794891,1.1610472964934406,0.022779772275140827,0.02252418742581963
0.00046148599474311294,0.0,-0.005848264786783019,0.03165373351357373,23277.233088735742,0.0,3752.479895292352,0.0,-1.886544919085832e-07,meerkat_b1_interferom,1.3416183686868075,1.3516182957367513,1.1610472964934406,1.1873140625604826,0.022623338555089016,0.022371226164023726
0.0003269706922101173,0.0,-0.0058533077292377556,0.032201752256923635,16192.0,0.0,3848.0584901948187,0.0,-1.8963928304365284e-07,meerkat_b1_interferom,1.3516182957367513,1.3616182241750954,1.1873140625604826,1.2139892881410956,0.022466865694395183,0.022218203220904686
0.0005830578173542609,0.0,-0.00581607284376732,0.032756022877669544,28338.366779444077,0.0,3835.9731047790447,0.0,-1.9010079055795394e-07,meerkat_b1_interferom,1.3616182241750954,1.3716181539692662,1.2139892881410956,1.2415121058915615,0.022671384351841992,0.022418207947356796
0.00048679107612390805,0.0,-0.00578549831264067,0.033328277516332466,23270.203789539533,0.0,3772.4742263368853,0.0,-1.91608459508691e-07,meerkat_b1_interferom,1.3716181539692662,1.3816180850876427,1.2415121058915615,1.2695414845629176,0.02257680657187593,0.022325722565432728
0.00045370499571307946,0.0,-0.005731516850707181,0.0339091812206413,21255.406643727594,0.0,3881.5499326896834,0.0,-1.8980434725830107e-07,meerkat_b1_interferom,1.3816180850876427,1.3916180174994863,1.2695414845629176,1.2981726641242177,0.022552378090391723,0.022301833139113388
0.00035149595453294613,0.0,-0.005655868321349647,0.034501164417586896,16191.999999999998,0.0,3852.463179901508,0.0,-1.9209088573423368e-07,meerkat_b1_interferom,1.3916180174994863,1.4016179511749407,1.2981726641242177,1.3273692640841022,0.022490536711140235,0.022241353841762
0.000537082426086232,0.0,-0.005564414930010454,0.03510315056319829,24288.0,0.0,3783.5199163526195,0.0,-1.9293612693895578e-07,meerkat_b1_interferom,1.4016179511749407,1.4116178860850006,1.3273692640841022,1.3574448892072493,0.022658069564311913,0.022405188247762896
0.0005252312162747994,0.0,-0.005483180656996357,0.03572328547400651,23283.469579960467,0.0,3901.5068537930188,0.0,-1.940299758797125e-07,meerkat_b1_interferom,1.4116178860850006,1.4216178222014653,1.3574448892072493,1.3882100312105585,0.022664008128739706,0.02241099522016353
0.00048526547455521524,0.0,-0.005425197857039276,0.03635637823880485,21240.50389226758,0.0,3842.4829603146263,0.0,-1.9829008421142482e-07,meerkat_b1_interferom,1.4216178222014653,1.4316177594969226,1.3882100312105585,1.419626278776795,0.02263075965445996,0.022378483061225446
0.00023638173992243054,0.0,-0.005410615199528582,0.037001304608316216,10122.04704505771,0.0,3839.040455435923,0.0,-1.9340539845512776e-07,meerkat_b1_interferom,1.4316177594969226,1.4416176979447255,1.419626278776795,1.4514531565201065,0.022419194557834452,0.022171578484694754
0.0003820682966588938,0.0,-0.0033611924834778106,0.02315280941155948,16191.045763962204,0.0,2430.2943253599365,0.0,-7.215922084392434e-06,meerkat_b1_interferom,1.4416176979447255,1.4477954808675195,1.4514531565201065,1.4716196258227625,0.013893985632306292,0.013798349044715377
